Customer_ID,Age,Segment,Plan,Contract_Type,Tenure_Months,Monthly_Charge,Payment_Method,Support_Tickets,Complaints,Satisfaction_Score,Usage_Score,Churn
1,62,Consumer,Basic,Two-Year,27,42.26,Direct Debit,4,3,2.0,33.2,No
2,30,Consumer,Basic,Monthly,19,65.9,Bank Transfer,2,0,4.0,25.1,No
3,29,Small Business,Basic,Monthly,20,40.49,Bank Transfer,2,3,3.0,81.2,No
4,67,Consumer,Premium,Annual,23,98.09,Credit Card,4,2,4.0,72.0,No
5,39,Consumer,Premium,Monthly,32,113.86,Digital Wallet,0,0,3.0,69.3,No
6,51,Consumer,Basic,Monthly,55,38.69,Digital Wallet,2,1,3.0,71.7,No
7,42,Small Business,Basic,Two-Year,61,37.57,Digital Wallet,2,1,2.0,26.0,No
8,47,Consumer,Standard,Monthly,9,82.85,Credit Card,3,2,2.0,50.6,No
9,45,Consumer,Premium,Monthly,8,153.53,Bank Transfer,3,0,3.0,55.9,No
10,53,Small Business,Basic,Monthly,4,40.02,Credit Card,1,0,3.0,66.2,No
11,26,Enterprise,Premium,Monthly,17,107.99,Bank Transfer,5,2,2.0,48.3,No
12,52,Consumer,Basic,Monthly,58,48.41,Credit Card,2,2,2.0,37.9,No
13,34,Small Business,Standard,Annual,21,91.96,Direct Debit,0,1,3.0,79.8,No
14,54,Consumer,Premium,Monthly,27,138.36,Digital Wallet,4,1,4.0,53.8,No
15,18,Consumer,Standard,Monthly,69,74.66,Credit Card,1,0,4.0,76.8,No
16,40,Consumer,Basic,Monthly,12,53.74,Bank Transfer,4,2,3.0,39.9,No
17,52,Enterprise,Standard,Two-Year,14,73.65,Bank Transfer,0,0,4.0,73.6,Yes
18,33,Small Business,Basic,Monthly,36,44.27,Direct Debit,3,2,3.0,58.0,No
19,58,Consumer,Basic,Monthly,10,39.02,Credit Card,3,4,2.0,48.4,No
20,32,Consumer,Basic,Monthly,21,46.34,Bank Transfer,3,1,3.0,46.7,No
21,33,Consumer,Standard,Monthly,27,72.99,Direct Debit,6,3,2.0,49.8,No
22,54,Small Business,Standard,Two-Year,21,81.61,Bank Transfer,3,2,2.0,51.7,No
23,40,Small Business,Standard,Annual,31,79.67,Bank Transfer,0,0,5.0,57.6,Yes
24,59,Consumer,Standard,Monthly,28,77.31,Digital Wallet,1,1,3.0,67.8,No
25,45,Consumer,Standard,Annual,12,59.07,Direct Debit,3,2,4.0,51.9,No
26,30,Consumer,Basic,Monthly,61,63.48,Bank Transfer,3,1,3.0,72.7,No
27,61,Small Business,Premium,Monthly,11,86.87,Digital Wallet,3,0,3.0,49.0,No
28,49,Enterprise,Premium,Annual,50,99.27,Credit Card,2,1,4.0,51.2,No
29,40,Small Business,Standard,Monthly,24,66.22,Digital Wallet,2,1,3.0,36.0,No
30,39,Consumer,Basic,Monthly,32,47.43,Credit Card,6,2,3.0,62.2,No
31,42,Consumer,Standard,Monthly,8,112.24,Credit Card,2,3,4.0,49.6,No
32,45,Enterprise,Basic,Monthly,4,37.67,Credit Card,3,1,2.0,53.2,No
33,35,Small Business,Standard,Two-Year,55,94.2,Bank Transfer,2,3,3.0,93.8,No
34,58,Consumer,Standard,Two-Year,67,68.61,Bank Transfer,3,0,3.0,83.5,No
35,58,Consumer,Standard,Two-Year,30,69.52,Digital Wallet,2,0,3.0,98.9,No
36,46,Consumer,Basic,Monthly,24,53.51,Bank Transfer,1,1,4.0,86.7,Yes
37,40,Small Business,Standard,Monthly,22,72.27,Digital Wallet,2,0,4.0,58.8,No
38,43,Small Business,Basic,Two-Year,34,32.67,Direct Debit,0,1,4.0,83.8,No
39,35,Consumer,Standard,Annual,23,72.77,Direct Debit,3,1,2.0,52.5,No
40,45,Consumer,Basic,Monthly,21,37.46,Direct Debit,5,3,2.0,74.1,No
41,50,Consumer,Premium,Monthly,28,96.64,Bank Transfer,3,1,3.0,71.0,Yes
42,51,Consumer,Standard,Annual,29,69.77,Bank Transfer,1,0,4.0,46.0,No
43,43,Consumer,Basic,Annual,22,44.9,Direct Debit,2,2,4.0,58.6,No
44,37,Consumer,Basic,Annual,9,45.34,Bank Transfer,4,1,3.0,51.3,No
45,27,Consumer,Basic,Monthly,25,53.04,Digital Wallet,1,0,3.0,64.8,No
46,19,Consumer,Basic,Annual,55,45.12,Credit Card,1,2,4.0,64.0,No
47,60,Small Business,Standard,Two-Year,8,69.27,Credit Card,3,0,3.0,74.8,No
48,56,Consumer,Premium,Monthly,11,73.45,Direct Debit,2,2,4.0,71.2,No
49,43,Small Business,Standard,Annual,37,83.11,Direct Debit,0,2,2.0,66.5,No
50,42,Consumer,Basic,Annual,23,46.09,Digital Wallet,1,1,3.0,68.8,No
51,22,Consumer,Basic,Annual,32,52.48,Digital Wallet,1,1,2.0,70.3,No
52,69,Consumer,Basic,Annual,92,40.36,Credit Card,2,1,3.0,48.6,No
53,51,Small Business,Premium,Annual,4,120.79,Credit Card,2,0,3.0,75.5,No
54,42,Consumer,Standard,Monthly,25,58.1,Bank Transfer,3,2,4.0,69.7,No
55,61,Consumer,Basic,Annual,28,43.89,Credit Card,2,1,4.0,61.6,No
56,18,Consumer,Standard,Annual,15,81.09,Bank Transfer,4,3,4.0,72.9,No
57,37,Consumer,Standard,Annual,14,69.76,Credit Card,0,0,4.0,66.6,No
58,41,Consumer,Premium,Annual,27,114.51,Credit Card,2,1,2.0,95.5,No
59,35,Small Business,Standard,Annual,71,74.12,Digital Wallet,0,2,5.0,70.5,No
60,72,Consumer,Standard,Annual,28,64.31,Bank Transfer,3,2,4.0,59.4,No
61,32,Consumer,Basic,Monthly,29,55.76,Bank Transfer,5,2,4.0,70.6,No
62,43,Consumer,Standard,Two-Year,10,94.62,Digital Wallet,1,2,4.0,77.7,No
63,70,Consumer,Basic,Monthly,40,51.64,Direct Debit,3,0,3.0,56.1,No
64,62,Consumer,Premium,Monthly,40,118.25,Direct Debit,1,0,5.0,70.1,No
65,35,Small Business,Standard,Monthly,73,62.63,Bank Transfer,4,0,3.0,62.8,No
66,32,Consumer,Premium,Monthly,47,100.24,Credit Card,3,1,2.0,50.7,No
67,26,Small Business,Basic,Monthly,49,39.27,Bank Transfer,2,1,4.0,54.4,No
68,64,Small Business,Basic,Two-Year,9,36.43,Bank Transfer,1,0,3.0,62.3,No
69,41,Enterprise,Standard,Monthly,26,98.33,Credit Card,4,2,5.0,49.6,No
70,24,Small Business,Basic,Annual,10,56.73,Direct Debit,1,2,4.0,87.9,No
71,30,Enterprise,Premium,Monthly,26,106.69,Digital Wallet,2,0,4.0,75.0,Yes
72,24,Consumer,Standard,Monthly,12,81.26,Direct Debit,5,4,1.0,72.2,No
73,24,Small Business,Premium,Monthly,25,128.5,Bank Transfer,3,0,2.0,82.9,No
74,52,Consumer,Basic,Annual,43,38.74,Credit Card,0,0,4.0,58.0,No
75,33,Consumer,Standard,Annual,43,57.97,Digital Wallet,1,1,4.0,64.5,No
76,19,Consumer,Standard,Two-Year,62,83.18,Bank Transfer,6,0,2.0,44.6,No
77,47,Consumer,Premium,Monthly,45,103.43,Bank Transfer,1,1,3.0,45.3,No
78,35,Small Business,Basic,Monthly,38,41.4,Bank Transfer,1,0,2.0,59.2,No
79,42,Consumer,Standard,Monthly,32,69.53,Direct Debit,2,1,2.0,87.9,No
80,37,Small Business,Basic,Monthly,16,38.49,Credit Card,1,1,4.0,35.2,No
81,39,Small Business,Basic,Annual,11,46.26,Direct Debit,2,1,1.0,71.8,No
82,47,Consumer,Standard,Annual,48,67.89,Direct Debit,2,1,4.0,41.6,No
83,55,Small Business,Premium,Monthly,5,110.75,Direct Debit,2,1,4.0,60.5,Yes
84,60,Consumer,Premium,Two-Year,27,92.09,Direct Debit,2,0,2.0,67.2,No
85,36,Consumer,Basic,Monthly,9,46.63,Direct Debit,1,2,3.0,51.6,No
86,41,Small Business,Basic,Two-Year,40,57.26,Credit Card,2,2,4.0,58.4,No
87,43,Enterprise,Standard,Monthly,37,55.26,Digital Wallet,2,1,1.0,52.5,No
88,54,Small Business,Standard,Monthly,3,63.31,Credit Card,6,6,2.0,56.2,No
89,47,Small Business,Standard,Monthly,83,61.27,Bank Transfer,2,3,4.0,68.2,No
90,33,Enterprise,Standard,Annual,20,66.37,Bank Transfer,2,0,3.0,46.3,No
91,42,Small Business,Standard,Monthly,19,65.86,Direct Debit,4,1,2.0,31.9,No
92,58,Small Business,Basic,Annual,19,44.67,Credit Card,4,1,3.0,66.0,No
93,39,Consumer,Standard,Two-Year,24,92.07,Digital Wallet,0,1,4.0,82.3,No
94,42,Consumer,Standard,Monthly,23,68.32,Credit Card,3,1,2.0,64.1,No
95,44,Small Business,Premium,Annual,32,88.63,Bank Transfer,1,1,4.0,100.0,No
96,23,Enterprise,Standard,Monthly,4,75.95,Credit Card,2,1,2.0,67.5,No
97,46,Small Business,Basic,Annual,59,54.82,Direct Debit,2,1,4.0,54.7,No
98,43,Consumer,Standard,Annual,11,81.75,Credit Card,3,1,3.0,53.2,No
99,61,Consumer,Standard,Annual,27,92.17,Direct Debit,2,1,3.0,65.7,No
100,49,Small Business,Standard,Monthly,23,87.7,Digital Wallet,5,1,2.0,33.9,No
101,23,Consumer,Standard,Two-Year,32,73.33,Direct Debit,3,1,4.0,71.1,No
102,62,Consumer,Standard,Two-Year,28,68.84,Bank Transfer,2,0,3.0,40.4,No
103,49,Consumer,Premium,Monthly,15,129.71,Bank Transfer,3,1,2.0,81.5,No
104,18,Consumer,Standard,Two-Year,91,64.33,Bank Transfer,2,2,3.0,54.5,No
105,41,Small Business,Standard,Annual,14,78.74,Direct Debit,2,1,5.0,77.9,No
106,32,Enterprise,Standard,Annual,16,85.3,Direct Debit,2,1,2.0,56.6,No
107,27,Consumer,Premium,Monthly,32,135.69,Bank Transfer,1,1,4.0,82.3,No
108,52,Small Business,Standard,Annual,96,84.96,Digital Wallet,1,1,4.0,79.6,No
109,29,Small Business,Standard,Monthly,46,80.09,Bank Transfer,2,2,3.0,77.3,No
110,34,Small Business,Standard,Monthly,33,73.8,Bank Transfer,1,1,3.0,53.8,No
111,53,Consumer,Premium,Two-Year,17,101.3,Digital Wallet,2,1,4.0,79.3,No
112,40,Small Business,Standard,Annual,74,91.96,Direct Debit,1,0,4.0,85.8,No
113,32,Consumer,Basic,Monthly,13,44.81,Direct Debit,0,1,4.0,45.5,Yes
114,33,Consumer,Standard,Annual,91,65.77,Unknown,1,0,4.0,83.6,No
115,45,Consumer,Premium,Annual,12,100.69,Credit Card,2,2,4.0,55.4,No
116,49,Small Business,Basic,Monthly,62,49.13,Direct Debit,1,1,4.0,48.3,No
117,36,Small Business,Standard,Monthly,19,74.04,Digital Wallet,0,0,4.0,50.3,No
118,39,Small Business,Premium,Monthly,62,75.6,Digital Wallet,4,3,3.0,76.0,No
119,47,Enterprise,Standard,Monthly,22,80.99,Bank Transfer,6,5,2.0,55.9,Yes
120,47,Consumer,Standard,Monthly,7,67.5,Bank Transfer,3,1,3.0,72.7,No
121,18,Consumer,Premium,Annual,66,111.97,Direct Debit,4,2,1.0,63.0,No
122,52,Enterprise,Premium,Monthly,35,134.41,Credit Card,3,0,3.0,69.3,No
123,51,Consumer,Basic,Monthly,51,41.32,Digital Wallet,3,2,2.0,26.1,No
124,22,Small Business,Premium,Annual,96,131.68,Direct Debit,2,1,4.0,59.0,No
125,43,Consumer,Basic,Monthly,4,54.97,Digital Wallet,2,1,3.0,40.2,No
126,52,Consumer,Standard,Monthly,48,96.0,Digital Wallet,1,0,5.0,79.6,No
127,27,Consumer,Basic,Monthly,10,41.06,Credit Card,3,1,3.0,61.8,No
128,53,Consumer,Standard,Monthly,16,61.07,Digital Wallet,1,1,3.0,66.0,No
129,47,Consumer,Premium,Two-Year,52,109.12,Credit Card,3,3,3.0,88.8,No
130,35,Enterprise,Premium,Annual,29,106.62,Digital Wallet,2,0,3.0,41.5,No
131,51,Enterprise,Standard,Monthly,20,66.14,Direct Debit,3,3,3.0,58.6,Yes
132,49,Consumer,Standard,Two-Year,18,83.66,Direct Debit,2,0,4.0,65.2,No
133,18,Small Business,Basic,Monthly,33,57.57,Direct Debit,2,1,3.0,78.1,No
134,33,Consumer,Basic,Monthly,20,38.05,Bank Transfer,4,2,3.0,69.5,No
135,43,Consumer,Basic,Monthly,38,45.48,Digital Wallet,4,1,3.0,46.9,No
136,55,Small Business,Premium,Annual,44,100.52,Bank Transfer,2,0,3.0,58.3,No
137,52,Small Business,Basic,Annual,95,47.76,Digital Wallet,4,1,4.0,50.2,No
138,51,Enterprise,Premium,Annual,78,122.07,Digital Wallet,0,0,3.0,98.4,No
139,58,Enterprise,Basic,Monthly,18,66.92,Digital Wallet,4,1,4.0,62.1,No
140,50,Enterprise,Standard,Monthly,31,62.54,Credit Card,2,3,4.0,65.1,No
141,31,Consumer,Basic,Annual,15,40.72,Digital Wallet,3,2,3.0,62.1,No
142,21,Consumer,Basic,Monthly,26,29.94,Credit Card,1,2,3.0,65.8,No
143,22,Enterprise,Standard,Monthly,19,83.51,Direct Debit,2,0,3.0,29.1,No
144,34,Consumer,Standard,Monthly,15,74.55,Direct Debit,0,0,5.0,79.0,No
145,53,Consumer,Premium,Monthly,46,103.79,Digital Wallet,5,2,3.0,68.2,No
146,42,Small Business,Basic,Monthly,25,50.57,Bank Transfer,4,1,2.0,36.5,No
147,57,Consumer,Basic,Monthly,10,52.75,Bank Transfer,4,1,2.0,53.1,No
148,32,Consumer,Premium,Monthly,24,121.79,Credit Card,0,2,3.0,50.7,No
149,37,Enterprise,Standard,Monthly,29,72.37,Digital Wallet,3,1,4.0,81.7,No
150,58,Small Business,Standard,Annual,27,83.72,Direct Debit,3,3,4.0,60.4,No
151,46,Consumer,Standard,Annual,27,55.31,Bank Transfer,0,0,4.0,88.0,No
152,49,Enterprise,Basic,Two-Year,27,45.57,Digital Wallet,2,1,5.0,59.9,No
153,43,Consumer,Basic,Monthly,25,44.65,Direct Debit,3,0,2.0,44.5,No
154,43,Consumer,Standard,Monthly,49,68.63,Bank Transfer,1,1,3.0,74.9,No
155,18,Consumer,Premium,Monthly,26,137.4,Digital Wallet,4,1,3.0,44.8,No
156,33,Small Business,Basic,Monthly,40,42.42,Direct Debit,4,2,5.0,36.1,No
157,54,Consumer,Basic,Annual,13,39.47,Bank Transfer,0,1,4.0,75.0,No
158,41,Consumer,Standard,Monthly,25,64.3,Digital Wallet,1,0,5.0,14.8,Yes
159,49,Small Business,Basic,Two-Year,33,43.66,Credit Card,4,0,2.0,57.9,No
160,30,Consumer,Basic,Monthly,28,43.41,Bank Transfer,3,1,4.0,40.3,No
161,42,Consumer,Basic,Monthly,18,46.49,Digital Wallet,3,2,3.0,44.9,No
162,44,Small Business,Premium,Monthly,14,70.02,Bank Transfer,2,1,4.0,43.9,No
163,49,Consumer,Standard,Monthly,30,73.83,Direct Debit,3,1,3.0,69.4,No
164,35,Consumer,Standard,Monthly,31,53.16,Credit Card,1,0,4.0,60.9,No
165,51,Enterprise,Basic,Monthly,24,43.18,Direct Debit,5,3,2.0,48.5,No
166,51,Consumer,Basic,Monthly,23,43.94,Credit Card,2,1,2.0,68.1,No
167,18,Consumer,Standard,Two-Year,28,66.37,Digital Wallet,1,0,5.0,79.8,No
168,68,Consumer,Basic,Annual,58,63.46,Direct Debit,3,1,5.0,20.8,No
169,64,Consumer,Standard,Monthly,68,65.42,Credit Card,3,1,3.0,63.5,No
170,45,Enterprise,Basic,Monthly,24,35.1,Bank Transfer,4,2,3.0,37.1,Yes
171,33,Small Business,Standard,Monthly,12,58.57,Digital Wallet,2,2,2.0,75.3,Yes
172,55,Consumer,Standard,Annual,29,77.96,Digital Wallet,2,1,2.0,52.5,Yes
173,54,Consumer,Standard,Two-Year,22,80.45,Bank Transfer,1,0,4.0,45.8,No
174,49,Enterprise,Premium,Annual,27,112.14,Credit Card,1,0,3.0,74.1,No
175,51,Enterprise,Premium,Annual,37,103.15,Credit Card,2,2,3.0,51.2,No
176,57,Small Business,Standard,Monthly,27,67.15,Digital Wallet,3,1,3.0,73.0,No
177,50,Consumer,Standard,Annual,4,76.41,Digital Wallet,3,0,4.0,50.6,No
178,54,Small Business,Premium,Monthly,6,114.86,Unknown,2,1,2.0,70.9,Yes
179,57,Consumer,Premium,Two-Year,27,97.17,Digital Wallet,0,1,3.0,84.0,No
180,41,Consumer,Standard,Monthly,4,67.5,Direct Debit,3,3,3.0,42.3,No
181,42,Small Business,Standard,Monthly,13,73.87,Bank Transfer,3,1,3.0,64.9,No
182,40,Consumer,Standard,Monthly,29,79.83,Credit Card,3,3,1.0,71.9,No
183,23,Consumer,Standard,Annual,42,64.78,Credit Card,4,2,2.0,78.6,No
184,49,Consumer,Standard,Monthly,23,89.2,Bank Transfer,0,0,3.0,66.5,No
185,52,Consumer,Basic,Annual,24,36.45,Credit Card,1,2,2.0,71.9,No
186,30,Consumer,Standard,Monthly,21,86.25,Bank Transfer,2,1,2.0,60.7,No
187,41,Consumer,Basic,Annual,3,49.64,Bank Transfer,2,2,3.0,67.7,No
188,29,Small Business,Standard,Annual,48,82.03,Bank Transfer,0,2,4.0,67.5,No
189,51,Consumer,Premium,Monthly,21,110.28,Direct Debit,6,3,4.0,65.2,No
190,38,Small Business,Standard,Annual,20,69.68,Bank Transfer,2,1,2.0,56.9,No
191,18,Small Business,Premium,Monthly,35,117.12,Digital Wallet,3,0,2.0,66.0,No
192,50,Consumer,Basic,Monthly,19,54.98,Credit Card,3,1,2.0,82.7,No
193,36,Small Business,Standard,Two-Year,33,64.4,Bank Transfer,2,0,3.0,61.9,No
194,35,Consumer,Standard,Two-Year,64,77.68,Direct Debit,3,1,4.0,51.5,No
195,42,Enterprise,Standard,Monthly,16,69.59,Credit Card,3,0,5.0,59.0,No
196,55,Small Business,Standard,Annual,50,82.83,Credit Card,0,0,3.0,100.0,No
197,34,Consumer,Standard,Annual,9,84.01,Direct Debit,1,2,3.0,60.1,No
198,49,Enterprise,Premium,Two-Year,10,142.55,Direct Debit,2,2,5.0,79.5,No
199,18,Small Business,Standard,Monthly,41,65.89,Bank Transfer,3,1,4.0,24.2,No
200,59,Consumer,Premium,Monthly,23,82.22,Direct Debit,1,0,4.0,66.4,No
201,44,Small Business,Basic,Monthly,9,40.09,Direct Debit,3,0,3.0,71.5,No
202,41,Consumer,Premium,Monthly,20,146.79,Credit Card,4,1,3.0,65.1,No
203,27,Consumer,Basic,Annual,22,56.23,Credit Card,1,1,4.0,68.4,No
204,25,Enterprise,Standard,Monthly,26,84.84,Direct Debit,3,2,2.0,66.4,No
205,38,Enterprise,Basic,Monthly,54,59.0,Bank Transfer,3,2,3.0,67.2,No
206,61,Consumer,Premium,Monthly,23,134.59,Digital Wallet,2,2,5.0,54.3,No
207,34,Enterprise,Premium,Monthly,23,119.47,Direct Debit,3,1,2.0,68.0,No
208,38,Small Business,Standard,Annual,41,69.12,Direct Debit,0,0,5.0,61.4,No
209,36,Consumer,Premium,Monthly,39,85.63,Bank Transfer,2,3,4.0,48.1,No
210,35,Consumer,Premium,Monthly,5,101.66,Credit Card,2,0,3.0,78.6,No
211,28,Small Business,Premium,Two-Year,41,83.8,Credit Card,2,2,2.0,100.0,No
212,32,Consumer,Basic,Monthly,14,47.91,Bank Transfer,4,1,3.0,55.9,No
213,30,Small Business,Standard,Monthly,15,65.8,Bank Transfer,2,1,2.0,72.2,No
214,66,Consumer,Basic,Annual,48,33.17,Credit Card,1,0,4.0,61.1,No
215,34,Consumer,Premium,Annual,41,104.03,Digital Wallet,0,2,4.0,75.3,No
216,18,Consumer,Standard,Monthly,32,71.19,Credit Card,3,2,3.0,70.7,No
217,36,Consumer,Standard,Annual,23,71.62,Digital Wallet,1,1,3.0,68.0,No
218,47,Consumer,Basic,Monthly,21,46.58,Direct Debit,1,1,5.0,72.8,No
219,62,Consumer,Premium,Annual,21,148.53,Credit Card,3,2,5.0,71.9,No
220,29,Consumer,Standard,Monthly,58,72.14,Direct Debit,3,3,3.0,55.9,No
221,45,Consumer,Basic,Monthly,88,42.96,Digital Wallet,1,1,4.0,68.6,No
222,51,Enterprise,Basic,Monthly,13,50.17,Digital Wallet,2,2,5.0,64.2,No
223,49,Consumer,Standard,Monthly,7,66.18,Digital Wallet,4,1,2.0,66.2,Yes
224,23,Consumer,Premium,Monthly,11,115.37,Credit Card,1,1,4.0,99.5,No
225,58,Consumer,Basic,Monthly,53,52.75,Credit Card,1,0,5.0,44.7,No
226,30,Small Business,Basic,Monthly,25,47.56,Bank Transfer,3,1,3.0,82.6,No
227,53,Small Business,Basic,Monthly,27,44.13,Credit Card,1,0,2.0,48.1,No
228,64,Consumer,Standard,Monthly,26,69.68,Direct Debit,2,2,4.0,67.5,No
229,35,Consumer,Premium,Two-Year,58,104.03,Direct Debit,1,3,5.0,64.3,No
230,58,Consumer,Basic,Annual,43,53.27,Credit Card,3,2,4.0,36.9,No
231,47,Consumer,Standard,Monthly,23,71.49,Digital Wallet,1,0,4.0,34.3,No
232,33,Consumer,Basic,Two-Year,10,38.13,Bank Transfer,2,0,5.0,72.2,No
233,18,Enterprise,Standard,Monthly,44,51.74,Direct Debit,3,2,2.0,53.7,No
234,49,Consumer,Basic,Annual,24,53.18,Credit Card,1,0,2.0,60.2,No
235,33,Consumer,Standard,Two-Year,47,81.95,Credit Card,0,1,5.0,52.5,No
236,40,Small Business,Standard,Two-Year,52,62.7,Direct Debit,1,0,2.0,75.4,No
237,43,Small Business,Standard,Annual,26,82.96,Credit Card,2,1,3.0,50.2,No
238,42,Enterprise,Basic,Two-Year,34,27.42,Bank Transfer,1,1,5.0,53.7,No
239,32,Consumer,Standard,Two-Year,28,69.7,Bank Transfer,0,0,5.0,35.1,No
240,44,Consumer,Premium,Monthly,13,66.12,Credit Card,5,2,3.0,59.0,No
241,18,Consumer,Standard,Monthly,33,76.85,Direct Debit,5,0,1.0,64.8,No
242,60,Consumer,Standard,Annual,43,70.17,Digital Wallet,0,3,4.0,60.5,No
243,51,Consumer,Premium,Monthly,47,166.18,Direct Debit,1,0,4.0,66.2,No
244,60,Consumer,Standard,Monthly,29,56.74,Direct Debit,5,2,4.0,35.7,No
245,34,Consumer,Standard,Monthly,31,77.15,Direct Debit,3,1,3.0,66.7,No
246,53,Small Business,Basic,Two-Year,2,32.38,Direct Debit,1,1,4.0,47.0,No
247,64,Consumer,Standard,Monthly,39,64.79,Bank Transfer,8,5,2.0,48.8,No
248,44,Consumer,Basic,Monthly,26,26.97,Digital Wallet,4,2,2.0,60.2,Yes
249,56,Small Business,Standard,Monthly,57,68.59,Credit Card,5,0,2.0,61.7,No
250,67,Small Business,Basic,Monthly,19,50.21,Bank Transfer,2,2,3.0,50.4,No
251,47,Consumer,Premium,Monthly,26,125.22,Digital Wallet,4,2,1.0,38.0,No
252,44,Enterprise,Premium,Monthly,78,123.32,Digital Wallet,0,1,4.0,95.6,No
253,56,Enterprise,Basic,Annual,18,40.75,Direct Debit,3,1,4.0,79.2,No
254,47,Consumer,Standard,Two-Year,25,73.99,Direct Debit,5,1,3.0,78.8,No
255,23,Small Business,Basic,Monthly,25,50.44,Digital Wallet,0,0,4.0,56.4,No
256,45,Small Business,Standard,Two-Year,28,69.09,Credit Card,2,0,2.0,44.6,No
257,45,Consumer,Standard,Two-Year,46,74.35,Direct Debit,2,1,1.0,69.0,No
258,45,Enterprise,Basic,Monthly,30,40.76,Digital Wallet,5,4,2.0,55.3,No
259,52,Consumer,Standard,Annual,37,52.5,Digital Wallet,4,1,5.0,53.7,No
260,42,Consumer,Standard,Annual,26,55.27,Credit Card,4,4,4.0,48.0,No
261,38,Consumer,Standard,Two-Year,7,84.63,Credit Card,3,3,3.0,57.7,No
262,46,Consumer,Standard,Monthly,35,84.93,Direct Debit,4,0,3.0,60.6,No
263,39,Enterprise,Basic,Monthly,26,50.43,Credit Card,2,0,3.0,47.2,No
264,42,Consumer,Standard,Annual,47,58.03,Direct Debit,0,1,5.0,56.2,No
265,54,Consumer,Basic,Monthly,15,41.65,Direct Debit,1,0,3.0,48.9,No
266,55,Consumer,Standard,Monthly,3,74.73,Bank Transfer,1,0,3.0,54.3,No
267,41,Consumer,Premium,Annual,14,138.22,Direct Debit,4,3,4.0,63.8,No
268,50,Consumer,Standard,Monthly,6,74.49,Credit Card,2,1,4.0,77.4,No
269,31,Consumer,Premium,Monthly,83,99.11,Direct Debit,3,0,4.0,79.0,No
270,34,Small Business,Basic,Two-Year,23,44.2,Credit Card,2,4,2.0,44.9,No
271,30,Small Business,Standard,Two-Year,33,70.11,Digital Wallet,2,0,4.0,60.7,No
272,49,Consumer,Basic,Two-Year,27,39.15,Credit Card,4,2,5.0,43.1,No
273,34,Small Business,Standard,Monthly,22,68.05,Digital Wallet,4,2,3.0,70.1,No
274,40,Consumer,Premium,Annual,43,123.71,Direct Debit,2,1,2.0,80.6,No
275,38,Consumer,Standard,Monthly,28,74.82,Credit Card,0,0,3.0,51.6,No
276,34,Small Business,Standard,Monthly,13,68.84,Bank Transfer,2,2,3.0,32.6,No
277,18,Consumer,Basic,Monthly,36,36.38,Bank Transfer,4,3,3.0,64.0,No
278,50,Consumer,Standard,Monthly,14,75.83,Credit Card,2,1,4.0,69.3,Yes
279,46,Small Business,Premium,Two-Year,36,112.67,Digital Wallet,0,2,4.0,83.9,No
280,42,Consumer,Basic,Two-Year,18,32.35,Digital Wallet,1,0,3.0,59.2,No
281,20,Consumer,Standard,Two-Year,28,78.15,Credit Card,4,0,4.0,69.0,No
282,38,Small Business,Premium,Annual,4,110.14,Credit Card,1,0,4.0,45.3,No
283,46,Consumer,Standard,Annual,3,70.2,Credit Card,1,2,3.0,52.4,No
284,36,Small Business,Standard,Annual,31,58.65,Bank Transfer,3,0,3.0,77.5,No
285,40,Consumer,Standard,Monthly,4,80.02,Direct Debit,0,0,5.0,70.9,No
286,39,Consumer,Standard,Monthly,20,90.74,Digital Wallet,3,0,3.0,29.6,No
287,54,Consumer,Standard,Monthly,30,80.62,Bank Transfer,5,2,3.0,74.3,No
288,32,Consumer,Basic,Monthly,39,33.72,Bank Transfer,2,0,2.0,58.4,No
289,34,Small Business,Standard,Annual,13,62.22,Bank Transfer,3,1,3.0,61.2,Yes
290,39,Small Business,Premium,Monthly,42,124.95,Credit Card,2,1,4.0,72.1,No
291,43,Consumer,Basic,Annual,22,55.76,Direct Debit,1,1,4.0,56.9,Yes
292,25,Enterprise,Standard,Monthly,85,66.07,Digital Wallet,3,3,3.0,26.2,No
293,62,Enterprise,Standard,Monthly,32,70.92,Direct Debit,2,1,4.0,56.4,No
294,72,Consumer,Standard,Monthly,58,107.22,Bank Transfer,1,0,4.0,55.6,No
295,51,Consumer,Standard,Monthly,22,79.48,Direct Debit,2,0,4.0,50.3,No
296,60,Consumer,Standard,Monthly,8,72.56,Credit Card,1,1,2.0,59.4,No
297,20,Consumer,Premium,Monthly,23,92.3,Digital Wallet,4,2,1.0,63.6,No
298,55,Enterprise,Standard,Monthly,2,70.48,Direct Debit,2,0,3.0,65.6,No
299,18,Small Business,Premium,Monthly,21,147.04,Bank Transfer,3,0,1.0,74.0,No
300,37,Consumer,Premium,Annual,41,113.42,Direct Debit,4,3,3.0,67.0,No
301,51,Consumer,Basic,Monthly,5,68.19,Digital Wallet,2,1,3.0,41.6,No
302,50,Consumer,Standard,Annual,36,88.25,Direct Debit,1,1,4.0,59.7,No
303,47,Consumer,Standard,Monthly,32,73.22,Digital Wallet,5,2,3.0,59.1,No
304,18,Consumer,Basic,Annual,11,36.33,Credit Card,1,1,4.0,71.4,No
305,49,Consumer,Premium,Two-Year,21,101.89,Direct Debit,0,0,4.0,71.2,No
306,50,Consumer,Standard,Monthly,11,79.0,Credit Card,4,0,3.0,73.1,Yes
307,22,Consumer,Standard,Annual,90,36.71,Direct Debit,2,1,4.0,49.2,No
308,39,Small Business,Basic,Monthly,14,46.72,Direct Debit,1,2,3.0,45.0,No
309,23,Consumer,Standard,Monthly,10,69.25,Credit Card,2,2,4.0,58.3,No
310,36,Consumer,Standard,Two-Year,82,92.08,Direct Debit,2,0,4.0,66.4,No
311,35,Consumer,Premium,Monthly,45,109.25,Bank Transfer,0,1,4.0,50.6,No
312,24,Consumer,Standard,Monthly,49,70.27,Digital Wallet,1,0,3.0,45.4,No
313,45,Consumer,Standard,Annual,18,84.94,Credit Card,2,0,4.0,42.0,No
314,39,Consumer,Standard,Annual,19,63.23,Digital Wallet,2,0,3.0,65.1,Yes
315,58,Consumer,Standard,Annual,18,93.24,Direct Debit,0,2,3.0,57.1,No
316,39,Consumer,Basic,Monthly,16,39.35,Bank Transfer,3,1,2.0,50.6,No
317,32,Consumer,Standard,Two-Year,33,51.46,Digital Wallet,3,1,2.0,50.6,No
318,29,Enterprise,Premium,Monthly,28,62.34,Digital Wallet,2,0,5.0,67.0,No
319,54,Consumer,Standard,Monthly,43,70.2,Direct Debit,3,3,4.0,34.9,No
320,45,Small Business,Basic,Annual,13,46.29,Direct Debit,1,0,5.0,70.2,No
321,50,Consumer,Basic,Annual,16,35.03,Credit Card,2,0,3.0,49.3,No
322,55,Consumer,Basic,Monthly,12,43.96,Digital Wallet,1,0,4.0,19.2,No
323,45,Small Business,Basic,Annual,17,59.82,Direct Debit,3,3,3.0,49.5,No
324,52,Small Business,Standard,Monthly,21,65.65,Digital Wallet,1,0,4.0,61.1,No
325,38,Consumer,Basic,Monthly,23,33.84,Credit Card,1,0,4.0,60.2,No
326,51,Small Business,Standard,Two-Year,21,66.74,Direct Debit,3,2,4.0,56.4,No
327,36,Consumer,Basic,Annual,12,43.47,Direct Debit,0,1,4.0,66.8,No
328,21,Enterprise,Standard,Monthly,35,58.28,Digital Wallet,4,0,2.0,39.7,No
329,18,Consumer,Premium,Annual,37,106.52,Bank Transfer,2,1,4.0,90.4,No
330,46,Consumer,Premium,Annual,17,125.35,Credit Card,3,1,3.0,47.3,No
331,54,Consumer,Basic,Annual,13,44.16,Credit Card,1,1,4.0,58.2,Yes
332,45,Enterprise,Basic,Monthly,20,46.14,Credit Card,2,1,4.0,53.8,No
333,25,Consumer,Standard,Annual,11,99.38,Direct Debit,1,2,4.0,81.4,No
334,46,Consumer,Standard,Annual,15,66.62,Credit Card,2,1,3.0,74.3,No
335,19,Consumer,Premium,Monthly,93,142.17,Bank Transfer,1,0,3.0,52.4,No
336,22,Small Business,Basic,Monthly,2,47.46,Digital Wallet,6,0,3.0,43.8,No
337,22,Consumer,Basic,Annual,20,52.77,Bank Transfer,0,1,4.0,57.2,No
338,38,Consumer,Basic,Annual,14,33.16,Direct Debit,0,0,4.0,50.5,No
339,69,Consumer,Basic,Monthly,12,51.7,Digital Wallet,2,2,3.0,75.5,Yes
340,28,Consumer,Basic,Monthly,43,51.49,Digital Wallet,1,0,3.0,59.4,No
341,61,Enterprise,Standard,Monthly,26,77.29,Digital Wallet,1,0,3.0,34.6,No
342,53,Small Business,Premium,Monthly,37,111.45,Digital Wallet,3,3,2.0,80.0,No
343,50,Small Business,Premium,Monthly,11,122.96,Digital Wallet,3,0,3.0,45.2,No
344,53,Consumer,Premium,Monthly,52,170.31,Direct Debit,1,0,5.0,61.8,No
345,54,Consumer,Basic,Monthly,17,42.89,Direct Debit,2,1,3.0,43.7,No
346,64,Consumer,Standard,Monthly,42,80.46,Digital Wallet,2,1,2.0,44.7,No
347,23,Consumer,Standard,Monthly,62,53.93,Bank Transfer,1,0,4.0,40.7,No
348,36,Small Business,Basic,Annual,42,47.63,Credit Card,2,2,1.0,56.6,No
349,52,Consumer,Basic,Monthly,62,48.06,Direct Debit,0,1,2.0,48.8,No
350,36,Small Business,Basic,Annual,25,28.83,Digital Wallet,1,0,5.0,44.5,No
351,50,Consumer,Premium,Monthly,38,112.48,Direct Debit,3,3,5.0,53.0,No
352,38,Consumer,Basic,Monthly,16,41.46,Direct Debit,2,1,2.0,45.3,No
353,39,Small Business,Standard,Annual,26,73.6,Bank Transfer,0,2,3.0,64.0,No
354,62,Consumer,Standard,Annual,8,56.0,Digital Wallet,3,0,4.0,58.5,No
355,35,Consumer,Basic,Monthly,8,56.38,Bank Transfer,2,3,2.0,44.2,Yes
356,52,Consumer,Premium,Monthly,20,92.26,Direct Debit,3,4,2.0,66.7,No
357,42,Consumer,Basic,Two-Year,26,38.92,Direct Debit,1,1,5.0,51.5,No
358,28,Consumer,Basic,Two-Year,32,52.09,Digital Wallet,5,3,3.0,54.1,No
359,29,Consumer,Standard,Monthly,49,84.07,Bank Transfer,3,1,4.0,49.3,No
360,61,Consumer,Premium,Monthly,53,65.79,Digital Wallet,2,3,2.0,58.6,No
361,63,Small Business,Basic,Annual,27,28.45,Bank Transfer,2,1,3.0,74.3,No
362,39,Consumer,Basic,Monthly,33,40.24,Digital Wallet,3,0,4.0,56.8,No
363,27,Enterprise,Standard,Two-Year,9,64.19,Digital Wallet,2,1,3.0,54.9,No
364,40,Consumer,Standard,Annual,24,58.6,Digital Wallet,0,3,3.0,69.8,No
365,53,Consumer,Standard,Monthly,24,66.68,Bank Transfer,2,1,3.0,65.4,No
366,64,Small Business,Standard,Annual,29,74.77,Digital Wallet,2,0,5.0,58.0,No
367,21,Small Business,Standard,Monthly,17,75.74,Digital Wallet,4,1,3.0,63.4,No
368,62,Consumer,Premium,Two-Year,18,109.44,Direct Debit,2,2,5.0,61.0,No
369,49,Consumer,Premium,Monthly,22,124.83,Direct Debit,1,0,3.0,66.1,No
370,37,Consumer,Standard,Monthly,8,90.63,Credit Card,3,3,3.0,62.7,No
371,43,Small Business,Premium,Two-Year,15,115.29,Digital Wallet,2,1,2.0,54.6,No
372,60,Consumer,Standard,Monthly,2,75.75,Bank Transfer,4,1,3.0,58.5,Yes
373,40,Consumer,Basic,Annual,10,31.94,Digital Wallet,1,1,5.0,65.4,No
374,46,Consumer,Standard,Monthly,35,74.13,Credit Card,0,1,5.0,56.2,No
375,25,Small Business,Premium,Two-Year,9,145.12,Bank Transfer,1,0,3.0,47.7,Yes
376,39,Consumer,Standard,Monthly,12,82.08,Direct Debit,1,1,3.0,47.0,No
377,44,Consumer,Standard,Annual,16,88.38,Credit Card,2,1,3.0,77.8,No
378,49,Small Business,Standard,Monthly,25,67.21,Credit Card,3,0,2.0,38.2,No
379,38,Small Business,Standard,Monthly,2,71.1,Bank Transfer,3,1,1.0,52.5,No
380,40,Enterprise,Basic,Monthly,17,47.03,Direct Debit,2,0,3.0,47.8,No
381,38,Small Business,Premium,Monthly,2,127.3,Digital Wallet,2,1,4.0,41.3,No
382,42,Small Business,Premium,Annual,12,114.42,Bank Transfer,2,1,3.0,46.3,No
383,34,Consumer,Premium,Annual,14,121.53,Direct Debit,1,0,4.0,86.6,No
384,33,Consumer,Standard,Annual,8,77.83,Direct Debit,1,0,2.0,67.2,No
385,54,Small Business,Premium,Monthly,19,116.24,Digital Wallet,2,1,2.0,65.9,No
386,53,Consumer,Standard,Two-Year,15,75.3,Bank Transfer,0,1,5.0,36.2,No
387,69,Small Business,Basic,Monthly,28,51.22,Direct Debit,2,0,3.0,48.0,No
388,43,Consumer,Standard,Annual,28,74.91,Digital Wallet,2,1,3.0,78.9,No
389,45,Small Business,Standard,Monthly,12,82.74,Direct Debit,1,0,3.0,51.6,No
390,52,Consumer,Standard,Two-Year,24,77.75,Digital Wallet,2,1,4.0,71.0,No
391,23,Small Business,Premium,Annual,9,113.62,Direct Debit,3,3,3.0,56.4,No
392,37,Enterprise,Premium,Monthly,8,132.36,Digital Wallet,3,1,3.0,73.9,No
393,30,Consumer,Premium,Two-Year,26,148.64,Direct Debit,2,0,3.0,76.4,No
394,38,Consumer,Standard,Annual,9,67.22,Direct Debit,3,1,4.0,79.4,No
395,53,Consumer,Standard,Monthly,29,86.79,Digital Wallet,3,1,3.0,60.4,No
396,24,Enterprise,Standard,Annual,15,66.28,Bank Transfer,2,0,2.0,31.6,No
397,50,Small Business,Standard,Annual,44,63.68,Credit Card,5,0,3.0,50.7,No
398,51,Enterprise,Standard,Annual,74,59.35,Digital Wallet,1,2,4.0,71.9,No
399,19,Consumer,Premium,Annual,5,81.01,Credit Card,1,0,2.0,80.8,No
400,30,Small Business,Standard,Monthly,18,65.37,Bank Transfer,1,1,4.0,50.0,Yes
401,55,Small Business,Basic,Monthly,19,49.5,Direct Debit,2,1,5.0,26.2,No
402,65,Consumer,Standard,Monthly,31,80.31,Direct Debit,3,0,3.0,53.0,Yes
403,38,Small Business,Standard,Monthly,38,84.51,Credit Card,1,1,4.0,67.2,No
404,41,Consumer,Standard,Annual,52,88.16,Credit Card,1,1,4.0,50.2,No
405,35,Enterprise,Standard,Annual,16,95.31,Credit Card,2,0,3.0,60.5,No
406,22,Consumer,Premium,Monthly,39,99.93,Digital Wallet,3,2,1.0,66.9,No
407,68,Consumer,Basic,Monthly,5,37.53,Credit Card,6,2,2.0,43.6,No
408,34,Consumer,Standard,Monthly,14,82.04,Credit Card,0,0,4.0,77.0,No
409,43,Consumer,Basic,Annual,32,54.03,Credit Card,3,0,4.0,74.5,No
410,31,Small Business,Basic,Monthly,56,47.75,Credit Card,4,3,3.0,30.8,No
411,18,Small Business,Standard,Monthly,21,75.54,Bank Transfer,5,0,2.0,44.2,No
412,49,Small Business,Standard,Monthly,8,94.57,Direct Debit,2,1,4.0,61.3,No
413,31,Consumer,Standard,Monthly,19,66.61,Bank Transfer,1,1,4.0,50.2,No
414,50,Consumer,Standard,Monthly,43,68.52,Direct Debit,2,0,4.0,67.8,No
415,48,Small Business,Standard,Annual,57,73.98,Credit Card,0,1,4.0,70.4,No
416,52,Consumer,Standard,Monthly,17,64.38,Direct Debit,1,1,4.0,61.2,No
417,55,Consumer,Basic,Annual,20,38.51,Credit Card,0,0,3.0,50.5,No
418,44,Consumer,Basic,Two-Year,8,37.61,Digital Wallet,3,3,3.0,29.1,No
419,47,Small Business,Premium,Two-Year,42,121.98,Direct Debit,1,0,4.0,64.7,No
420,48,Consumer,Standard,Monthly,39,66.79,Bank Transfer,4,2,3.0,37.8,No
421,35,Small Business,Premium,Monthly,27,130.66,Bank Transfer,4,0,3.0,66.5,No
422,41,Consumer,Standard,Monthly,13,77.95,Digital Wallet,3,4,3.0,51.9,Yes
423,56,Small Business,Basic,Monthly,32,49.48,Digital Wallet,4,1,2.0,62.7,Yes
424,36,Small Business,Standard,Two-Year,14,94.3,Bank Transfer,2,0,3.0,70.9,No
425,33,Consumer,Basic,Monthly,55,54.56,Digital Wallet,2,1,5.0,38.0,No
426,42,Consumer,Standard,Annual,35,82.5,Bank Transfer,2,0,4.0,59.7,No
427,30,Consumer,Basic,Monthly,25,37.78,Digital Wallet,1,1,3.0,37.7,No
428,32,Consumer,Basic,Annual,22,38.91,Direct Debit,3,0,4.0,54.5,No
429,32,Consumer,Standard,Annual,18,88.77,Direct Debit,3,1,4.0,61.2,No
430,39,Consumer,Basic,Monthly,15,35.96,Digital Wallet,5,1,5.0,71.6,No
431,57,Consumer,Basic,Monthly,41,48.28,Credit Card,4,2,2.0,52.0,No
432,39,Enterprise,Basic,Annual,17,35.45,Digital Wallet,3,0,4.0,35.0,No
433,56,Small Business,Basic,Monthly,16,36.44,Credit Card,1,0,5.0,38.2,No
434,62,Small Business,Premium,Monthly,16,118.63,Direct Debit,1,0,4.0,32.9,No
435,40,Consumer,Standard,Annual,15,82.14,Credit Card,2,1,2.0,51.7,No
436,56,Consumer,Premium,Monthly,60,132.91,Direct Debit,3,1,4.0,64.7,No
437,54,Small Business,Basic,Two-Year,30,32.29,Digital Wallet,3,1,4.0,57.4,No
438,33,Enterprise,Basic,Monthly,25,31.73,Credit Card,1,0,2.0,50.8,No
439,29,Small Business,Standard,Annual,11,84.96,Bank Transfer,0,0,4.0,40.6,No
440,58,Consumer,Standard,Two-Year,20,71.51,Digital Wallet,1,0,3.0,57.6,No
441,44,Consumer,Standard,Monthly,21,73.63,Digital Wallet,1,1,2.0,67.5,No
442,52,Small Business,Standard,Monthly,13,72.65,Digital Wallet,2,1,3.0,61.2,No
443,61,Consumer,Standard,Monthly,35,85.39,Digital Wallet,5,2,3.0,63.2,No
444,39,Consumer,Premium,Annual,8,155.92,Credit Card,0,1,3.0,64.7,No
445,42,Small Business,Basic,Annual,4,38.3,Direct Debit,0,1,2.0,63.8,No
446,21,Small Business,Basic,Annual,42,45.64,Direct Debit,1,0,3.0,46.8,No
447,46,Small Business,Standard,Monthly,43,64.29,Digital Wallet,1,0,4.0,62.0,Yes
448,59,Small Business,Premium,Annual,13,114.17,Direct Debit,2,0,4.0,76.6,No
449,48,Enterprise,Standard,Two-Year,24,70.38,Bank Transfer,1,0,4.0,54.4,No
450,31,Consumer,Basic,Monthly,16,57.2,Bank Transfer,2,0,2.0,73.3,Yes
451,43,Consumer,Standard,Annual,31,76.5,Credit Card,2,2,3.0,40.8,No
452,46,Small Business,Standard,Monthly,10,66.33,Bank Transfer,5,3,1.0,23.7,Yes
453,44,Enterprise,Basic,Two-Year,35,48.06,Credit Card,1,1,3.0,70.2,No
454,64,Consumer,Basic,Monthly,32,45.97,Credit Card,1,0,3.0,53.3,No
455,36,Enterprise,Standard,Monthly,9,82.01,Bank Transfer,1,0,3.0,54.2,Yes
456,35,Small Business,Standard,Monthly,21,84.48,Digital Wallet,3,0,3.0,54.3,No
457,47,Enterprise,Basic,Annual,31,37.04,Digital Wallet,0,0,4.0,86.0,No
458,60,Small Business,Basic,Monthly,5,43.05,Credit Card,2,1,3.0,45.4,No
459,68,Enterprise,Standard,Monthly,12,67.81,Bank Transfer,5,3,1.0,42.8,Yes
460,48,Enterprise,Basic,Monthly,22,35.43,Bank Transfer,4,1,4.0,58.4,No
461,38,Consumer,Premium,Monthly,48,128.13,Bank Transfer,3,0,3.0,61.6,No
462,32,Consumer,Premium,Monthly,27,99.34,Digital Wallet,1,1,3.0,52.9,No
463,31,Small Business,Standard,Monthly,25,69.69,Digital Wallet,2,0,4.0,71.8,No
464,64,Consumer,Standard,Monthly,20,67.71,Bank Transfer,3,0,4.0,76.6,No
465,60,Consumer,Standard,Monthly,25,62.56,Digital Wallet,2,1,4.0,54.0,No
466,25,Consumer,Premium,Two-Year,55,111.8,Direct Debit,2,2,5.0,94.8,No
467,51,Consumer,Basic,Monthly,96,43.92,Credit Card,4,2,4.0,37.1,Yes
468,37,Enterprise,Premium,Monthly,40,125.2,Direct Debit,1,0,4.0,66.6,No
469,55,Small Business,Standard,Two-Year,15,86.76,Credit Card,2,1,2.0,44.9,No
470,45,Consumer,Basic,Monthly,16,38.37,Digital Wallet,3,1,4.0,39.5,No
471,32,Consumer,Standard,Annual,21,87.55,Direct Debit,2,2,4.0,60.7,No
472,59,Small Business,Standard,Monthly,22,78.94,Bank Transfer,2,2,4.0,70.1,No
473,41,Small Business,Premium,Annual,39,113.71,Direct Debit,1,0,5.0,67.7,No
474,55,Consumer,Standard,Two-Year,22,83.87,Credit Card,1,1,2.0,34.3,No
475,32,Small Business,Standard,Two-Year,31,94.47,Direct Debit,0,2,3.0,47.9,No
476,40,Enterprise,Premium,Annual,91,116.37,Direct Debit,1,0,3.0,54.7,No
477,18,Consumer,Basic,Monthly,15,47.81,Direct Debit,3,0,1.0,71.0,No
478,27,Consumer,Basic,Two-Year,20,54.64,Digital Wallet,3,2,1.0,45.9,Yes
479,35,Consumer,Basic,Monthly,23,52.8,Bank Transfer,1,0,2.0,62.3,No
480,18,Small Business,Basic,Annual,42,53.97,Digital Wallet,1,4,4.0,69.5,No
481,67,Enterprise,Standard,Two-Year,15,81.47,Direct Debit,2,1,3.0,50.0,No
482,44,Consumer,Basic,Monthly,4,28.1,Bank Transfer,0,0,3.0,50.3,No
483,39,Consumer,Basic,Monthly,49,37.42,Digital Wallet,3,2,2.0,36.8,No
484,38,Consumer,Basic,Annual,53,49.42,Bank Transfer,0,0,3.0,60.7,No
485,46,Consumer,Premium,Two-Year,41,151.76,Direct Debit,2,2,2.0,71.5,No
486,50,Consumer,Basic,Annual,21,36.97,Direct Debit,4,2,2.0,66.9,No
487,64,Consumer,Basic,Monthly,3,29.74,Bank Transfer,3,3,3.0,29.7,No
488,50,Enterprise,Premium,Monthly,16,88.94,Digital Wallet,6,5,2.0,60.2,No
489,42,Consumer,Premium,Two-Year,52,85.17,Direct Debit,3,0,4.0,83.5,No
490,42,Consumer,Standard,Monthly,23,78.34,Direct Debit,1,0,4.0,51.1,No
491,53,Small Business,Standard,Two-Year,17,73.8,Direct Debit,3,1,3.0,50.3,No
492,36,Small Business,Standard,Annual,27,76.36,Digital Wallet,0,0,3.0,65.2,No
493,33,Enterprise,Standard,Annual,20,84.48,Direct Debit,1,1,5.0,45.1,No
494,43,Consumer,Standard,Monthly,7,83.41,Direct Debit,2,2,4.0,52.4,No
495,56,Consumer,Standard,Two-Year,46,84.36,Bank Transfer,3,0,3.0,55.7,No
496,34,Consumer,Premium,Monthly,17,113.11,Digital Wallet,5,4,3.0,43.3,No
497,52,Consumer,Basic,Two-Year,35,58.78,Bank Transfer,1,0,3.0,59.5,No
498,29,Consumer,Basic,Monthly,18,46.39,Digital Wallet,5,4,3.0,56.1,No
499,22,Consumer,Standard,Annual,13,80.59,Digital Wallet,1,0,4.0,49.2,No
500,66,Consumer,Basic,Monthly,7,32.92,Bank Transfer,1,1,2.0,50.2,No
501,31,Consumer,Standard,Two-Year,48,49.02,Credit Card,2,1,4.0,67.6,No
502,57,Consumer,Standard,Monthly,42,78.22,Credit Card,2,1,4.0,45.7,No
503,51,Consumer,Standard,Monthly,24,78.13,Direct Debit,5,1,3.0,23.6,No
504,65,Enterprise,Standard,Monthly,43,69.42,Bank Transfer,0,0,3.0,39.2,No
505,24,Consumer,Basic,Monthly,8,45.2,Direct Debit,5,2,3.0,37.1,No
506,27,Consumer,Basic,Annual,83,51.41,Digital Wallet,4,1,3.0,55.2,No
507,38,Consumer,Standard,Monthly,46,57.07,Digital Wallet,4,3,3.0,45.2,No
508,18,Small Business,Premium,Two-Year,22,124.32,Credit Card,0,1,2.0,47.0,No
509,35,Small Business,Standard,Annual,46,64.02,Digital Wallet,1,1,4.0,56.5,No
510,56,Small Business,Premium,Monthly,27,90.36,Bank Transfer,2,0,3.0,49.5,No
511,52,Consumer,Basic,Monthly,51,50.59,Direct Debit,1,2,4.0,69.4,No
512,37,Consumer,Basic,Monthly,16,45.35,Credit Card,2,1,2.0,45.8,No
513,27,Small Business,Standard,Annual,76,80.25,Direct Debit,4,3,3.0,32.2,No
514,19,Consumer,Premium,Monthly,27,106.14,Digital Wallet,1,0,4.0,65.8,Yes
515,38,Consumer,Standard,Monthly,27,51.72,Direct Debit,3,2,3.0,43.5,No
516,51,Consumer,Basic,Annual,38,58.94,Direct Debit,3,1,3.0,55.9,No
517,44,Consumer,Premium,Two-Year,48,95.75,Digital Wallet,3,0,5.0,60.3,No
518,49,Consumer,Premium,Annual,27,136.53,Bank Transfer,0,0,3.0,78.3,No
519,58,Consumer,Standard,Monthly,26,68.41,Bank Transfer,5,1,3.0,63.0,No
520,38,Consumer,Basic,Annual,29,53.54,Credit Card,4,3,3.0,65.9,No
521,38,Small Business,Basic,Monthly,40,33.81,Credit Card,3,2,2.0,56.4,No
522,47,Consumer,Premium,Annual,7,119.89,Bank Transfer,1,2,2.0,79.0,No
523,55,Small Business,Basic,Annual,9,60.46,Digital Wallet,2,1,3.0,64.0,No
524,20,Consumer,Basic,Monthly,11,47.7,Credit Card,3,1,2.0,49.5,No
525,40,Small Business,Premium,Monthly,12,94.0,Bank Transfer,3,2,2.0,60.5,No
526,44,Small Business,Standard,Annual,62,38.87,Direct Debit,1,0,5.0,39.4,No
527,25,Enterprise,Premium,Monthly,44,117.29,Credit Card,6,2,2.0,40.6,No
528,59,Consumer,Standard,Annual,32,64.52,Bank Transfer,2,0,3.0,76.8,No
529,39,Enterprise,Standard,Monthly,11,86.8,Direct Debit,4,6,3.0,51.2,No
530,26,Consumer,Standard,Monthly,18,72.56,Credit Card,2,0,2.0,62.8,No
531,47,Consumer,Basic,Monthly,11,46.16,Credit Card,0,1,4.0,96.4,No
532,41,Consumer,Standard,Annual,20,89.57,Direct Debit,2,1,5.0,52.8,No
533,30,Enterprise,Premium,Monthly,17,104.25,Direct Debit,3,4,4.0,80.4,No
534,49,Small Business,Standard,Monthly,13,66.42,Direct Debit,1,1,2.0,42.0,No
535,21,Enterprise,Basic,Monthly,22,50.96,Direct Debit,4,1,2.0,59.3,No
536,38,Consumer,Standard,Monthly,48,79.43,Credit Card,4,1,3.0,44.6,No
537,41,Consumer,Basic,Monthly,23,44.57,Direct Debit,6,3,2.0,39.7,No
538,39,Consumer,Standard,Monthly,30,64.34,Digital Wallet,2,2,2.0,47.4,No
539,59,Small Business,Basic,Annual,14,39.99,Bank Transfer,1,1,4.0,46.8,No
540,61,Consumer,Basic,Monthly,11,41.3,Digital Wallet,6,1,5.0,45.6,Yes
541,66,Consumer,Standard,Monthly,13,71.91,Credit Card,3,4,2.0,61.6,No
542,29,Consumer,Standard,Monthly,11,74.79,Digital Wallet,0,0,5.0,65.5,No
543,31,Small Business,Basic,Annual,15,50.55,Direct Debit,1,0,4.0,67.3,No
544,28,Enterprise,Standard,Annual,41,58.98,Credit Card,2,3,2.0,47.4,No
545,42,Consumer,Basic,Monthly,8,39.83,Bank Transfer,1,1,3.0,69.2,No
546,27,Consumer,Premium,Annual,24,140.49,Credit Card,3,1,4.0,59.3,No
547,43,Consumer,Premium,Monthly,22,100.43,Direct Debit,0,1,4.0,71.9,No
548,20,Enterprise,Basic,Monthly,23,33.74,Digital Wallet,5,2,3.0,52.7,No
549,23,Consumer,Basic,Annual,33,42.36,Direct Debit,3,2,5.0,60.1,No
550,38,Small Business,Premium,Monthly,16,102.09,Direct Debit,3,2,2.0,34.7,No
551,42,Small Business,Basic,Two-Year,14,34.41,Bank Transfer,1,0,3.0,47.4,No
552,18,Consumer,Standard,Two-Year,13,87.84,Direct Debit,2,3,3.0,66.2,No
553,46,Consumer,Basic,Monthly,31,55.35,Credit Card,1,1,3.0,73.3,No
554,65,Consumer,Premium,Monthly,15,111.91,Credit Card,3,0,3.0,39.9,No
555,76,Consumer,Standard,Monthly,8,57.01,Digital Wallet,2,2,3.0,58.3,No
556,43,Consumer,Basic,Annual,43,34.12,Direct Debit,1,0,3.0,77.2,No
557,36,Enterprise,Basic,Monthly,17,50.56,Direct Debit,1,0,5.0,58.1,No
558,46,Consumer,Standard,Monthly,46,68.88,Bank Transfer,0,1,4.0,67.3,Yes
559,55,Consumer,Premium,Monthly,37,116.55,Direct Debit,1,1,3.0,44.3,No
560,52,Enterprise,Premium,Monthly,38,146.68,Credit Card,5,1,2.0,31.5,No
561,65,Consumer,Premium,Monthly,37,108.51,Direct Debit,0,0,4.0,61.6,No
562,37,Consumer,Basic,Monthly,42,53.05,Direct Debit,5,4,3.0,19.7,No
563,37,Small Business,Basic,Annual,96,49.68,Credit Card,1,1,1.0,78.9,No
564,42,Small Business,Basic,Monthly,39,33.15,Bank Transfer,1,1,4.0,36.9,No
565,18,Small Business,Standard,Annual,2,85.11,Bank Transfer,0,1,4.0,48.7,No
566,34,Consumer,Basic,Two-Year,21,55.12,Direct Debit,0,0,2.0,60.5,No
567,36,Consumer,Standard,Monthly,87,50.12,Direct Debit,5,4,1.0,58.2,No
568,36,Small Business,Standard,Monthly,50,62.64,Direct Debit,5,2,3.0,74.8,Yes
569,45,Small Business,Premium,Annual,33,135.43,Bank Transfer,2,0,2.0,71.2,No
570,55,Small Business,Basic,Monthly,86,41.73,Direct Debit,2,2,4.0,57.3,No
571,66,Small Business,Premium,Annual,18,108.93,Digital Wallet,1,1,4.0,53.4,No
572,30,Small Business,Basic,Two-Year,31,35.12,Credit Card,1,4,4.0,72.1,No
573,45,Enterprise,Basic,Annual,58,43.22,Bank Transfer,4,1,3.0,81.2,No
574,39,Consumer,Standard,Monthly,34,83.33,Bank Transfer,4,2,2.0,74.2,No
575,43,Enterprise,Premium,Monthly,37,114.91,Digital Wallet,2,0,3.0,74.8,No
576,38,Consumer,Standard,Monthly,31,58.5,Bank Transfer,3,1,4.0,42.8,No
577,36,Consumer,Standard,Annual,11,63.79,Digital Wallet,2,1,2.0,51.9,No
578,37,Small Business,Premium,Monthly,25,102.88,Direct Debit,0,0,4.0,71.6,No
579,33,Small Business,Basic,Monthly,61,35.33,Unknown,2,1,3.0,52.8,No
580,47,Consumer,Premium,Two-Year,46,159.5,Digital Wallet,5,4,3.0,38.3,No
581,48,Small Business,Basic,Monthly,48,50.43,Direct Debit,5,2,2.0,62.4,No
582,20,Consumer,Standard,Monthly,6,38.49,Digital Wallet,1,0,4.0,65.7,No
583,28,Consumer,Basic,Monthly,27,41.17,Direct Debit,0,1,4.0,63.0,No
584,42,Consumer,Basic,Monthly,22,45.06,Direct Debit,1,1,4.0,58.5,No
585,31,Consumer,Basic,Annual,27,49.48,Credit Card,1,1,5.0,77.2,No
586,32,Enterprise,Basic,Monthly,8,51.19,Digital Wallet,2,0,5.0,53.2,No
587,56,Small Business,Standard,Monthly,18,74.88,Direct Debit,5,5,2.0,47.9,No
588,45,Consumer,Standard,Monthly,41,85.77,Direct Debit,2,0,3.0,67.5,No
589,51,Consumer,Basic,Monthly,27,50.05,Credit Card,2,0,3.0,47.7,No
590,30,Enterprise,Premium,Annual,41,129.05,Credit Card,0,0,4.0,93.1,No
591,60,Consumer,Basic,Two-Year,35,44.74,Bank Transfer,2,2,3.0,76.3,No
592,31,Consumer,Premium,Monthly,7,83.45,Direct Debit,3,1,3.0,54.4,No
593,18,Small Business,Standard,Monthly,19,73.31,Digital Wallet,0,1,4.0,59.9,No
594,42,Consumer,Standard,Annual,19,86.92,Bank Transfer,0,0,3.0,100.0,No
595,40,Small Business,Premium,Monthly,44,149.45,Digital Wallet,4,1,3.0,51.7,No
596,28,Consumer,Standard,Monthly,36,62.6,Direct Debit,1,0,4.0,71.2,No
597,44,Small Business,Standard,Monthly,41,80.43,Credit Card,4,4,3.0,40.2,No
598,34,Consumer,Standard,Monthly,26,89.75,Bank Transfer,2,0,3.0,78.7,No
599,55,Small Business,Premium,Annual,35,121.3,Bank Transfer,0,0,5.0,62.4,No
600,34,Consumer,Standard,Monthly,10,65.63,Bank Transfer,0,1,4.0,46.2,No
601,40,Consumer,Basic,Two-Year,34,50.94,Direct Debit,3,1,2.0,92.8,No
602,20,Consumer,Standard,Annual,23,58.97,Bank Transfer,0,0,3.0,63.5,No
603,53,Small Business,Premium,Annual,5,112.18,Credit Card,3,0,3.0,71.3,No
604,52,Enterprise,Standard,Monthly,19,94.62,Digital Wallet,5,4,2.0,40.8,No
605,39,Consumer,Basic,Annual,5,58.14,Digital Wallet,1,1,5.0,70.7,No
606,29,Consumer,Basic,Monthly,18,44.81,Credit Card,0,0,3.0,55.6,No
607,31,Consumer,Standard,Annual,96,68.2,Credit Card,3,1,3.0,64.4,No
608,40,Consumer,Standard,Monthly,5,89.61,Direct Debit,4,2,5.0,61.0,No
609,34,Consumer,Standard,Monthly,74,81.01,Credit Card,4,1,3.0,52.5,No
610,43,Enterprise,Basic,Monthly,26,33.04,Bank Transfer,3,1,5.0,59.9,No
611,47,Consumer,Basic,Monthly,24,44.84,Bank Transfer,2,3,4.0,40.6,No
612,54,Consumer,Premium,Monthly,16,116.92,Digital Wallet,5,2,3.0,77.6,No
613,34,Small Business,Basic,Annual,16,42.02,Credit Card,1,2,5.0,70.8,No
614,30,Enterprise,Premium,Annual,7,115.31,Bank Transfer,0,0,3.0,91.9,No
615,41,Small Business,Standard,Monthly,43,72.28,Digital Wallet,1,0,3.0,62.6,Yes
616,43,Small Business,Basic,Annual,18,47.23,Credit Card,0,0,3.0,65.1,No
617,22,Consumer,Standard,Monthly,44,58.09,Direct Debit,5,1,1.0,37.0,Yes
618,29,Small Business,Standard,Monthly,23,73.1,Digital Wallet,0,1,5.0,51.3,No
619,48,Small Business,Basic,Annual,19,46.04,Credit Card,2,0,4.0,65.5,No
620,26,Consumer,Standard,Monthly,32,81.45,Bank Transfer,2,0,3.0,39.7,No
621,52,Enterprise,Basic,Annual,10,44.84,Direct Debit,2,0,4.0,47.6,No
622,65,Small Business,Standard,Annual,35,74.09,Direct Debit,1,1,4.0,57.5,No
623,43,Consumer,Premium,Annual,44,114.06,Credit Card,0,2,4.0,59.0,No
624,38,Consumer,Basic,Monthly,54,42.88,Bank Transfer,3,1,4.0,44.9,No
625,58,Small Business,Basic,Annual,63,48.1,Direct Debit,0,1,2.0,62.6,No
626,40,Consumer,Basic,Monthly,63,49.02,Bank Transfer,3,2,4.0,51.5,No
627,46,Consumer,Premium,Annual,37,104.89,Bank Transfer,2,1,1.0,89.1,No
628,36,Consumer,Basic,Monthly,35,42.72,Digital Wallet,2,1,3.0,35.3,No
629,75,Enterprise,Standard,Monthly,20,72.54,Bank Transfer,3,1,1.0,37.7,No
630,28,Consumer,Basic,Monthly,9,33.16,Digital Wallet,1,0,3.0,22.6,No
631,42,Small Business,Standard,Annual,32,85.99,Credit Card,1,0,4.0,61.2,No
632,27,Consumer,Premium,Two-Year,52,85.86,Direct Debit,1,1,4.0,67.2,No
633,45,Consumer,Standard,Monthly,53,52.48,Digital Wallet,0,0,4.0,46.9,No
634,51,Consumer,Standard,Monthly,51,81.29,Credit Card,4,2,5.0,54.3,Yes
635,31,Small Business,Standard,Monthly,5,89.19,Direct Debit,2,4,2.0,47.2,No
636,26,Small Business,Standard,Annual,16,73.34,Digital Wallet,2,2,2.0,67.9,No
637,27,Small Business,Standard,Monthly,28,79.29,Digital Wallet,1,3,3.0,50.7,No
638,44,Small Business,Premium,Monthly,12,138.58,Credit Card,2,2,4.0,43.0,No
639,49,Consumer,Standard,Annual,7,67.46,Digital Wallet,3,1,3.0,37.4,No
640,46,Consumer,Basic,Monthly,31,29.84,Direct Debit,3,2,4.0,60.6,Yes
641,44,Small Business,Basic,Monthly,24,43.69,Direct Debit,4,1,2.0,25.5,No
642,45,Consumer,Basic,Annual,24,50.14,Credit Card,2,2,3.0,55.5,No
643,51,Consumer,Basic,Monthly,12,52.37,Direct Debit,2,0,2.0,51.7,No
644,45,Small Business,Basic,Two-Year,16,48.08,Credit Card,1,0,2.0,64.1,No
645,37,Consumer,Standard,Monthly,42,86.67,Digital Wallet,0,0,4.0,48.0,No
646,42,Consumer,Premium,Monthly,27,120.81,Bank Transfer,3,0,4.0,74.5,No
647,40,Consumer,Basic,Monthly,25,50.93,Bank Transfer,2,1,4.0,57.5,No
648,32,Enterprise,Standard,Monthly,19,80.81,Direct Debit,1,3,3.0,26.6,No
649,36,Consumer,Premium,Monthly,23,110.53,Digital Wallet,2,1,4.0,63.3,No
650,24,Consumer,Basic,Monthly,8,49.51,Bank Transfer,5,0,2.0,39.9,No
651,39,Consumer,Basic,Two-Year,35,40.5,Digital Wallet,3,1,4.0,50.9,No
652,40,Consumer,Standard,Monthly,3,54.95,Bank Transfer,4,0,2.0,76.5,No
653,45,Small Business,Standard,Monthly,24,79.52,Direct Debit,3,1,4.0,42.4,No
654,25,Consumer,Standard,Monthly,30,86.38,Credit Card,2,0,2.0,50.9,No
655,26,Consumer,Standard,Two-Year,25,62.35,Direct Debit,1,0,3.0,60.2,No
656,53,Consumer,Basic,Monthly,16,45.47,Direct Debit,6,5,2.0,54.6,No
657,55,Enterprise,Basic,Monthly,10,57.28,Bank Transfer,5,2,3.0,59.6,No
658,28,Consumer,Basic,Annual,32,54.04,Bank Transfer,2,0,4.0,36.9,No
659,38,Consumer,Standard,Monthly,12,64.91,Credit Card,3,2,3.0,42.9,No
660,26,Small Business,Basic,Annual,51,25.0,Credit Card,0,0,3.0,70.2,No
661,56,Consumer,Standard,Monthly,12,55.74,Digital Wallet,2,1,2.0,55.2,No
662,48,Enterprise,Premium,Monthly,14,78.85,Credit Card,3,2,3.0,66.4,No
663,42,Consumer,Standard,Two-Year,20,77.08,Digital Wallet,2,0,4.0,53.0,No
664,34,Consumer,Standard,Annual,57,93.22,Direct Debit,1,0,4.0,97.0,No
665,55,Small Business,Basic,Annual,39,49.87,Direct Debit,1,0,1.0,73.2,Yes
666,47,Consumer,Basic,Monthly,21,61.35,Digital Wallet,5,2,4.0,59.6,Yes
667,59,Small Business,Standard,Monthly,71,58.51,Bank Transfer,1,1,5.0,58.6,No
668,53,Enterprise,Basic,Monthly,5,40.88,Direct Debit,2,0,3.0,42.8,No
669,38,Consumer,Basic,Annual,49,35.01,Unknown,2,1,4.0,62.0,No
670,21,Consumer,Premium,Annual,36,110.7,Direct Debit,0,1,2.0,83.7,No
671,42,Small Business,Standard,Two-Year,57,85.98,Digital Wallet,0,0,4.0,90.0,No
672,46,Consumer,Basic,Monthly,13,33.67,Direct Debit,0,0,3.0,71.0,No
673,38,Consumer,Basic,Monthly,25,47.8,Digital Wallet,8,3,1.0,41.8,No
674,34,Consumer,Basic,Two-Year,38,43.53,Direct Debit,3,1,4.0,36.4,No
675,44,Consumer,Basic,Monthly,58,40.81,Credit Card,1,0,3.0,65.2,No
676,47,Consumer,Standard,Monthly,13,71.61,Bank Transfer,4,1,5.0,49.4,No
677,28,Consumer,Premium,Two-Year,39,137.02,Credit Card,1,0,4.0,63.6,No
678,33,Consumer,Premium,Two-Year,19,107.98,Credit Card,0,0,3.0,100.0,No
679,29,Small Business,Standard,Annual,65,64.07,Bank Transfer,1,0,4.0,51.7,No
680,31,Small Business,Basic,Monthly,10,42.68,Bank Transfer,1,1,3.0,49.6,No
681,61,Small Business,Premium,Two-Year,55,103.49,Digital Wallet,3,1,2.0,81.0,No
682,40,Consumer,Standard,Two-Year,29,61.3,Bank Transfer,4,0,1.0,44.8,No
683,24,Consumer,Standard,Monthly,74,71.49,Digital Wallet,2,3,5.0,49.1,No
684,54,Consumer,Basic,Annual,13,50.59,Credit Card,4,1,2.0,77.0,No
685,32,Consumer,Standard,Monthly,32,84.17,Digital Wallet,1,0,3.0,22.0,No
686,40,Small Business,Premium,Annual,39,117.61,Credit Card,1,1,3.0,93.8,No
687,52,Small Business,Standard,Annual,27,48.55,Digital Wallet,2,1,2.0,69.6,No
688,46,Small Business,Basic,Monthly,40,32.88,Direct Debit,2,1,3.0,74.0,No
689,57,Small Business,Standard,Annual,10,81.53,Bank Transfer,2,1,4.0,61.9,No
690,18,Consumer,Standard,Monthly,48,73.81,Digital Wallet,1,1,3.0,50.2,No
691,46,Consumer,Standard,Monthly,9,61.12,Credit Card,1,2,3.0,68.3,No
692,51,Consumer,Premium,Monthly,44,106.72,Digital Wallet,5,4,2.0,54.8,No
693,46,Consumer,Basic,Monthly,13,57.4,Credit Card,2,3,3.0,67.5,No
694,19,Consumer,Standard,Monthly,6,71.95,Direct Debit,1,0,5.0,73.6,No
695,47,Consumer,Premium,Monthly,22,131.58,Direct Debit,6,2,3.0,41.0,No
696,21,Small Business,Standard,Two-Year,8,75.71,Bank Transfer,2,3,5.0,56.7,No
697,52,Small Business,Standard,Monthly,37,75.9,Direct Debit,0,0,4.0,53.4,No
698,46,Small Business,Basic,Monthly,27,49.41,Digital Wallet,6,4,2.0,49.4,No
699,71,Enterprise,Standard,Monthly,5,96.5,Direct Debit,3,3,3.0,55.6,No
700,25,Consumer,Standard,Monthly,16,70.71,Bank Transfer,2,1,2.0,21.6,No
701,18,Consumer,Premium,Annual,10,111.42,Bank Transfer,2,0,4.0,69.3,No
702,18,Consumer,Premium,Two-Year,15,125.15,Digital Wallet,4,0,4.0,45.7,No
703,54,Consumer,Basic,Annual,35,41.14,Bank Transfer,2,4,4.0,84.4,No
704,19,Small Business,Basic,Monthly,41,56.43,Bank Transfer,3,3,4.0,60.4,No
705,36,Consumer,Basic,Monthly,14,49.19,Credit Card,2,0,3.0,52.1,No
706,34,Consumer,Standard,Annual,11,73.7,Digital Wallet,2,0,5.0,63.9,No
707,57,Consumer,Basic,Two-Year,10,50.28,Digital Wallet,1,0,4.0,76.8,No
708,42,Consumer,Premium,Monthly,7,136.58,Credit Card,5,2,3.0,68.4,No
709,51,Consumer,Basic,Monthly,10,33.33,Credit Card,4,1,3.0,13.5,No
710,40,Consumer,Standard,Annual,5,78.89,Credit Card,0,0,2.0,77.8,No
711,40,Consumer,Premium,Monthly,30,128.6,Credit Card,2,2,4.0,57.8,No
712,39,Consumer,Standard,Annual,38,77.71,Digital Wallet,1,1,4.0,67.8,No
713,48,Consumer,Standard,Monthly,32,84.62,Direct Debit,1,1,4.0,52.9,No
714,37,Consumer,Standard,Monthly,28,75.27,Bank Transfer,1,1,4.0,77.2,No
715,55,Consumer,Standard,Monthly,6,75.1,Digital Wallet,0,0,3.0,92.8,No
716,42,Small Business,Premium,Annual,39,147.91,Digital Wallet,3,2,4.0,61.9,No
717,36,Small Business,Basic,Two-Year,27,59.77,Digital Wallet,1,1,4.0,63.2,No
718,43,Consumer,Standard,Monthly,49,64.53,Bank Transfer,3,1,2.0,55.5,No
719,46,Small Business,Basic,Monthly,34,32.32,Bank Transfer,7,3,4.0,30.1,No
720,49,Enterprise,Basic,Annual,23,37.72,Bank Transfer,2,0,2.0,83.5,No
721,31,Small Business,Standard,Annual,50,81.48,Credit Card,1,1,3.0,72.6,No
722,51,Consumer,Standard,Monthly,25,80.64,Bank Transfer,3,2,4.0,58.8,No
723,38,Consumer,Standard,Annual,14,85.31,Digital Wallet,1,1,4.0,69.5,No
724,64,Consumer,Basic,Monthly,42,40.88,Bank Transfer,4,2,3.0,31.4,No
725,43,Consumer,Standard,Two-Year,35,74.97,Bank Transfer,0,0,4.0,79.7,No
726,37,Consumer,Basic,Annual,21,46.12,Bank Transfer,2,2,4.0,83.4,No
727,40,Consumer,Basic,Monthly,62,36.79,Credit Card,2,0,3.0,39.2,No
728,57,Consumer,Basic,Monthly,21,60.8,Direct Debit,5,0,4.0,48.9,No
729,55,Small Business,Standard,Annual,16,75.41,Direct Debit,3,0,3.0,73.4,No
730,55,Consumer,Premium,Monthly,14,130.82,Bank Transfer,3,2,5.0,50.3,No
731,18,Consumer,Basic,Monthly,18,44.82,Credit Card,4,2,2.0,64.2,No
732,34,Small Business,Standard,Monthly,43,83.35,Digital Wallet,3,3,3.0,54.9,No
733,37,Small Business,Premium,Monthly,22,116.43,Credit Card,2,3,4.0,63.9,Yes
734,55,Small Business,Standard,Two-Year,5,56.87,Direct Debit,2,0,1.0,72.7,No
735,28,Consumer,Premium,Annual,4,143.24,Bank Transfer,2,0,2.0,65.0,No
736,41,Consumer,Standard,Annual,19,59.56,Digital Wallet,2,1,4.0,66.1,No
737,26,Consumer,Standard,Annual,29,69.22,Direct Debit,1,0,5.0,70.8,No
738,41,Consumer,Basic,Monthly,32,45.04,Bank Transfer,5,1,4.0,52.0,No
739,46,Enterprise,Basic,Monthly,35,47.6,Digital Wallet,2,2,4.0,81.1,No
740,52,Consumer,Standard,Monthly,5,74.8,Digital Wallet,2,0,3.0,55.8,No
741,54,Small Business,Standard,Annual,31,69.09,Digital Wallet,1,2,3.0,46.9,No
742,39,Consumer,Standard,Monthly,25,70.39,Digital Wallet,2,5,2.0,50.1,No
743,18,Consumer,Basic,Two-Year,32,46.84,Bank Transfer,0,0,5.0,69.6,No
744,32,Small Business,Basic,Annual,77,49.67,Direct Debit,2,1,2.0,59.1,No
745,26,Consumer,Basic,Annual,15,44.19,Digital Wallet,2,2,4.0,78.8,No
746,54,Small Business,Basic,Monthly,28,29.68,Digital Wallet,5,2,3.0,47.8,No
747,54,Consumer,Basic,Annual,19,53.76,Direct Debit,5,1,4.0,40.3,No
748,49,Small Business,Standard,Monthly,79,60.97,Digital Wallet,3,2,2.0,22.2,No
749,73,Consumer,Basic,Monthly,8,60.79,Direct Debit,2,1,4.0,55.7,No
750,37,Consumer,Basic,Monthly,11,43.13,Digital Wallet,1,1,3.0,55.8,No
751,69,Consumer,Basic,Monthly,12,38.43,Digital Wallet,3,1,3.0,58.7,No
752,27,Small Business,Standard,Annual,16,69.67,Direct Debit,0,0,4.0,76.4,No
753,51,Consumer,Basic,Annual,20,52.14,Direct Debit,0,0,4.0,71.8,No
754,42,Enterprise,Basic,Two-Year,44,53.09,Direct Debit,4,2,3.0,10.6,No
755,45,Small Business,Basic,Monthly,26,39.52,Direct Debit,1,1,3.0,54.5,No
756,40,Consumer,Basic,Monthly,12,54.86,Bank Transfer,2,1,4.0,63.0,No
757,24,Consumer,Premium,Monthly,20,118.82,Direct Debit,1,2,3.0,63.5,No
758,54,Consumer,Standard,Annual,29,76.38,Bank Transfer,1,0,4.0,79.5,No
759,32,Small Business,Standard,Monthly,35,66.25,Digital Wallet,1,1,2.0,54.6,No
760,64,Consumer,Basic,Monthly,10,32.74,Direct Debit,2,0,5.0,65.6,No
761,37,Consumer,Standard,Monthly,38,82.16,Credit Card,2,0,4.0,45.2,No
762,47,Consumer,Standard,Two-Year,51,69.25,Direct Debit,0,1,4.0,70.9,No
763,54,Consumer,Basic,Annual,61,31.16,Direct Debit,1,2,5.0,51.0,No
764,73,Consumer,Basic,Two-Year,22,47.9,Digital Wallet,0,0,3.0,42.7,No
765,40,Consumer,Basic,Monthly,8,36.76,Bank Transfer,0,0,5.0,82.6,No
766,22,Consumer,Standard,Two-Year,33,55.11,Digital Wallet,3,1,3.0,38.8,No
767,34,Consumer,Standard,Annual,48,69.13,Digital Wallet,4,0,3.0,63.4,No
768,50,Consumer,Standard,Monthly,15,70.73,Bank Transfer,1,0,4.0,50.6,No
769,42,Consumer,Basic,Two-Year,49,52.36,Bank Transfer,1,0,4.0,75.4,No
770,55,Consumer,Premium,Annual,51,126.92,Direct Debit,1,0,3.0,66.9,No
771,42,Consumer,Standard,Monthly,19,64.96,Bank Transfer,4,3,4.0,43.7,No
772,45,Consumer,Premium,Two-Year,27,101.69,Bank Transfer,3,5,4.0,78.9,No
773,53,Small Business,Standard,Annual,30,85.25,Digital Wallet,1,0,4.0,56.0,No
774,47,Enterprise,Premium,Monthly,48,136.05,Bank Transfer,0,0,3.0,74.3,No
775,30,Consumer,Premium,Two-Year,52,94.85,Credit Card,1,3,4.0,100.0,No
776,42,Small Business,Basic,Annual,6,42.81,Credit Card,4,0,3.0,51.5,No
777,47,Consumer,Basic,Monthly,7,62.4,Credit Card,4,2,3.0,5.0,No
778,31,Consumer,Standard,Monthly,24,84.91,Direct Debit,3,2,2.0,76.4,No
779,24,Small Business,Basic,Monthly,31,53.43,Bank Transfer,2,2,3.0,44.6,No
780,24,Consumer,Standard,Annual,31,70.43,Credit Card,0,1,5.0,72.5,No
781,31,Consumer,Standard,Two-Year,16,73.8,Credit Card,1,1,2.0,53.1,No
782,55,Small Business,Premium,Monthly,8,141.62,Digital Wallet,1,0,5.0,68.2,No
783,32,Consumer,Standard,Monthly,96,62.89,Credit Card,1,2,2.0,74.7,No
784,30,Consumer,Basic,Annual,13,44.43,Direct Debit,0,0,5.0,67.1,No
785,41,Consumer,Standard,Annual,13,67.52,Digital Wallet,0,1,4.0,44.1,No
786,35,Small Business,Standard,Monthly,64,89.48,Credit Card,2,0,3.0,51.4,No
787,36,Consumer,Standard,Monthly,6,61.65,Digital Wallet,2,1,4.0,39.5,No
788,64,Small Business,Standard,Monthly,17,80.76,Digital Wallet,1,0,4.0,82.9,No
789,55,Consumer,Standard,Two-Year,19,81.57,Bank Transfer,1,0,3.0,56.5,No
790,34,Consumer,Basic,Monthly,22,32.48,Bank Transfer,0,0,3.0,44.7,No
791,76,Consumer,Basic,Monthly,37,60.46,Bank Transfer,1,0,3.0,54.4,No
792,38,Small Business,Basic,Annual,21,34.8,Credit Card,3,0,5.0,78.0,No
793,67,Consumer,Premium,Monthly,19,115.3,Credit Card,3,0,4.0,54.5,No
794,18,Consumer,Premium,Monthly,44,123.66,Credit Card,3,0,4.0,70.5,No
795,44,Small Business,Premium,Monthly,37,96.83,Digital Wallet,0,0,3.0,69.5,No
796,44,Small Business,Basic,Monthly,22,48.41,Digital Wallet,2,1,4.0,31.8,No
797,42,Consumer,Standard,Annual,27,74.01,Unknown,5,3,1.0,50.5,No
798,18,Consumer,Basic,Monthly,54,59.87,Direct Debit,1,0,3.0,51.4,No
799,38,Small Business,Premium,Monthly,49,104.78,Credit Card,1,0,4.0,75.7,Yes
800,19,Consumer,Standard,Monthly,72,84.89,Direct Debit,1,1,3.0,50.3,No
801,55,Consumer,Premium,Monthly,38,101.44,Unknown,2,0,3.0,87.7,No
802,46,Consumer,Premium,Monthly,7,128.14,Direct Debit,2,1,4.0,69.5,Yes
803,42,Consumer,Basic,Monthly,10,43.13,Bank Transfer,6,4,2.0,51.5,No
804,51,Consumer,Basic,Monthly,18,38.23,Bank Transfer,6,1,4.0,56.9,Yes
805,44,Consumer,Standard,Monthly,41,73.02,Direct Debit,2,1,5.0,53.8,No
806,35,Consumer,Basic,Monthly,6,53.93,Direct Debit,2,2,3.0,32.4,No
807,42,Consumer,Basic,Two-Year,11,47.54,Bank Transfer,1,1,4.0,53.0,No
808,45,Consumer,Standard,Annual,11,72.47,Credit Card,1,1,3.0,51.0,No
809,52,Consumer,Basic,Monthly,49,53.76,Bank Transfer,5,4,3.0,49.5,No
810,23,Consumer,Standard,Two-Year,6,60.74,Bank Transfer,0,1,2.0,50.5,No
811,34,Consumer,Premium,Annual,48,78.95,Digital Wallet,0,0,2.0,75.0,No
812,24,Consumer,Basic,Annual,40,38.85,Bank Transfer,0,2,4.0,80.5,No
813,50,Small Business,Premium,Two-Year,5,134.1,Credit Card,0,2,4.0,61.3,No
814,49,Consumer,Standard,Annual,50,68.63,Digital Wallet,1,0,2.0,46.4,No
815,45,Small Business,Standard,Monthly,18,69.26,Digital Wallet,0,0,4.0,46.8,No
816,35,Consumer,Basic,Annual,6,39.04,Credit Card,4,1,2.0,59.0,Yes
817,21,Enterprise,Basic,Monthly,42,45.0,Bank Transfer,1,0,3.0,60.3,No
818,43,Consumer,Standard,Monthly,9,96.25,Bank Transfer,3,3,2.0,69.4,Yes
819,47,Small Business,Premium,Annual,9,107.62,Direct Debit,1,2,4.0,65.3,No
820,47,Consumer,Basic,Monthly,23,41.98,Bank Transfer,1,1,4.0,51.2,No
821,18,Consumer,Standard,Two-Year,14,82.67,Credit Card,3,1,4.0,43.1,No
822,52,Enterprise,Standard,Monthly,31,62.84,Bank Transfer,0,0,3.0,59.1,Yes
823,58,Small Business,Standard,Monthly,21,63.87,Digital Wallet,4,1,3.0,34.3,No
824,52,Enterprise,Basic,Annual,53,41.67,Bank Transfer,1,0,4.0,45.8,No
825,18,Consumer,Standard,Monthly,19,88.63,Credit Card,2,1,3.0,43.6,No
826,38,Consumer,Premium,Annual,4,114.55,Digital Wallet,0,1,2.0,73.3,No
827,50,Consumer,Basic,Annual,31,31.09,Direct Debit,2,2,4.0,40.3,No
828,28,Small Business,Standard,Annual,30,68.39,Bank Transfer,2,1,4.0,67.9,No
829,26,Consumer,Standard,Annual,21,81.91,Direct Debit,1,0,4.0,64.5,No
830,52,Consumer,Basic,Two-Year,11,60.27,Direct Debit,1,1,4.0,54.1,No
831,18,Consumer,Standard,Two-Year,69,61.95,Digital Wallet,1,2,5.0,62.8,No
832,45,Small Business,Standard,Monthly,37,96.67,Bank Transfer,4,1,1.0,24.2,No
833,51,Enterprise,Premium,Two-Year,52,136.5,Direct Debit,1,1,3.0,75.6,No
834,41,Consumer,Standard,Two-Year,28,62.17,Digital Wallet,3,0,4.0,48.4,No
835,47,Consumer,Standard,Annual,57,62.73,Direct Debit,2,1,3.0,37.5,No
836,45,Enterprise,Standard,Two-Year,14,55.7,Direct Debit,2,0,2.0,32.6,No
837,42,Consumer,Standard,Monthly,14,59.23,Credit Card,8,4,3.0,45.4,No
838,31,Small Business,Basic,Monthly,24,44.14,Bank Transfer,2,0,3.0,57.2,No
839,44,Consumer,Basic,Monthly,17,30.98,Digital Wallet,3,1,2.0,47.7,No
840,47,Consumer,Basic,Annual,37,38.94,Bank Transfer,1,1,4.0,58.1,No
841,52,Consumer,Standard,Monthly,61,91.09,Digital Wallet,5,1,2.0,33.5,No
842,54,Consumer,Standard,Monthly,73,84.71,Credit Card,4,1,4.0,58.8,Yes
843,50,Consumer,Basic,Annual,78,40.33,Digital Wallet,4,4,3.0,86.3,No
844,59,Small Business,Premium,Monthly,13,98.96,Bank Transfer,2,3,3.0,35.4,No
845,43,Consumer,Standard,Annual,42,65.14,Direct Debit,0,0,4.0,83.3,No
846,34,Enterprise,Standard,Annual,7,89.2,Direct Debit,0,0,4.0,67.4,No
847,54,Consumer,Standard,Annual,32,72.05,Digital Wallet,2,1,5.0,65.4,No
848,20,Consumer,Standard,Monthly,57,75.71,Digital Wallet,2,0,3.0,64.9,No
849,32,Small Business,Standard,Monthly,16,85.31,Direct Debit,1,1,2.0,72.2,No
850,18,Consumer,Basic,Two-Year,24,31.37,Credit Card,3,2,3.0,56.5,No
851,36,Consumer,Standard,Monthly,3,62.96,Bank Transfer,2,1,4.0,66.0,No
852,44,Consumer,Basic,Monthly,41,37.63,Direct Debit,1,1,4.0,52.5,No
853,39,Consumer,Basic,Monthly,21,36.31,Credit Card,3,2,5.0,66.1,No
854,29,Consumer,Premium,Monthly,11,138.47,Credit Card,2,0,4.0,53.0,No
855,33,Small Business,Standard,Annual,27,75.4,Credit Card,3,0,3.0,59.1,No
856,42,Consumer,Basic,Monthly,38,55.05,Direct Debit,1,0,5.0,65.7,No
857,62,Consumer,Premium,Two-Year,6,100.3,Direct Debit,0,3,5.0,67.5,No
858,27,Consumer,Standard,Two-Year,42,81.76,Bank Transfer,2,1,4.0,57.6,No
859,35,Small Business,Basic,Annual,34,37.55,Direct Debit,4,2,2.0,100.0,No
860,62,Consumer,Standard,Monthly,3,77.93,Credit Card,1,1,4.0,49.3,No
861,46,Consumer,Premium,Monthly,25,132.75,Digital Wallet,2,2,3.0,62.5,No
862,39,Consumer,Standard,Monthly,19,76.25,Direct Debit,3,2,4.0,52.2,No
863,58,Consumer,Standard,Annual,61,92.58,Direct Debit,1,0,3.0,49.8,No
864,47,Enterprise,Basic,Monthly,50,38.2,Direct Debit,0,0,3.0,46.1,No
865,37,Consumer,Basic,Two-Year,31,50.88,Credit Card,4,3,2.0,51.4,No
866,68,Consumer,Standard,Monthly,54,66.26,Digital Wallet,2,1,3.0,69.0,No
867,54,Consumer,Basic,Monthly,19,42.07,Credit Card,2,3,4.0,56.6,No
868,35,Consumer,Standard,Monthly,36,74.03,Digital Wallet,1,1,5.0,51.5,No
869,45,Small Business,Basic,Monthly,9,48.4,Credit Card,3,2,2.0,65.0,No
870,56,Small Business,Standard,Annual,23,73.49,Digital Wallet,0,0,3.0,58.3,No
871,40,Consumer,Basic,Monthly,25,48.89,Digital Wallet,2,3,4.0,48.8,No
872,18,Consumer,Standard,Monthly,57,75.58,Digital Wallet,5,3,3.0,37.0,No
873,49,Small Business,Basic,Annual,25,47.65,Credit Card,1,1,5.0,59.1,No
874,63,Small Business,Standard,Two-Year,44,64.08,Credit Card,0,0,4.0,61.5,No
875,45,Small Business,Standard,Two-Year,18,93.79,Bank Transfer,4,1,2.0,35.1,No
876,48,Consumer,Standard,Monthly,55,73.6,Digital Wallet,4,0,3.0,78.0,No
877,35,Consumer,Premium,Two-Year,18,93.7,Bank Transfer,2,0,4.0,49.4,No
878,44,Small Business,Standard,Two-Year,18,66.11,Digital Wallet,2,3,3.0,74.4,No
879,20,Consumer,Basic,Monthly,24,36.99,Bank Transfer,2,4,5.0,38.7,No
880,58,Consumer,Basic,Monthly,41,45.36,Bank Transfer,2,2,3.0,55.8,No
881,46,Small Business,Premium,Monthly,30,146.59,Digital Wallet,4,3,3.0,50.2,No
882,33,Consumer,Standard,Monthly,6,81.15,Direct Debit,8,1,2.0,45.1,No
883,43,Small Business,Basic,Monthly,46,54.03,Credit Card,3,0,4.0,54.6,No
884,47,Small Business,Basic,Annual,12,42.09,Digital Wallet,1,1,4.0,57.8,No
885,48,Consumer,Standard,Monthly,17,75.11,Credit Card,4,1,1.0,54.7,No
886,45,Small Business,Basic,Annual,8,53.52,Digital Wallet,5,2,2.0,68.7,No
887,63,Consumer,Standard,Monthly,5,64.23,Digital Wallet,1,0,3.0,50.4,No
888,64,Consumer,Premium,Annual,56,112.24,Direct Debit,0,2,3.0,75.7,No
889,67,Small Business,Basic,Monthly,7,56.99,Credit Card,6,2,4.0,43.3,No
890,50,Consumer,Premium,Two-Year,17,86.67,Digital Wallet,0,1,5.0,68.0,No
891,23,Small Business,Basic,Two-Year,42,57.55,Digital Wallet,2,2,5.0,75.2,No
892,41,Consumer,Basic,Annual,6,57.13,Bank Transfer,0,1,4.0,77.4,No
893,42,Small Business,Basic,Two-Year,19,46.76,Digital Wallet,3,4,3.0,64.1,No
894,45,Enterprise,Standard,Two-Year,49,74.87,Credit Card,0,0,4.0,70.3,No
895,29,Consumer,Premium,Monthly,49,109.6,Credit Card,5,1,3.0,59.9,No
896,21,Small Business,Standard,Monthly,47,82.04,Digital Wallet,6,1,1.0,53.3,No
897,41,Consumer,Basic,Monthly,21,52.55,Bank Transfer,2,1,2.0,50.2,No
898,48,Consumer,Basic,Monthly,50,51.57,Digital Wallet,2,2,2.0,47.0,No
899,42,Consumer,Premium,Two-Year,24,117.11,Bank Transfer,1,0,4.0,65.7,No
900,46,Consumer,Basic,Monthly,12,25.45,Direct Debit,3,1,5.0,62.5,No
901,53,Consumer,Standard,Monthly,47,58.6,Digital Wallet,1,2,3.0,86.6,No
902,61,Consumer,Basic,Annual,30,40.27,Credit Card,1,1,3.0,82.5,No
903,47,Consumer,Basic,Monthly,18,37.31,Credit Card,4,1,3.0,54.7,No
904,43,Small Business,Premium,Monthly,46,118.87,Digital Wallet,5,2,2.0,72.6,No
905,48,Consumer,Standard,Two-Year,2,58.15,Digital Wallet,0,1,4.0,70.5,No
906,35,Consumer,Standard,Monthly,10,92.97,Digital Wallet,1,1,3.0,87.7,No
907,36,Consumer,Basic,Two-Year,23,53.41,Bank Transfer,1,0,2.0,75.8,No
908,60,Consumer,Standard,Monthly,26,62.96,Direct Debit,1,1,4.0,56.3,No
909,43,Consumer,Standard,Monthly,30,93.47,Direct Debit,3,1,4.0,71.6,No
910,38,Small Business,Standard,Annual,53,86.24,Direct Debit,1,3,5.0,79.0,No
911,49,Small Business,Standard,Monthly,31,79.49,Direct Debit,1,1,3.0,89.8,No
912,41,Consumer,Basic,Monthly,9,50.68,Bank Transfer,6,2,3.0,56.0,No
913,39,Enterprise,Premium,Annual,16,121.41,Digital Wallet,2,1,2.0,70.1,No
914,37,Enterprise,Standard,Monthly,25,64.16,Digital Wallet,2,0,4.0,49.3,No
915,27,Consumer,Basic,Annual,54,40.22,Digital Wallet,2,0,2.0,61.4,No
916,27,Consumer,Standard,Monthly,45,61.19,Direct Debit,4,2,2.0,55.3,No
917,51,Small Business,Standard,Annual,9,84.97,Direct Debit,1,1,2.0,45.5,No
918,49,Consumer,Standard,Annual,25,68.45,Credit Card,0,0,4.0,47.7,No
919,58,Consumer,Premium,Two-Year,78,125.41,Digital Wallet,1,1,2.0,59.0,No
920,27,Consumer,Basic,Annual,35,38.78,Bank Transfer,0,3,4.0,47.5,No
921,46,Small Business,Standard,Monthly,24,90.44,Credit Card,2,1,4.0,58.7,No
922,48,Consumer,Standard,Monthly,11,85.55,Credit Card,3,0,4.0,64.0,No
923,39,Consumer,Basic,Monthly,50,44.7,Direct Debit,3,2,2.0,28.5,No
924,18,Consumer,Standard,Monthly,33,79.53,Digital Wallet,2,1,5.0,66.3,No
925,50,Small Business,Standard,Annual,14,89.61,Credit Card,5,1,5.0,51.9,No
926,40,Consumer,Standard,Monthly,20,73.72,Direct Debit,5,0,2.0,44.2,No
927,37,Consumer,Standard,Monthly,12,78.77,Bank Transfer,1,0,4.0,93.0,No
928,29,Enterprise,Standard,Monthly,35,88.82,Bank Transfer,2,1,5.0,71.3,No
929,49,Consumer,Basic,Monthly,38,45.75,Direct Debit,4,1,3.0,60.1,No
930,37,Small Business,Standard,Monthly,57,74.95,Credit Card,4,4,3.0,57.4,Yes
931,74,Consumer,Premium,Monthly,79,62.21,Direct Debit,3,1,4.0,78.4,No
932,40,Consumer,Premium,Monthly,45,103.01,Credit Card,0,2,3.0,62.5,No
933,55,Consumer,Basic,Annual,16,67.8,Credit Card,2,0,3.0,46.4,No
934,44,Small Business,Standard,Annual,49,89.2,Digital Wallet,1,0,3.0,53.6,No
935,32,Enterprise,Basic,Monthly,50,35.36,Bank Transfer,2,2,3.0,53.5,No
936,52,Consumer,Standard,Monthly,40,68.83,Digital Wallet,1,0,2.0,45.3,No
937,26,Consumer,Basic,Monthly,19,52.7,Bank Transfer,1,0,3.0,55.1,No
938,31,Consumer,Standard,Annual,8,68.51,Bank Transfer,3,1,4.0,69.4,No
939,39,Small Business,Basic,Monthly,51,47.66,Credit Card,3,4,2.0,75.5,No
940,47,Consumer,Premium,Monthly,4,141.96,Credit Card,3,2,3.0,65.0,No
941,22,Consumer,Standard,Monthly,39,60.99,Bank Transfer,3,1,4.0,27.8,No
942,46,Enterprise,Standard,Monthly,35,84.36,Digital Wallet,0,0,4.0,34.2,No
943,35,Consumer,Standard,Annual,19,93.32,Bank Transfer,1,1,5.0,57.9,No
944,43,Consumer,Standard,Two-Year,42,87.82,Credit Card,2,2,4.0,53.8,No
945,46,Consumer,Standard,Monthly,23,90.65,Bank Transfer,1,1,3.0,41.4,No
946,33,Consumer,Basic,Monthly,10,55.76,Bank Transfer,3,1,3.0,55.1,No
947,37,Consumer,Standard,Annual,33,86.19,Credit Card,1,0,5.0,50.8,No
948,30,Small Business,Basic,Monthly,9,42.69,Direct Debit,6,4,3.0,27.3,No
949,53,Consumer,Premium,Annual,19,76.83,Credit Card,2,0,4.0,84.6,No
950,38,Small Business,Standard,Two-Year,34,75.86,Bank Transfer,2,0,2.0,54.4,No
951,44,Consumer,Standard,Annual,31,68.66,Direct Debit,3,1,4.0,78.1,No
952,18,Consumer,Basic,Monthly,24,35.86,Digital Wallet,1,1,3.0,54.2,No
953,44,Consumer,Standard,Monthly,36,67.48,Bank Transfer,2,0,4.0,57.8,No
954,64,Small Business,Basic,Monthly,49,45.79,Credit Card,0,1,3.0,62.9,No
955,51,Small Business,Standard,Monthly,14,83.78,Credit Card,1,1,2.0,58.2,No
956,37,Consumer,Basic,Annual,3,51.87,Bank Transfer,2,1,4.0,61.8,No
957,43,Consumer,Standard,Annual,31,89.47,Bank Transfer,4,0,4.0,49.9,No
958,48,Consumer,Premium,Annual,24,91.15,Direct Debit,1,2,3.0,69.0,No
959,54,Consumer,Standard,Two-Year,25,76.49,Direct Debit,1,0,2.0,71.1,No
960,39,Small Business,Basic,Monthly,77,44.39,Bank Transfer,2,1,3.0,62.8,No
961,49,Consumer,Standard,Monthly,26,80.69,Direct Debit,0,0,2.0,64.9,No
962,22,Enterprise,Standard,Monthly,39,68.88,Digital Wallet,3,1,2.0,59.6,No
963,19,Consumer,Premium,Annual,18,78.64,Credit Card,2,2,3.0,69.5,No
964,36,Consumer,Basic,Monthly,13,54.97,Digital Wallet,3,0,5.0,32.8,No
965,71,Consumer,Standard,Monthly,96,77.08,Direct Debit,3,1,1.0,48.7,No
966,32,Small Business,Standard,Monthly,29,63.78,Digital Wallet,5,4,3.0,76.9,No
967,50,Small Business,Standard,Monthly,42,92.04,Digital Wallet,3,3,2.0,59.4,Yes
968,71,Enterprise,Standard,Monthly,20,64.38,Digital Wallet,6,0,5.0,64.6,No
969,37,Enterprise,Standard,Annual,16,74.59,Digital Wallet,2,2,4.0,65.7,No
970,51,Consumer,Basic,Monthly,28,54.42,Credit Card,1,1,4.0,77.3,No
971,43,Consumer,Basic,Monthly,17,44.31,Digital Wallet,1,0,2.0,35.6,No
972,32,Consumer,Standard,Annual,18,71.61,Bank Transfer,2,1,2.0,53.7,No
973,44,Consumer,Basic,Two-Year,11,43.28,Bank Transfer,1,0,5.0,87.6,No
974,40,Consumer,Standard,Annual,20,64.25,Credit Card,0,2,2.0,79.4,No
975,40,Consumer,Premium,Monthly,11,119.89,Bank Transfer,6,1,1.0,45.5,No
976,18,Consumer,Basic,Monthly,8,34.45,Digital Wallet,3,3,4.0,67.1,No
977,26,Small Business,Premium,Two-Year,70,109.48,Direct Debit,1,0,3.0,82.4,No
978,33,Consumer,Standard,Annual,11,90.53,Bank Transfer,3,2,4.0,42.4,No
979,50,Enterprise,Basic,Monthly,31,41.15,Credit Card,0,1,4.0,51.9,No
980,46,Enterprise,Standard,Monthly,41,53.11,Direct Debit,2,3,3.0,36.4,No
981,47,Consumer,Standard,Monthly,25,77.18,Bank Transfer,1,2,4.0,44.6,No
982,36,Consumer,Basic,Monthly,96,37.59,Digital Wallet,0,0,3.0,44.9,No
983,50,Consumer,Premium,Annual,24,96.43,Direct Debit,2,2,4.0,58.4,No
984,62,Consumer,Premium,Monthly,25,146.95,Digital Wallet,3,4,4.0,68.2,No
985,55,Small Business,Standard,Annual,22,66.03,Bank Transfer,2,0,4.0,71.9,No
986,34,Consumer,Premium,Monthly,17,113.94,Credit Card,2,1,2.0,70.1,Yes
987,44,Consumer,Standard,Monthly,20,77.34,Bank Transfer,1,0,3.0,76.9,No
988,57,Enterprise,Basic,Monthly,34,25.0,Credit Card,3,0,3.0,70.9,No
989,45,Consumer,Basic,Monthly,27,47.46,Digital Wallet,4,3,3.0,37.1,No
990,30,Enterprise,Basic,Monthly,31,38.02,Digital Wallet,1,3,3.0,65.2,Yes
991,37,Consumer,Standard,Monthly,18,73.94,Credit Card,3,0,3.0,57.0,No
992,27,Consumer,Standard,Monthly,40,59.04,Bank Transfer,4,1,3.0,78.0,No
993,37,Small Business,Basic,Monthly,30,35.25,Credit Card,4,0,3.0,56.9,Yes
994,47,Small Business,Standard,Annual,66,66.96,Digital Wallet,0,0,4.0,53.9,No
995,33,Consumer,Premium,Two-Year,23,131.65,Direct Debit,2,1,4.0,52.0,No
996,47,Consumer,Premium,Monthly,41,93.56,Digital Wallet,2,2,4.0,62.6,No
997,47,Enterprise,Basic,Annual,10,41.89,Credit Card,3,1,3.0,72.1,No
998,51,Small Business,Basic,Annual,34,39.46,Credit Card,1,3,3.0,68.9,No
999,48,Consumer,Standard,Monthly,36,83.31,Bank Transfer,1,0,5.0,48.6,No
1000,50,Consumer,Premium,Two-Year,38,121.31,Digital Wallet,2,0,5.0,61.4,No
1001,31,Consumer,Standard,Monthly,31,92.73,Credit Card,4,2,3.0,36.2,No
1002,39,Consumer,Basic,Annual,27,32.52,Credit Card,4,0,3.0,43.0,No
1003,46,Enterprise,Basic,Annual,38,38.72,Bank Transfer,1,1,4.0,71.0,No
1004,66,Consumer,Standard,Monthly,26,78.22,Bank Transfer,5,3,3.0,37.9,No
1005,55,Small Business,Standard,Monthly,46,84.7,Direct Debit,3,2,3.0,61.1,No
1006,37,Consumer,Standard,Monthly,37,64.96,Credit Card,1,0,3.0,70.1,No
1007,36,Consumer,Basic,Monthly,24,51.15,Digital Wallet,4,2,3.0,39.6,No
1008,51,Small Business,Basic,Two-Year,37,47.9,Digital Wallet,1,0,4.0,50.2,No
1009,43,Consumer,Basic,Annual,2,48.52,Bank Transfer,0,0,3.0,69.1,No
1010,43,Small Business,Standard,Monthly,8,69.56,Direct Debit,2,0,3.0,30.2,No
1011,37,Consumer,Premium,Annual,20,152.9,Credit Card,2,1,5.0,64.4,No
1012,34,Consumer,Premium,Monthly,43,108.06,Direct Debit,1,0,3.0,85.5,No
1013,31,Consumer,Standard,Annual,45,83.2,Bank Transfer,3,3,4.0,47.0,No
1014,55,Small Business,Standard,Annual,27,85.92,Direct Debit,6,4,2.0,79.0,No
1015,46,Consumer,Basic,Two-Year,10,58.25,Digital Wallet,1,1,5.0,76.7,No
1016,34,Small Business,Basic,Monthly,5,44.16,Digital Wallet,1,0,4.0,48.5,No
1017,43,Small Business,Basic,Two-Year,9,43.8,Digital Wallet,0,0,4.0,37.5,No
1018,38,Consumer,Basic,Monthly,13,38.34,Digital Wallet,5,3,3.0,24.1,No
1019,41,Consumer,Premium,Monthly,11,98.21,Bank Transfer,2,2,4.0,68.5,Yes
1020,41,Small Business,Standard,Two-Year,7,85.98,Digital Wallet,3,1,3.0,44.1,No
1021,39,Consumer,Standard,Two-Year,31,65.3,Digital Wallet,1,0,3.0,67.2,No
1022,39,Consumer,Standard,Annual,36,85.95,Direct Debit,4,1,4.0,53.8,No
1023,46,Consumer,Basic,Annual,4,40.57,Credit Card,1,2,3.0,66.9,No
1024,62,Consumer,Premium,Monthly,15,92.94,Digital Wallet,0,0,4.0,76.5,No
1025,32,Small Business,Standard,Monthly,10,83.87,Bank Transfer,2,0,3.0,56.3,Yes
1026,18,Consumer,Premium,Monthly,55,73.42,Digital Wallet,8,8,3.0,70.8,No
1027,35,Small Business,Basic,Monthly,32,41.8,Credit Card,2,2,3.0,59.3,No
1028,48,Consumer,Standard,Annual,19,73.24,Digital Wallet,0,1,4.0,67.5,No
1029,44,Consumer,Standard,Annual,11,72.34,Direct Debit,1,0,5.0,52.8,No
1030,50,Consumer,Standard,Two-Year,27,71.95,Credit Card,3,3,4.0,52.4,No
1031,29,Small Business,Standard,Monthly,49,60.45,Direct Debit,5,2,1.0,66.2,No
1032,57,Consumer,Basic,Monthly,60,44.99,Bank Transfer,0,0,2.0,49.1,No
1033,51,Consumer,Basic,Monthly,16,41.86,Digital Wallet,2,4,4.0,77.4,No
1034,18,Consumer,Basic,Annual,7,47.26,Direct Debit,3,0,2.0,67.3,No
1035,20,Consumer,Standard,Two-Year,51,69.61,Digital Wallet,2,1,3.0,64.4,No
1036,43,Small Business,Premium,Monthly,22,125.94,Credit Card,6,2,1.0,49.6,Yes
1037,44,Small Business,Standard,Monthly,21,94.96,Direct Debit,2,1,3.0,73.9,No
1038,58,Consumer,Basic,Monthly,29,52.27,Direct Debit,1,1,2.0,68.6,No
1039,59,Consumer,Premium,Monthly,56,103.84,Digital Wallet,1,0,4.0,68.9,No
1040,21,Enterprise,Standard,Annual,29,72.51,Credit Card,4,3,4.0,50.8,Yes
1041,47,Small Business,Standard,Annual,20,77.49,Direct Debit,2,0,5.0,19.8,No
1042,44,Consumer,Premium,Monthly,33,129.6,Digital Wallet,4,4,3.0,58.1,No
1043,38,Small Business,Basic,Annual,29,38.5,Unknown,0,0,3.0,54.1,No
1044,25,Consumer,Standard,Two-Year,17,74.96,Unknown,3,1,4.0,61.1,No
1045,18,Enterprise,Basic,Annual,26,34.19,Direct Debit,0,1,5.0,75.2,No
1046,49,Consumer,Standard,Monthly,30,89.46,Credit Card,2,0,4.0,48.5,No
1047,34,Consumer,Premium,Monthly,37,126.27,Credit Card,2,2,4.0,53.7,No
1048,40,Consumer,Standard,Annual,31,77.23,Bank Transfer,2,1,4.0,67.0,No
1049,59,Enterprise,Standard,Monthly,27,78.78,Bank Transfer,1,1,3.0,82.0,No
1050,44,Small Business,Basic,Monthly,6,51.19,Credit Card,6,1,4.0,29.9,No
1051,24,Enterprise,Basic,Two-Year,14,37.83,Direct Debit,0,0,3.0,100.0,No
1052,49,Consumer,Standard,Monthly,6,60.08,Credit Card,5,2,2.0,41.2,No
1053,48,Consumer,Premium,Monthly,51,93.07,Direct Debit,2,2,3.0,83.6,No
1054,56,Small Business,Basic,Monthly,7,25.0,Credit Card,2,2,4.0,64.2,No
1055,53,Consumer,Premium,Monthly,17,132.0,Credit Card,3,2,4.0,47.8,No
1056,39,Enterprise,Standard,Annual,15,94.59,Credit Card,4,2,4.0,51.6,Yes
1057,55,Small Business,Standard,Monthly,32,87.82,Digital Wallet,5,0,4.0,30.0,No
1058,29,Consumer,Standard,Monthly,14,75.93,Bank Transfer,2,0,3.0,42.2,No
1059,37,Consumer,Basic,Monthly,4,40.3,Credit Card,1,4,4.0,43.4,No
1060,43,Enterprise,Standard,Monthly,26,52.84,Digital Wallet,2,2,2.0,50.6,Yes
1061,31,Small Business,Standard,Annual,52,88.49,Unknown,0,1,5.0,45.9,No
1062,37,Small Business,Standard,Monthly,34,73.27,Credit Card,6,3,3.0,38.1,No
1063,21,Consumer,Standard,Annual,48,86.99,Digital Wallet,1,0,5.0,62.7,No
1064,43,Consumer,Standard,Annual,17,86.31,Digital Wallet,2,3,2.0,82.8,No
1065,46,Enterprise,Basic,Annual,21,30.62,Unknown,2,0,4.0,44.7,No
1066,18,Consumer,Premium,Monthly,20,91.57,Direct Debit,4,1,2.0,53.6,No
1067,30,Small Business,Standard,Monthly,47,69.46,Bank Transfer,1,0,3.0,48.4,No
1068,46,Consumer,Basic,Monthly,28,39.54,Digital Wallet,3,2,2.0,40.1,No
1069,59,Consumer,Standard,Monthly,5,82.09,Digital Wallet,3,6,3.0,67.4,No
1070,55,Consumer,Standard,Monthly,17,62.76,Direct Debit,3,0,3.0,45.7,No
1071,35,Consumer,Standard,Two-Year,22,83.23,Bank Transfer,0,1,3.0,35.8,No
1072,38,Small Business,Standard,Annual,18,72.82,Credit Card,3,3,3.0,46.9,No
1073,31,Consumer,Basic,Monthly,55,51.38,Credit Card,5,2,1.0,57.3,No
1074,28,Consumer,Basic,Monthly,83,50.87,Credit Card,5,1,3.0,42.5,Yes
1075,51,Small Business,Standard,Monthly,8,71.75,Direct Debit,1,1,4.0,59.3,No
1076,36,Enterprise,Basic,Monthly,17,49.58,Bank Transfer,1,2,,79.8,No
1077,27,Small Business,Basic,Monthly,29,37.55,Digital Wallet,2,3,2.0,54.8,Yes
1078,63,Enterprise,Standard,Two-Year,32,100.52,Bank Transfer,1,0,5.0,27.7,No
1079,18,Small Business,Premium,Annual,12,112.63,Direct Debit,2,1,3.0,62.4,No
1080,39,Small Business,Standard,Monthly,40,66.4,Bank Transfer,4,0,2.0,28.9,No
1081,61,Consumer,Standard,Monthly,14,62.96,Credit Card,0,0,4.0,33.0,No
1082,57,Consumer,Standard,Monthly,9,71.44,Credit Card,3,0,4.0,41.6,No
1083,48,Small Business,Basic,Monthly,32,42.79,Bank Transfer,1,0,3.0,63.7,No
1084,56,Enterprise,Basic,Annual,23,44.41,Digital Wallet,2,1,3.0,46.5,No
1085,33,Small Business,Basic,Two-Year,15,35.95,Credit Card,2,0,2.0,57.4,No
1086,33,Consumer,Premium,Monthly,43,139.28,Bank Transfer,1,1,3.0,81.8,No
1087,51,Consumer,Premium,Monthly,20,117.56,Digital Wallet,2,0,2.0,67.1,No
1088,58,Consumer,Premium,Annual,51,83.8,Bank Transfer,1,1,4.0,57.1,No
1089,63,Consumer,Basic,Monthly,12,51.97,Credit Card,1,1,4.0,72.4,No
1090,46,Small Business,Basic,Monthly,18,39.15,Direct Debit,3,0,2.0,57.9,No
1091,39,Consumer,Premium,Monthly,37,118.9,Digital Wallet,3,1,4.0,50.7,No
1092,49,Consumer,Standard,Monthly,10,92.82,Direct Debit,2,0,4.0,60.8,No
1093,24,Consumer,Standard,Monthly,52,73.13,Credit Card,2,0,3.0,42.6,Yes
1094,35,Small Business,Basic,Monthly,8,46.25,Digital Wallet,3,0,4.0,65.0,No
1095,31,Consumer,Basic,Monthly,32,51.87,Bank Transfer,1,0,3.0,45.5,No
1096,34,Enterprise,Premium,Monthly,10,111.4,Credit Card,1,0,3.0,63.2,Yes
1097,46,Consumer,Standard,Monthly,31,75.53,Credit Card,2,0,4.0,72.6,No
1098,40,Consumer,Basic,Annual,25,43.64,Bank Transfer,2,1,3.0,49.5,No
1099,77,Consumer,Basic,Annual,23,58.32,Digital Wallet,3,1,3.0,49.4,No
1100,51,Small Business,Standard,Annual,13,92.94,Digital Wallet,1,0,4.0,60.8,No
1101,51,Enterprise,Standard,Annual,11,92.89,Digital Wallet,3,2,2.0,72.1,No
1102,55,Small Business,Standard,Monthly,16,82.45,Credit Card,0,0,2.0,63.8,No
1103,29,Consumer,Standard,Monthly,42,77.99,Bank Transfer,3,2,2.0,50.0,No
1104,35,Small Business,Standard,Monthly,5,74.42,Digital Wallet,2,1,3.0,63.7,No
1105,43,Consumer,Basic,Monthly,20,52.71,Digital Wallet,3,0,5.0,61.9,No
1106,32,Consumer,Standard,Monthly,13,65.4,Direct Debit,2,0,3.0,62.5,Yes
1107,37,Small Business,Standard,Two-Year,14,62.35,Direct Debit,4,0,2.0,78.6,No
1108,61,Consumer,Standard,Monthly,22,61.48,Bank Transfer,2,2,2.0,79.4,No
1109,32,Consumer,Basic,Monthly,27,49.27,Bank Transfer,1,0,4.0,55.8,No
1110,37,Small Business,Standard,Monthly,22,77.67,Credit Card,0,0,5.0,63.0,No
1111,74,Consumer,Premium,Monthly,16,92.49,Direct Debit,1,2,3.0,74.1,No
1112,62,Consumer,Standard,Two-Year,16,87.46,Bank Transfer,1,1,3.0,94.6,No
1113,59,Consumer,Standard,Monthly,44,69.12,Digital Wallet,2,1,3.0,53.4,No
1114,42,Small Business,Standard,Monthly,22,47.13,Direct Debit,3,2,1.0,43.7,No
1115,20,Enterprise,Premium,Annual,38,138.24,Bank Transfer,1,1,4.0,80.7,No
1116,49,Small Business,Standard,Annual,4,79.99,Direct Debit,0,1,3.0,49.2,Yes
1117,60,Consumer,Basic,Monthly,35,46.84,Credit Card,2,2,4.0,30.2,No
1118,35,Consumer,Premium,Two-Year,11,115.23,Digital Wallet,3,1,4.0,74.5,No
1119,25,Small Business,Standard,Monthly,46,89.1,Digital Wallet,1,0,3.0,62.7,No
1120,45,Consumer,Standard,Annual,16,96.11,Direct Debit,1,1,2.0,83.5,No
1121,52,Consumer,Standard,Monthly,76,62.18,Credit Card,8,3,3.0,35.2,No
1122,41,Consumer,Premium,Monthly,25,123.65,Digital Wallet,2,2,4.0,77.8,No
1123,66,Consumer,Standard,Annual,47,80.2,Credit Card,0,1,4.0,71.3,No
1124,34,Consumer,Standard,Monthly,25,84.29,Direct Debit,2,0,5.0,68.7,No
1125,33,Consumer,Premium,Annual,27,143.76,Bank Transfer,1,1,4.0,65.2,No
1126,46,Consumer,Basic,Annual,9,56.17,Bank Transfer,2,1,4.0,59.0,No
1127,46,Consumer,Basic,Monthly,44,51.67,Bank Transfer,4,2,2.0,37.2,No
1128,58,Consumer,Standard,Monthly,30,82.58,Credit Card,4,2,3.0,87.9,No
1129,38,Small Business,Basic,Two-Year,57,47.26,Credit Card,1,2,3.0,97.7,No
1130,61,Small Business,Basic,Two-Year,89,49.63,Digital Wallet,0,0,4.0,73.5,No
1131,65,Consumer,Premium,Monthly,81,96.42,Direct Debit,4,3,2.0,23.0,No
1132,38,Consumer,Standard,Annual,52,92.17,Direct Debit,1,1,2.0,100.0,No
1133,57,Consumer,Standard,Annual,38,97.29,Credit Card,4,3,2.0,76.7,No
1134,67,Consumer,Basic,Annual,5,57.41,Digital Wallet,1,0,4.0,77.1,No
1135,61,Consumer,Standard,Annual,10,66.71,Direct Debit,2,0,4.0,65.9,No
1136,29,Consumer,Basic,Monthly,36,38.82,Direct Debit,4,1,3.0,47.7,No
1137,39,Consumer,Standard,Two-Year,11,84.72,Credit Card,2,3,2.0,58.7,No
1138,41,Consumer,Standard,Two-Year,37,80.55,Bank Transfer,3,0,3.0,66.3,No
1139,36,Small Business,Standard,Monthly,15,88.46,Credit Card,3,1,4.0,66.8,No
1140,33,Consumer,Standard,Annual,13,83.96,Bank Transfer,1,1,5.0,75.8,No
1141,28,Small Business,Basic,Monthly,14,44.48,Bank Transfer,1,1,3.0,41.6,No
1142,50,Small Business,Standard,Monthly,44,61.95,Direct Debit,3,0,3.0,53.7,No
1143,35,Small Business,Basic,Monthly,41,55.05,Direct Debit,7,4,2.0,36.5,No
1144,37,Consumer,Basic,Annual,12,56.66,Credit Card,2,1,4.0,60.5,Yes
1145,56,Enterprise,Premium,Annual,2,101.51,Digital Wallet,2,2,4.0,57.1,No
1146,52,Consumer,Basic,Monthly,11,41.47,Digital Wallet,1,2,4.0,46.2,No
1147,56,Consumer,Standard,Monthly,43,70.25,Digital Wallet,3,7,4.0,48.5,No
1148,49,Small Business,Basic,Monthly,10,53.34,Digital Wallet,2,0,3.0,39.9,No
1149,45,Small Business,Standard,Annual,17,84.28,Bank Transfer,1,0,3.0,48.8,No
1150,27,Small Business,Standard,Monthly,27,63.03,Credit Card,1,1,3.0,65.3,No
1151,23,Consumer,Premium,Two-Year,28,133.82,Digital Wallet,5,3,3.0,68.2,No
1152,43,Enterprise,Standard,Monthly,10,51.63,Bank Transfer,4,4,1.0,49.0,No
1153,25,Consumer,Basic,Two-Year,15,54.52,Bank Transfer,0,0,3.0,70.3,No
1154,80,Consumer,Premium,Two-Year,6,94.81,Bank Transfer,1,3,3.0,88.6,No
1155,54,Enterprise,Basic,Annual,36,49.47,Digital Wallet,1,1,3.0,50.5,No
1156,47,Consumer,Basic,Monthly,54,41.31,Bank Transfer,2,2,4.0,73.3,No
1157,42,Consumer,Standard,Two-Year,34,83.72,Credit Card,4,3,2.0,50.5,No
1158,58,Enterprise,Standard,Monthly,12,61.96,Bank Transfer,3,1,1.0,57.9,Yes
1159,56,Enterprise,Basic,Monthly,19,30.95,Digital Wallet,0,0,5.0,64.1,Yes
1160,30,Small Business,Basic,Monthly,34,37.56,Credit Card,4,3,5.0,62.5,No
1161,62,Enterprise,Basic,Annual,5,52.14,Direct Debit,1,1,4.0,51.6,No
1162,28,Consumer,Standard,Annual,37,68.6,Digital Wallet,3,1,3.0,68.9,No
1163,25,Consumer,Standard,Monthly,17,68.94,Digital Wallet,6,1,4.0,25.1,No
1164,50,Consumer,Standard,Annual,28,74.08,Direct Debit,1,1,3.0,82.8,No
1165,18,Consumer,Standard,Annual,46,74.11,Credit Card,1,1,3.0,64.9,No
1166,63,Consumer,Standard,Monthly,43,49.27,Credit Card,2,2,3.0,49.1,No
1167,46,Consumer,Standard,Annual,33,67.63,Credit Card,3,0,3.0,23.6,No
1168,60,Consumer,Standard,Two-Year,50,72.45,Digital Wallet,1,2,5.0,65.5,No
1169,25,Consumer,Basic,Monthly,33,47.08,Bank Transfer,0,0,4.0,53.1,No
1170,50,Small Business,Standard,Monthly,69,84.41,Direct Debit,6,1,4.0,23.8,No
1171,46,Consumer,Premium,Monthly,37,104.68,Bank Transfer,0,1,3.0,62.4,No
1172,29,Consumer,Standard,Two-Year,22,78.44,Bank Transfer,1,0,4.0,59.5,No
1173,48,Small Business,Basic,Annual,30,32.11,Digital Wallet,2,3,3.0,70.3,No
1174,40,Consumer,Basic,Monthly,61,57.71,Credit Card,3,2,3.0,54.4,No
1175,31,Consumer,Premium,Monthly,9,130.76,Digital Wallet,3,0,3.0,65.2,No
1176,46,Enterprise,Standard,Monthly,7,69.34,Credit Card,3,0,3.0,65.8,No
1177,27,Enterprise,Premium,Monthly,15,120.73,Direct Debit,3,3,4.0,67.7,No
1178,37,Enterprise,Standard,Monthly,18,73.18,Credit Card,3,0,3.0,71.5,No
1179,38,Consumer,Basic,Monthly,51,29.85,Digital Wallet,1,2,2.0,39.4,No
1180,43,Small Business,Standard,Annual,46,72.27,Credit Card,2,3,3.0,67.1,No
1181,28,Enterprise,Basic,Monthly,53,41.93,Credit Card,2,1,4.0,31.9,No
1182,38,Consumer,Basic,Annual,40,44.2,Bank Transfer,6,2,3.0,56.3,No
1183,49,Consumer,Standard,Annual,28,66.53,Digital Wallet,3,2,4.0,30.1,No
1184,37,Consumer,Standard,Monthly,27,72.61,Bank Transfer,2,1,3.0,58.0,No
1185,41,Consumer,Basic,Two-Year,96,39.11,Credit Card,2,2,3.0,63.5,No
1186,28,Small Business,Standard,Monthly,14,93.09,Direct Debit,1,0,2.0,41.9,No
1187,42,Consumer,Premium,Two-Year,43,123.12,Digital Wallet,3,0,3.0,72.9,No
1188,62,Consumer,Basic,Monthly,57,63.06,Bank Transfer,1,0,3.0,35.2,No
1189,26,Consumer,Standard,Monthly,12,67.88,Digital Wallet,2,1,3.0,31.5,No
1190,42,Consumer,Standard,Two-Year,24,88.33,Credit Card,1,1,4.0,39.9,No
1191,37,Small Business,Basic,Annual,65,47.55,Digital Wallet,1,0,4.0,79.7,No
1192,56,Consumer,Basic,Monthly,8,34.62,Bank Transfer,2,1,3.0,75.1,No
1193,55,Consumer,Standard,Monthly,43,76.41,Digital Wallet,2,2,3.0,60.3,No
1194,50,Small Business,Standard,Two-Year,14,67.86,Bank Transfer,1,1,5.0,49.2,No
1195,34,Consumer,Basic,Annual,51,57.41,Bank Transfer,0,0,3.0,68.4,No
1196,37,Consumer,Premium,Monthly,12,120.8,Digital Wallet,3,1,4.0,57.1,No
1197,61,Small Business,Standard,Two-Year,11,70.98,Bank Transfer,0,0,2.0,49.8,No
1198,45,Enterprise,Basic,Annual,15,47.66,Bank Transfer,3,1,2.0,51.3,No
1199,29,Small Business,Standard,Monthly,27,84.42,Digital Wallet,2,2,4.0,50.6,No
1200,53,Small Business,Standard,Two-Year,22,63.48,Digital Wallet,3,2,3.0,65.3,No
1201,37,Small Business,Basic,Monthly,32,51.46,Bank Transfer,1,2,2.0,46.3,Yes
1202,32,Small Business,Premium,Annual,58,93.04,Direct Debit,1,0,4.0,76.3,No
1203,29,Small Business,Premium,Two-Year,3,155.53,Digital Wallet,0,1,4.0,66.0,No
1204,41,Consumer,Basic,Monthly,54,45.5,Direct Debit,2,2,3.0,63.6,No
1205,41,Enterprise,Standard,Monthly,49,66.14,Credit Card,5,4,3.0,53.4,No
1206,37,Small Business,Premium,Monthly,20,111.05,Direct Debit,1,1,4.0,66.6,No
1207,50,Consumer,Standard,Monthly,29,52.7,Direct Debit,2,0,3.0,61.5,No
1208,28,Consumer,Standard,Monthly,11,71.8,Direct Debit,1,1,3.0,38.4,No
1209,22,Consumer,Standard,Two-Year,35,63.09,Direct Debit,2,0,2.0,44.4,No
1210,61,Consumer,Basic,Monthly,14,50.06,Credit Card,3,1,2.0,70.3,No
1211,36,Small Business,Standard,Monthly,44,71.98,Bank Transfer,4,3,4.0,40.5,No
1212,24,Consumer,Standard,Annual,4,93.79,Direct Debit,0,0,3.0,41.0,No
1213,39,Small Business,Standard,Monthly,22,74.31,Credit Card,3,0,4.0,66.5,Yes
1214,29,Small Business,Standard,Annual,19,78.13,Credit Card,4,5,3.0,60.9,No
1215,69,Small Business,Basic,Two-Year,23,57.14,Direct Debit,3,1,3.0,73.9,No
1216,24,Small Business,Basic,Monthly,56,35.39,Credit Card,4,2,4.0,50.4,No
1217,48,Enterprise,Premium,Monthly,14,95.24,Bank Transfer,1,1,2.0,77.8,No
1218,40,Enterprise,Standard,Two-Year,7,55.64,Digital Wallet,0,0,4.0,79.7,No
1219,48,Enterprise,Basic,Annual,25,42.31,Direct Debit,2,1,3.0,52.5,No
1220,31,Consumer,Standard,Two-Year,7,73.3,Direct Debit,2,2,5.0,88.4,No
1221,46,Consumer,Standard,Two-Year,42,63.46,Direct Debit,3,3,3.0,75.0,No
1222,43,Enterprise,Standard,Monthly,27,75.62,Bank Transfer,1,0,1.0,59.5,No
1223,35,Small Business,Premium,Annual,26,100.96,Bank Transfer,1,0,5.0,63.7,No
1224,38,Consumer,Basic,Annual,14,44.27,Direct Debit,1,1,3.0,71.9,No
1225,47,Small Business,Standard,Annual,40,70.02,Direct Debit,3,2,4.0,70.2,No
1226,47,Consumer,Basic,Monthly,42,43.68,Digital Wallet,5,0,4.0,48.1,No
1227,40,Small Business,Basic,Monthly,46,47.54,Digital Wallet,5,1,2.0,59.7,No
1228,46,Consumer,Standard,Monthly,25,63.9,Bank Transfer,3,1,4.0,61.4,No
1229,49,Consumer,Basic,Monthly,9,52.61,Bank Transfer,2,0,3.0,64.7,Yes
1230,34,Small Business,Basic,Annual,30,37.51,Digital Wallet,3,0,3.0,43.6,No
1231,29,Enterprise,Premium,Annual,32,122.84,Digital Wallet,4,1,3.0,68.7,No
1232,18,Small Business,Standard,Monthly,39,72.89,Bank Transfer,3,1,3.0,36.3,No
1233,38,Consumer,Standard,Monthly,21,95.05,Bank Transfer,1,2,2.0,55.8,No
1234,53,Small Business,Basic,Two-Year,26,43.25,Credit Card,4,2,2.0,62.7,No
1235,54,Consumer,Standard,Monthly,9,86.75,Direct Debit,2,0,3.0,50.6,Yes
1236,48,Small Business,Standard,Two-Year,30,74.09,Credit Card,0,0,4.0,54.2,No
1237,26,Consumer,Basic,Monthly,20,53.11,Direct Debit,4,1,2.0,62.9,No
1238,51,Consumer,Standard,Two-Year,5,75.66,Direct Debit,2,1,3.0,38.0,No
1239,37,Small Business,Standard,Monthly,12,88.51,Digital Wallet,6,3,2.0,62.1,No
1240,58,Enterprise,Premium,Annual,12,113.53,Direct Debit,2,0,2.0,82.3,No
1241,43,Enterprise,Standard,Monthly,96,92.62,Direct Debit,4,1,1.0,59.0,No
1242,40,Consumer,Basic,Monthly,39,48.87,Bank Transfer,1,0,3.0,51.7,No
1243,52,Consumer,Standard,Monthly,41,75.37,Credit Card,5,0,4.0,56.3,No
1244,55,Enterprise,Standard,Annual,10,69.34,Digital Wallet,2,0,3.0,58.8,No
1245,56,Small Business,Basic,Monthly,16,54.98,Credit Card,3,1,3.0,59.3,No
1246,53,Small Business,Standard,Monthly,27,72.97,Direct Debit,2,0,3.0,48.9,No
1247,43,Consumer,Standard,Annual,21,81.2,Credit Card,2,1,4.0,46.4,No
1248,39,Consumer,Premium,Monthly,44,78.42,Direct Debit,3,0,2.0,75.6,No
1249,42,Small Business,Basic,Two-Year,57,46.77,Direct Debit,2,0,4.0,63.5,No
1250,18,Consumer,Premium,Monthly,8,103.05,Credit Card,2,2,3.0,65.5,No
1251,30,Enterprise,Basic,Annual,20,58.21,Digital Wallet,3,1,2.0,67.9,No
1252,35,Consumer,Premium,Two-Year,35,103.02,Bank Transfer,0,1,5.0,100.0,No
1253,55,Consumer,Premium,Monthly,21,108.3,Credit Card,5,1,3.0,65.6,No
1254,48,Enterprise,Standard,Monthly,31,76.42,Credit Card,1,0,4.0,64.5,No
1255,69,Small Business,Standard,Annual,17,71.36,Direct Debit,2,0,3.0,41.7,No
1256,46,Small Business,Standard,Monthly,3,80.91,Credit Card,3,0,2.0,66.1,No
1257,28,Consumer,Basic,Monthly,17,48.92,Direct Debit,3,1,3.0,52.1,No
1258,57,Consumer,Standard,Monthly,56,55.43,Bank Transfer,2,1,2.0,63.0,No
1259,57,Enterprise,Premium,Monthly,18,90.04,Direct Debit,1,0,4.0,57.1,Yes
1260,49,Small Business,Premium,Monthly,51,63.77,Credit Card,3,1,4.0,63.9,No
1261,37,Consumer,Standard,Two-Year,53,57.79,Credit Card,1,2,4.0,81.4,No
1262,65,Consumer,Standard,Monthly,51,81.73,Bank Transfer,2,0,4.0,38.6,No
1263,54,Consumer,Standard,Monthly,61,76.89,Credit Card,4,1,2.0,80.2,No
1264,19,Consumer,Standard,Monthly,18,93.59,Credit Card,3,1,4.0,44.6,No
1265,65,Consumer,Standard,Monthly,27,79.2,Credit Card,3,3,2.0,62.9,No
1266,50,Consumer,Basic,Monthly,47,38.39,Credit Card,2,2,4.0,65.5,No
1267,18,Enterprise,Basic,Two-Year,39,42.09,Bank Transfer,3,1,3.0,54.8,No
1268,60,Small Business,Basic,Monthly,29,41.23,Credit Card,3,0,4.0,59.7,Yes
1269,58,Consumer,Standard,Two-Year,29,70.8,Credit Card,1,0,4.0,59.6,No
1270,41,Enterprise,Standard,Two-Year,14,61.91,Bank Transfer,1,0,4.0,63.6,No
1271,37,Consumer,Standard,Monthly,28,80.91,Digital Wallet,3,1,3.0,53.0,No
1272,50,Small Business,Standard,Monthly,17,59.07,Bank Transfer,3,2,4.0,43.9,No
1273,43,Enterprise,Basic,Monthly,15,36.69,Credit Card,3,2,3.0,29.6,No
1274,70,Consumer,Standard,Annual,14,77.75,Direct Debit,0,1,4.0,80.3,No
1275,47,Consumer,Basic,Monthly,18,56.11,Bank Transfer,4,0,4.0,68.4,No
1276,27,Consumer,Standard,Annual,18,84.93,Bank Transfer,3,2,2.0,82.3,No
1277,35,Consumer,Basic,Monthly,35,48.1,Credit Card,4,2,2.0,42.3,No
1278,28,Consumer,Basic,Monthly,28,55.71,Bank Transfer,1,1,3.0,95.1,No
1279,37,Consumer,Basic,Annual,13,47.67,Bank Transfer,1,2,4.0,72.9,No
1280,64,Consumer,Basic,Monthly,49,45.89,Credit Card,3,1,3.0,35.8,No
1281,40,Small Business,Premium,Monthly,26,115.01,Credit Card,3,2,4.0,43.9,No
1282,41,Small Business,Basic,Monthly,47,49.08,Direct Debit,1,2,4.0,48.0,No
1283,40,Consumer,Basic,Monthly,85,40.71,Bank Transfer,3,1,2.0,43.0,No
1284,55,Small Business,Basic,Two-Year,9,43.46,Direct Debit,0,1,5.0,42.1,No
1285,19,Small Business,Basic,Monthly,12,56.06,Credit Card,1,1,4.0,53.6,No
1286,60,Consumer,Basic,Monthly,21,50.58,Digital Wallet,0,1,4.0,71.6,No
1287,53,Consumer,Premium,Annual,14,112.48,Digital Wallet,2,0,5.0,55.7,No
1288,61,Consumer,Basic,Two-Year,36,54.25,Digital Wallet,1,0,2.0,52.6,No
1289,36,Consumer,Basic,Monthly,43,52.61,Bank Transfer,3,0,3.0,59.3,No
1290,53,Small Business,Basic,Monthly,19,48.93,Bank Transfer,2,1,4.0,77.9,Yes
1291,46,Small Business,Basic,Monthly,32,48.24,Direct Debit,4,3,4.0,61.2,No
1292,44,Enterprise,Basic,Annual,48,43.19,Direct Debit,1,1,3.0,25.4,No
1293,42,Enterprise,Basic,Monthly,41,41.69,Digital Wallet,2,0,3.0,42.9,No
1294,45,Small Business,Basic,Two-Year,38,53.19,Direct Debit,1,1,3.0,49.5,No
1295,45,Consumer,Basic,Monthly,29,56.12,Credit Card,1,0,5.0,42.3,No
1296,18,Consumer,Basic,Annual,45,56.49,Credit Card,2,3,3.0,65.8,No
1297,34,Small Business,Basic,Annual,51,44.54,Bank Transfer,3,2,2.0,53.3,No
1298,44,Small Business,Basic,Annual,22,38.69,Credit Card,0,1,4.0,53.7,No
1299,34,Small Business,Standard,Monthly,8,58.91,Bank Transfer,2,0,3.0,54.4,No
1300,70,Enterprise,Basic,Monthly,16,36.9,Credit Card,5,2,5.0,61.7,No
1301,40,Consumer,Standard,Monthly,55,82.8,Direct Debit,0,1,2.0,70.0,No
1302,66,Small Business,Premium,Monthly,29,103.86,Direct Debit,2,1,5.0,82.0,No
1303,64,Enterprise,Standard,Monthly,38,77.67,Direct Debit,2,0,4.0,67.0,No
1304,44,Small Business,Premium,Monthly,8,113.96,Credit Card,2,2,3.0,47.6,No
1305,47,Small Business,Standard,Two-Year,13,82.01,Credit Card,2,2,4.0,55.4,No
1306,36,Small Business,Basic,Monthly,32,46.91,Digital Wallet,0,0,4.0,41.5,Yes
1307,36,Consumer,Premium,Monthly,8,114.86,Direct Debit,1,1,4.0,75.0,No
1308,38,Consumer,Standard,Monthly,35,65.51,Credit Card,2,1,4.0,49.8,No
1309,53,Consumer,Standard,Monthly,32,59.12,Bank Transfer,4,1,3.0,59.7,Yes
1310,37,Consumer,Basic,Monthly,14,45.26,Bank Transfer,0,1,4.0,65.0,No
1311,27,Enterprise,Basic,Monthly,11,38.44,Credit Card,2,0,3.0,54.6,No
1312,61,Enterprise,Premium,Monthly,21,115.2,Bank Transfer,5,1,2.0,42.5,No
1313,45,Consumer,Standard,Two-Year,30,69.26,Digital Wallet,1,1,5.0,58.6,No
1314,30,Consumer,Standard,Annual,34,78.65,Direct Debit,1,0,1.0,39.2,No
1315,29,Consumer,Basic,Monthly,10,51.57,Direct Debit,2,1,4.0,44.6,No
1316,54,Consumer,Standard,Monthly,31,88.24,Direct Debit,3,2,2.0,55.0,No
1317,45,Consumer,Basic,Monthly,4,49.96,Bank Transfer,1,0,5.0,67.8,No
1318,52,Consumer,Standard,Monthly,16,68.4,Bank Transfer,3,2,4.0,53.1,No
1319,39,Enterprise,Standard,Monthly,33,62.55,Digital Wallet,2,3,4.0,62.2,No
1320,31,Small Business,Standard,Monthly,16,83.67,Credit Card,3,1,2.0,62.9,No
1321,35,Enterprise,Standard,Monthly,24,68.76,Direct Debit,1,1,3.0,43.7,No
1322,52,Small Business,Basic,Annual,36,38.59,Digital Wallet,2,3,4.0,52.1,No
1323,44,Enterprise,Basic,Monthly,20,55.49,Bank Transfer,3,0,2.0,41.8,No
1324,34,Small Business,Basic,Annual,9,55.69,Credit Card,3,3,4.0,72.7,No
1325,47,Consumer,Premium,Monthly,96,84.06,Direct Debit,1,2,5.0,68.0,No
1326,20,Consumer,Basic,Monthly,13,43.86,Credit Card,2,1,5.0,49.5,Yes
1327,40,Consumer,Standard,Monthly,12,72.5,Direct Debit,2,2,3.0,70.2,No
1328,32,Small Business,Standard,Monthly,35,84.19,Digital Wallet,1,1,3.0,38.2,No
1329,63,Consumer,Basic,Two-Year,16,58.8,Digital Wallet,1,0,4.0,60.2,No
1330,35,Small Business,Basic,Annual,5,48.44,Bank Transfer,3,2,2.0,59.6,No
1331,72,Consumer,Basic,Two-Year,38,42.51,Digital Wallet,3,2,5.0,57.4,No
1332,47,Consumer,Basic,Monthly,28,41.24,Direct Debit,4,3,2.0,61.3,No
1333,61,Consumer,Standard,Monthly,16,81.85,Credit Card,5,3,3.0,38.9,No
1334,26,Consumer,Standard,Two-Year,17,73.4,Bank Transfer,1,1,5.0,54.2,No
1335,56,Enterprise,Standard,Annual,31,68.52,Credit Card,2,2,4.0,62.0,No
1336,43,Small Business,Standard,Annual,88,75.65,Digital Wallet,1,1,4.0,37.3,No
1337,48,Consumer,Standard,Annual,2,67.81,Bank Transfer,0,1,4.0,79.2,No
1338,46,Consumer,Basic,Monthly,32,30.09,Digital Wallet,5,2,1.0,59.7,No
1339,32,Consumer,Standard,Two-Year,60,57.81,Credit Card,1,0,5.0,50.6,No
1340,45,Consumer,Premium,Two-Year,72,116.35,Digital Wallet,0,0,3.0,55.4,No
1341,33,Consumer,Basic,Monthly,22,50.64,Bank Transfer,4,2,3.0,36.0,No
1342,46,Consumer,Standard,Monthly,20,81.25,Bank Transfer,2,0,2.0,85.5,No
1343,52,Consumer,Basic,Annual,13,53.68,Digital Wallet,3,4,4.0,48.2,No
1344,31,Enterprise,Standard,Annual,10,78.23,Digital Wallet,1,0,2.0,54.7,No
1345,34,Consumer,Basic,Monthly,31,50.14,Bank Transfer,0,1,2.0,68.8,No
1346,70,Consumer,Standard,Monthly,28,95.27,Digital Wallet,4,1,4.0,51.5,No
1347,51,Consumer,Basic,Monthly,83,55.91,Credit Card,3,0,3.0,72.7,No
1348,50,Small Business,Basic,Annual,32,61.7,Direct Debit,1,0,4.0,66.0,No
1349,31,Enterprise,Standard,Monthly,52,73.92,Direct Debit,2,1,3.0,28.0,No
1350,38,Consumer,Basic,Monthly,25,39.97,Bank Transfer,0,0,3.0,61.7,Yes
1351,61,Consumer,Basic,Monthly,31,50.44,Direct Debit,4,2,3.0,41.7,No
1352,51,Consumer,Basic,Monthly,37,50.93,Credit Card,2,1,4.0,56.7,No
1353,55,Small Business,Premium,Monthly,17,111.66,Digital Wallet,3,1,3.0,71.4,No
1354,33,Enterprise,Premium,Annual,11,115.15,Credit Card,1,0,4.0,79.9,No
1355,52,Consumer,Premium,Monthly,28,135.97,Direct Debit,3,2,4.0,82.4,No
1356,23,Consumer,Basic,Monthly,5,43.93,Credit Card,4,1,3.0,64.7,No
1357,18,Consumer,Premium,Monthly,30,129.7,Bank Transfer,1,1,4.0,77.7,No
1358,37,Consumer,Standard,Monthly,34,78.86,Credit Card,6,3,4.0,63.4,No
1359,48,Consumer,Basic,Monthly,13,49.85,Bank Transfer,1,1,1.0,60.0,No
1360,51,Small Business,Premium,Annual,12,109.18,Bank Transfer,1,1,3.0,67.7,No
1361,74,Consumer,Standard,Annual,64,75.93,Bank Transfer,1,0,3.0,62.4,No
1362,41,Consumer,Basic,Monthly,23,45.13,Direct Debit,4,2,2.0,44.2,No
1363,29,Small Business,Standard,Two-Year,27,75.86,Direct Debit,2,0,4.0,43.0,No
1364,52,Enterprise,Basic,Monthly,60,43.83,Bank Transfer,3,0,3.0,44.8,No
1365,22,Consumer,Premium,Annual,13,125.69,Bank Transfer,2,1,4.0,54.3,No
1366,34,Small Business,Standard,Monthly,54,73.51,Digital Wallet,4,2,3.0,47.7,No
1367,21,Consumer,Premium,Two-Year,19,120.34,Direct Debit,2,2,3.0,96.0,No
1368,39,Consumer,Premium,Monthly,19,82.22,Credit Card,0,0,4.0,73.4,No
1369,64,Consumer,Basic,Monthly,94,47.27,Digital Wallet,3,1,3.0,64.6,No
1370,41,Consumer,Standard,Monthly,22,78.41,Unknown,0,0,2.0,32.6,No
1371,42,Small Business,Standard,Monthly,42,77.67,Digital Wallet,2,5,2.0,26.2,No
1372,31,Consumer,Basic,Monthly,32,38.56,Digital Wallet,4,4,3.0,48.1,Yes
1373,44,Consumer,Standard,Annual,37,83.92,Digital Wallet,0,1,5.0,69.2,No
1374,42,Consumer,Standard,Monthly,25,70.37,Bank Transfer,3,0,2.0,30.3,No
1375,34,Consumer,Standard,Annual,29,67.16,Credit Card,1,1,4.0,72.7,No
1376,21,Consumer,Basic,Annual,32,60.04,Digital Wallet,3,3,5.0,59.5,No
1377,43,Consumer,Standard,Monthly,41,55.89,Direct Debit,1,0,4.0,60.7,No
1378,56,Consumer,Standard,Annual,11,66.81,Bank Transfer,2,0,4.0,41.2,No
1379,67,Consumer,Standard,Annual,21,74.7,Credit Card,3,2,3.0,34.7,No
1380,64,Consumer,Standard,Two-Year,40,63.09,Digital Wallet,1,0,4.0,56.1,No
1381,40,Consumer,Basic,Monthly,21,49.29,Digital Wallet,2,1,2.0,48.0,No
1382,31,Small Business,Standard,Annual,17,83.76,Digital Wallet,2,1,4.0,54.7,No
1383,46,Consumer,Standard,Monthly,22,46.87,Bank Transfer,6,1,2.0,53.7,No
1384,36,Enterprise,Premium,Annual,81,130.85,Direct Debit,1,0,3.0,58.1,No
1385,51,Consumer,Premium,Two-Year,73,135.71,Credit Card,1,2,2.0,66.8,No
1386,54,Consumer,Premium,Two-Year,23,105.58,Credit Card,2,0,3.0,75.2,No
1387,32,Small Business,Basic,Monthly,79,44.86,Credit Card,1,0,4.0,61.9,No
1388,53,Consumer,Basic,Monthly,60,49.84,Direct Debit,3,2,3.0,46.6,No
1389,41,Consumer,Basic,Annual,14,53.3,Credit Card,1,1,4.0,66.3,No
1390,43,Small Business,Standard,Annual,33,80.37,Bank Transfer,2,0,4.0,58.1,No
1391,30,Small Business,Basic,Monthly,48,41.92,Direct Debit,0,0,3.0,45.6,No
1392,60,Enterprise,Basic,Monthly,12,43.77,Direct Debit,3,0,2.0,70.9,No
1393,18,Small Business,Basic,Annual,19,49.53,Direct Debit,0,0,5.0,72.8,No
1394,44,Small Business,Standard,Monthly,25,81.2,Digital Wallet,3,3,5.0,42.4,No
1395,41,Consumer,Basic,Monthly,8,53.78,Digital Wallet,5,2,3.0,32.5,Yes
1396,36,Consumer,Basic,Two-Year,33,40.9,Bank Transfer,1,1,5.0,52.2,No
1397,41,Consumer,Basic,Monthly,10,53.98,Digital Wallet,4,1,3.0,50.9,No
1398,22,Enterprise,Premium,Monthly,41,88.64,Digital Wallet,1,0,3.0,54.2,No
1399,25,Consumer,Basic,Monthly,67,50.62,Digital Wallet,0,0,4.0,60.1,No
1400,38,Consumer,Basic,Annual,7,39.36,Bank Transfer,3,2,4.0,65.4,No
1401,26,Consumer,Standard,Monthly,10,69.69,Digital Wallet,2,2,2.0,60.9,No
1402,30,Consumer,Standard,Annual,49,53.59,Credit Card,1,1,4.0,86.6,No
1403,54,Consumer,Standard,Monthly,33,66.2,Direct Debit,6,2,3.0,54.1,No
1404,57,Enterprise,Basic,Monthly,36,59.87,Digital Wallet,4,1,3.0,58.2,No
1405,30,Consumer,Premium,Two-Year,46,117.03,Bank Transfer,1,0,4.0,69.7,No
1406,28,Small Business,Basic,Monthly,33,47.85,Bank Transfer,3,2,2.0,34.7,No
1407,18,Consumer,Standard,Monthly,70,76.0,Digital Wallet,1,2,5.0,53.6,No
1408,39,Consumer,Basic,Monthly,25,59.14,Credit Card,2,1,4.0,62.1,No
1409,49,Consumer,Basic,Monthly,24,48.56,Bank Transfer,2,0,3.0,54.1,No
1410,32,Consumer,Basic,Monthly,18,52.04,Credit Card,2,3,1.0,34.9,No
1411,46,Consumer,Basic,Monthly,34,42.56,Digital Wallet,2,0,5.0,45.4,No
1412,48,Small Business,Standard,Annual,18,53.92,Bank Transfer,2,2,5.0,22.6,No
1413,54,Small Business,Premium,Annual,27,103.06,Digital Wallet,1,0,5.0,89.7,No
1414,41,Consumer,Standard,Two-Year,66,77.42,Digital Wallet,2,1,5.0,96.5,No
1415,44,Consumer,Standard,Two-Year,10,45.66,Credit Card,1,0,4.0,88.0,No
1416,37,Consumer,Basic,Annual,20,48.16,Credit Card,2,2,3.0,85.0,No
1417,43,Enterprise,Standard,Monthly,4,74.67,Digital Wallet,1,1,3.0,64.8,No
1418,23,Consumer,Basic,Annual,52,40.71,Direct Debit,1,1,4.0,64.9,No
1419,40,Small Business,Standard,Annual,50,72.64,Digital Wallet,0,1,4.0,81.2,No
1420,32,Consumer,Basic,Monthly,13,29.67,Digital Wallet,3,1,3.0,56.6,No
1421,51,Consumer,Standard,Annual,76,63.61,Direct Debit,3,0,3.0,67.7,No
1422,73,Small Business,Standard,Monthly,3,84.57,Digital Wallet,3,4,2.0,79.7,No
1423,63,Consumer,Standard,Annual,26,80.96,Digital Wallet,1,1,3.0,63.9,No
1424,51,Consumer,Standard,Annual,45,117.91,Digital Wallet,2,0,4.0,76.1,No
1425,39,Consumer,Premium,Two-Year,13,100.39,Direct Debit,2,3,5.0,60.9,No
1426,41,Consumer,Basic,Annual,52,32.51,Credit Card,3,3,4.0,42.3,No
1427,43,Consumer,Basic,Annual,57,54.22,Digital Wallet,1,2,4.0,63.3,No
1428,35,Consumer,Standard,Monthly,13,62.49,Digital Wallet,3,2,2.0,35.0,Yes
1429,52,Small Business,Basic,Annual,29,48.69,Credit Card,1,0,4.0,59.0,No
1430,47,Consumer,Standard,Monthly,28,94.56,Credit Card,2,3,3.0,43.7,No
1431,19,Small Business,Basic,Monthly,10,35.54,Bank Transfer,1,0,3.0,57.8,No
1432,48,Consumer,Premium,Two-Year,15,99.26,Direct Debit,0,0,3.0,89.6,No
1433,40,Small Business,Premium,Annual,44,119.94,Credit Card,0,0,5.0,80.8,Yes
1434,19,Consumer,Standard,Two-Year,25,77.96,Direct Debit,3,1,4.0,68.9,No
1435,64,Consumer,Basic,Annual,5,49.5,Credit Card,1,2,5.0,79.9,No
1436,34,Consumer,Premium,Annual,37,99.49,Direct Debit,0,0,5.0,85.0,No
1437,62,Enterprise,Standard,Two-Year,80,66.06,Digital Wallet,3,3,3.0,57.8,No
1438,30,Small Business,Standard,Two-Year,26,90.76,Bank Transfer,0,0,4.0,71.4,No
1439,38,Consumer,Premium,Annual,35,123.64,Bank Transfer,0,0,5.0,61.9,No
1440,33,Consumer,Basic,Monthly,15,46.4,Unknown,6,1,3.0,34.4,No
1441,39,Consumer,Premium,Monthly,12,137.68,Digital Wallet,1,0,2.0,62.0,No
1442,53,Small Business,Standard,Monthly,36,102.7,Credit Card,3,1,3.0,56.9,No
1443,47,Enterprise,Standard,Monthly,14,62.02,Credit Card,6,4,2.0,40.6,Yes
1444,28,Small Business,Standard,Monthly,19,59.65,Digital Wallet,0,3,4.0,50.4,Yes
1445,29,Small Business,Premium,Two-Year,31,117.58,Bank Transfer,3,2,2.0,91.9,No
1446,46,Consumer,Standard,Annual,33,54.47,Digital Wallet,1,0,5.0,62.0,No
1447,34,Consumer,Standard,Monthly,17,70.2,Bank Transfer,0,0,4.0,53.0,No
1448,30,Enterprise,Standard,Annual,23,63.65,Digital Wallet,2,2,3.0,98.1,No
1449,38,Consumer,Basic,Monthly,17,47.31,Bank Transfer,3,3,2.0,59.9,No
1450,37,Consumer,Standard,Two-Year,12,56.85,Direct Debit,1,0,3.0,61.3,No
1451,23,Small Business,Basic,Annual,20,50.34,Direct Debit,3,3,4.0,84.4,No
1452,36,Small Business,Basic,Monthly,55,58.26,Direct Debit,1,0,2.0,74.4,No
1453,59,Consumer,Standard,Monthly,62,67.96,Direct Debit,3,4,3.0,60.0,No
1454,22,Small Business,Basic,Annual,12,46.75,Direct Debit,2,2,4.0,56.1,No
1455,43,Enterprise,Standard,Monthly,38,50.55,Bank Transfer,5,0,4.0,42.9,No
1456,38,Enterprise,Premium,Monthly,23,131.54,Digital Wallet,5,2,1.0,62.3,No
1457,52,Consumer,Standard,Monthly,39,63.05,Direct Debit,4,1,4.0,55.7,No
1458,63,Consumer,Premium,Monthly,18,95.06,Direct Debit,2,2,4.0,65.2,No
1459,61,Consumer,Premium,Monthly,96,84.01,Bank Transfer,3,1,3.0,90.9,No
1460,20,Small Business,Basic,Monthly,53,41.48,Credit Card,5,2,3.0,55.2,Yes
1461,33,Enterprise,Premium,Monthly,27,123.9,Direct Debit,1,0,5.0,65.4,No
1462,40,Consumer,Basic,Monthly,43,64.07,Credit Card,1,1,5.0,73.2,No
1463,66,Consumer,Standard,Monthly,39,84.95,Direct Debit,2,1,4.0,65.1,No
1464,18,Consumer,Basic,Monthly,9,49.59,Direct Debit,2,0,3.0,67.2,No
1465,43,Small Business,Basic,Monthly,10,39.61,Credit Card,0,1,2.0,64.4,No
1466,58,Consumer,Basic,Annual,7,38.7,Bank Transfer,0,0,3.0,31.1,No
1467,32,Small Business,Standard,Monthly,29,60.38,Bank Transfer,3,1,2.0,49.9,No
1468,65,Small Business,Standard,Monthly,44,78.42,Credit Card,3,1,5.0,51.8,No
1469,36,Consumer,Premium,Monthly,53,147.06,Bank Transfer,2,0,2.0,59.8,Yes
1470,49,Consumer,Basic,Monthly,27,49.21,Bank Transfer,6,2,1.0,32.1,Yes
1471,63,Small Business,Basic,Monthly,17,37.09,Bank Transfer,7,2,2.0,58.6,No
1472,50,Enterprise,Premium,Two-Year,8,125.38,Digital Wallet,0,0,3.0,82.6,No
1473,33,Enterprise,Standard,Monthly,18,88.07,Direct Debit,3,1,3.0,54.5,No
1474,62,Enterprise,Standard,Annual,26,102.46,Direct Debit,1,0,3.0,100.0,No
1475,62,Enterprise,Standard,Monthly,25,69.61,Direct Debit,1,0,3.0,57.6,No
1476,45,Consumer,Premium,Monthly,33,115.69,Direct Debit,1,0,3.0,85.0,No
1477,48,Small Business,Standard,Annual,30,58.33,Digital Wallet,2,1,2.0,56.5,Yes
1478,34,Consumer,Standard,Annual,37,75.11,Bank Transfer,3,2,1.0,61.0,No
1479,56,Consumer,Premium,Annual,33,122.53,Bank Transfer,3,2,4.0,68.4,No
1480,19,Small Business,Premium,Annual,62,123.14,Bank Transfer,1,0,4.0,90.3,No
1481,40,Consumer,Premium,Monthly,21,65.71,Direct Debit,5,3,2.0,52.0,No
1482,55,Consumer,Standard,Monthly,20,72.9,Digital Wallet,4,1,3.0,56.3,No
1483,42,Small Business,Basic,Monthly,41,59.35,Digital Wallet,3,2,3.0,67.0,No
1484,47,Enterprise,Standard,Monthly,44,81.0,Credit Card,1,0,2.0,75.9,No
1485,31,Enterprise,Standard,Monthly,13,66.8,Digital Wallet,0,0,3.0,65.0,No
1486,50,Consumer,Standard,Annual,27,76.43,Credit Card,2,1,2.0,54.1,No
1487,48,Consumer,Basic,Annual,20,43.72,Digital Wallet,4,1,4.0,73.5,Yes
1488,35,Consumer,Standard,Monthly,26,86.53,Bank Transfer,0,1,4.0,85.6,No
1489,56,Consumer,Premium,Monthly,19,101.15,Credit Card,3,3,3.0,53.4,No
1490,58,Consumer,Standard,Annual,19,73.01,Credit Card,2,1,3.0,77.3,No
1491,36,Small Business,Basic,Annual,75,46.19,Credit Card,0,0,4.0,61.7,No
1492,52,Consumer,Basic,Annual,12,47.54,Credit Card,3,2,2.0,53.8,Yes
1493,30,Consumer,Basic,Monthly,25,34.81,Bank Transfer,2,2,3.0,35.6,No
1494,41,Enterprise,Standard,Monthly,5,63.86,Direct Debit,2,0,4.0,76.5,No
1495,35,Small Business,Basic,Monthly,9,33.39,Bank Transfer,4,1,3.0,48.6,No
1496,24,Consumer,Basic,Annual,25,45.55,Digital Wallet,3,4,3.0,61.1,No
1497,40,Consumer,Basic,Monthly,18,34.78,Digital Wallet,1,0,3.0,54.9,No
1498,18,Consumer,Standard,Monthly,64,91.29,Direct Debit,2,2,4.0,55.2,No
1499,34,Consumer,Standard,Monthly,31,85.08,Direct Debit,3,3,3.0,58.0,No
1500,48,Consumer,Premium,Annual,13,91.76,Direct Debit,2,0,5.0,76.0,No
1501,52,Consumer,Basic,Monthly,26,55.47,Direct Debit,5,5,2.0,53.8,No
1502,47,Consumer,Standard,Two-Year,39,71.36,Digital Wallet,1,1,4.0,73.8,No
1503,32,Consumer,Premium,Monthly,8,131.95,Direct Debit,5,0,2.0,45.0,No
1504,48,Consumer,Standard,Two-Year,87,70.15,Digital Wallet,1,0,3.0,60.4,No
1505,39,Small Business,Standard,Two-Year,26,67.16,Direct Debit,2,0,3.0,67.7,No
1506,45,Small Business,Standard,Annual,34,75.97,Credit Card,1,0,4.0,66.4,No
1507,28,Consumer,Premium,Two-Year,27,95.43,Digital Wallet,1,1,2.0,81.3,No
1508,44,Small Business,Standard,Monthly,66,68.64,Bank Transfer,7,5,1.0,62.6,Yes
1509,39,Consumer,Basic,Monthly,32,40.79,Bank Transfer,3,3,4.0,70.5,Yes
1510,34,Consumer,Standard,Monthly,15,67.35,Bank Transfer,3,1,2.0,56.2,No
1511,42,Enterprise,Basic,Monthly,31,51.78,Digital Wallet,4,0,3.0,49.1,Yes
1512,62,Consumer,Standard,Monthly,21,72.96,Credit Card,1,0,4.0,30.1,No
1513,50,Consumer,Basic,Annual,38,33.13,Credit Card,0,0,4.0,30.0,No
1514,27,Consumer,Standard,Monthly,17,89.3,Credit Card,1,0,3.0,69.6,No
1515,61,Small Business,Standard,Monthly,14,68.61,Bank Transfer,2,3,2.0,27.7,Yes
1516,62,Small Business,Basic,Monthly,13,45.17,Digital Wallet,2,0,4.0,60.3,No
1517,42,Consumer,Standard,Annual,10,81.22,Direct Debit,3,1,4.0,35.4,No
1518,56,Small Business,Standard,Annual,15,86.54,Credit Card,2,0,3.0,54.4,No
1519,26,Small Business,Basic,Monthly,13,47.97,Digital Wallet,3,2,5.0,64.5,No
1520,40,Consumer,Standard,Monthly,19,50.12,Bank Transfer,3,0,3.0,47.0,No
1521,34,Small Business,Basic,Annual,26,43.33,Direct Debit,4,2,3.0,60.9,No
1522,47,Small Business,Standard,Monthly,17,80.71,Credit Card,1,0,2.0,28.6,Yes
1523,43,Consumer,Standard,Two-Year,37,81.61,Credit Card,1,4,3.0,63.8,No
1524,25,Enterprise,Basic,Monthly,23,49.06,Digital Wallet,1,0,3.0,94.0,No
1525,69,Consumer,Standard,Monthly,38,80.58,Direct Debit,2,2,3.0,61.1,No
1526,57,Consumer,Standard,Two-Year,30,62.0,Direct Debit,4,2,3.0,49.5,No
1527,57,Small Business,Basic,Annual,28,44.07,Bank Transfer,3,0,4.0,53.9,No
1528,54,Consumer,Basic,Monthly,36,49.55,Credit Card,3,1,5.0,23.8,No
1529,47,Enterprise,Standard,Annual,16,83.24,Bank Transfer,2,2,4.0,79.1,No
1530,37,Small Business,Standard,Two-Year,25,75.06,Digital Wallet,1,1,4.0,82.8,No
1531,57,Consumer,Standard,Annual,10,73.33,Digital Wallet,1,0,4.0,59.5,No
1532,45,Consumer,Standard,Monthly,82,72.88,Digital Wallet,2,2,3.0,47.3,Yes
1533,51,Consumer,Basic,Annual,19,60.04,Direct Debit,0,1,4.0,52.6,No
1534,26,Consumer,Basic,Annual,20,47.2,Bank Transfer,4,0,3.0,41.7,No
1535,36,Consumer,Basic,Two-Year,12,47.24,Credit Card,0,1,3.0,48.2,No
1536,50,Consumer,Standard,Two-Year,57,67.5,Credit Card,2,1,5.0,69.8,No
1537,41,Consumer,Basic,Annual,23,53.56,Credit Card,2,0,4.0,47.7,Yes
1538,20,Consumer,Basic,Monthly,11,44.9,Digital Wallet,0,0,3.0,61.3,Yes
1539,40,Consumer,Standard,Monthly,61,56.79,Direct Debit,5,1,2.0,74.2,No
1540,18,Small Business,Basic,Two-Year,27,48.74,Bank Transfer,0,0,4.0,69.5,No
1541,67,Consumer,Basic,Monthly,13,45.63,Direct Debit,2,1,2.0,43.6,No
1542,48,Consumer,Standard,Annual,91,82.49,Digital Wallet,0,0,3.0,66.0,No
1543,42,Small Business,Basic,Monthly,22,33.5,Digital Wallet,2,2,4.0,66.9,No
1544,42,Small Business,Premium,Monthly,7,115.23,Digital Wallet,3,1,5.0,55.2,No
1545,24,Consumer,Premium,Monthly,12,130.68,Direct Debit,2,2,3.0,44.9,Yes
1546,73,Consumer,Basic,Annual,47,51.2,Digital Wallet,3,1,4.0,58.3,No
1547,38,Consumer,Standard,Monthly,23,83.09,Direct Debit,3,2,4.0,32.2,No
1548,42,Consumer,Premium,Annual,13,118.06,Credit Card,0,1,4.0,70.5,No
1549,39,Consumer,Premium,Monthly,60,138.56,Direct Debit,6,2,1.0,65.0,Yes
1550,53,Small Business,Premium,Monthly,29,118.76,Bank Transfer,3,1,3.0,62.1,No
1551,48,Consumer,Basic,Monthly,14,30.57,Bank Transfer,4,1,2.0,41.1,Yes
1552,44,Consumer,Basic,Two-Year,19,44.76,Digital Wallet,2,2,3.0,76.4,No
1553,47,Enterprise,Standard,Monthly,26,77.13,Credit Card,3,3,3.0,54.3,No
1554,38,Small Business,Premium,Annual,13,102.7,Direct Debit,2,0,,35.0,No
1555,60,Enterprise,Basic,Monthly,50,33.98,Bank Transfer,2,1,3.0,61.0,No
1556,66,Consumer,Premium,Monthly,7,111.47,Bank Transfer,5,3,3.0,69.7,No
1557,45,Consumer,Basic,Annual,32,45.91,Bank Transfer,1,1,3.0,67.8,No
1558,18,Enterprise,Basic,Annual,20,57.29,Bank Transfer,2,2,4.0,70.9,No
1559,66,Small Business,Standard,Annual,15,75.32,Digital Wallet,4,1,2.0,42.4,No
1560,45,Consumer,Standard,Monthly,16,53.69,Direct Debit,4,3,2.0,49.0,Yes
1561,63,Small Business,Basic,Two-Year,25,43.14,Credit Card,1,2,3.0,68.6,No
1562,48,Consumer,Standard,Two-Year,21,69.81,Credit Card,4,0,2.0,60.8,No
1563,45,Consumer,Basic,Monthly,1,37.94,Digital Wallet,1,0,4.0,50.6,No
1564,39,Small Business,Standard,Monthly,36,65.72,Credit Card,3,1,3.0,47.9,No
1565,33,Small Business,Premium,Monthly,60,122.77,Credit Card,1,0,3.0,65.4,No
1566,44,Small Business,Premium,Two-Year,17,130.85,Unknown,4,0,2.0,79.6,No
1567,58,Consumer,Standard,Monthly,40,64.19,Bank Transfer,1,2,4.0,63.6,No
1568,37,Small Business,Standard,Monthly,19,79.55,Digital Wallet,5,1,2.0,57.3,No
1569,43,Consumer,Standard,Monthly,40,88.6,Bank Transfer,2,2,4.0,54.5,No
1570,70,Consumer,Premium,Annual,2,148.51,Direct Debit,0,0,4.0,52.7,No
1571,33,Small Business,Basic,Annual,22,36.06,Bank Transfer,2,1,3.0,70.8,No
1572,42,Small Business,Standard,Annual,6,88.03,Direct Debit,4,2,3.0,65.1,No
1573,21,Enterprise,Basic,Two-Year,37,45.31,Digital Wallet,1,0,4.0,62.3,No
1574,56,Enterprise,Standard,Two-Year,33,77.44,Digital Wallet,2,1,4.0,38.0,No
1575,50,Consumer,Basic,Two-Year,21,39.32,Credit Card,1,1,3.0,63.6,No
1576,30,Consumer,Standard,Monthly,34,66.78,Credit Card,2,1,3.0,40.2,No
1577,31,Small Business,Standard,Monthly,32,80.07,Digital Wallet,2,1,5.0,70.5,No
1578,55,Small Business,Basic,Annual,4,47.16,Credit Card,5,4,3.0,59.5,No
1579,51,Consumer,Standard,Monthly,34,71.76,Digital Wallet,3,1,3.0,42.5,No
1580,43,Consumer,Standard,Two-Year,21,46.77,Bank Transfer,1,1,3.0,62.1,No
1581,56,Consumer,Basic,Two-Year,31,34.04,Digital Wallet,3,1,4.0,53.2,No
1582,54,Consumer,Standard,Monthly,10,61.09,Direct Debit,2,1,4.0,70.6,No
1583,41,Consumer,Basic,Monthly,44,49.25,Digital Wallet,4,2,1.0,37.3,No
1584,56,Small Business,Premium,Monthly,27,159.03,Bank Transfer,3,1,2.0,48.1,No
1585,57,Consumer,Standard,Annual,39,80.04,Bank Transfer,2,0,4.0,65.2,No
1586,43,Small Business,Basic,Monthly,23,39.04,Bank Transfer,6,2,3.0,29.2,No
1587,37,Consumer,Premium,Two-Year,24,111.86,Digital Wallet,2,1,3.0,38.7,No
1588,55,Consumer,Basic,Two-Year,49,45.24,Digital Wallet,1,0,4.0,55.0,No
1589,44,Consumer,Standard,Annual,20,64.9,Credit Card,0,1,4.0,82.5,No
1590,34,Consumer,Basic,Monthly,8,53.08,Direct Debit,2,1,3.0,53.8,No
1591,23,Consumer,Basic,Two-Year,16,35.43,Direct Debit,1,1,5.0,63.5,No
1592,22,Consumer,Standard,Annual,17,70.34,Bank Transfer,2,3,5.0,67.8,No
1593,49,Small Business,Standard,Monthly,36,77.67,Credit Card,2,1,2.0,39.1,Yes
1594,50,Enterprise,Basic,Two-Year,13,38.84,Bank Transfer,2,0,3.0,51.9,No
1595,27,Enterprise,Standard,Monthly,32,101.48,Bank Transfer,6,1,2.0,40.3,No
1596,42,Small Business,Standard,Annual,14,88.24,Digital Wallet,1,0,3.0,65.2,No
1597,32,Consumer,Premium,Monthly,34,141.29,Bank Transfer,1,2,4.0,52.8,No
1598,26,Enterprise,Standard,Monthly,38,71.19,Digital Wallet,1,0,4.0,67.5,No
1599,52,Enterprise,Basic,Monthly,35,49.91,Direct Debit,1,1,3.0,53.9,No
1600,38,Consumer,Premium,Monthly,26,126.67,Direct Debit,3,5,4.0,57.9,No
1601,34,Enterprise,Standard,Monthly,50,71.87,Direct Debit,1,3,4.0,67.9,No
1602,67,Consumer,Standard,Two-Year,11,82.4,Bank Transfer,1,2,3.0,63.0,No
1603,40,Consumer,Basic,Monthly,21,33.14,Bank Transfer,4,2,3.0,70.4,No
1604,18,Small Business,Premium,Annual,36,131.32,Direct Debit,1,0,5.0,65.1,No
1605,50,Consumer,Standard,Monthly,45,80.14,Direct Debit,2,0,3.0,50.6,No
1606,52,Enterprise,Premium,Annual,21,108.77,Digital Wallet,2,0,3.0,83.7,No
1607,55,Small Business,Premium,Monthly,48,135.99,Credit Card,2,0,3.0,50.4,No
1608,30,Consumer,Basic,Annual,21,53.03,Bank Transfer,0,1,5.0,53.0,No
1609,46,Consumer,Basic,Annual,74,43.21,Direct Debit,2,2,4.0,27.8,No
1610,41,Small Business,Standard,Annual,36,78.71,Bank Transfer,1,1,4.0,53.6,No
1611,46,Small Business,Basic,Monthly,18,34.29,Credit Card,2,2,4.0,30.9,No
1612,35,Consumer,Standard,Monthly,26,49.62,Digital Wallet,3,1,4.0,72.6,No
1613,30,Small Business,Standard,Monthly,40,53.77,Direct Debit,1,1,4.0,55.9,No
1614,49,Consumer,Basic,Monthly,37,35.23,Direct Debit,1,0,3.0,82.2,No
1615,44,Consumer,Premium,Monthly,31,91.39,Digital Wallet,2,0,1.0,70.0,No
1616,40,Enterprise,Standard,Monthly,30,86.17,Bank Transfer,2,0,3.0,33.9,No
1617,47,Consumer,Basic,Two-Year,19,49.26,Bank Transfer,3,4,2.0,42.3,No
1618,35,Consumer,Standard,Annual,17,75.59,Direct Debit,2,0,3.0,45.6,No
1619,53,Enterprise,Standard,Monthly,6,68.34,Digital Wallet,1,0,2.0,71.6,No
1620,47,Consumer,Basic,Two-Year,24,54.48,Bank Transfer,2,1,5.0,78.8,No
1621,50,Consumer,Basic,Two-Year,9,46.73,Direct Debit,1,3,3.0,81.4,No
1622,45,Consumer,Standard,Annual,40,78.67,Direct Debit,2,1,4.0,38.1,No
1623,37,Small Business,Standard,Two-Year,23,60.15,Bank Transfer,5,2,3.0,45.4,No
1624,46,Consumer,Basic,Annual,23,47.21,Digital Wallet,4,2,1.0,88.2,No
1625,46,Enterprise,Premium,Annual,75,102.91,Direct Debit,4,2,4.0,52.1,No
1626,41,Consumer,Standard,Monthly,22,77.93,Digital Wallet,7,3,2.0,43.1,Yes
1627,38,Consumer,Standard,Annual,48,91.1,Credit Card,2,0,4.0,58.6,No
1628,47,Consumer,Standard,Monthly,21,68.53,Credit Card,2,0,5.0,27.1,No
1629,48,Consumer,Standard,Monthly,19,75.18,Digital Wallet,0,0,4.0,61.0,No
1630,65,Small Business,Premium,Monthly,14,132.94,Credit Card,5,1,3.0,65.9,Yes
1631,32,Consumer,Premium,Monthly,1,94.51,Direct Debit,0,0,4.0,79.3,No
1632,60,Small Business,Standard,Two-Year,20,47.74,Digital Wallet,2,0,4.0,36.0,No
1633,71,Consumer,Standard,Annual,41,73.33,Credit Card,1,0,2.0,53.3,No
1634,60,Consumer,Premium,Two-Year,27,110.41,Bank Transfer,2,1,3.0,64.4,No
1635,72,Small Business,Standard,Monthly,20,65.53,Credit Card,1,1,2.0,66.6,Yes
1636,27,Small Business,Basic,Monthly,29,48.41,Digital Wallet,1,1,4.0,56.9,No
1637,47,Consumer,Standard,Monthly,60,82.21,Credit Card,1,0,3.0,56.7,No
1638,45,Consumer,Basic,Monthly,18,38.43,Direct Debit,0,0,5.0,51.3,No
1639,41,Small Business,Standard,Monthly,3,93.23,Direct Debit,4,1,2.0,57.6,Yes
1640,38,Small Business,Standard,Monthly,18,69.65,Digital Wallet,0,1,4.0,58.1,No
1641,41,Consumer,Standard,Monthly,32,67.84,Direct Debit,5,0,2.0,49.5,No
1642,39,Enterprise,Basic,Annual,94,53.5,Direct Debit,1,0,4.0,67.8,No
1643,42,Consumer,Standard,Annual,39,77.86,Bank Transfer,3,1,4.0,45.9,No
1644,26,Consumer,Basic,Monthly,17,46.5,Direct Debit,2,1,4.0,68.4,No
1645,40,Consumer,Standard,Two-Year,17,74.15,Credit Card,1,1,3.0,73.6,No
1646,56,Consumer,Standard,Monthly,73,73.33,Bank Transfer,2,0,5.0,37.8,No
1647,55,Consumer,Standard,Monthly,18,78.24,Direct Debit,4,2,2.0,47.7,No
1648,53,Consumer,Standard,Annual,19,47.76,Digital Wallet,2,4,4.0,62.2,No
1649,35,Small Business,Basic,Monthly,20,37.32,Direct Debit,5,1,4.0,52.0,Yes
1650,25,Consumer,Premium,Monthly,72,116.97,Credit Card,0,2,3.0,69.3,No
1651,25,Small Business,Standard,Monthly,50,66.26,Digital Wallet,0,1,3.0,69.3,No
1652,19,Consumer,Standard,Monthly,21,57.77,Credit Card,2,2,3.0,67.1,No
1653,20,Small Business,Basic,Annual,43,42.33,Direct Debit,4,1,2.0,49.0,No
1654,46,Consumer,Premium,Two-Year,18,128.85,Direct Debit,1,0,5.0,58.1,No
1655,57,Small Business,Basic,Two-Year,56,39.51,Digital Wallet,4,2,3.0,67.2,No
1656,27,Small Business,Basic,Monthly,10,49.67,Direct Debit,2,1,3.0,27.9,No
1657,21,Enterprise,Standard,Two-Year,14,72.69,Bank Transfer,2,5,4.0,33.0,No
1658,30,Consumer,Premium,Annual,15,89.18,Digital Wallet,2,1,5.0,61.3,No
1659,22,Enterprise,Premium,Monthly,96,132.91,Direct Debit,3,1,4.0,80.1,No
1660,39,Consumer,Basic,Monthly,46,49.2,Digital Wallet,1,0,3.0,68.0,No
1661,42,Consumer,Basic,Monthly,43,59.4,Direct Debit,3,2,3.0,73.4,No
1662,33,Enterprise,Basic,Monthly,11,54.26,Direct Debit,1,0,3.0,58.5,No
1663,59,Consumer,Standard,Annual,24,71.91,Credit Card,2,4,1.0,59.1,No
1664,41,Small Business,Standard,Two-Year,7,81.15,Digital Wallet,1,0,4.0,61.2,No
1665,18,Consumer,Basic,Monthly,29,45.01,Unknown,4,4,2.0,50.7,No
1666,61,Consumer,Standard,Monthly,42,78.14,Direct Debit,3,4,3.0,53.5,No
1667,52,Enterprise,Premium,Two-Year,44,109.67,Credit Card,0,0,4.0,76.9,No
1668,63,Enterprise,Premium,Monthly,9,143.22,Bank Transfer,2,1,3.0,86.3,No
1669,38,Small Business,Standard,Two-Year,22,61.87,Digital Wallet,1,0,3.0,57.4,No
1670,53,Small Business,Standard,Monthly,12,69.41,Credit Card,4,1,2.0,52.3,No
1671,27,Consumer,Standard,Monthly,17,66.37,Direct Debit,0,0,3.0,71.9,No
1672,39,Consumer,Premium,Monthly,55,124.85,Direct Debit,4,1,1.0,69.9,No
1673,48,Consumer,Premium,Annual,11,107.39,Direct Debit,4,3,3.0,61.6,No
1674,42,Small Business,Basic,Monthly,23,43.13,Direct Debit,5,4,2.0,58.3,No
1675,46,Enterprise,Standard,Two-Year,11,70.6,Digital Wallet,4,1,4.0,59.3,No
1676,38,Small Business,Standard,Annual,48,73.33,Direct Debit,3,0,2.0,47.9,No
1677,57,Enterprise,Standard,Monthly,71,74.75,Unknown,2,0,5.0,43.3,No
1678,34,Enterprise,Standard,Two-Year,25,73.37,Direct Debit,2,2,3.0,42.6,No
1679,40,Small Business,Standard,Monthly,24,56.17,Bank Transfer,5,1,2.0,55.2,No
1680,31,Enterprise,Basic,Monthly,8,43.26,Digital Wallet,3,2,2.0,87.5,No
1681,18,Consumer,Basic,Monthly,69,27.08,Direct Debit,0,1,4.0,53.5,No
1682,40,Consumer,Standard,Monthly,22,58.73,Credit Card,2,1,2.0,38.0,No
1683,50,Consumer,Premium,Monthly,12,134.23,Credit Card,0,2,3.0,29.3,No
1684,31,Consumer,Basic,Two-Year,37,36.52,Digital Wallet,0,0,4.0,86.8,No
1685,36,Consumer,Standard,Annual,30,81.6,Bank Transfer,3,3,5.0,53.0,No
1686,67,Consumer,Basic,Two-Year,18,47.4,Credit Card,1,0,4.0,63.1,No
1687,29,Consumer,Standard,Annual,35,79.44,Credit Card,1,0,3.0,74.8,No
1688,57,Consumer,Basic,Annual,74,48.19,Credit Card,2,0,3.0,57.8,No
1689,70,Consumer,Basic,Two-Year,5,37.36,Bank Transfer,1,0,5.0,67.9,No
1690,62,Consumer,Basic,Two-Year,11,49.79,Digital Wallet,1,1,4.0,51.8,No
1691,47,Enterprise,Standard,Monthly,15,75.68,Bank Transfer,3,1,4.0,38.5,No
1692,59,Small Business,Basic,Annual,22,56.14,Credit Card,1,1,4.0,80.0,No
1693,40,Consumer,Basic,Monthly,43,67.2,Digital Wallet,6,2,3.0,44.4,No
1694,37,Small Business,Basic,Monthly,32,51.47,Digital Wallet,1,0,4.0,63.7,No
1695,36,Consumer,Premium,Monthly,59,96.09,Digital Wallet,3,2,2.0,51.6,No
1696,44,Enterprise,Basic,Monthly,20,58.96,Direct Debit,3,0,2.0,62.5,No
1697,47,Consumer,Basic,Annual,15,42.04,Credit Card,3,1,4.0,74.8,No
1698,60,Consumer,Standard,Monthly,30,84.03,Digital Wallet,5,3,1.0,47.9,No
1699,34,Consumer,Standard,Two-Year,31,94.98,Direct Debit,3,0,4.0,64.9,No
1700,46,Enterprise,Basic,Monthly,40,41.73,Bank Transfer,4,0,4.0,63.3,No
1701,24,Consumer,Standard,Monthly,34,76.05,Digital Wallet,2,0,2.0,62.0,Yes
1702,56,Enterprise,Premium,Monthly,36,109.33,Direct Debit,3,3,3.0,69.1,No
1703,53,Consumer,Premium,Annual,5,103.61,Direct Debit,3,1,5.0,47.8,No
1704,50,Enterprise,Premium,Monthly,42,106.64,Bank Transfer,5,0,2.0,63.7,No
1705,47,Consumer,Basic,Monthly,52,47.31,Credit Card,3,2,2.0,47.0,No
1706,23,Small Business,Standard,Two-Year,33,69.44,Digital Wallet,0,1,2.0,77.0,No
1707,38,Small Business,Premium,Monthly,12,97.63,Digital Wallet,4,3,1.0,48.4,Yes
1708,48,Consumer,Standard,Monthly,43,63.64,Credit Card,5,3,4.0,34.9,No
1709,72,Consumer,Basic,Monthly,13,50.72,Credit Card,2,0,2.0,83.0,No
1710,46,Consumer,Basic,Annual,32,62.18,Bank Transfer,1,0,5.0,67.6,No
1711,31,Enterprise,Premium,Monthly,17,110.4,Digital Wallet,4,0,4.0,29.9,No
1712,40,Consumer,Premium,Monthly,44,112.39,Direct Debit,2,1,4.0,67.8,No
1713,40,Small Business,Standard,Monthly,19,71.79,Bank Transfer,2,0,2.0,52.0,No
1714,42,Consumer,Basic,Two-Year,11,25.0,Bank Transfer,1,0,3.0,68.4,No
1715,21,Consumer,Basic,Monthly,18,38.51,Direct Debit,1,1,3.0,69.3,No
1716,37,Consumer,Standard,Monthly,56,57.58,Bank Transfer,1,0,2.0,68.8,No
1717,46,Consumer,Basic,Monthly,6,40.79,Bank Transfer,3,1,1.0,63.0,No
1718,38,Small Business,Standard,Annual,50,70.84,Direct Debit,1,0,2.0,64.0,No
1719,32,Small Business,Standard,Monthly,13,69.22,Bank Transfer,3,0,5.0,68.0,No
1720,51,Small Business,Basic,Monthly,58,38.7,Digital Wallet,3,1,2.0,49.2,No
1721,47,Enterprise,Basic,Monthly,14,55.63,Direct Debit,1,0,4.0,59.5,No
1722,45,Small Business,Standard,Monthly,38,79.55,Direct Debit,2,2,3.0,45.6,No
1723,41,Enterprise,Standard,Annual,16,80.83,Bank Transfer,4,0,4.0,45.4,No
1724,41,Consumer,Basic,Annual,43,40.99,Direct Debit,0,1,4.0,69.9,No
1725,51,Consumer,Basic,Annual,13,39.51,Direct Debit,3,0,3.0,54.5,No
1726,58,Enterprise,Basic,Annual,11,43.62,Digital Wallet,1,0,4.0,70.4,No
1727,32,Small Business,Standard,Monthly,34,71.33,Bank Transfer,2,1,3.0,61.8,No
1728,49,Consumer,Premium,Annual,39,122.2,Direct Debit,1,1,3.0,61.8,No
1729,52,Consumer,Premium,Annual,26,94.46,Bank Transfer,2,0,5.0,54.1,No
1730,50,Consumer,Standard,Annual,15,64.29,Direct Debit,1,0,4.0,97.7,No
1731,36,Consumer,Standard,Annual,2,70.41,Credit Card,0,1,3.0,46.7,No
1732,18,Consumer,Standard,Annual,37,64.1,Bank Transfer,0,1,3.0,52.6,No
1733,27,Consumer,Premium,Monthly,4,112.92,Digital Wallet,3,0,2.0,65.9,No
1734,29,Enterprise,Basic,Monthly,35,47.34,Bank Transfer,4,0,4.0,47.9,Yes
1735,61,Small Business,Standard,Monthly,11,62.24,Digital Wallet,5,3,3.0,57.6,No
1736,47,Small Business,Basic,Monthly,23,42.54,Bank Transfer,4,4,1.0,56.3,No
1737,45,Consumer,Standard,Annual,20,87.5,Bank Transfer,4,0,3.0,53.1,No
1738,29,Enterprise,Standard,Monthly,37,81.13,Credit Card,4,2,3.0,64.6,No
1739,39,Consumer,Basic,Monthly,48,30.37,Bank Transfer,0,0,4.0,40.3,No
1740,47,Consumer,Basic,Monthly,27,50.89,Bank Transfer,1,0,4.0,71.0,No
1741,40,Consumer,Standard,Monthly,71,68.74,Digital Wallet,1,0,4.0,59.1,No
1742,48,Consumer,Standard,Monthly,33,51.95,Bank Transfer,2,0,3.0,70.2,No
1743,47,Consumer,Premium,Monthly,21,147.38,Direct Debit,1,1,2.0,59.0,No
1744,30,Enterprise,Standard,Monthly,5,77.71,Bank Transfer,7,2,2.0,59.5,No
1745,33,Small Business,Basic,Two-Year,48,45.86,Credit Card,2,3,2.0,62.7,No
1746,54,Enterprise,Basic,Annual,47,45.47,Direct Debit,3,2,3.0,71.7,No
1747,44,Small Business,Standard,Monthly,17,51.05,Credit Card,2,0,3.0,75.0,No
1748,32,Consumer,Basic,Two-Year,23,41.94,Digital Wallet,2,1,3.0,69.1,No
1749,56,Consumer,Basic,Monthly,24,51.23,Digital Wallet,1,1,2.0,60.4,No
1750,58,Consumer,Standard,Two-Year,6,81.86,Digital Wallet,1,0,2.0,39.6,No
1751,24,Enterprise,Basic,Two-Year,8,45.62,Credit Card,0,0,5.0,62.7,No
1752,45,Small Business,Premium,Monthly,26,118.15,Digital Wallet,5,4,2.0,43.4,No
1753,44,Enterprise,Basic,Annual,51,46.85,Credit Card,2,2,4.0,67.6,No
1754,49,Small Business,Premium,Annual,28,124.95,Bank Transfer,4,0,3.0,70.1,No
1755,69,Enterprise,Standard,Annual,30,67.33,Direct Debit,1,0,5.0,70.8,No
1756,32,Consumer,Basic,Monthly,17,46.47,Credit Card,6,4,4.0,72.5,No
1757,27,Consumer,Premium,Monthly,49,141.51,Credit Card,2,3,3.0,61.6,No
1758,55,Consumer,Standard,Annual,22,104.13,Direct Debit,1,0,5.0,79.3,No
1759,51,Enterprise,Premium,Monthly,32,153.53,Digital Wallet,2,0,3.0,71.4,No
1760,18,Consumer,Basic,Monthly,7,50.1,Bank Transfer,3,2,5.0,50.9,No
1761,51,Consumer,Basic,Monthly,14,46.93,Direct Debit,3,2,3.0,36.5,No
1762,18,Small Business,Basic,Annual,20,43.01,Direct Debit,2,0,3.0,60.1,No
1763,48,Small Business,Basic,Two-Year,24,38.11,Bank Transfer,2,1,4.0,70.4,No
1764,69,Consumer,Premium,Annual,21,133.22,Direct Debit,2,3,5.0,73.8,No
1765,38,Consumer,Standard,Monthly,52,62.29,Digital Wallet,2,2,3.0,58.1,No
1766,36,Small Business,Standard,Monthly,22,79.68,Digital Wallet,2,2,2.0,21.0,Yes
1767,55,Small Business,Standard,Monthly,25,68.52,Credit Card,3,1,4.0,41.9,No
1768,58,Consumer,Basic,Monthly,5,51.02,Bank Transfer,2,0,3.0,56.3,No
1769,46,Consumer,Premium,Monthly,43,127.43,Credit Card,2,1,3.0,89.3,No
1770,55,Consumer,Standard,Two-Year,18,67.96,Credit Card,1,1,3.0,54.2,No
1771,36,Small Business,Basic,Annual,26,38.11,Credit Card,2,0,4.0,66.5,No
1772,52,Consumer,Standard,Monthly,15,86.37,Digital Wallet,1,0,3.0,56.9,No
1773,42,Consumer,Standard,Monthly,10,81.02,Credit Card,4,2,3.0,47.3,No
1774,27,Consumer,Standard,Annual,96,83.78,Bank Transfer,0,1,4.0,88.8,No
1775,51,Small Business,Basic,Annual,42,45.77,Credit Card,2,1,4.0,47.4,No
1776,37,Small Business,Premium,Annual,29,137.05,Direct Debit,6,2,2.0,60.7,No
1777,41,Consumer,Basic,Monthly,7,68.23,Digital Wallet,4,1,3.0,75.0,No
1778,44,Enterprise,Premium,Two-Year,14,123.05,Bank Transfer,2,0,4.0,44.4,No
1779,42,Consumer,Basic,Monthly,10,43.73,Bank Transfer,2,1,2.0,85.0,No
1780,49,Enterprise,Standard,Monthly,16,75.46,Bank Transfer,1,0,3.0,80.5,No
1781,50,Small Business,Standard,Annual,20,72.37,Bank Transfer,2,0,3.0,62.7,No
1782,37,Consumer,Basic,Annual,10,51.09,Bank Transfer,1,0,4.0,73.0,No
1783,54,Consumer,Basic,Monthly,5,57.25,Credit Card,3,0,3.0,34.4,No
1784,52,Consumer,Standard,Monthly,25,76.9,Credit Card,2,1,3.0,67.1,No
1785,40,Enterprise,Premium,Two-Year,9,109.03,Direct Debit,3,1,4.0,45.9,No
1786,38,Consumer,Standard,Annual,31,69.97,Credit Card,0,0,4.0,61.0,No
1787,54,Small Business,Basic,Annual,16,56.73,Credit Card,1,2,3.0,68.3,No
1788,35,Consumer,Standard,Monthly,20,77.26,Digital Wallet,2,4,3.0,66.6,Yes
1789,38,Enterprise,Standard,Monthly,4,62.1,Credit Card,4,0,2.0,23.4,No
1790,56,Consumer,Standard,Two-Year,23,52.76,Bank Transfer,1,0,3.0,45.0,No
1791,51,Consumer,Premium,Annual,62,135.33,Bank Transfer,4,0,3.0,71.4,No
1792,34,Consumer,Premium,Monthly,27,113.16,Direct Debit,2,0,5.0,73.7,No
1793,51,Consumer,Premium,Annual,3,128.34,Credit Card,0,0,3.0,86.2,No
1794,54,Consumer,Standard,Monthly,68,78.32,Bank Transfer,1,1,5.0,47.2,No
1795,68,Small Business,Premium,Two-Year,15,144.59,Digital Wallet,1,1,3.0,79.0,No
1796,53,Consumer,Premium,Monthly,37,87.93,Digital Wallet,0,0,4.0,66.5,No
1797,46,Consumer,Basic,Monthly,20,42.31,Bank Transfer,3,0,4.0,54.9,No
1798,33,Consumer,Premium,Two-Year,8,109.88,Digital Wallet,1,0,4.0,76.3,No
1799,56,Enterprise,Standard,Monthly,32,72.26,Credit Card,3,1,5.0,41.6,No
1800,18,Small Business,Basic,Monthly,54,55.08,Bank Transfer,3,0,2.0,69.4,No
1801,54,Enterprise,Standard,Two-Year,18,91.95,Digital Wallet,2,0,4.0,76.5,No
1802,42,Small Business,Premium,Monthly,17,122.32,Bank Transfer,1,0,5.0,79.6,No
1803,49,Consumer,Basic,Monthly,13,58.17,Digital Wallet,3,3,1.0,45.2,No
1804,30,Consumer,Standard,Monthly,2,78.0,Direct Debit,3,3,3.0,42.6,No
1805,45,Consumer,Standard,Annual,30,82.86,Credit Card,2,1,5.0,95.6,Yes
1806,26,Enterprise,Standard,Annual,41,77.6,Credit Card,2,1,4.0,71.2,No
1807,23,Small Business,Standard,Annual,16,76.85,Digital Wallet,0,2,4.0,65.0,No
1808,37,Small Business,Standard,Monthly,21,54.11,Bank Transfer,3,4,3.0,30.6,No
1809,53,Enterprise,Basic,Two-Year,21,25.8,Bank Transfer,4,4,3.0,53.7,No
1810,46,Consumer,Basic,Monthly,28,42.82,Credit Card,3,1,2.0,54.1,No
1811,62,Consumer,Basic,Monthly,21,35.89,Bank Transfer,3,3,2.0,69.8,No
1812,37,Consumer,Standard,Annual,63,67.27,Digital Wallet,2,1,2.0,60.1,No
1813,60,Small Business,Basic,Monthly,7,29.9,Direct Debit,2,1,4.0,57.1,Yes
1814,43,Consumer,Standard,Monthly,31,56.91,Digital Wallet,2,0,4.0,61.3,No
1815,43,Consumer,Standard,Annual,51,71.05,Direct Debit,1,5,5.0,43.5,No
1816,61,Consumer,Standard,Monthly,23,71.58,Bank Transfer,5,3,4.0,19.2,Yes
1817,45,Consumer,Basic,Annual,38,64.66,Bank Transfer,1,0,4.0,43.6,No
1818,38,Consumer,Standard,Annual,25,89.06,Direct Debit,2,0,5.0,73.8,No
1819,51,Enterprise,Standard,Monthly,23,74.38,Digital Wallet,4,0,4.0,37.4,No
1820,31,Small Business,Standard,Monthly,11,63.1,Direct Debit,0,0,4.0,66.3,No
1821,58,Consumer,Basic,Two-Year,27,36.37,Credit Card,4,3,2.0,45.3,No
1822,56,Consumer,Standard,Monthly,5,73.54,Digital Wallet,1,1,4.0,88.1,No
1823,41,Small Business,Basic,Two-Year,9,39.57,Credit Card,1,0,5.0,56.7,No
1824,42,Consumer,Basic,Annual,45,39.13,Credit Card,3,1,3.0,48.0,No
1825,43,Small Business,Standard,Monthly,14,78.46,Direct Debit,1,1,5.0,64.9,No
1826,58,Consumer,Basic,Monthly,16,37.0,Digital Wallet,2,0,4.0,68.5,No
1827,33,Consumer,Standard,Monthly,18,68.55,Bank Transfer,1,2,3.0,56.9,No
1828,52,Consumer,Standard,Annual,2,69.63,Credit Card,1,3,4.0,59.5,No
1829,18,Small Business,Premium,Monthly,15,111.45,Credit Card,6,6,2.0,80.1,Yes
1830,36,Consumer,Basic,Monthly,43,36.43,Bank Transfer,6,3,2.0,46.0,No
1831,39,Consumer,Standard,Monthly,33,72.85,Direct Debit,0,0,4.0,80.8,No
1832,34,Enterprise,Basic,Monthly,31,46.63,Digital Wallet,2,0,5.0,85.1,No
1833,56,Consumer,Premium,Monthly,22,115.84,Digital Wallet,2,1,3.0,64.0,No
1834,47,Consumer,Premium,Monthly,53,117.06,Credit Card,0,0,5.0,38.9,No
1835,24,Consumer,Standard,Monthly,65,79.77,Bank Transfer,5,3,3.0,47.4,No
1836,24,Enterprise,Standard,Annual,39,73.19,Credit Card,3,6,4.0,70.6,No
1837,43,Small Business,Standard,Monthly,22,80.49,Bank Transfer,0,0,4.0,50.8,No
1838,55,Enterprise,Standard,Monthly,26,71.87,Direct Debit,0,1,3.0,88.2,No
1839,41,Small Business,Standard,Monthly,19,83.56,Credit Card,1,2,3.0,58.9,No
1840,57,Small Business,Standard,Two-Year,12,71.0,Direct Debit,1,2,4.0,52.9,No
1841,49,Small Business,Premium,Monthly,58,101.61,Bank Transfer,4,4,3.0,76.6,No
1842,37,Small Business,Basic,Two-Year,76,51.02,Unknown,0,0,4.0,64.1,No
1843,24,Small Business,Basic,Two-Year,32,41.69,Bank Transfer,2,0,4.0,75.9,No
1844,50,Consumer,Basic,Monthly,36,51.42,Direct Debit,1,0,4.0,73.9,No
1845,37,Consumer,Premium,Annual,13,113.59,Digital Wallet,1,2,3.0,78.5,No
1846,36,Consumer,Basic,Monthly,20,40.77,Credit Card,2,1,5.0,66.0,No
1847,47,Enterprise,Basic,Annual,20,36.77,Credit Card,1,1,4.0,61.6,Yes
1848,51,Enterprise,Standard,Annual,8,59.4,Direct Debit,1,1,2.0,40.5,No
1849,46,Consumer,Standard,Two-Year,25,56.19,Direct Debit,3,0,2.0,63.9,No
1850,25,Consumer,Standard,Monthly,12,84.89,Bank Transfer,3,2,3.0,36.0,No
1851,31,Small Business,Basic,Two-Year,96,31.87,Bank Transfer,2,2,5.0,90.5,No
1852,32,Consumer,Standard,Annual,51,76.22,Credit Card,4,3,3.0,41.8,No
1853,60,Consumer,Basic,Two-Year,17,55.19,Bank Transfer,2,2,2.0,67.6,No
1854,46,Consumer,Standard,Monthly,28,75.4,Bank Transfer,5,2,3.0,77.1,No
1855,52,Consumer,Basic,Monthly,5,52.91,Credit Card,3,3,2.0,56.6,No
1856,50,Enterprise,Standard,Annual,13,64.35,Digital Wallet,1,1,3.0,84.1,No
1857,48,Small Business,Basic,Annual,15,42.33,Direct Debit,2,3,4.0,73.5,No
1858,48,Consumer,Basic,Monthly,34,54.41,Direct Debit,6,2,3.0,56.5,No
1859,48,Small Business,Basic,Monthly,14,47.99,Digital Wallet,3,3,2.0,41.6,No
1860,29,Consumer,Basic,Monthly,41,39.77,Direct Debit,6,0,3.0,40.5,No
1861,56,Consumer,Standard,Annual,13,76.49,Direct Debit,2,4,5.0,51.4,No
1862,78,Consumer,Premium,Two-Year,31,125.45,Direct Debit,1,1,5.0,70.1,No
1863,27,Consumer,Standard,Monthly,51,52.63,Digital Wallet,1,1,2.0,55.1,No
1864,41,Consumer,Standard,Monthly,14,78.82,Credit Card,3,4,3.0,76.3,No
1865,31,Consumer,Basic,Monthly,46,52.57,Bank Transfer,2,0,4.0,39.5,No
1866,69,Consumer,Standard,Monthly,11,56.52,Bank Transfer,4,1,3.0,67.3,No
1867,46,Consumer,Standard,Monthly,29,53.88,Bank Transfer,6,2,2.0,45.6,No
1868,18,Enterprise,Standard,Monthly,8,85.78,Bank Transfer,2,0,5.0,50.7,No
1869,46,Small Business,Standard,Monthly,44,86.97,Direct Debit,0,0,2.0,54.5,No
1870,32,Enterprise,Basic,Annual,30,42.87,Direct Debit,1,1,4.0,38.7,No
1871,50,Enterprise,Basic,Annual,9,59.39,Direct Debit,2,1,3.0,71.0,No
1872,49,Small Business,Premium,Monthly,34,101.26,Direct Debit,2,1,3.0,62.1,No
1873,46,Consumer,Basic,Annual,12,49.68,Digital Wallet,6,4,1.0,34.6,Yes
1874,46,Small Business,Premium,Two-Year,19,92.47,Bank Transfer,0,2,5.0,78.1,No
1875,63,Small Business,Standard,Monthly,4,82.21,Direct Debit,5,1,1.0,51.6,No
1876,43,Consumer,Premium,Monthly,16,150.45,Direct Debit,2,0,3.0,70.5,No
1877,46,Consumer,Standard,Two-Year,2,75.57,Direct Debit,1,1,5.0,79.3,No
1878,48,Small Business,Standard,Monthly,25,100.54,Bank Transfer,3,1,4.0,48.0,No
1879,26,Enterprise,Standard,Monthly,28,75.99,Bank Transfer,4,1,4.0,39.9,No
1880,30,Consumer,Standard,Monthly,49,69.08,Direct Debit,1,0,4.0,65.0,No
1881,51,Small Business,Basic,Monthly,67,31.14,Bank Transfer,2,0,3.0,64.0,No
1882,61,Small Business,Basic,Monthly,40,49.98,Bank Transfer,0,0,4.0,53.1,No
1883,32,Small Business,Premium,Annual,57,90.29,Digital Wallet,1,1,2.0,62.3,No
1884,54,Small Business,Basic,Monthly,29,52.04,Credit Card,4,0,3.0,57.3,No
1885,29,Enterprise,Standard,Two-Year,68,87.36,Direct Debit,3,0,4.0,62.4,No
1886,65,Consumer,Standard,Monthly,10,67.71,Digital Wallet,3,1,2.0,60.9,No
1887,35,Consumer,Basic,Monthly,36,44.42,Direct Debit,2,0,3.0,56.7,No
1888,45,Consumer,Standard,Monthly,16,82.06,Direct Debit,4,1,3.0,53.6,No
1889,30,Small Business,Standard,Two-Year,12,68.34,Digital Wallet,2,1,2.0,63.6,No
1890,50,Consumer,Standard,Monthly,38,71.68,Direct Debit,2,0,3.0,61.6,No
1891,38,Consumer,Basic,Monthly,30,27.15,Direct Debit,2,0,4.0,39.8,No
1892,33,Small Business,Standard,Annual,29,73.69,Digital Wallet,1,0,4.0,71.3,No
1893,38,Consumer,Standard,Monthly,22,63.39,Credit Card,2,3,2.0,57.1,No
1894,34,Small Business,Standard,Annual,33,69.64,Digital Wallet,0,0,4.0,65.7,No
1895,31,Consumer,Basic,Monthly,23,48.03,Direct Debit,4,0,3.0,66.2,No
1896,24,Consumer,Premium,Annual,19,87.92,Digital Wallet,4,1,4.0,62.2,No
1897,41,Consumer,Standard,Monthly,35,71.62,Digital Wallet,2,2,4.0,51.3,No
1898,55,Small Business,Premium,Monthly,37,109.87,Digital Wallet,0,0,3.0,65.3,No
1899,47,Small Business,Basic,Monthly,15,49.05,Bank Transfer,2,3,3.0,36.0,No
1900,52,Consumer,Premium,Monthly,28,127.23,Direct Debit,2,0,4.0,65.4,Yes
1901,44,Enterprise,Standard,Monthly,14,66.16,Bank Transfer,2,2,3.0,49.6,No
1902,49,Consumer,Standard,Two-Year,14,76.19,Digital Wallet,4,2,3.0,59.5,No
1903,73,Consumer,Standard,Monthly,38,81.06,Digital Wallet,2,3,4.0,43.6,No
1904,40,Consumer,Standard,Monthly,3,86.62,Direct Debit,2,1,3.0,42.9,No
1905,50,Consumer,Basic,Annual,52,46.56,Bank Transfer,0,1,2.0,77.5,Yes
1906,32,Consumer,Standard,Two-Year,15,78.28,Credit Card,2,1,3.0,61.3,No
1907,45,Consumer,Basic,Monthly,37,41.73,Direct Debit,0,0,2.0,50.2,No
1908,34,Consumer,Standard,Annual,10,77.47,Bank Transfer,4,1,4.0,63.1,No
1909,52,Small Business,Standard,Monthly,30,72.58,Digital Wallet,2,2,4.0,52.8,No
1910,39,Consumer,Premium,Monthly,17,92.32,Credit Card,3,1,4.0,71.0,No
1911,59,Enterprise,Standard,Annual,14,77.52,Bank Transfer,3,5,3.0,57.6,No
1912,46,Small Business,Standard,Monthly,26,68.37,Direct Debit,3,1,2.0,36.4,No
1913,51,Consumer,Standard,Annual,43,76.8,Digital Wallet,0,1,5.0,74.7,No
1914,26,Small Business,Basic,Monthly,23,29.71,Direct Debit,6,1,3.0,55.7,No
1915,58,Consumer,Basic,Monthly,20,46.88,Credit Card,1,0,4.0,71.0,No
1916,51,Enterprise,Premium,Monthly,33,117.64,Credit Card,0,0,3.0,59.0,No
1917,50,Consumer,Basic,Annual,9,43.4,Direct Debit,2,2,4.0,72.2,No
1918,57,Small Business,Standard,Two-Year,4,93.5,Digital Wallet,2,0,3.0,45.1,No
1919,39,Consumer,Premium,Monthly,8,104.52,Credit Card,1,0,3.0,62.6,No
1920,71,Consumer,Standard,Monthly,34,60.61,Bank Transfer,2,0,2.0,92.4,No
1921,42,Consumer,Basic,Monthly,32,52.6,Credit Card,0,0,5.0,50.9,Yes
1922,46,Consumer,Standard,Annual,15,75.4,Direct Debit,0,1,3.0,66.1,No
1923,55,Small Business,Standard,Monthly,18,77.03,Direct Debit,3,1,4.0,39.9,No
1924,34,Small Business,Basic,Monthly,39,46.79,Credit Card,4,2,3.0,54.4,No
1925,50,Consumer,Basic,Two-Year,55,55.43,Credit Card,0,0,4.0,66.9,No
1926,39,Consumer,Standard,Monthly,68,48.61,Digital Wallet,0,0,3.0,61.6,No
1927,43,Consumer,Premium,Monthly,37,114.58,Unknown,3,1,3.0,40.1,No
1928,48,Enterprise,Premium,Two-Year,44,143.74,Direct Debit,3,2,4.0,76.7,No
1929,54,Consumer,Standard,Monthly,19,56.43,Credit Card,1,1,3.0,39.6,No
1930,61,Consumer,Basic,Monthly,10,59.17,Credit Card,1,1,3.0,34.1,No
1931,33,Enterprise,Standard,Monthly,18,83.67,Bank Transfer,1,0,3.0,60.3,No
1932,38,Enterprise,Basic,Monthly,20,49.55,Digital Wallet,5,4,1.0,62.1,Yes
1933,66,Small Business,Basic,Monthly,41,33.57,Digital Wallet,1,2,4.0,71.3,No
1934,49,Small Business,Standard,Two-Year,40,96.09,Digital Wallet,1,0,5.0,53.4,No
1935,51,Consumer,Premium,Annual,14,113.49,Digital Wallet,1,0,5.0,93.5,No
1936,33,Small Business,Standard,Two-Year,26,88.71,Bank Transfer,0,0,4.0,39.4,No
1937,24,Consumer,Basic,Annual,9,55.51,Bank Transfer,2,0,4.0,79.0,No
1938,51,Consumer,Premium,Monthly,15,122.34,Credit Card,3,3,3.0,92.5,No
1939,18,Consumer,Standard,Monthly,16,70.66,Bank Transfer,1,0,3.0,79.2,No
1940,46,Consumer,Basic,Annual,25,37.18,Credit Card,2,0,4.0,70.3,No
1941,67,Consumer,Basic,Monthly,43,49.81,Direct Debit,1,0,2.0,61.2,No
1942,41,Consumer,Standard,Monthly,26,77.14,Bank Transfer,3,1,4.0,55.3,No
1943,50,Enterprise,Basic,Monthly,26,52.62,Credit Card,0,1,4.0,58.0,No
1944,37,Small Business,Basic,Annual,33,43.93,Bank Transfer,3,0,4.0,56.9,No
1945,38,Consumer,Basic,Annual,46,36.09,Credit Card,2,1,3.0,62.2,No
1946,47,Small Business,Standard,Monthly,23,67.71,Direct Debit,3,1,4.0,55.0,No
1947,53,Consumer,Basic,Monthly,40,42.6,Direct Debit,6,1,3.0,53.9,No
1948,34,Consumer,Basic,Annual,30,41.14,Credit Card,0,0,4.0,100.0,No
1949,24,Consumer,Standard,Annual,19,82.03,Digital Wallet,3,3,3.0,68.4,No
1950,43,Enterprise,Standard,Monthly,39,83.53,Direct Debit,2,3,4.0,72.3,No
1951,46,Consumer,Basic,Monthly,50,40.33,Credit Card,4,3,2.0,63.6,No
1952,30,Enterprise,Standard,Monthly,20,70.87,Credit Card,4,1,3.0,46.7,No
1953,76,Small Business,Basic,Monthly,7,31.49,Digital Wallet,3,0,1.0,42.5,No
1954,22,Enterprise,Standard,Monthly,9,92.03,Direct Debit,3,2,3.0,56.0,No
1955,33,Small Business,Premium,Two-Year,45,91.49,Direct Debit,1,0,4.0,96.3,No
1956,42,Consumer,Standard,Two-Year,12,75.15,Direct Debit,1,1,3.0,68.7,No
1957,33,Consumer,Basic,Two-Year,22,37.71,Direct Debit,0,0,3.0,75.0,No
1958,51,Small Business,Standard,Monthly,23,78.4,Digital Wallet,3,1,3.0,33.2,No
1959,40,Consumer,Basic,Two-Year,11,46.28,Bank Transfer,1,2,2.0,45.6,No
1960,41,Consumer,Premium,Monthly,38,134.89,Bank Transfer,4,2,3.0,52.8,No
1961,62,Small Business,Premium,Monthly,50,109.84,Credit Card,2,0,3.0,75.7,No
1962,64,Consumer,Basic,Monthly,24,52.78,Digital Wallet,2,0,5.0,66.0,No
1963,50,Consumer,Premium,Monthly,13,92.14,Bank Transfer,1,0,3.0,77.5,No
1964,50,Consumer,Premium,Annual,7,132.68,Digital Wallet,2,2,2.0,60.9,No
1965,74,Small Business,Basic,Monthly,6,46.88,Direct Debit,3,3,2.0,39.3,No
1966,29,Small Business,Basic,Monthly,23,58.61,Direct Debit,1,0,3.0,78.3,No
1967,63,Small Business,Standard,Monthly,33,95.13,Credit Card,1,1,3.0,78.3,No
1968,54,Consumer,Basic,Annual,29,42.26,Credit Card,1,1,3.0,60.0,No
1969,41,Consumer,Basic,Monthly,12,34.66,Direct Debit,3,2,4.0,37.8,No
1970,41,Consumer,Premium,Two-Year,81,125.46,Credit Card,1,1,3.0,52.7,No
1971,34,Consumer,Standard,Monthly,20,72.4,Credit Card,2,1,4.0,50.7,No
1972,30,Consumer,Premium,Annual,37,93.22,Digital Wallet,2,0,4.0,100.0,No
1973,38,Consumer,Premium,Two-Year,15,87.99,Bank Transfer,2,1,3.0,72.6,No
1974,18,Consumer,Standard,Monthly,33,60.49,Bank Transfer,0,0,3.0,59.7,No
1975,41,Consumer,Standard,Monthly,14,81.84,Direct Debit,1,1,4.0,57.5,No
1976,45,Small Business,Standard,Two-Year,15,83.53,Direct Debit,5,0,2.0,68.3,No
1977,36,Consumer,Standard,Monthly,34,59.55,Direct Debit,4,5,4.0,54.9,No
1978,62,Small Business,Basic,Monthly,14,30.63,Digital Wallet,3,0,3.0,53.0,No
1979,60,Consumer,Basic,Annual,26,38.9,Direct Debit,1,2,3.0,54.0,No
1980,44,Consumer,Standard,Two-Year,19,66.26,Direct Debit,2,0,3.0,61.0,No
1981,65,Consumer,Standard,Monthly,14,74.67,Bank Transfer,1,3,4.0,65.0,No
1982,30,Consumer,Premium,Two-Year,34,118.66,Digital Wallet,0,0,3.0,68.7,No
1983,42,Consumer,Premium,Monthly,22,146.88,Digital Wallet,1,0,5.0,73.2,No
1984,18,Small Business,Basic,Monthly,13,52.67,Bank Transfer,1,0,4.0,29.1,No
1985,42,Small Business,Standard,Two-Year,8,63.27,Bank Transfer,2,3,2.0,50.5,Yes
1986,30,Consumer,Basic,Annual,43,44.79,Bank Transfer,1,1,4.0,79.7,No
1987,33,Consumer,Premium,Monthly,20,84.4,Credit Card,1,0,2.0,63.9,Yes
1988,38,Consumer,Basic,Monthly,29,50.84,Bank Transfer,3,0,5.0,53.2,No
1989,46,Consumer,Premium,Annual,14,150.36,Credit Card,2,2,3.0,57.5,No
1990,39,Consumer,Standard,Monthly,62,62.43,Digital Wallet,3,1,4.0,59.3,No
1991,27,Consumer,Basic,Annual,17,28.04,Direct Debit,2,1,3.0,50.7,No
1992,64,Consumer,Standard,Monthly,14,62.45,Direct Debit,3,1,3.0,44.2,No
1993,38,Consumer,Standard,Monthly,4,49.82,Digital Wallet,1,2,4.0,57.0,No
1994,40,Consumer,Standard,Annual,7,52.09,Direct Debit,1,1,5.0,47.4,No
1995,48,Small Business,Basic,Monthly,50,50.88,Credit Card,3,3,3.0,54.1,No
1996,20,Consumer,Standard,Monthly,44,83.33,Direct Debit,1,0,4.0,82.6,No
1997,60,Consumer,Premium,Annual,19,105.88,Credit Card,0,2,2.0,80.0,Yes
1998,27,Consumer,Standard,Monthly,15,61.27,Digital Wallet,1,2,5.0,88.4,No
1999,33,Consumer,Standard,Monthly,36,84.65,Credit Card,2,1,3.0,60.7,No
2000,56,Consumer,Standard,Monthly,16,78.94,Credit Card,1,0,4.0,45.1,No
2001,41,Consumer,Basic,Monthly,24,51.1,Direct Debit,3,3,4.0,55.2,Yes
2002,56,Enterprise,Basic,Two-Year,28,43.57,Bank Transfer,1,1,4.0,54.6,Yes
2003,46,Enterprise,Basic,Monthly,26,43.73,Bank Transfer,3,2,2.0,52.0,Yes
2004,46,Small Business,Standard,Monthly,13,71.98,Direct Debit,2,0,3.0,63.0,No
2005,20,Small Business,Premium,Monthly,27,125.03,Credit Card,1,0,4.0,67.4,No
2006,24,Consumer,Basic,Annual,20,38.2,Bank Transfer,0,0,2.0,51.2,No
2007,62,Small Business,Standard,Monthly,22,61.72,Digital Wallet,3,1,3.0,44.9,No
2008,47,Small Business,Standard,Monthly,35,67.44,Direct Debit,0,0,4.0,36.1,No
2009,46,Enterprise,Standard,Annual,35,68.01,Credit Card,3,2,3.0,79.2,No
2010,45,Enterprise,Basic,Two-Year,42,49.98,Credit Card,0,0,4.0,77.6,No
2011,37,Small Business,Standard,Monthly,61,57.87,Credit Card,2,1,2.0,34.3,No
2012,61,Small Business,Standard,Monthly,44,69.73,Bank Transfer,3,2,4.0,64.8,No
2013,49,Small Business,Basic,Annual,22,47.82,Digital Wallet,3,2,4.0,55.7,No
2014,52,Small Business,Standard,Monthly,65,95.39,Bank Transfer,3,1,4.0,75.8,No
2015,47,Enterprise,Standard,Monthly,22,85.0,Bank Transfer,0,0,5.0,31.5,No
2016,38,Enterprise,Basic,Monthly,31,48.2,Credit Card,0,1,5.0,92.5,No
2017,41,Enterprise,Standard,Monthly,31,71.74,Credit Card,0,0,4.0,78.9,No
2018,34,Consumer,Standard,Monthly,37,100.94,Direct Debit,4,0,5.0,67.5,No
2019,46,Enterprise,Basic,Two-Year,12,48.77,Bank Transfer,1,1,3.0,85.4,No
2020,48,Consumer,Standard,Monthly,55,83.9,Bank Transfer,2,1,2.0,35.4,No
2021,40,Small Business,Standard,Annual,11,62.46,Credit Card,3,4,4.0,71.5,No
2022,68,Consumer,Standard,Monthly,39,81.34,Direct Debit,2,0,2.0,45.9,No
2023,66,Consumer,Basic,Annual,17,42.43,Digital Wallet,3,2,4.0,84.6,No
2024,24,Small Business,Basic,Monthly,20,39.87,Direct Debit,3,0,3.0,34.7,No
2025,38,Consumer,Basic,Monthly,27,41.28,Direct Debit,1,3,4.0,85.9,No
2026,20,Consumer,Standard,Two-Year,49,75.18,Direct Debit,3,1,1.0,59.9,No
2027,18,Consumer,Basic,Monthly,36,40.97,Credit Card,1,1,4.0,34.5,No
2028,60,Consumer,Basic,Two-Year,24,50.73,Bank Transfer,1,0,4.0,90.1,No
2029,49,Small Business,Basic,Annual,20,37.26,Direct Debit,1,1,3.0,78.6,No
2030,63,Consumer,Basic,Annual,13,55.7,Direct Debit,1,1,4.0,64.2,Yes
2031,32,Consumer,Basic,Monthly,4,49.59,Credit Card,3,0,2.0,62.0,Yes
2032,49,Consumer,Premium,Monthly,66,113.8,Digital Wallet,3,0,4.0,58.6,No
2033,34,Consumer,Premium,Annual,23,114.17,Digital Wallet,1,2,3.0,56.7,Yes
2034,32,Consumer,Standard,Annual,28,62.62,Digital Wallet,1,1,4.0,50.0,No
2035,47,Enterprise,Standard,Monthly,20,62.82,Credit Card,4,3,4.0,41.4,No
2036,51,Consumer,Basic,Annual,16,36.03,Digital Wallet,1,0,4.0,37.6,No
2037,51,Consumer,Premium,Annual,50,114.91,Direct Debit,6,2,2.0,53.1,No
2038,48,Consumer,Basic,Monthly,13,49.06,Direct Debit,2,2,2.0,44.3,No
2039,18,Enterprise,Standard,Annual,27,82.07,Credit Card,1,2,5.0,38.1,No
2040,20,Enterprise,Basic,Annual,26,53.05,Bank Transfer,2,0,5.0,58.1,No
2041,52,Consumer,Premium,Monthly,12,106.98,Credit Card,3,1,3.0,39.7,No
2042,37,Enterprise,Basic,Monthly,26,48.16,Digital Wallet,4,0,4.0,29.3,Yes
2043,35,Consumer,Basic,Monthly,2,36.84,Credit Card,2,1,2.0,65.0,No
2044,25,Consumer,Basic,Monthly,33,40.63,Digital Wallet,5,2,3.0,56.8,No
2045,45,Consumer,Premium,Monthly,14,119.09,Bank Transfer,2,1,2.0,56.9,No
2046,44,Consumer,Standard,Monthly,38,82.74,Direct Debit,1,0,4.0,41.2,No
2047,34,Small Business,Standard,Annual,22,46.96,Digital Wallet,0,0,4.0,77.5,No
2048,41,Enterprise,Basic,Monthly,33,26.44,Digital Wallet,2,1,4.0,51.9,No
2049,49,Small Business,Standard,Annual,21,59.7,Direct Debit,2,0,4.0,57.1,No
2050,18,Consumer,Premium,Monthly,28,88.07,Bank Transfer,4,0,4.0,62.9,No
2051,47,Consumer,Basic,Monthly,88,35.59,Direct Debit,2,0,2.0,62.5,No
2052,46,Consumer,Standard,Annual,23,84.89,Direct Debit,1,1,5.0,43.8,No
2053,43,Consumer,Premium,Annual,78,132.29,Digital Wallet,0,1,5.0,80.0,No
2054,62,Consumer,Basic,Monthly,21,40.94,Bank Transfer,3,1,3.0,76.1,No
2055,34,Consumer,Standard,Monthly,4,67.79,Credit Card,3,0,3.0,75.3,No
2056,51,Small Business,Standard,Two-Year,38,84.11,Bank Transfer,2,0,3.0,92.9,No
2057,58,Consumer,Basic,Two-Year,53,49.65,Credit Card,1,0,4.0,54.3,No
2058,57,Enterprise,Standard,Monthly,17,91.76,Direct Debit,6,6,2.0,39.5,No
2059,57,Small Business,Basic,Annual,18,42.71,Credit Card,2,3,5.0,63.5,No
2060,33,Enterprise,Basic,Monthly,20,38.33,Direct Debit,3,2,4.0,49.7,No
2061,45,Small Business,Premium,Monthly,40,91.3,Bank Transfer,0,1,4.0,39.4,No
2062,52,Enterprise,Standard,Monthly,34,56.42,Bank Transfer,5,0,2.0,46.8,Yes
2063,36,Small Business,Standard,Annual,25,64.46,Bank Transfer,2,1,4.0,53.0,No
2064,47,Consumer,Standard,Monthly,6,60.1,Digital Wallet,2,0,5.0,55.5,No
2065,34,Consumer,Standard,Annual,66,44.37,Direct Debit,2,3,2.0,42.1,No
2066,30,Consumer,Standard,Monthly,4,78.41,Credit Card,2,0,4.0,71.5,Yes
2067,18,Enterprise,Premium,Annual,53,114.63,Digital Wallet,2,0,2.0,79.9,No
2068,35,Consumer,Standard,Monthly,37,73.09,Credit Card,6,1,2.0,65.8,No
2069,44,Consumer,Premium,Monthly,47,115.36,Direct Debit,2,1,4.0,79.9,No
2070,53,Consumer,Standard,Monthly,12,83.52,Credit Card,3,0,3.0,63.2,No
2071,55,Consumer,Basic,Monthly,4,34.09,Digital Wallet,0,0,5.0,55.4,No
2072,37,Consumer,Standard,Monthly,20,92.88,Direct Debit,0,2,3.0,69.2,No
2073,55,Enterprise,Basic,Monthly,46,41.52,Direct Debit,2,0,5.0,37.1,No
2074,66,Consumer,Standard,Annual,42,71.27,Digital Wallet,0,0,3.0,67.0,No
2075,40,Consumer,Basic,Monthly,73,53.44,Bank Transfer,3,1,2.0,53.2,No
2076,43,Consumer,Basic,Monthly,44,54.5,Direct Debit,1,0,2.0,24.1,No
2077,40,Enterprise,Standard,Two-Year,19,60.06,Bank Transfer,3,1,,65.9,No
2078,48,Small Business,Standard,Monthly,14,75.97,Bank Transfer,5,3,3.0,54.3,No
2079,47,Small Business,Standard,Monthly,5,47.12,Bank Transfer,4,2,5.0,67.2,No
2080,51,Small Business,Premium,Monthly,30,144.96,Credit Card,1,0,3.0,72.5,No
2081,25,Consumer,Basic,Monthly,5,43.75,Digital Wallet,3,0,3.0,51.7,No
2082,52,Consumer,Basic,Monthly,17,42.36,Direct Debit,4,0,2.0,37.2,No
2083,43,Small Business,Standard,Monthly,23,77.32,Credit Card,0,1,4.0,65.6,No
2084,55,Consumer,Standard,Monthly,47,49.5,Direct Debit,5,4,2.0,69.5,No
2085,36,Consumer,Standard,Monthly,47,73.32,Digital Wallet,2,1,2.0,60.2,No
2086,53,Consumer,Basic,Monthly,17,33.19,Direct Debit,4,0,1.0,58.7,No
2087,36,Consumer,Premium,Annual,45,97.29,Credit Card,4,1,3.0,44.3,No
2088,48,Consumer,Premium,Annual,21,102.58,Bank Transfer,2,0,3.0,54.1,No
2089,34,Consumer,Premium,Annual,47,115.34,Credit Card,1,0,4.0,73.1,No
2090,44,Small Business,Standard,Monthly,26,78.1,Bank Transfer,2,0,3.0,29.9,No
2091,32,Enterprise,Basic,Monthly,12,39.74,Digital Wallet,2,1,3.0,27.2,No
2092,53,Consumer,Standard,Annual,6,58.77,Digital Wallet,1,0,4.0,58.6,No
2093,41,Consumer,Basic,Monthly,20,55.99,Bank Transfer,1,3,4.0,54.5,No
2094,27,Consumer,Standard,Two-Year,28,86.43,Credit Card,3,0,2.0,63.8,No
2095,65,Consumer,Premium,Monthly,33,95.17,Credit Card,3,2,2.0,81.7,No
2096,64,Small Business,Standard,Annual,46,77.68,Digital Wallet,2,0,4.0,84.1,No
2097,33,Consumer,Basic,Annual,14,51.36,Digital Wallet,3,0,3.0,53.6,No
2098,64,Consumer,Standard,Monthly,27,63.6,Credit Card,4,1,3.0,52.6,No
2099,60,Small Business,Standard,Annual,54,76.31,Digital Wallet,2,0,5.0,65.2,No
2100,45,Small Business,Premium,Annual,18,135.24,Credit Card,1,1,4.0,80.8,No
2101,41,Consumer,Premium,Annual,20,137.77,Credit Card,5,1,2.0,71.5,No
2102,45,Small Business,Standard,Two-Year,68,78.34,Direct Debit,2,1,3.0,75.9,No
2103,18,Consumer,Standard,Two-Year,14,71.07,Digital Wallet,0,0,5.0,42.6,No
2104,65,Consumer,Premium,Monthly,14,112.22,Digital Wallet,3,1,3.0,52.9,No
2105,30,Small Business,Standard,Monthly,17,87.92,Credit Card,4,1,5.0,52.0,No
2106,39,Consumer,Basic,Monthly,13,48.27,Digital Wallet,1,1,4.0,78.2,No
2107,51,Consumer,Standard,Annual,4,78.69,Direct Debit,1,0,2.0,60.7,No
2108,54,Consumer,Premium,Two-Year,43,96.06,Bank Transfer,5,1,4.0,48.1,No
2109,30,Consumer,Basic,Two-Year,30,48.53,Unknown,2,0,2.0,57.2,No
2110,66,Consumer,Standard,Monthly,14,62.29,Bank Transfer,3,1,4.0,35.2,No
2111,36,Consumer,Standard,Monthly,48,70.58,Direct Debit,2,2,2.0,62.9,No
2112,48,Small Business,Standard,Annual,4,84.63,Digital Wallet,0,2,3.0,70.7,No
2113,53,Consumer,Standard,Monthly,9,81.76,Digital Wallet,0,0,4.0,68.7,No
2114,43,Consumer,Standard,Monthly,15,65.34,Credit Card,0,0,4.0,72.3,No
2115,50,Small Business,Premium,Monthly,52,140.65,Direct Debit,2,1,4.0,47.9,No
2116,43,Small Business,Standard,Monthly,2,72.32,Direct Debit,2,1,4.0,64.5,No
2117,41,Consumer,Standard,Monthly,53,75.87,Digital Wallet,2,3,4.0,79.8,No
2118,51,Small Business,Premium,Monthly,22,129.3,Bank Transfer,4,2,3.0,33.5,No
2119,42,Consumer,Basic,Monthly,39,55.06,Credit Card,3,1,3.0,51.5,No
2120,42,Small Business,Premium,Monthly,39,133.2,Bank Transfer,1,1,3.0,79.2,No
2121,47,Small Business,Basic,Monthly,9,25.0,Bank Transfer,6,2,3.0,57.2,Yes
2122,25,Small Business,Standard,Monthly,15,68.23,Credit Card,1,1,2.0,22.7,No
2123,43,Consumer,Basic,Annual,21,37.66,Direct Debit,2,1,3.0,62.1,No
2124,23,Consumer,Standard,Annual,17,86.02,Digital Wallet,1,0,3.0,41.6,No
2125,60,Consumer,Basic,Monthly,13,44.11,Bank Transfer,5,1,3.0,48.1,No
2126,33,Small Business,Standard,Two-Year,29,63.19,Digital Wallet,1,1,4.0,83.0,No
2127,42,Consumer,Basic,Monthly,6,40.15,Direct Debit,5,0,4.0,42.9,No
2128,49,Consumer,Standard,Annual,28,80.93,Bank Transfer,2,0,3.0,44.1,No
2129,25,Small Business,Basic,Two-Year,4,31.01,Credit Card,3,0,3.0,49.6,No
2130,64,Consumer,Basic,Monthly,12,44.91,Direct Debit,3,3,3.0,47.1,No
2131,58,Small Business,Basic,Annual,85,53.49,Direct Debit,4,1,3.0,73.7,No
2132,46,Consumer,Standard,Monthly,27,63.72,Bank Transfer,4,1,2.0,51.9,No
2133,29,Enterprise,Standard,Annual,11,86.48,Credit Card,3,0,5.0,67.4,No
2134,28,Enterprise,Standard,Monthly,34,84.33,Bank Transfer,3,0,3.0,42.7,No
2135,33,Small Business,Basic,Annual,18,49.09,Credit Card,2,1,4.0,81.4,No
2136,49,Consumer,Standard,Monthly,10,92.01,Credit Card,3,0,3.0,44.4,No
2137,47,Small Business,Standard,Annual,27,104.26,Credit Card,0,0,3.0,61.2,No
2138,40,Small Business,Basic,Monthly,26,38.35,Digital Wallet,1,2,2.0,74.3,No
2139,34,Small Business,Basic,Annual,8,42.93,Bank Transfer,3,1,4.0,70.2,No
2140,43,Consumer,Standard,Annual,29,83.85,Digital Wallet,4,1,4.0,56.1,No
2141,33,Consumer,Basic,Annual,35,36.71,Bank Transfer,1,1,4.0,40.6,No
2142,53,Small Business,Basic,Monthly,15,64.0,Credit Card,4,2,2.0,55.0,No
2143,53,Consumer,Basic,Monthly,25,47.34,Digital Wallet,1,1,4.0,63.2,No
2144,27,Consumer,Standard,Two-Year,9,60.49,Direct Debit,3,1,4.0,35.6,No
2145,38,Small Business,Basic,Monthly,22,31.24,Direct Debit,1,2,3.0,64.1,No
2146,48,Small Business,Premium,Annual,46,126.3,Bank Transfer,5,1,3.0,84.4,No
2147,63,Small Business,Standard,Monthly,34,77.48,Credit Card,3,2,3.0,31.7,No
2148,42,Consumer,Premium,Annual,34,127.74,Direct Debit,1,0,3.0,53.0,No
2149,61,Consumer,Premium,Monthly,23,147.53,Bank Transfer,1,1,2.0,59.3,No
2150,39,Small Business,Standard,Monthly,37,79.23,Credit Card,1,0,3.0,48.4,No
2151,56,Small Business,Basic,Monthly,18,52.6,Bank Transfer,3,0,3.0,64.2,No
2152,56,Small Business,Standard,Monthly,21,89.34,Direct Debit,5,2,2.0,38.5,No
2153,60,Small Business,Standard,Annual,29,71.25,Direct Debit,0,0,2.0,63.4,No
2154,52,Small Business,Premium,Monthly,33,111.32,Credit Card,2,2,4.0,55.1,No
2155,68,Consumer,Premium,Monthly,63,84.05,Direct Debit,4,1,2.0,75.5,No
2156,49,Consumer,Basic,Annual,38,42.46,Bank Transfer,1,1,5.0,49.8,No
2157,27,Small Business,Standard,Two-Year,29,72.58,Direct Debit,0,0,5.0,72.3,No
2158,42,Consumer,Premium,Monthly,31,81.27,Digital Wallet,3,1,2.0,59.4,No
2159,25,Small Business,Standard,Two-Year,43,91.52,Direct Debit,1,0,3.0,66.7,No
2160,49,Consumer,Basic,Monthly,25,37.01,Direct Debit,2,0,3.0,64.0,No
2161,18,Enterprise,Basic,Monthly,22,42.4,Digital Wallet,1,0,4.0,61.6,Yes
2162,53,Small Business,Basic,Two-Year,29,43.75,Bank Transfer,0,0,5.0,91.1,No
2163,56,Small Business,Premium,Monthly,41,90.54,Credit Card,2,3,4.0,61.4,No
2164,29,Consumer,Basic,Monthly,23,48.49,Credit Card,1,1,4.0,49.8,No
2165,38,Consumer,Premium,Annual,33,156.4,Credit Card,6,1,3.0,69.0,No
2166,24,Enterprise,Standard,Monthly,35,73.63,Bank Transfer,4,1,1.0,68.4,No
2167,18,Consumer,Basic,Monthly,39,45.35,Bank Transfer,2,0,4.0,52.1,No
2168,45,Small Business,Premium,Two-Year,16,143.49,Digital Wallet,1,0,2.0,93.6,No
2169,21,Consumer,Standard,Monthly,18,79.74,Credit Card,3,1,3.0,64.4,No
2170,49,Enterprise,Basic,Monthly,29,56.71,Digital Wallet,1,1,3.0,56.4,No
2171,18,Small Business,Standard,Monthly,20,85.62,Digital Wallet,1,4,3.0,71.0,No
2172,57,Enterprise,Basic,Annual,49,47.51,Credit Card,4,0,2.0,60.5,No
2173,49,Consumer,Standard,Monthly,35,88.75,Digital Wallet,2,1,3.0,8.2,No
2174,56,Small Business,Basic,Two-Year,6,34.63,Credit Card,4,1,2.0,63.5,No
2175,54,Consumer,Basic,Two-Year,8,41.8,Credit Card,1,0,3.0,40.0,No
2176,46,Enterprise,Premium,Annual,15,93.92,Bank Transfer,0,0,5.0,85.7,No
2177,18,Consumer,Standard,Annual,16,80.95,Digital Wallet,2,3,5.0,50.5,No
2178,28,Small Business,Basic,Monthly,29,38.76,Direct Debit,4,4,4.0,67.7,No
2179,39,Enterprise,Basic,Monthly,9,34.6,Digital Wallet,3,1,3.0,65.5,No
2180,70,Small Business,Standard,Two-Year,32,79.33,Bank Transfer,1,1,3.0,67.9,No
2181,47,Consumer,Basic,Monthly,22,45.35,Digital Wallet,6,4,3.0,47.6,No
2182,33,Consumer,Standard,Monthly,38,75.07,Direct Debit,1,0,5.0,42.4,No
2183,31,Small Business,Basic,Monthly,41,49.05,Direct Debit,1,1,4.0,50.1,No
2184,48,Consumer,Standard,Two-Year,56,71.22,Digital Wallet,1,0,5.0,60.9,No
2185,19,Enterprise,Standard,Monthly,44,82.59,Direct Debit,4,2,1.0,63.3,No
2186,46,Consumer,Standard,Monthly,29,77.84,Credit Card,4,1,2.0,45.2,No
2187,44,Consumer,Basic,Monthly,56,53.83,Bank Transfer,5,2,3.0,40.6,Yes
2188,48,Consumer,Standard,Monthly,25,89.26,Bank Transfer,3,1,4.0,49.2,No
2189,33,Consumer,Premium,Annual,10,82.84,Direct Debit,1,1,4.0,86.2,No
2190,33,Consumer,Standard,Monthly,3,71.79,Direct Debit,2,0,1.0,62.8,No
2191,52,Consumer,Premium,Annual,25,104.39,Digital Wallet,2,5,3.0,82.6,No
2192,28,Small Business,Standard,Monthly,64,57.0,Credit Card,3,1,4.0,44.3,No
2193,62,Small Business,Standard,Monthly,35,71.87,Digital Wallet,2,0,3.0,38.5,No
2194,58,Small Business,Standard,Monthly,48,83.92,Digital Wallet,3,0,2.0,38.6,No
2195,37,Consumer,Basic,Monthly,37,41.94,Digital Wallet,2,0,3.0,46.3,No
2196,52,Small Business,Premium,Two-Year,51,114.63,Direct Debit,3,3,2.0,57.4,No
2197,29,Small Business,Standard,Two-Year,47,79.93,Credit Card,5,1,3.0,73.1,No
2198,34,Consumer,Premium,Annual,15,94.95,Digital Wallet,2,0,3.0,56.1,No
2199,18,Small Business,Premium,Two-Year,17,131.36,Digital Wallet,2,1,4.0,49.9,No
2200,41,Consumer,Basic,Two-Year,5,37.35,Credit Card,1,1,4.0,61.1,No
2201,54,Consumer,Standard,Annual,34,77.75,Bank Transfer,3,2,3.0,35.7,No
2202,40,Consumer,Standard,Annual,25,96.54,Credit Card,1,0,4.0,60.9,No
2203,56,Consumer,Standard,Monthly,10,57.85,Digital Wallet,2,1,3.0,69.3,No
2204,25,Small Business,Basic,Monthly,58,38.13,Direct Debit,1,0,4.0,41.4,No
2205,41,Enterprise,Premium,Monthly,8,119.1,Digital Wallet,3,3,3.0,51.5,No
2206,56,Consumer,Standard,Annual,62,74.17,Digital Wallet,1,0,3.0,50.6,No
2207,18,Small Business,Standard,Two-Year,50,49.08,Digital Wallet,1,0,3.0,67.2,No
2208,37,Consumer,Standard,Annual,82,83.93,Bank Transfer,2,0,4.0,50.0,No
2209,53,Enterprise,Standard,Monthly,7,59.86,Credit Card,4,0,2.0,61.9,Yes
2210,36,Consumer,Basic,Monthly,20,65.59,Bank Transfer,0,1,2.0,65.0,Yes
2211,36,Small Business,Basic,Annual,20,44.82,Digital Wallet,2,1,3.0,68.7,No
2212,51,Consumer,Basic,Monthly,22,57.67,Digital Wallet,3,1,3.0,58.0,No
2213,23,Small Business,Standard,Annual,46,76.16,Credit Card,4,1,3.0,74.3,No
2214,47,Consumer,Standard,Annual,29,67.88,Direct Debit,3,2,4.0,63.6,No
2215,50,Consumer,Standard,Two-Year,45,72.0,Direct Debit,1,0,3.0,80.7,No
2216,69,Consumer,Standard,Monthly,22,72.28,Direct Debit,2,1,3.0,74.2,No
2217,66,Consumer,Standard,Two-Year,36,93.9,Digital Wallet,2,3,4.0,55.9,No
2218,43,Small Business,Standard,Annual,19,78.21,Credit Card,0,0,3.0,75.7,No
2219,31,Consumer,Basic,Monthly,21,50.45,Credit Card,2,1,3.0,45.7,No
2220,37,Consumer,Premium,Monthly,27,68.83,Digital Wallet,4,0,4.0,56.6,No
2221,37,Small Business,Basic,Annual,20,50.22,Bank Transfer,2,1,3.0,71.2,No
2222,43,Consumer,Standard,Monthly,96,87.08,Direct Debit,3,0,3.0,41.9,No
2223,34,Consumer,Premium,Annual,19,120.52,Direct Debit,2,1,2.0,80.2,No
2224,61,Small Business,Premium,Annual,28,127.13,Credit Card,4,0,3.0,60.6,No
2225,52,Small Business,Standard,Annual,26,100.07,Digital Wallet,2,3,4.0,54.2,No
2226,31,Consumer,Standard,Monthly,13,96.86,Credit Card,1,0,4.0,47.1,No
2227,18,Consumer,Standard,Monthly,51,72.49,Direct Debit,3,4,2.0,37.9,No
2228,32,Consumer,Standard,Annual,23,93.36,Digital Wallet,2,4,3.0,69.5,No
2229,39,Consumer,Standard,Annual,14,70.4,Credit Card,2,1,4.0,75.2,No
2230,54,Consumer,Premium,Monthly,11,116.31,Bank Transfer,1,0,3.0,89.3,No
2231,47,Small Business,Basic,Monthly,39,29.17,Bank Transfer,5,1,3.0,55.9,No
2232,42,Consumer,Premium,Monthly,26,146.49,Credit Card,2,1,3.0,76.6,No
2233,31,Consumer,Basic,Annual,43,29.31,Bank Transfer,2,0,4.0,53.4,No
2234,18,Small Business,Standard,Annual,23,69.43,Bank Transfer,2,0,3.0,61.1,No
2235,42,Consumer,Standard,Monthly,13,58.38,Credit Card,4,2,3.0,58.4,Yes
2236,40,Small Business,Standard,Monthly,26,80.2,Direct Debit,1,0,4.0,85.9,Yes
2237,45,Consumer,Standard,Annual,96,65.04,Digital Wallet,3,1,4.0,54.5,No
2238,46,Consumer,Basic,Monthly,17,54.56,Digital Wallet,1,0,2.0,33.8,No
2239,36,Small Business,Basic,Monthly,34,38.3,Credit Card,2,1,4.0,39.1,No
2240,39,Consumer,Premium,Monthly,45,147.01,Bank Transfer,3,3,2.0,81.3,No
2241,51,Small Business,Standard,Two-Year,23,63.33,Credit Card,2,1,4.0,57.8,No
2242,38,Consumer,Basic,Monthly,18,56.76,Credit Card,2,1,2.0,57.9,No
2243,32,Consumer,Standard,Monthly,13,69.39,Bank Transfer,5,0,4.0,75.7,No
2244,31,Consumer,Standard,Monthly,26,72.39,Direct Debit,5,2,2.0,50.1,No
2245,31,Consumer,Standard,Monthly,15,72.48,Bank Transfer,3,1,5.0,45.3,No
2246,37,Consumer,Basic,Monthly,23,40.55,Digital Wallet,0,0,4.0,51.0,No
2247,39,Consumer,Basic,Two-Year,40,47.34,Credit Card,0,2,4.0,88.4,No
2248,58,Consumer,Standard,Annual,27,92.5,Direct Debit,1,1,5.0,60.8,No
2249,23,Consumer,Standard,Annual,32,77.31,Direct Debit,1,3,5.0,79.2,No
2250,23,Consumer,Basic,Monthly,30,40.44,Credit Card,4,4,4.0,44.2,No
2251,54,Consumer,Standard,Monthly,17,83.96,Bank Transfer,4,1,3.0,43.6,No
2252,53,Consumer,Basic,Monthly,28,37.32,Direct Debit,2,1,4.0,61.2,Yes
2253,73,Enterprise,Standard,Monthly,26,67.3,Credit Card,3,2,2.0,47.9,No
2254,34,Consumer,Standard,Two-Year,17,51.8,Direct Debit,0,0,4.0,72.0,No
2255,33,Small Business,Standard,Two-Year,58,81.13,Bank Transfer,1,3,5.0,53.1,No
2256,48,Consumer,Standard,Monthly,25,59.17,Direct Debit,1,0,3.0,45.7,No
2257,36,Consumer,Standard,Annual,28,72.36,Credit Card,1,0,3.0,68.3,No
2258,36,Consumer,Basic,Monthly,94,52.77,Digital Wallet,6,5,4.0,52.5,Yes
2259,73,Small Business,Basic,Annual,11,46.88,Digital Wallet,1,2,5.0,68.0,No
2260,43,Consumer,Standard,Monthly,15,64.14,Credit Card,5,2,3.0,54.2,No
2261,45,Consumer,Basic,Monthly,29,38.92,Digital Wallet,1,1,4.0,45.6,No
2262,36,Consumer,Standard,Monthly,20,90.47,Direct Debit,2,1,3.0,38.2,No
2263,36,Consumer,Standard,Monthly,36,69.2,Direct Debit,3,1,3.0,54.1,No
2264,29,Consumer,Premium,Monthly,15,88.19,Digital Wallet,4,0,4.0,53.5,No
2265,32,Consumer,Standard,Monthly,24,85.87,Direct Debit,6,2,2.0,50.5,No
2266,32,Consumer,Basic,Annual,38,28.43,Credit Card,1,0,4.0,52.3,No
2267,52,Small Business,Standard,Two-Year,31,54.01,Direct Debit,3,1,3.0,80.0,No
2268,47,Small Business,Standard,Monthly,10,78.0,Direct Debit,1,2,4.0,56.7,No
2269,34,Consumer,Standard,Monthly,37,73.28,Bank Transfer,1,1,4.0,58.0,No
2270,32,Consumer,Standard,Monthly,36,63.73,Credit Card,4,1,3.0,67.4,No
2271,73,Consumer,Standard,Two-Year,18,87.01,Credit Card,1,0,4.0,62.7,No
2272,39,Consumer,Standard,Monthly,10,63.98,Credit Card,2,2,2.0,75.6,No
2273,35,Enterprise,Standard,Monthly,16,68.28,Bank Transfer,4,2,3.0,52.9,No
2274,51,Consumer,Basic,Annual,20,35.32,Digital Wallet,1,2,3.0,39.1,No
2275,51,Consumer,Premium,Two-Year,41,85.68,Bank Transfer,4,1,2.0,77.7,No
2276,33,Small Business,Basic,Monthly,20,50.77,Bank Transfer,3,3,3.0,81.8,Yes
2277,45,Small Business,Premium,Two-Year,36,112.23,Credit Card,4,3,2.0,57.8,No
2278,46,Small Business,Standard,Monthly,11,59.39,Digital Wallet,4,1,,44.4,No
2279,57,Consumer,Standard,Monthly,26,69.87,Credit Card,2,2,4.0,65.2,No
2280,73,Consumer,Premium,Annual,64,86.49,Bank Transfer,0,1,4.0,78.2,No
2281,68,Consumer,Standard,Monthly,14,93.17,Direct Debit,2,1,4.0,57.0,No
2282,52,Consumer,Standard,Annual,25,69.08,Digital Wallet,0,0,2.0,77.3,No
2283,38,Small Business,Standard,Annual,19,85.81,Direct Debit,3,3,2.0,56.3,No
2284,39,Consumer,Standard,Monthly,12,76.4,Credit Card,0,0,3.0,48.9,No
2285,51,Consumer,Basic,Annual,27,60.75,Digital Wallet,3,1,2.0,64.1,No
2286,40,Consumer,Basic,Monthly,36,39.56,Bank Transfer,3,1,3.0,67.0,No
2287,46,Small Business,Basic,Monthly,44,56.8,Direct Debit,6,1,2.0,49.6,No
2288,48,Consumer,Basic,Two-Year,11,52.19,Credit Card,2,2,3.0,57.5,No
2289,68,Small Business,Basic,Monthly,44,41.68,Bank Transfer,4,3,2.0,59.8,No
2290,49,Small Business,Basic,Two-Year,75,43.66,Direct Debit,0,0,3.0,70.6,No
2291,50,Consumer,Standard,Monthly,37,86.87,Bank Transfer,0,0,3.0,54.5,No
2292,42,Consumer,Basic,Monthly,31,42.08,Direct Debit,3,2,5.0,52.1,No
2293,21,Small Business,Standard,Annual,5,89.72,Digital Wallet,1,0,4.0,79.1,No
2294,32,Consumer,Premium,Monthly,58,138.32,Digital Wallet,0,1,3.0,71.4,Yes
2295,31,Consumer,Standard,Monthly,23,73.24,Digital Wallet,0,0,3.0,66.9,No
2296,42,Enterprise,Standard,Monthly,12,74.56,Direct Debit,1,0,5.0,74.3,No
2297,37,Consumer,Basic,Annual,44,45.42,Bank Transfer,2,2,5.0,55.9,Yes
2298,46,Consumer,Premium,Annual,14,120.73,Credit Card,4,2,2.0,87.1,No
2299,27,Enterprise,Standard,Monthly,10,65.66,Direct Debit,0,1,2.0,53.6,No
2300,66,Consumer,Standard,Annual,24,78.77,Direct Debit,2,1,3.0,65.6,No
2301,43,Consumer,Basic,Monthly,24,40.71,Direct Debit,3,1,2.0,45.9,Yes
2302,52,Enterprise,Standard,Monthly,16,96.01,Direct Debit,3,0,4.0,37.8,No
2303,34,Enterprise,Standard,Monthly,22,79.85,Bank Transfer,4,1,3.0,42.0,No
2304,72,Small Business,Standard,Monthly,27,77.97,Digital Wallet,2,1,3.0,59.4,No
2305,18,Small Business,Basic,Two-Year,36,39.64,Credit Card,1,0,3.0,60.7,Yes
2306,44,Consumer,Basic,Two-Year,11,51.84,Bank Transfer,1,0,3.0,73.1,No
2307,18,Small Business,Standard,Monthly,20,52.65,Bank Transfer,0,0,5.0,32.2,No
2308,35,Consumer,Standard,Annual,44,67.01,Bank Transfer,3,1,3.0,80.9,No
2309,53,Consumer,Basic,Monthly,51,58.27,Bank Transfer,6,2,3.0,58.8,No
2310,30,Consumer,Basic,Monthly,50,50.37,Credit Card,0,1,4.0,61.6,No
2311,42,Consumer,Standard,Annual,23,66.49,Digital Wallet,0,0,5.0,46.4,No
2312,44,Consumer,Premium,Two-Year,31,132.09,Direct Debit,3,3,3.0,78.6,No
2313,39,Enterprise,Basic,Monthly,33,52.25,Digital Wallet,1,1,5.0,66.6,No
2314,54,Enterprise,Standard,Annual,19,77.42,Direct Debit,5,3,2.0,71.4,No
2315,71,Consumer,Basic,Monthly,28,55.31,Direct Debit,2,0,3.0,43.2,No
2316,32,Consumer,Standard,Monthly,74,71.77,Direct Debit,1,2,3.0,50.4,No
2317,67,Consumer,Standard,Two-Year,6,56.76,Digital Wallet,1,0,5.0,73.7,No
2318,46,Consumer,Premium,Monthly,32,114.08,Bank Transfer,1,0,4.0,38.9,No
2319,40,Consumer,Basic,Monthly,12,61.72,Credit Card,2,1,3.0,59.0,No
2320,48,Enterprise,Standard,Annual,37,67.15,Direct Debit,4,1,4.0,38.2,No
2321,31,Consumer,Premium,Two-Year,9,93.36,Bank Transfer,2,0,3.0,70.6,No
2322,62,Consumer,Standard,Two-Year,58,59.24,Bank Transfer,3,0,3.0,75.2,No
2323,46,Consumer,Basic,Monthly,81,59.37,Credit Card,2,0,2.0,54.2,No
2324,42,Consumer,Premium,Monthly,63,90.15,Bank Transfer,2,0,3.0,49.8,No
2325,42,Consumer,Premium,Annual,35,103.55,Digital Wallet,1,1,3.0,83.5,No
2326,35,Small Business,Basic,Monthly,14,39.74,Unknown,1,3,3.0,71.9,No
2327,35,Consumer,Standard,Monthly,28,86.71,Direct Debit,2,1,3.0,67.8,No
2328,29,Small Business,Premium,Monthly,11,133.55,Direct Debit,0,0,4.0,71.7,No
2329,33,Consumer,Basic,Monthly,15,47.79,Digital Wallet,0,0,4.0,31.8,No
2330,44,Enterprise,Basic,Annual,35,37.95,Credit Card,2,1,5.0,67.2,No
2331,32,Enterprise,Standard,Monthly,60,84.26,Credit Card,4,1,3.0,80.3,No
2332,29,Consumer,Standard,Two-Year,28,82.39,Credit Card,1,1,4.0,49.9,No
2333,46,Consumer,Standard,Monthly,54,94.45,Bank Transfer,4,4,4.0,50.2,No
2334,52,Enterprise,Standard,Annual,25,84.67,Direct Debit,3,1,4.0,48.0,No
2335,52,Consumer,Premium,Monthly,64,122.54,Credit Card,3,4,3.0,56.7,No
2336,47,Consumer,Basic,Monthly,17,64.53,Credit Card,4,1,3.0,61.8,No
2337,59,Consumer,Premium,Two-Year,12,131.92,Credit Card,2,0,2.0,91.9,No
2338,18,Small Business,Premium,Monthly,6,88.7,Credit Card,1,0,3.0,64.2,No
2339,50,Consumer,Basic,Two-Year,36,50.5,Credit Card,1,1,3.0,59.0,No
2340,47,Enterprise,Basic,Monthly,12,35.37,Direct Debit,2,1,4.0,36.4,No
2341,57,Small Business,Premium,Monthly,11,129.02,Digital Wallet,3,3,3.0,69.3,Yes
2342,24,Consumer,Standard,Monthly,18,66.23,Digital Wallet,3,2,2.0,33.0,No
2343,55,Consumer,Standard,Annual,53,94.14,Credit Card,3,1,4.0,89.6,No
2344,41,Enterprise,Standard,Monthly,56,85.54,Credit Card,2,0,3.0,54.3,No
2345,62,Consumer,Standard,Annual,96,68.91,Credit Card,1,0,4.0,87.4,No
2346,56,Consumer,Basic,Monthly,39,57.13,Direct Debit,3,2,3.0,53.7,No
2347,62,Consumer,Basic,Monthly,2,55.65,Digital Wallet,0,4,4.0,41.4,No
2348,35,Small Business,Basic,Monthly,16,49.55,Direct Debit,5,1,3.0,47.9,No
2349,58,Enterprise,Standard,Monthly,49,69.5,Digital Wallet,2,0,3.0,50.8,No
2350,26,Small Business,Standard,Monthly,41,62.43,Bank Transfer,4,1,2.0,66.8,No
2351,67,Consumer,Premium,Annual,27,112.04,Direct Debit,0,0,3.0,59.2,No
2352,37,Consumer,Premium,Monthly,49,89.83,Credit Card,1,0,2.0,67.2,No
2353,40,Small Business,Standard,Monthly,4,94.16,Direct Debit,2,3,3.0,49.4,No
2354,38,Consumer,Premium,Annual,15,115.49,Digital Wallet,3,4,3.0,53.9,No
2355,40,Consumer,Basic,Monthly,6,48.04,Bank Transfer,4,3,4.0,45.3,No
2356,34,Consumer,Standard,Monthly,22,79.58,Bank Transfer,2,3,2.0,82.3,No
2357,43,Consumer,Standard,Annual,31,78.0,Bank Transfer,3,1,3.0,67.5,No
2358,50,Enterprise,Standard,Monthly,39,74.71,Credit Card,4,1,3.0,37.6,No
2359,37,Enterprise,Standard,Monthly,63,64.93,Digital Wallet,4,0,3.0,21.5,No
2360,18,Consumer,Premium,Annual,12,122.08,Bank Transfer,2,3,2.0,61.1,No
2361,45,Enterprise,Standard,Monthly,12,47.63,Digital Wallet,0,0,3.0,55.3,No
2362,72,Enterprise,Standard,Annual,35,82.54,Credit Card,1,0,4.0,49.2,No
2363,42,Consumer,Standard,Monthly,32,87.36,Bank Transfer,1,1,3.0,60.5,No
2364,64,Consumer,Standard,Annual,22,77.63,Digital Wallet,1,1,4.0,71.5,No
2365,73,Consumer,Basic,Monthly,3,40.46,Digital Wallet,5,2,2.0,49.5,No
2366,52,Small Business,Basic,Monthly,76,37.62,Digital Wallet,2,1,2.0,66.8,No
2367,41,Consumer,Basic,Annual,10,46.85,Bank Transfer,1,1,2.0,57.5,No
2368,60,Consumer,Standard,Monthly,17,81.79,Bank Transfer,1,2,3.0,78.8,No
2369,30,Consumer,Standard,Monthly,49,54.58,Credit Card,3,3,2.0,66.5,No
2370,45,Small Business,Basic,Monthly,4,53.19,Digital Wallet,5,0,3.0,39.8,No
2371,29,Consumer,Basic,Monthly,11,39.16,Credit Card,2,2,3.0,74.8,No
2372,37,Consumer,Basic,Monthly,19,30.46,Direct Debit,2,1,1.0,64.2,No
2373,44,Consumer,Standard,Monthly,11,92.26,Direct Debit,4,2,2.0,56.7,Yes
2374,42,Consumer,Basic,Monthly,16,45.06,Digital Wallet,3,5,3.0,41.7,No
2375,54,Small Business,Basic,Monthly,40,49.03,Bank Transfer,1,0,3.0,66.0,No
2376,40,Consumer,Basic,Two-Year,24,50.92,Bank Transfer,0,0,5.0,77.0,No
2377,42,Small Business,Standard,Annual,60,89.35,Credit Card,3,1,3.0,58.5,No
2378,41,Consumer,Basic,Monthly,39,51.07,Credit Card,3,1,2.0,65.6,No
2379,64,Consumer,Standard,Monthly,26,50.54,Digital Wallet,1,0,4.0,31.8,No
2380,54,Consumer,Standard,Monthly,16,69.9,Bank Transfer,0,2,2.0,80.1,No
2381,54,Consumer,Standard,Monthly,11,52.62,Digital Wallet,1,0,4.0,30.0,No
2382,44,Consumer,Standard,Two-Year,20,64.69,Bank Transfer,2,1,3.0,81.7,No
2383,58,Consumer,Standard,Monthly,27,83.2,Digital Wallet,0,3,3.0,38.5,No
2384,52,Consumer,Standard,Annual,48,86.78,Direct Debit,2,0,4.0,61.2,No
2385,38,Small Business,Basic,Monthly,21,50.67,Bank Transfer,3,3,4.0,44.9,No
2386,53,Consumer,Standard,Two-Year,54,78.45,Bank Transfer,1,0,4.0,78.3,No
2387,29,Consumer,Standard,Annual,29,94.94,Direct Debit,2,1,4.0,78.1,No
2388,44,Consumer,Premium,Monthly,6,124.09,Bank Transfer,4,2,3.0,65.8,No
2389,50,Consumer,Premium,Annual,23,85.47,Digital Wallet,3,1,4.0,77.1,No
2390,24,Small Business,Premium,Two-Year,36,120.81,Direct Debit,1,2,4.0,77.3,No
2391,28,Consumer,Basic,Annual,14,54.24,Bank Transfer,1,1,4.0,55.8,No
2392,57,Small Business,Standard,Two-Year,17,81.75,Credit Card,2,2,5.0,50.9,No
2393,54,Small Business,Standard,Monthly,5,96.53,Direct Debit,2,2,3.0,49.7,No
2394,28,Enterprise,Basic,Annual,34,54.23,Bank Transfer,3,2,4.0,86.8,No
2395,33,Consumer,Premium,Monthly,25,98.44,Direct Debit,4,3,3.0,65.0,No
2396,34,Small Business,Premium,Monthly,32,112.69,Bank Transfer,2,1,4.0,73.9,No
2397,31,Enterprise,Standard,Monthly,89,58.34,Bank Transfer,2,2,2.0,60.8,No
2398,43,Small Business,Standard,Monthly,42,79.9,Bank Transfer,2,0,4.0,65.2,No
2399,21,Consumer,Standard,Monthly,35,50.87,Digital Wallet,2,0,1.0,43.9,No
2400,41,Consumer,Standard,Monthly,48,90.29,Digital Wallet,5,0,3.0,50.9,No
2401,54,Consumer,Basic,Annual,17,39.77,Bank Transfer,2,2,3.0,68.1,No
2402,42,Consumer,Premium,Annual,30,126.9,Credit Card,0,0,4.0,47.3,No
2403,47,Small Business,Standard,Annual,17,76.17,Digital Wallet,0,0,4.0,64.0,No
2404,60,Consumer,Standard,Monthly,9,69.37,Credit Card,1,1,3.0,62.8,No
2405,25,Consumer,Basic,Monthly,17,45.53,Direct Debit,3,4,2.0,76.1,No
2406,42,Enterprise,Basic,Monthly,15,50.24,Digital Wallet,3,2,4.0,56.0,No
2407,39,Consumer,Basic,Monthly,23,51.15,Direct Debit,3,0,1.0,48.6,No
2408,52,Consumer,Basic,Monthly,28,29.09,Direct Debit,1,1,2.0,62.7,No
2409,35,Consumer,Premium,Two-Year,5,139.08,Credit Card,1,1,4.0,84.2,No
2410,37,Consumer,Standard,Monthly,27,86.74,Direct Debit,1,0,4.0,73.2,Yes
2411,45,Consumer,Standard,Monthly,96,88.76,Credit Card,7,0,1.0,45.4,No
2412,44,Consumer,Standard,Monthly,45,76.58,Credit Card,0,0,4.0,71.1,Yes
2413,39,Small Business,Standard,Monthly,37,67.63,Direct Debit,1,1,2.0,49.2,No
2414,55,Small Business,Standard,Monthly,43,74.42,Digital Wallet,4,2,4.0,56.0,No
2415,32,Consumer,Premium,Monthly,44,122.41,Bank Transfer,4,2,2.0,60.3,Yes
2416,27,Consumer,Basic,Monthly,13,52.78,Bank Transfer,3,1,2.0,51.6,No
2417,41,Consumer,Basic,Monthly,16,51.12,Digital Wallet,6,2,3.0,30.8,No
2418,44,Consumer,Premium,Monthly,22,97.97,Credit Card,2,3,4.0,75.2,Yes
2419,34,Consumer,Standard,Monthly,9,77.07,Direct Debit,1,1,3.0,49.9,Yes
2420,62,Small Business,Premium,Monthly,10,118.41,Credit Card,4,0,2.0,55.6,Yes
2421,53,Enterprise,Standard,Annual,19,80.16,Bank Transfer,1,2,3.0,100.0,No
2422,66,Small Business,Standard,Annual,17,70.1,Direct Debit,3,3,4.0,92.1,No
2423,33,Consumer,Standard,Two-Year,39,83.98,Credit Card,1,2,4.0,63.0,No
2424,35,Small Business,Basic,Monthly,13,49.53,Bank Transfer,2,2,3.0,57.6,No
2425,23,Consumer,Premium,Monthly,41,127.48,Direct Debit,7,1,3.0,38.3,No
2426,47,Consumer,Basic,Monthly,23,39.19,Bank Transfer,6,3,4.0,69.6,Yes
2427,33,Small Business,Standard,Two-Year,57,100.43,Bank Transfer,1,0,4.0,74.8,No
2428,58,Consumer,Premium,Annual,31,97.8,Bank Transfer,0,1,5.0,61.0,No
2429,35,Consumer,Standard,Two-Year,55,91.54,Credit Card,0,1,4.0,46.0,No
2430,50,Consumer,Standard,Monthly,8,76.33,Credit Card,1,0,,53.8,No
2431,54,Small Business,Premium,Annual,20,124.05,Digital Wallet,2,4,2.0,56.9,No
2432,41,Enterprise,Basic,Two-Year,10,48.35,Direct Debit,3,0,5.0,37.9,No
2433,53,Consumer,Basic,Monthly,23,51.46,Credit Card,4,1,4.0,60.3,No
2434,39,Consumer,Basic,Monthly,19,43.27,Bank Transfer,3,2,3.0,51.0,No
2435,28,Consumer,Premium,Monthly,32,79.63,Direct Debit,3,2,4.0,71.4,No
2436,51,Consumer,Premium,Annual,38,102.56,Bank Transfer,2,1,2.0,57.1,No
2437,59,Consumer,Standard,Monthly,4,76.96,Credit Card,4,2,3.0,40.6,No
2438,18,Enterprise,Standard,Monthly,19,67.8,Credit Card,5,2,2.0,42.9,No
2439,18,Enterprise,Basic,Annual,25,40.32,Direct Debit,0,0,4.0,63.3,No
2440,44,Consumer,Basic,Monthly,28,46.45,Digital Wallet,2,1,3.0,84.3,No
2441,43,Enterprise,Standard,Monthly,36,57.8,Bank Transfer,1,0,4.0,42.5,No
2442,20,Consumer,Basic,Monthly,41,49.14,Digital Wallet,4,2,3.0,37.4,No
2443,60,Enterprise,Basic,Annual,26,35.82,Digital Wallet,1,0,1.0,64.9,No
2444,47,Consumer,Premium,Monthly,11,135.66,Credit Card,1,0,4.0,60.0,No
2445,61,Small Business,Standard,Monthly,26,72.8,Bank Transfer,0,1,4.0,57.7,No
2446,43,Consumer,Basic,Monthly,49,29.19,Direct Debit,2,1,2.0,76.5,No
2447,33,Small Business,Basic,Annual,26,30.68,Direct Debit,2,3,4.0,43.4,No
2448,41,Consumer,Basic,Two-Year,13,53.86,Credit Card,2,2,3.0,87.4,No
2449,37,Consumer,Basic,Monthly,51,44.85,Bank Transfer,4,3,2.0,58.9,No
2450,43,Consumer,Standard,Monthly,13,100.79,Digital Wallet,3,2,3.0,48.7,No
2451,32,Small Business,Standard,Monthly,19,69.29,Digital Wallet,3,1,4.0,57.4,No
2452,39,Enterprise,Standard,Monthly,14,85.48,Bank Transfer,3,1,4.0,36.1,Yes
2453,53,Consumer,Premium,Annual,22,120.06,Digital Wallet,5,2,4.0,64.1,Yes
2454,42,Small Business,Standard,Monthly,43,99.12,Credit Card,2,1,3.0,55.2,No
2455,37,Consumer,Premium,Monthly,41,123.89,Direct Debit,8,4,3.0,47.5,No
2456,44,Consumer,Premium,Monthly,13,131.6,Direct Debit,2,1,2.0,64.2,No
2457,27,Enterprise,Premium,Monthly,31,109.26,Bank Transfer,0,0,4.0,61.8,No
2458,44,Enterprise,Standard,Monthly,28,83.53,Direct Debit,2,1,4.0,36.4,No
2459,45,Small Business,Basic,Two-Year,7,49.52,Credit Card,2,2,3.0,51.3,No
2460,22,Consumer,Premium,Monthly,48,96.48,Digital Wallet,0,0,5.0,78.2,No
2461,49,Consumer,Standard,Monthly,24,57.94,Bank Transfer,4,1,3.0,37.6,No
2462,21,Consumer,Standard,Monthly,28,65.03,Digital Wallet,2,2,3.0,46.3,No
2463,49,Consumer,Standard,Annual,18,74.24,Bank Transfer,1,0,4.0,40.3,No
2464,45,Consumer,Standard,Monthly,60,74.88,Digital Wallet,3,3,3.0,62.1,No
2465,47,Small Business,Basic,Two-Year,27,57.12,Digital Wallet,2,1,4.0,54.0,No
2466,34,Enterprise,Basic,Monthly,15,59.61,Digital Wallet,1,0,4.0,52.5,No
2467,39,Consumer,Premium,Monthly,21,124.11,Direct Debit,3,2,2.0,71.4,No
2468,50,Consumer,Basic,Monthly,12,58.09,Bank Transfer,1,0,3.0,55.9,No
2469,44,Consumer,Standard,Two-Year,32,71.18,Bank Transfer,1,0,3.0,50.7,No
2470,57,Small Business,Standard,Two-Year,42,50.98,Bank Transfer,1,0,2.0,38.8,No
2471,43,Small Business,Standard,Two-Year,9,79.42,Direct Debit,1,0,3.0,57.3,No
2472,43,Small Business,Basic,Two-Year,3,43.98,Digital Wallet,2,3,5.0,62.3,No
2473,25,Consumer,Standard,Two-Year,5,72.37,Direct Debit,3,0,4.0,47.0,No
2474,57,Consumer,Standard,Monthly,7,66.14,Bank Transfer,3,0,3.0,43.8,No
2475,56,Consumer,Basic,Annual,23,49.51,Credit Card,2,3,2.0,46.7,No
2476,55,Consumer,Standard,Monthly,10,81.95,Digital Wallet,3,2,3.0,72.5,No
2477,54,Consumer,Standard,Monthly,31,72.34,Bank Transfer,4,0,3.0,59.5,No
2478,27,Small Business,Basic,Two-Year,27,54.5,Bank Transfer,1,0,5.0,81.1,No
2479,64,Small Business,Standard,Monthly,44,78.63,Bank Transfer,4,3,4.0,45.6,No
2480,54,Consumer,Standard,Monthly,24,83.81,Credit Card,3,0,,50.7,No
2481,49,Consumer,Basic,Annual,49,42.64,Direct Debit,0,0,4.0,83.4,No
2482,29,Consumer,Standard,Annual,16,73.12,Digital Wallet,1,1,4.0,53.5,No
2483,46,Consumer,Standard,Monthly,36,71.06,Digital Wallet,5,2,2.0,49.6,Yes
2484,72,Small Business,Premium,Monthly,50,127.42,Credit Card,3,2,3.0,66.9,No
2485,40,Enterprise,Standard,Monthly,15,69.02,Credit Card,5,1,4.0,34.8,No
2486,61,Consumer,Standard,Annual,8,76.67,Credit Card,1,0,5.0,68.2,No
2487,33,Consumer,Standard,Monthly,13,72.3,Bank Transfer,2,1,2.0,59.6,No
2488,46,Consumer,Basic,Two-Year,34,32.67,Bank Transfer,1,0,3.0,70.3,No
2489,22,Consumer,Standard,Monthly,45,59.95,Bank Transfer,4,0,3.0,30.4,No
2490,61,Consumer,Standard,Annual,38,53.46,Direct Debit,0,0,4.0,60.1,No
2491,49,Consumer,Premium,Monthly,13,113.65,Direct Debit,3,2,3.0,74.6,No
2492,35,Consumer,Standard,Monthly,31,57.12,Credit Card,2,1,4.0,44.6,No
2493,57,Small Business,Premium,Two-Year,16,127.66,Direct Debit,1,0,3.0,62.9,No
2494,59,Small Business,Premium,Monthly,29,128.47,Bank Transfer,1,0,5.0,88.6,No
2495,51,Enterprise,Standard,Annual,27,73.05,Credit Card,4,3,4.0,44.1,No
2496,34,Consumer,Standard,Monthly,20,48.56,Bank Transfer,3,0,3.0,46.4,No
2497,30,Consumer,Basic,Two-Year,38,38.08,Digital Wallet,2,0,5.0,63.2,No
2498,52,Consumer,Premium,Two-Year,40,122.0,Direct Debit,5,1,1.0,73.1,No
2499,44,Consumer,Basic,Monthly,35,37.62,Credit Card,0,0,4.0,48.6,No
2500,42,Enterprise,Basic,Monthly,39,45.67,Bank Transfer,2,2,2.0,40.0,No
2501,47,Consumer,Premium,Monthly,16,130.57,Bank Transfer,1,0,4.0,61.8,No
2502,39,Consumer,Standard,Annual,20,74.36,Bank Transfer,4,1,3.0,49.7,No
2503,39,Consumer,Standard,Monthly,47,72.9,Direct Debit,2,0,3.0,42.5,No
2504,55,Consumer,Standard,Annual,38,61.76,Direct Debit,2,3,3.0,60.4,No
2505,21,Small Business,Standard,Monthly,50,79.35,Credit Card,2,0,2.0,61.2,No
2506,52,Consumer,Basic,Monthly,22,57.17,Bank Transfer,1,1,2.0,66.5,No
2507,24,Consumer,Standard,Two-Year,19,110.31,Bank Transfer,3,1,3.0,75.6,No
2508,48,Consumer,Standard,Annual,77,58.59,Credit Card,4,1,3.0,65.9,No
2509,49,Consumer,Standard,Monthly,15,56.53,Direct Debit,1,0,4.0,46.6,No
2510,53,Consumer,Standard,Monthly,44,58.73,Credit Card,2,0,2.0,61.6,No
2511,50,Consumer,Premium,Monthly,53,93.19,Digital Wallet,1,2,4.0,65.4,No
2512,49,Consumer,Basic,Annual,11,46.47,Credit Card,2,1,5.0,55.4,No
2513,18,Consumer,Premium,Monthly,15,93.18,Bank Transfer,1,1,4.0,61.4,No
2514,77,Small Business,Basic,Monthly,22,53.11,Digital Wallet,1,0,3.0,60.1,Yes
2515,21,Small Business,Basic,Annual,29,33.01,Credit Card,2,1,3.0,49.9,No
2516,68,Consumer,Standard,Monthly,28,96.41,Direct Debit,1,1,2.0,61.6,No
2517,57,Consumer,Premium,Annual,21,143.36,Digital Wallet,1,1,2.0,71.8,No
2518,20,Consumer,Premium,Two-Year,6,141.7,Digital Wallet,5,1,2.0,57.4,No
2519,50,Consumer,Standard,Annual,37,62.76,Credit Card,3,1,3.0,61.7,No
2520,44,Consumer,Basic,Annual,53,25.0,Digital Wallet,1,0,4.0,85.1,No
2521,67,Consumer,Basic,Two-Year,37,46.04,Digital Wallet,3,0,3.0,50.3,No
2522,50,Consumer,Standard,Annual,20,63.43,Digital Wallet,2,0,4.0,58.2,No
2523,51,Consumer,Standard,Monthly,45,54.88,Digital Wallet,4,0,1.0,65.4,Yes
2524,42,Small Business,Basic,Monthly,27,61.6,Digital Wallet,1,0,3.0,45.8,No
2525,32,Enterprise,Basic,Two-Year,15,47.67,Bank Transfer,4,0,3.0,71.2,No
2526,44,Enterprise,Standard,Two-Year,34,84.98,Bank Transfer,1,2,4.0,45.0,No
2527,44,Consumer,Basic,Monthly,22,30.11,Direct Debit,0,0,3.0,48.2,No
2528,58,Small Business,Standard,Monthly,72,83.39,Direct Debit,3,0,2.0,52.0,No
2529,36,Enterprise,Basic,Annual,14,44.23,Digital Wallet,2,1,3.0,94.8,No
2530,26,Consumer,Standard,Annual,24,53.77,Digital Wallet,0,0,4.0,58.4,No
2531,41,Enterprise,Standard,Monthly,32,71.67,Digital Wallet,2,3,4.0,81.2,No
2532,39,Consumer,Standard,Annual,35,82.27,Digital Wallet,3,2,3.0,59.5,No
2533,55,Small Business,Standard,Monthly,6,58.65,Bank Transfer,4,1,3.0,68.8,No
2534,51,Consumer,Standard,Monthly,26,52.06,Bank Transfer,1,2,5.0,55.6,Yes
2535,45,Small Business,Premium,Monthly,17,106.9,Direct Debit,0,0,3.0,80.4,No
2536,38,Consumer,Basic,Two-Year,69,41.73,Bank Transfer,3,0,2.0,64.5,No
2537,43,Consumer,Standard,Monthly,12,92.31,Credit Card,3,0,4.0,50.2,No
2538,50,Consumer,Basic,Monthly,44,56.09,Direct Debit,1,1,4.0,89.3,No
2539,27,Small Business,Premium,Annual,8,93.52,Bank Transfer,1,0,5.0,81.1,No
2540,44,Small Business,Standard,Monthly,7,86.6,Digital Wallet,1,1,3.0,65.6,No
2541,48,Small Business,Premium,Annual,16,126.61,Digital Wallet,0,0,5.0,100.0,No
2542,42,Small Business,Basic,Monthly,21,34.1,Credit Card,1,2,3.0,37.5,No
2543,56,Consumer,Basic,Monthly,6,37.03,Digital Wallet,7,1,4.0,37.3,No
2544,49,Consumer,Basic,Monthly,59,39.6,Bank Transfer,5,1,3.0,24.3,No
2545,50,Small Business,Basic,Monthly,11,39.56,Credit Card,4,1,3.0,50.0,No
2546,51,Consumer,Standard,Monthly,13,73.43,Bank Transfer,1,0,4.0,55.5,No
2547,35,Consumer,Standard,Monthly,20,88.48,Credit Card,1,0,5.0,61.8,No
2548,50,Consumer,Basic,Annual,22,44.75,Digital Wallet,2,1,5.0,65.0,No
2549,59,Consumer,Standard,Monthly,39,77.25,Credit Card,4,1,4.0,82.3,No
2550,63,Consumer,Premium,Two-Year,24,114.62,Digital Wallet,2,0,3.0,36.4,No
2551,50,Small Business,Standard,Two-Year,18,70.04,Direct Debit,0,1,5.0,82.9,No
2552,50,Enterprise,Standard,Monthly,6,68.75,Credit Card,5,0,4.0,33.0,No
2553,35,Consumer,Basic,Monthly,30,38.16,Digital Wallet,5,1,2.0,34.7,No
2554,34,Consumer,Basic,Monthly,30,41.61,Bank Transfer,3,1,1.0,65.9,Yes
2555,57,Enterprise,Premium,Monthly,31,135.97,Digital Wallet,0,1,3.0,67.4,No
2556,49,Consumer,Standard,Monthly,27,81.21,Direct Debit,3,0,3.0,78.2,No
2557,42,Consumer,Premium,Monthly,30,138.45,Bank Transfer,2,0,3.0,56.0,No
2558,39,Consumer,Standard,Monthly,33,76.61,Bank Transfer,1,1,4.0,43.9,No
2559,52,Small Business,Premium,Annual,14,108.93,Direct Debit,1,1,5.0,66.3,No
2560,43,Enterprise,Standard,Annual,39,72.32,Direct Debit,1,0,3.0,51.7,No
2561,45,Consumer,Basic,Monthly,6,34.22,Direct Debit,1,1,4.0,60.8,No
2562,59,Enterprise,Premium,Two-Year,30,121.02,Credit Card,2,0,4.0,53.6,No
2563,45,Small Business,Basic,Monthly,9,47.42,Bank Transfer,3,1,3.0,65.8,No
2564,48,Small Business,Standard,Monthly,35,74.78,Direct Debit,1,0,2.0,70.1,Yes
2565,30,Small Business,Basic,Monthly,19,38.41,Digital Wallet,3,0,2.0,76.2,Yes
2566,46,Consumer,Basic,Monthly,6,51.97,Digital Wallet,0,1,4.0,36.0,No
2567,45,Consumer,Basic,Annual,3,46.62,Digital Wallet,3,1,2.0,61.6,No
2568,29,Consumer,Basic,Two-Year,25,46.95,Direct Debit,3,0,4.0,70.3,No
2569,46,Consumer,Standard,Monthly,29,55.66,Direct Debit,3,2,2.0,56.0,No
2570,50,Consumer,Basic,Monthly,22,30.08,Digital Wallet,1,1,2.0,41.1,No
2571,72,Small Business,Basic,Monthly,82,61.22,Bank Transfer,4,1,2.0,46.6,No
2572,45,Small Business,Standard,Annual,60,51.77,Bank Transfer,0,0,4.0,35.1,No
2573,41,Consumer,Basic,Monthly,18,37.62,Digital Wallet,3,1,3.0,53.8,No
2574,50,Enterprise,Standard,Two-Year,43,89.63,Bank Transfer,0,0,4.0,56.2,No
2575,18,Small Business,Standard,Annual,17,72.45,Credit Card,1,1,3.0,45.5,No
2576,46,Consumer,Premium,Monthly,89,85.0,Credit Card,3,1,1.0,81.2,No
2577,22,Consumer,Premium,Monthly,36,114.91,Bank Transfer,2,0,3.0,98.8,No
2578,43,Consumer,Premium,Two-Year,13,109.96,Credit Card,2,1,4.0,82.6,No
2579,35,Consumer,Premium,Monthly,19,101.21,Credit Card,2,0,3.0,34.1,No
2580,54,Small Business,Standard,Monthly,36,98.56,Digital Wallet,0,0,3.0,40.3,No
2581,62,Enterprise,Standard,Two-Year,63,91.16,Credit Card,2,0,4.0,58.6,No
2582,42,Consumer,Standard,Monthly,68,88.5,Direct Debit,2,3,3.0,60.6,No
2583,60,Small Business,Premium,Monthly,48,115.87,Digital Wallet,2,1,3.0,65.0,No
2584,57,Consumer,Basic,Two-Year,39,39.5,Digital Wallet,2,0,3.0,27.7,No
2585,41,Consumer,Standard,Two-Year,26,90.53,Direct Debit,2,2,4.0,69.8,No
2586,36,Consumer,Standard,Two-Year,55,49.59,Digital Wallet,3,1,2.0,52.0,No
2587,35,Consumer,Standard,Two-Year,30,64.72,Digital Wallet,1,1,5.0,58.5,No
2588,31,Enterprise,Basic,Annual,31,43.73,Direct Debit,2,0,3.0,79.5,Yes
2589,47,Consumer,Basic,Monthly,53,44.43,Digital Wallet,1,2,2.0,37.3,No
2590,59,Consumer,Premium,Monthly,82,128.65,Digital Wallet,4,0,3.0,71.0,No
2591,18,Consumer,Standard,Monthly,52,100.23,Digital Wallet,2,0,3.0,96.9,No
2592,46,Consumer,Premium,Annual,28,109.98,Digital Wallet,2,0,4.0,81.7,No
2593,44,Small Business,Basic,Two-Year,55,36.44,Digital Wallet,0,0,5.0,68.2,No
2594,20,Enterprise,Basic,Monthly,11,45.35,Bank Transfer,0,0,4.0,65.9,No
2595,47,Consumer,Standard,Monthly,10,65.12,Credit Card,5,1,3.0,71.1,No
2596,45,Consumer,Basic,Monthly,19,47.17,Bank Transfer,3,3,1.0,52.6,No
2597,46,Small Business,Premium,Monthly,38,132.98,Digital Wallet,2,1,3.0,64.9,No
2598,48,Small Business,Basic,Monthly,34,42.15,Digital Wallet,3,3,2.0,64.1,No
2599,53,Consumer,Standard,Two-Year,47,90.56,Credit Card,1,0,4.0,67.4,No
2600,34,Consumer,Standard,Monthly,96,74.94,Digital Wallet,3,4,2.0,56.9,No
2601,53,Consumer,Basic,Monthly,10,44.0,Bank Transfer,1,0,2.0,71.8,No
2602,37,Consumer,Basic,Monthly,57,42.06,Bank Transfer,3,1,3.0,62.2,No
2603,49,Consumer,Standard,Monthly,10,68.31,Digital Wallet,1,2,4.0,72.5,No
2604,56,Consumer,Standard,Monthly,17,72.22,Digital Wallet,0,1,3.0,39.7,No
2605,36,Consumer,Basic,Monthly,28,33.72,Credit Card,2,0,2.0,52.7,No
2606,51,Small Business,Standard,Two-Year,18,80.04,Digital Wallet,2,0,2.0,69.0,No
2607,43,Consumer,Standard,Annual,15,77.22,Bank Transfer,2,1,4.0,84.8,Yes
2608,71,Consumer,Standard,Monthly,27,92.56,Bank Transfer,4,1,3.0,50.8,No
2609,38,Small Business,Basic,Monthly,32,35.45,Direct Debit,5,2,3.0,57.4,No
2610,31,Consumer,Basic,Two-Year,42,57.36,Bank Transfer,2,1,1.0,45.9,No
2611,43,Enterprise,Standard,Annual,25,77.98,Direct Debit,2,1,4.0,52.2,No
2612,60,Enterprise,Basic,Monthly,5,41.67,Direct Debit,1,0,2.0,57.6,No
2613,30,Enterprise,Basic,Monthly,37,36.78,Direct Debit,3,2,2.0,42.1,No
2614,45,Consumer,Basic,Monthly,16,45.67,Direct Debit,1,0,3.0,52.8,No
2615,32,Consumer,Basic,Two-Year,16,41.49,Bank Transfer,1,0,2.0,70.5,No
2616,45,Consumer,Basic,Two-Year,49,50.89,Direct Debit,0,1,5.0,34.6,No
2617,47,Consumer,Premium,Monthly,16,127.3,Digital Wallet,1,0,3.0,57.3,No
2618,39,Consumer,Basic,Monthly,56,46.45,Digital Wallet,4,1,3.0,66.1,No
2619,38,Enterprise,Premium,Two-Year,24,120.35,Digital Wallet,1,0,5.0,86.7,No
2620,34,Small Business,Standard,Annual,35,67.8,Credit Card,2,0,3.0,54.0,No
2621,18,Enterprise,Basic,Monthly,41,37.96,Digital Wallet,2,0,2.0,37.1,No
2622,40,Consumer,Basic,Two-Year,9,39.19,Digital Wallet,1,3,4.0,53.3,No
2623,36,Consumer,Basic,Monthly,15,33.65,Digital Wallet,2,1,2.0,42.5,No
2624,53,Small Business,Standard,Monthly,32,70.77,Bank Transfer,3,3,2.0,41.3,Yes
2625,21,Small Business,Basic,Monthly,16,45.42,Credit Card,2,2,4.0,51.5,No
2626,32,Consumer,Standard,Annual,17,54.66,Bank Transfer,0,0,4.0,73.2,No
2627,38,Small Business,Basic,Monthly,17,53.55,Credit Card,2,2,3.0,48.4,No
2628,27,Small Business,Premium,Monthly,21,99.85,Direct Debit,0,0,4.0,67.3,No
2629,61,Small Business,Premium,Monthly,15,105.52,Bank Transfer,3,1,2.0,100.0,No
2630,52,Consumer,Premium,Two-Year,2,144.63,Digital Wallet,2,3,5.0,50.6,No
2631,37,Consumer,Standard,Annual,20,70.36,Direct Debit,4,4,2.0,54.5,No
2632,43,Small Business,Standard,Monthly,31,67.27,Credit Card,1,0,3.0,63.8,No
2633,44,Consumer,Basic,Monthly,11,42.27,Direct Debit,3,3,4.0,70.1,No
2634,51,Enterprise,Standard,Annual,27,70.82,Digital Wallet,1,1,2.0,81.2,No
2635,29,Small Business,Basic,Annual,14,48.88,Bank Transfer,1,1,3.0,74.8,No
2636,33,Consumer,Standard,Annual,9,58.9,Credit Card,1,0,5.0,62.8,No
2637,23,Small Business,Premium,Annual,29,97.16,Digital Wallet,1,0,5.0,54.3,No
2638,50,Consumer,Basic,Monthly,42,39.01,Direct Debit,1,0,5.0,47.2,No
2639,52,Consumer,Premium,Annual,12,99.93,Credit Card,1,1,5.0,55.1,No
2640,46,Consumer,Standard,Monthly,26,92.92,Direct Debit,2,3,2.0,82.0,No
2641,32,Consumer,Standard,Monthly,14,70.5,Bank Transfer,2,1,4.0,70.7,No
2642,40,Consumer,Premium,Two-Year,38,87.81,Direct Debit,0,0,4.0,68.6,No
2643,30,Small Business,Basic,Annual,38,48.88,Digital Wallet,1,2,3.0,75.4,No
2644,35,Small Business,Premium,Annual,27,79.46,Credit Card,1,1,4.0,54.0,No
2645,18,Consumer,Standard,Annual,10,61.66,Direct Debit,0,0,4.0,77.8,Yes
2646,49,Consumer,Standard,Monthly,7,81.63,Bank Transfer,5,3,5.0,57.1,No
2647,30,Consumer,Standard,Monthly,18,97.55,Direct Debit,3,1,1.0,82.9,No
2648,35,Enterprise,Standard,Monthly,29,79.55,Direct Debit,5,3,2.0,41.0,No
2649,49,Consumer,Standard,Annual,24,57.42,Bank Transfer,4,1,3.0,53.4,No
2650,26,Consumer,Basic,Monthly,16,50.61,Direct Debit,3,0,2.0,56.1,No
2651,41,Consumer,Standard,Monthly,37,66.29,Bank Transfer,3,0,3.0,45.8,No
2652,41,Consumer,Standard,Monthly,48,69.7,Bank Transfer,4,0,2.0,57.1,No
2653,25,Small Business,Premium,Monthly,40,85.39,Bank Transfer,1,1,4.0,84.2,No
2654,41,Small Business,Premium,Monthly,25,109.96,Digital Wallet,1,0,4.0,49.5,No
2655,49,Consumer,Basic,Monthly,8,46.27,Credit Card,1,0,4.0,60.0,No
2656,62,Consumer,Premium,Two-Year,13,124.6,Direct Debit,0,0,3.0,76.2,No
2657,36,Small Business,Standard,Monthly,29,57.42,Direct Debit,1,0,4.0,38.4,No
2658,35,Small Business,Standard,Annual,27,69.07,Bank Transfer,2,1,3.0,45.5,No
2659,75,Consumer,Premium,Two-Year,13,125.33,Digital Wallet,4,2,3.0,75.2,No
2660,33,Small Business,Standard,Annual,53,112.86,Digital Wallet,0,0,3.0,59.0,No
2661,43,Consumer,Basic,Two-Year,26,56.6,Bank Transfer,2,1,3.0,65.0,No
2662,45,Small Business,Standard,Monthly,68,86.35,Credit Card,2,0,3.0,49.4,No
2663,27,Consumer,Standard,Monthly,41,103.15,Bank Transfer,1,1,2.0,77.9,No
2664,52,Small Business,Premium,Monthly,33,135.5,Bank Transfer,1,0,3.0,56.7,No
2665,68,Small Business,Standard,Annual,37,74.09,Digital Wallet,0,1,3.0,78.0,No
2666,36,Consumer,Basic,Monthly,5,38.31,Credit Card,3,1,4.0,63.7,No
2667,53,Consumer,Basic,Annual,26,50.53,Direct Debit,1,0,3.0,70.0,No
2668,22,Consumer,Standard,Monthly,25,59.08,Bank Transfer,1,1,3.0,82.7,No
2669,48,Consumer,Basic,Annual,55,43.88,Direct Debit,1,3,5.0,54.5,No
2670,31,Small Business,Standard,Annual,7,85.86,Digital Wallet,5,1,2.0,42.5,No
2671,58,Enterprise,Basic,Annual,47,44.73,Digital Wallet,1,0,4.0,72.8,No
2672,31,Consumer,Premium,Annual,50,116.43,Bank Transfer,1,0,4.0,71.5,No
2673,27,Consumer,Standard,Annual,23,65.66,Direct Debit,0,0,3.0,59.5,No
2674,42,Consumer,Basic,Monthly,22,44.64,Direct Debit,2,1,3.0,36.2,No
2675,34,Consumer,Standard,Two-Year,27,68.86,Direct Debit,3,3,5.0,57.8,No
2676,44,Enterprise,Basic,Two-Year,15,53.2,Credit Card,1,0,3.0,61.9,No
2677,36,Consumer,Premium,Two-Year,5,130.44,Credit Card,2,1,3.0,81.8,No
2678,44,Consumer,Basic,Monthly,37,55.27,Bank Transfer,1,1,4.0,45.9,No
2679,56,Consumer,Standard,Annual,24,88.79,Direct Debit,3,1,3.0,55.9,No
2680,37,Enterprise,Standard,Monthly,19,76.86,Bank Transfer,2,1,4.0,29.5,No
2681,52,Consumer,Standard,Two-Year,24,80.43,Digital Wallet,1,1,3.0,78.6,No
2682,36,Consumer,Premium,Annual,66,93.57,Credit Card,2,2,5.0,94.8,No
2683,28,Small Business,Premium,Annual,43,119.84,Credit Card,2,1,2.0,49.3,No
2684,67,Consumer,Standard,Two-Year,67,71.23,Digital Wallet,3,1,5.0,64.2,No
2685,47,Small Business,Premium,Monthly,49,140.51,Credit Card,2,0,3.0,63.4,No
2686,52,Small Business,Standard,Annual,14,56.04,Credit Card,3,1,4.0,63.4,No
2687,31,Enterprise,Premium,Monthly,9,106.46,Digital Wallet,3,2,4.0,72.3,No
2688,46,Small Business,Premium,Monthly,7,118.54,Direct Debit,4,2,2.0,39.2,Yes
2689,50,Consumer,Basic,Monthly,9,36.7,Direct Debit,5,2,2.0,47.0,No
2690,59,Consumer,Standard,Monthly,40,82.85,Direct Debit,0,0,3.0,48.5,No
2691,47,Consumer,Basic,Annual,35,53.52,Bank Transfer,2,3,2.0,75.6,No
2692,50,Consumer,Standard,Monthly,17,84.26,Bank Transfer,2,0,3.0,48.4,No
2693,24,Consumer,Standard,Monthly,31,58.63,Digital Wallet,4,1,2.0,65.3,No
2694,35,Consumer,Premium,Annual,16,111.51,Credit Card,1,2,2.0,95.2,Yes
2695,62,Consumer,Standard,Annual,38,65.44,Direct Debit,2,1,4.0,62.4,No
2696,53,Small Business,Premium,Monthly,64,170.27,Bank Transfer,2,0,3.0,100.0,No
2697,43,Small Business,Basic,Two-Year,50,46.08,Bank Transfer,0,0,4.0,68.4,No
2698,54,Consumer,Standard,Monthly,50,79.78,Direct Debit,3,1,4.0,31.4,No
2699,26,Consumer,Standard,Annual,9,66.59,Bank Transfer,0,1,4.0,60.9,No
2700,41,Consumer,Basic,Monthly,12,49.92,Credit Card,2,0,1.0,23.3,No
2701,48,Consumer,Basic,Two-Year,13,49.31,Credit Card,4,1,4.0,73.6,No
2702,18,Consumer,Basic,Monthly,55,46.54,Digital Wallet,3,4,3.0,42.8,No
2703,43,Consumer,Basic,Monthly,24,57.23,Credit Card,0,0,3.0,51.6,No
2704,44,Enterprise,Standard,Annual,10,93.37,Direct Debit,2,2,3.0,75.0,No
2705,40,Consumer,Basic,Annual,17,49.21,Bank Transfer,1,1,3.0,51.5,No
2706,40,Consumer,Basic,Monthly,26,37.67,Direct Debit,2,1,3.0,66.4,No
2707,46,Consumer,Standard,Monthly,60,77.6,Bank Transfer,2,4,3.0,52.2,No
2708,51,Consumer,Standard,Monthly,9,91.02,Digital Wallet,3,1,3.0,42.8,No
2709,28,Small Business,Basic,Monthly,18,54.88,Direct Debit,1,0,1.0,62.9,No
2710,48,Small Business,Premium,Monthly,23,89.74,Credit Card,3,0,2.0,58.6,No
2711,52,Consumer,Basic,Monthly,26,46.24,Digital Wallet,1,1,3.0,65.2,No
2712,50,Consumer,Premium,Monthly,17,116.97,Credit Card,1,0,4.0,68.6,No
2713,41,Small Business,Basic,Monthly,10,38.43,Bank Transfer,5,3,3.0,31.9,No
2714,43,Consumer,Standard,Two-Year,24,100.76,Bank Transfer,1,2,4.0,67.0,Yes
2715,66,Small Business,Standard,Monthly,14,59.93,Credit Card,3,1,3.0,49.9,No
2716,36,Small Business,Standard,Annual,16,96.48,Bank Transfer,2,3,3.0,31.7,No
2717,37,Consumer,Premium,Annual,54,145.44,Digital Wallet,3,0,4.0,66.8,No
2718,39,Small Business,Standard,Annual,52,86.97,Direct Debit,3,2,4.0,69.7,No
2719,44,Consumer,Standard,Monthly,19,71.13,Credit Card,3,1,1.0,42.2,No
2720,28,Consumer,Standard,Monthly,41,56.31,Credit Card,2,0,2.0,63.4,Yes
2721,21,Consumer,Standard,Two-Year,33,68.89,Bank Transfer,1,0,3.0,75.0,No
2722,39,Small Business,Standard,Monthly,12,84.75,Credit Card,3,0,3.0,29.4,No
2723,55,Small Business,Basic,Annual,7,44.16,Bank Transfer,3,0,3.0,90.0,No
2724,18,Consumer,Standard,Two-Year,39,76.15,Direct Debit,2,0,3.0,58.3,No
2725,23,Consumer,Basic,Annual,17,30.94,Bank Transfer,0,1,4.0,51.5,No
2726,37,Consumer,Standard,Monthly,35,56.12,Bank Transfer,1,3,4.0,40.2,No
2727,28,Consumer,Basic,Monthly,19,29.64,Bank Transfer,1,0,3.0,54.1,No
2728,44,Consumer,Premium,Annual,20,143.16,Digital Wallet,0,0,3.0,64.5,No
2729,42,Small Business,Premium,Monthly,36,139.3,Digital Wallet,5,2,2.0,55.2,No
2730,24,Small Business,Basic,Monthly,33,38.94,Bank Transfer,0,0,4.0,71.7,No
2731,50,Consumer,Premium,Monthly,7,129.95,Credit Card,0,0,2.0,84.3,No
2732,56,Consumer,Standard,Two-Year,5,74.71,Digital Wallet,4,1,5.0,53.4,No
2733,48,Enterprise,Standard,Monthly,6,61.71,Direct Debit,2,0,3.0,28.4,Yes
2734,37,Enterprise,Standard,Monthly,13,62.04,Direct Debit,3,0,4.0,42.2,No
2735,41,Consumer,Basic,Monthly,12,38.28,Direct Debit,3,0,3.0,54.1,No
2736,32,Enterprise,Standard,Monthly,10,73.66,Credit Card,1,3,4.0,58.9,No
2737,56,Consumer,Premium,Two-Year,33,114.35,Direct Debit,2,1,5.0,69.3,No
2738,49,Small Business,Basic,Annual,18,30.19,Digital Wallet,0,0,2.0,70.2,No
2739,59,Small Business,Premium,Annual,17,95.8,Credit Card,1,1,2.0,100.0,No
2740,45,Consumer,Standard,Monthly,7,74.07,Direct Debit,2,0,2.0,50.0,No
2741,27,Consumer,Standard,Annual,7,70.22,Credit Card,0,0,3.0,59.9,No
2742,36,Consumer,Basic,Two-Year,33,38.82,Credit Card,1,0,2.0,39.6,No
2743,45,Small Business,Premium,Monthly,27,119.55,Bank Transfer,2,1,3.0,80.7,No
2744,20,Consumer,Standard,Monthly,7,86.56,Credit Card,4,1,2.0,55.4,No
2745,49,Consumer,Standard,Two-Year,36,50.33,Credit Card,0,0,5.0,65.1,No
2746,41,Consumer,Basic,Monthly,40,45.1,Direct Debit,2,1,2.0,64.8,No
2747,18,Small Business,Standard,Monthly,9,84.41,Digital Wallet,1,0,5.0,64.8,No
2748,25,Consumer,Standard,Monthly,34,78.29,Direct Debit,2,1,3.0,40.1,No
2749,42,Enterprise,Standard,Annual,15,74.65,Direct Debit,3,0,3.0,61.7,Yes
2750,50,Consumer,Standard,Annual,14,82.44,Direct Debit,2,2,5.0,76.5,No
2751,42,Consumer,Basic,Two-Year,17,29.97,Direct Debit,2,1,3.0,57.6,No
2752,32,Consumer,Basic,Annual,39,37.9,Digital Wallet,3,1,2.0,70.0,No
2753,27,Consumer,Basic,Two-Year,41,48.4,Digital Wallet,0,0,5.0,48.4,No
2754,18,Consumer,Standard,Monthly,30,72.78,Direct Debit,7,4,2.0,31.9,No
2755,53,Consumer,Basic,Monthly,11,47.15,Digital Wallet,5,3,3.0,35.4,Yes
2756,18,Small Business,Premium,Monthly,19,112.18,Direct Debit,0,0,1.0,77.0,Yes
2757,41,Consumer,Standard,Annual,19,56.3,Digital Wallet,1,1,1.0,78.5,No
2758,57,Small Business,Basic,Monthly,37,46.42,Credit Card,3,1,2.0,41.9,No
2759,30,Small Business,Standard,Monthly,18,76.5,Digital Wallet,6,4,3.0,53.1,No
2760,18,Consumer,Standard,Two-Year,15,87.27,Direct Debit,1,0,3.0,63.6,No
2761,28,Consumer,Standard,Monthly,40,70.42,Bank Transfer,2,0,2.0,70.8,No
2762,39,Enterprise,Basic,Monthly,6,44.68,Bank Transfer,1,0,4.0,95.2,No
2763,38,Enterprise,Basic,Two-Year,23,38.55,Digital Wallet,1,1,5.0,56.9,No
2764,21,Small Business,Basic,Two-Year,18,50.46,Bank Transfer,4,1,3.0,60.7,No
2765,45,Small Business,Standard,Annual,33,67.81,Credit Card,3,2,3.0,58.3,No
2766,29,Consumer,Standard,Monthly,14,68.04,Direct Debit,4,2,2.0,31.3,No
2767,45,Consumer,Premium,Two-Year,66,132.63,Credit Card,2,0,2.0,64.0,No
2768,38,Consumer,Basic,Monthly,12,42.09,Digital Wallet,2,0,4.0,72.1,Yes
2769,47,Consumer,Basic,Monthly,20,47.9,Digital Wallet,4,4,3.0,71.9,No
2770,39,Consumer,Standard,Monthly,28,79.55,Credit Card,2,1,3.0,84.2,No
2771,36,Consumer,Standard,Monthly,20,87.84,Direct Debit,3,1,5.0,18.3,No
2772,35,Enterprise,Basic,Annual,38,62.67,Direct Debit,0,1,4.0,83.9,No
2773,19,Small Business,Basic,Two-Year,46,47.19,Credit Card,0,0,5.0,39.0,No
2774,67,Consumer,Basic,Monthly,16,44.2,Direct Debit,4,0,3.0,40.4,No
2775,38,Consumer,Standard,Monthly,21,91.75,Digital Wallet,7,1,1.0,51.1,No
2776,45,Small Business,Premium,Monthly,6,96.26,Direct Debit,3,0,2.0,55.2,No
2777,39,Small Business,Basic,Annual,16,44.2,Bank Transfer,3,0,4.0,44.5,No
2778,46,Consumer,Basic,Monthly,11,42.85,Digital Wallet,1,0,3.0,71.5,No
2779,47,Consumer,Standard,Annual,3,66.08,Credit Card,6,2,2.0,42.3,No
2780,63,Enterprise,Standard,Annual,36,75.5,Digital Wallet,2,0,4.0,91.4,No
2781,33,Consumer,Premium,Monthly,36,120.26,Bank Transfer,8,2,2.0,65.4,No
2782,54,Small Business,Standard,Monthly,18,98.78,Digital Wallet,3,2,4.0,54.4,No
2783,44,Small Business,Basic,Annual,23,51.05,Direct Debit,2,0,3.0,59.9,No
2784,18,Consumer,Premium,Two-Year,4,115.1,Credit Card,0,0,4.0,56.0,No
2785,45,Consumer,Standard,Monthly,16,85.78,Direct Debit,2,2,3.0,51.4,No
2786,54,Consumer,Basic,Monthly,64,47.25,Digital Wallet,0,1,4.0,45.5,No
2787,45,Enterprise,Basic,Annual,19,45.92,Digital Wallet,1,2,2.0,75.1,No
2788,24,Consumer,Basic,Monthly,11,43.75,Credit Card,1,0,3.0,75.2,No
2789,55,Enterprise,Basic,Annual,83,38.35,Digital Wallet,2,0,2.0,71.1,No
2790,48,Consumer,Basic,Annual,12,52.69,Bank Transfer,3,0,3.0,59.5,No
2791,27,Consumer,Premium,Monthly,37,86.74,Bank Transfer,4,0,3.0,53.8,No
2792,18,Enterprise,Standard,Annual,29,70.69,Digital Wallet,2,1,4.0,65.5,No
2793,43,Small Business,Basic,Monthly,23,39.2,Digital Wallet,1,0,3.0,74.0,No
2794,49,Consumer,Basic,Annual,12,36.65,Direct Debit,1,0,4.0,66.0,No
2795,18,Small Business,Basic,Two-Year,12,34.75,Credit Card,3,2,4.0,48.4,Yes
2796,58,Small Business,Basic,Annual,35,48.15,Bank Transfer,0,0,3.0,57.7,Yes
2797,25,Consumer,Premium,Annual,14,135.9,Bank Transfer,3,1,4.0,100.0,No
2798,39,Consumer,Standard,Annual,20,92.48,Direct Debit,5,2,3.0,51.9,No
2799,35,Consumer,Basic,Annual,3,49.0,Bank Transfer,5,2,2.0,56.8,No
2800,48,Small Business,Basic,Monthly,83,41.76,Digital Wallet,3,2,4.0,43.3,No
2801,50,Enterprise,Standard,Monthly,23,75.52,Digital Wallet,1,0,3.0,48.7,No
2802,32,Consumer,Basic,Annual,30,47.1,Credit Card,1,1,2.0,56.1,No
2803,60,Consumer,Standard,Monthly,61,59.22,Digital Wallet,2,0,3.0,69.2,No
2804,50,Consumer,Basic,Monthly,21,41.77,Digital Wallet,1,0,4.0,47.2,No
2805,43,Consumer,Standard,Annual,23,78.85,Bank Transfer,0,0,5.0,61.1,Yes
2806,42,Consumer,Basic,Two-Year,24,58.91,Bank Transfer,2,0,2.0,52.4,No
2807,35,Consumer,Basic,Two-Year,15,42.52,Bank Transfer,0,0,3.0,59.6,No
2808,31,Consumer,Premium,Monthly,51,103.65,Credit Card,0,0,4.0,50.4,No
2809,55,Consumer,Premium,Monthly,23,125.24,Bank Transfer,3,3,3.0,81.0,No
2810,62,Small Business,Standard,Monthly,16,87.18,Bank Transfer,1,2,2.0,47.1,No
2811,50,Small Business,Basic,Monthly,2,39.68,Credit Card,7,0,3.0,60.8,No
2812,28,Consumer,Standard,Monthly,14,73.85,Credit Card,4,1,2.0,41.5,No
2813,39,Consumer,Basic,Monthly,42,48.79,Credit Card,2,1,3.0,62.0,No
2814,39,Consumer,Standard,Monthly,27,66.17,Direct Debit,1,1,4.0,79.2,No
2815,29,Small Business,Basic,Monthly,29,45.6,Unknown,4,0,4.0,56.1,No
2816,32,Enterprise,Standard,Monthly,24,60.74,Credit Card,3,1,5.0,62.8,No
2817,18,Consumer,Standard,Monthly,21,86.83,Digital Wallet,2,1,3.0,49.5,No
2818,37,Consumer,Standard,Annual,7,81.76,Direct Debit,2,0,3.0,59.0,No
2819,35,Enterprise,Basic,Annual,22,43.1,Bank Transfer,0,1,3.0,50.9,No
2820,18,Small Business,Standard,Monthly,57,92.6,Credit Card,6,1,3.0,43.2,No
2821,56,Small Business,Premium,Monthly,16,132.65,Digital Wallet,1,2,3.0,60.8,No
2822,23,Enterprise,Basic,Monthly,18,42.16,Digital Wallet,1,0,3.0,59.2,No
2823,51,Consumer,Standard,Two-Year,32,71.88,Credit Card,0,1,4.0,51.3,No
2824,38,Small Business,Premium,Annual,27,113.61,Bank Transfer,1,0,3.0,56.6,No
2825,44,Consumer,Basic,Monthly,11,63.95,Credit Card,3,1,3.0,63.2,Yes
2826,48,Consumer,Basic,Annual,36,44.3,Credit Card,3,1,,74.9,No
2827,39,Small Business,Standard,Monthly,5,80.98,Credit Card,2,0,3.0,51.0,No
2828,64,Consumer,Basic,Annual,47,32.27,Direct Debit,2,0,4.0,41.8,No
2829,45,Small Business,Premium,Monthly,30,117.33,Credit Card,1,1,3.0,63.9,No
2830,40,Consumer,Standard,Monthly,11,86.47,Bank Transfer,5,1,2.0,39.3,No
2831,43,Consumer,Basic,Annual,24,44.23,Direct Debit,2,1,3.0,59.8,No
2832,67,Consumer,Premium,Annual,7,89.62,Direct Debit,4,0,3.0,82.9,No
2833,29,Consumer,Standard,Annual,5,80.0,Credit Card,3,1,2.0,76.1,No
2834,44,Consumer,Standard,Monthly,18,64.37,Direct Debit,5,3,3.0,28.3,No
2835,44,Consumer,Basic,Annual,59,48.39,Digital Wallet,2,2,3.0,63.6,No
2836,49,Consumer,Standard,Two-Year,16,74.4,Credit Card,2,2,2.0,47.1,No
2837,39,Consumer,Basic,Two-Year,11,47.06,Digital Wallet,0,1,5.0,58.3,No
2838,45,Consumer,Standard,Monthly,4,59.25,Credit Card,2,0,4.0,66.7,No
2839,59,Small Business,Basic,Monthly,34,47.22,Credit Card,4,2,3.0,36.3,No
2840,30,Small Business,Basic,Annual,26,34.86,Credit Card,0,0,5.0,61.4,No
2841,31,Enterprise,Standard,Monthly,25,90.79,Digital Wallet,3,3,3.0,49.5,No
2842,30,Small Business,Standard,Annual,23,81.41,Credit Card,4,2,4.0,54.4,No
2843,32,Consumer,Standard,Monthly,27,97.09,Credit Card,1,0,2.0,66.0,No
2844,31,Consumer,Basic,Monthly,20,38.65,Bank Transfer,2,0,4.0,57.6,No
2845,43,Consumer,Standard,Monthly,38,72.84,Direct Debit,1,2,3.0,41.0,No
2846,24,Consumer,Basic,Two-Year,16,40.33,Digital Wallet,3,1,5.0,59.2,No
2847,61,Small Business,Standard,Annual,27,72.09,Bank Transfer,3,1,4.0,50.8,No
2848,52,Consumer,Standard,Monthly,10,77.75,Digital Wallet,2,0,1.0,45.3,No
2849,39,Enterprise,Standard,Two-Year,12,81.06,Direct Debit,4,3,3.0,64.9,No
2850,61,Consumer,Basic,Annual,32,61.97,Bank Transfer,2,0,4.0,54.2,No
2851,30,Consumer,Basic,Monthly,19,55.71,Digital Wallet,3,1,3.0,26.1,Yes
2852,41,Consumer,Standard,Two-Year,18,73.03,Digital Wallet,4,1,4.0,54.0,No
2853,58,Consumer,Basic,Annual,59,46.74,Digital Wallet,2,3,3.0,45.0,No
2854,48,Consumer,Premium,Monthly,27,112.31,Digital Wallet,4,2,3.0,54.0,No
2855,38,Consumer,Standard,Monthly,88,84.16,Credit Card,0,2,1.0,55.5,No
2856,43,Consumer,Basic,Monthly,27,50.02,Bank Transfer,1,1,5.0,46.3,No
2857,71,Consumer,Standard,Monthly,8,71.41,Direct Debit,3,0,3.0,60.0,Yes
2858,27,Enterprise,Standard,Annual,36,66.25,Direct Debit,1,0,3.0,64.1,No
2859,60,Consumer,Standard,Monthly,18,86.6,Direct Debit,6,1,2.0,53.7,Yes
2860,43,Consumer,Basic,Monthly,13,41.14,Bank Transfer,6,5,3.0,68.1,No
2861,31,Enterprise,Standard,Monthly,3,62.24,Digital Wallet,1,0,4.0,60.8,No
2862,65,Consumer,Premium,Monthly,26,118.19,Direct Debit,2,1,4.0,73.7,No
2863,60,Small Business,Standard,Monthly,26,78.15,Credit Card,2,0,4.0,50.2,No
2864,56,Consumer,Premium,Two-Year,64,114.22,Digital Wallet,2,0,3.0,96.8,No
2865,49,Consumer,Basic,Two-Year,41,52.7,Digital Wallet,1,1,3.0,54.1,No
2866,45,Consumer,Basic,Monthly,28,47.08,Bank Transfer,2,0,5.0,72.0,No
2867,50,Small Business,Standard,Monthly,24,69.0,Digital Wallet,1,0,4.0,30.2,No
2868,42,Consumer,Standard,Monthly,7,80.01,Bank Transfer,5,1,3.0,57.0,No
2869,53,Consumer,Basic,Two-Year,17,45.61,Credit Card,2,0,4.0,75.8,No
2870,40,Consumer,Standard,Two-Year,65,76.92,Direct Debit,1,0,5.0,54.4,No
2871,38,Consumer,Basic,Two-Year,20,38.28,Direct Debit,1,1,2.0,81.3,No
2872,47,Consumer,Basic,Two-Year,5,56.75,Credit Card,1,0,4.0,66.6,No
2873,49,Small Business,Standard,Annual,11,75.58,Direct Debit,2,3,4.0,66.0,No
2874,18,Enterprise,Basic,Annual,53,39.94,Direct Debit,1,3,3.0,81.3,No
2875,53,Consumer,Basic,Monthly,18,51.35,Bank Transfer,3,3,4.0,67.0,No
2876,43,Enterprise,Standard,Two-Year,34,51.55,Direct Debit,3,3,,43.6,No
2877,41,Consumer,Premium,Monthly,15,111.04,Bank Transfer,2,0,5.0,47.0,No
2878,49,Small Business,Premium,Monthly,13,116.37,Digital Wallet,0,1,4.0,72.5,No
2879,35,Enterprise,Standard,Monthly,25,71.2,Digital Wallet,2,1,3.0,50.4,No
2880,41,Consumer,Standard,Monthly,24,63.93,Credit Card,2,1,3.0,45.5,No
2881,18,Consumer,Standard,Annual,27,66.6,Direct Debit,0,1,2.0,94.1,No
2882,45,Consumer,Standard,Monthly,45,73.42,Bank Transfer,1,2,3.0,62.3,No
2883,18,Consumer,Basic,Annual,6,36.72,Credit Card,0,0,4.0,71.8,No
2884,44,Consumer,Standard,Two-Year,27,67.47,Credit Card,0,2,3.0,56.4,No
2885,69,Consumer,Standard,Monthly,37,62.11,Direct Debit,3,2,3.0,44.1,No
2886,38,Consumer,Basic,Two-Year,58,38.96,Credit Card,2,0,3.0,64.0,No
2887,38,Consumer,Basic,Annual,39,35.67,Direct Debit,3,0,2.0,67.7,No
2888,37,Consumer,Basic,Two-Year,26,50.35,Digital Wallet,2,0,5.0,81.0,No
2889,33,Consumer,Premium,Monthly,15,128.77,Bank Transfer,4,2,4.0,75.9,No
2890,18,Small Business,Basic,Two-Year,59,39.92,Bank Transfer,2,0,1.0,60.4,No
2891,18,Consumer,Standard,Annual,62,66.5,Credit Card,1,1,3.0,75.2,No
2892,48,Enterprise,Premium,Monthly,54,118.45,Bank Transfer,3,1,1.0,62.4,No
2893,34,Small Business,Standard,Annual,13,81.77,Digital Wallet,2,2,3.0,62.4,No
2894,70,Consumer,Premium,Two-Year,11,113.09,Credit Card,2,0,2.0,58.8,No
2895,38,Consumer,Premium,Monthly,52,122.56,Direct Debit,2,2,5.0,70.3,No
2896,49,Consumer,Basic,Annual,40,39.4,Direct Debit,1,1,2.0,35.7,No
2897,47,Consumer,Basic,Monthly,29,49.18,Digital Wallet,3,1,2.0,65.5,No
2898,48,Small Business,Basic,Monthly,23,44.43,Credit Card,3,1,4.0,35.1,No
2899,34,Consumer,Premium,Monthly,22,105.14,Direct Debit,2,1,3.0,58.7,No
2900,53,Consumer,Standard,Annual,54,57.3,Direct Debit,3,2,3.0,43.7,No
2901,34,Consumer,Basic,Two-Year,29,41.35,Bank Transfer,1,0,3.0,35.6,No
2902,47,Consumer,Basic,Two-Year,18,46.82,Bank Transfer,6,2,4.0,70.1,No
2903,47,Consumer,Standard,Two-Year,15,67.96,Bank Transfer,1,2,3.0,30.2,No
2904,54,Consumer,Basic,Monthly,7,47.17,Digital Wallet,2,1,3.0,43.2,No
2905,38,Consumer,Basic,Monthly,17,36.23,Bank Transfer,3,0,3.0,39.6,No
2906,47,Consumer,Standard,Annual,36,79.49,Bank Transfer,1,1,4.0,58.1,No
2907,24,Small Business,Standard,Monthly,9,92.66,Bank Transfer,3,1,4.0,75.9,No
2908,33,Consumer,Basic,Annual,7,43.92,Credit Card,2,2,4.0,53.0,No
2909,41,Small Business,Premium,Monthly,63,76.81,Credit Card,2,1,4.0,48.6,No
2910,18,Enterprise,Basic,Monthly,11,48.9,Bank Transfer,2,1,4.0,69.1,No
2911,31,Consumer,Standard,Monthly,36,63.13,Direct Debit,4,0,2.0,57.8,No
2912,34,Small Business,Premium,Monthly,20,103.94,Direct Debit,4,4,3.0,55.6,No
2913,41,Consumer,Basic,Two-Year,18,43.26,Direct Debit,5,1,4.0,66.1,No
2914,63,Consumer,Basic,Monthly,26,63.88,Direct Debit,3,4,1.0,35.3,No
2915,22,Enterprise,Premium,Annual,36,148.32,Direct Debit,1,0,4.0,66.7,No
2916,50,Enterprise,Premium,Monthly,31,128.07,Bank Transfer,2,2,2.0,83.7,No
2917,70,Enterprise,Standard,Annual,39,58.22,Digital Wallet,1,0,4.0,66.9,No
2918,43,Consumer,Basic,Annual,44,59.64,Bank Transfer,5,4,2.0,50.1,No
2919,63,Consumer,Premium,Monthly,10,121.45,Digital Wallet,5,3,3.0,51.9,No
2920,38,Consumer,Standard,Two-Year,13,69.8,Digital Wallet,0,0,3.0,44.3,No
2921,33,Consumer,Basic,Annual,22,54.06,Credit Card,2,3,4.0,55.2,No
2922,43,Consumer,Premium,Monthly,23,132.45,Bank Transfer,2,2,3.0,86.4,No
2923,44,Consumer,Standard,Monthly,14,110.29,Digital Wallet,2,0,4.0,52.0,No
2924,37,Consumer,Premium,Annual,21,125.9,Bank Transfer,3,2,4.0,35.7,No
2925,45,Consumer,Premium,Monthly,10,100.54,Direct Debit,0,0,4.0,95.7,No
2926,36,Consumer,Premium,Two-Year,24,134.68,Bank Transfer,2,1,3.0,47.9,Yes
2927,34,Consumer,Standard,Monthly,34,81.03,Digital Wallet,2,3,3.0,67.6,No
2928,35,Small Business,Basic,Monthly,12,48.42,Bank Transfer,1,0,3.0,59.6,No
2929,33,Small Business,Basic,Monthly,23,49.58,Direct Debit,0,0,3.0,57.3,No
2930,34,Consumer,Standard,Monthly,30,51.58,Bank Transfer,0,0,3.0,41.1,No
2931,58,Small Business,Standard,Monthly,15,56.29,Bank Transfer,4,1,4.0,30.3,No
2932,46,Enterprise,Basic,Two-Year,24,51.16,Credit Card,1,3,4.0,44.5,No
2933,28,Small Business,Basic,Monthly,61,46.11,Direct Debit,3,0,2.0,55.3,No
2934,46,Consumer,Basic,Annual,35,42.82,Direct Debit,4,0,3.0,40.8,No
2935,44,Enterprise,Standard,Monthly,32,90.96,Digital Wallet,3,0,3.0,54.0,No
2936,29,Consumer,Standard,Monthly,26,65.62,Direct Debit,4,1,2.0,63.9,Yes
2937,35,Small Business,Basic,Monthly,51,43.76,Digital Wallet,2,0,4.0,43.9,No
2938,41,Consumer,Basic,Monthly,21,39.96,Bank Transfer,4,1,3.0,56.5,No
2939,40,Small Business,Standard,Annual,31,81.1,Digital Wallet,2,0,5.0,95.8,No
2940,47,Consumer,Standard,Annual,3,63.17,Credit Card,2,1,4.0,48.3,No
2941,55,Consumer,Standard,Monthly,39,66.46,Digital Wallet,4,3,2.0,50.7,No
2942,22,Small Business,Basic,Monthly,17,46.48,Credit Card,5,0,2.0,43.6,No
2943,36,Small Business,Standard,Monthly,48,62.87,Direct Debit,1,1,3.0,78.1,No
2944,56,Consumer,Standard,Monthly,13,63.09,Digital Wallet,2,4,4.0,66.7,Yes
2945,37,Small Business,Basic,Monthly,24,35.37,Direct Debit,3,2,3.0,65.7,No
2946,46,Consumer,Basic,Monthly,21,43.68,Credit Card,2,4,3.0,41.1,No
2947,44,Consumer,Basic,Annual,21,52.27,Digital Wallet,2,1,3.0,42.3,No
2948,39,Small Business,Basic,Monthly,33,51.19,Credit Card,2,1,3.0,45.6,No
2949,51,Consumer,Standard,Two-Year,15,94.14,Digital Wallet,2,0,3.0,68.5,No
2950,26,Consumer,Premium,Monthly,21,93.04,Digital Wallet,3,2,2.0,78.5,No
2951,35,Small Business,Basic,Monthly,25,50.15,Bank Transfer,2,1,3.0,74.3,No
2952,42,Consumer,Standard,Two-Year,28,94.49,Bank Transfer,0,0,4.0,57.1,No
2953,68,Consumer,Standard,Annual,28,92.84,Digital Wallet,3,1,3.0,49.6,No
2954,36,Consumer,Standard,Monthly,12,66.96,Bank Transfer,1,1,3.0,61.5,No
2955,40,Small Business,Basic,Monthly,15,45.38,Credit Card,3,0,3.0,47.1,No
2956,42,Consumer,Basic,Monthly,39,53.3,Credit Card,3,2,2.0,52.2,No
2957,55,Consumer,Premium,Two-Year,27,101.78,Direct Debit,4,2,3.0,66.2,No
2958,58,Consumer,Standard,Monthly,39,70.98,Direct Debit,3,1,2.0,78.1,No
2959,36,Consumer,Standard,Annual,18,77.75,Digital Wallet,1,0,4.0,75.9,Yes
2960,39,Small Business,Standard,Annual,14,75.07,Bank Transfer,3,3,4.0,49.4,No
2961,54,Small Business,Standard,Two-Year,38,84.83,Direct Debit,1,1,4.0,49.7,No
2962,45,Enterprise,Standard,Monthly,43,78.8,Digital Wallet,2,1,4.0,55.8,No
2963,48,Enterprise,Premium,Two-Year,23,125.42,Direct Debit,3,2,3.0,71.8,No
2964,28,Consumer,Standard,Monthly,33,84.1,Credit Card,8,1,3.0,51.8,No
2965,57,Consumer,Basic,Monthly,19,59.64,Credit Card,3,4,3.0,70.3,No
2966,63,Consumer,Standard,Monthly,8,86.37,Direct Debit,3,2,3.0,49.0,No
2967,34,Consumer,Basic,Monthly,41,50.79,Bank Transfer,2,1,3.0,60.7,No
2968,36,Enterprise,Standard,Monthly,19,86.56,Direct Debit,1,1,2.0,39.8,No
2969,32,Consumer,Standard,Monthly,36,76.44,Direct Debit,2,2,2.0,65.1,No
2970,23,Consumer,Basic,Monthly,43,59.27,Credit Card,0,0,4.0,75.1,No
2971,35,Consumer,Standard,Monthly,6,75.3,Digital Wallet,2,1,4.0,62.1,No
2972,37,Enterprise,Standard,Monthly,7,71.7,Direct Debit,4,2,3.0,65.6,No
2973,58,Enterprise,Standard,Annual,33,69.2,Bank Transfer,2,1,3.0,49.8,No
2974,23,Consumer,Basic,Monthly,13,46.45,Credit Card,2,0,4.0,48.1,Yes
2975,32,Consumer,Basic,Monthly,5,49.12,Direct Debit,3,1,5.0,42.8,No
2976,48,Consumer,Basic,Two-Year,15,47.84,Credit Card,1,0,4.0,62.4,No
2977,34,Consumer,Standard,Annual,72,62.21,Credit Card,0,0,3.0,91.8,No
2978,36,Enterprise,Basic,Monthly,39,43.66,Direct Debit,5,1,3.0,52.0,No
2979,40,Consumer,Basic,Monthly,5,46.57,Credit Card,2,1,3.0,59.8,No
2980,38,Small Business,Standard,Monthly,73,90.41,Digital Wallet,1,1,5.0,54.9,No
2981,43,Small Business,Basic,Annual,37,40.73,Credit Card,1,0,4.0,60.0,No
2982,50,Consumer,Standard,Annual,29,70.8,Direct Debit,2,1,3.0,57.4,No
2983,51,Small Business,Standard,Two-Year,45,58.22,Bank Transfer,1,1,,41.7,No
2984,40,Consumer,Basic,Monthly,18,37.38,Credit Card,4,1,3.0,49.8,No
2985,51,Consumer,Basic,Monthly,27,53.76,Digital Wallet,4,2,2.0,19.8,No
2986,24,Small Business,Premium,Monthly,21,119.77,Digital Wallet,4,2,2.0,45.3,No
2987,32,Enterprise,Basic,Monthly,87,51.93,Digital Wallet,0,1,4.0,50.3,No
2988,52,Consumer,Basic,Annual,19,34.85,Direct Debit,2,1,4.0,70.2,No
2989,49,Consumer,Standard,Annual,11,66.0,Direct Debit,3,0,3.0,61.9,No
2990,33,Consumer,Standard,Annual,32,69.51,Digital Wallet,2,1,4.0,81.5,No
2991,29,Consumer,Standard,Monthly,20,82.76,Credit Card,3,0,4.0,48.8,No
2992,59,Small Business,Standard,Monthly,19,78.1,Direct Debit,2,1,3.0,48.7,No
2993,72,Consumer,Standard,Monthly,13,68.2,Credit Card,3,3,4.0,36.1,No
2994,50,Small Business,Standard,Two-Year,14,74.67,Credit Card,0,0,4.0,66.9,No
2995,65,Enterprise,Basic,Annual,50,49.7,Credit Card,1,0,4.0,54.3,No
2996,18,Enterprise,Premium,Annual,28,133.55,Direct Debit,4,2,3.0,45.0,No
2997,42,Consumer,Standard,Monthly,22,88.46,Digital Wallet,0,2,4.0,56.6,No
2998,21,Consumer,Basic,Annual,72,35.03,Direct Debit,2,1,4.0,100.0,Yes
2999,54,Small Business,Standard,Monthly,8,77.0,Digital Wallet,3,2,3.0,51.2,No
3000,52,Enterprise,Basic,Annual,4,52.03,Digital Wallet,3,2,4.0,47.8,No
3001,50,Consumer,Premium,Monthly,38,101.11,Bank Transfer,4,1,2.0,58.0,No
3002,26,Consumer,Premium,Two-Year,24,124.54,Digital Wallet,3,0,3.0,81.5,No
3003,47,Enterprise,Basic,Annual,28,49.98,Direct Debit,2,1,5.0,61.8,No
3004,40,Consumer,Standard,Monthly,18,72.18,Direct Debit,2,1,3.0,69.7,No
3005,26,Consumer,Standard,Monthly,46,76.36,Digital Wallet,4,2,2.0,75.6,No
3006,33,Consumer,Premium,Annual,48,132.08,Bank Transfer,0,0,3.0,76.0,No
3007,33,Consumer,Premium,Monthly,46,139.33,Direct Debit,3,2,2.0,48.4,No
3008,28,Small Business,Basic,Monthly,22,39.58,Bank Transfer,0,0,4.0,73.3,No
3009,19,Consumer,Standard,Monthly,47,70.12,Credit Card,3,0,,46.7,No
3010,62,Consumer,Standard,Annual,8,86.05,Credit Card,1,1,4.0,61.2,No
3011,48,Enterprise,Basic,Annual,77,47.06,Bank Transfer,2,1,5.0,56.6,No
3012,55,Small Business,Standard,Monthly,20,73.33,Digital Wallet,1,1,3.0,50.2,No
3013,50,Consumer,Premium,Monthly,33,123.63,Bank Transfer,3,3,3.0,80.6,No
3014,46,Consumer,Premium,Monthly,14,106.03,Direct Debit,3,1,4.0,76.0,No
3015,18,Small Business,Premium,Annual,78,120.38,Bank Transfer,0,1,3.0,53.6,No
3016,34,Small Business,Standard,Monthly,17,66.79,Direct Debit,3,0,4.0,46.5,No
3017,39,Consumer,Premium,Two-Year,25,128.32,Digital Wallet,0,0,3.0,72.4,No
3018,18,Consumer,Basic,Annual,26,49.23,Digital Wallet,1,1,2.0,69.6,No
3019,61,Consumer,Premium,Monthly,78,119.74,Digital Wallet,2,1,5.0,63.9,No
3020,35,Small Business,Basic,Monthly,32,28.62,Direct Debit,2,0,3.0,74.6,No
3021,45,Consumer,Premium,Two-Year,7,139.81,Credit Card,2,0,4.0,53.7,No
3022,39,Consumer,Basic,Monthly,23,42.41,Direct Debit,1,0,4.0,71.8,No
3023,49,Consumer,Standard,Annual,16,76.66,Direct Debit,1,2,3.0,91.6,No
3024,28,Consumer,Basic,Annual,18,54.65,Credit Card,1,2,5.0,65.4,No
3025,62,Enterprise,Basic,Monthly,13,49.12,Direct Debit,3,2,1.0,57.6,No
3026,47,Consumer,Basic,Annual,48,47.25,Digital Wallet,1,1,3.0,21.2,No
3027,62,Small Business,Standard,Monthly,24,74.71,Bank Transfer,2,1,3.0,43.5,No
3028,37,Small Business,Basic,Two-Year,1,36.44,Credit Card,2,1,4.0,38.2,No
3029,43,Consumer,Standard,Monthly,24,79.66,Credit Card,3,0,4.0,61.8,No
3030,39,Consumer,Standard,Annual,16,76.83,Credit Card,2,0,4.0,80.2,No
3031,25,Consumer,Premium,Annual,7,91.81,Direct Debit,2,2,4.0,56.1,No
3032,58,Consumer,Standard,Monthly,18,74.76,Credit Card,0,0,5.0,34.8,No
3033,37,Consumer,Standard,Monthly,13,85.31,Bank Transfer,4,0,3.0,64.3,No
3034,48,Consumer,Premium,Monthly,81,139.51,Credit Card,4,0,4.0,48.9,No
3035,60,Small Business,Standard,Monthly,16,59.31,Direct Debit,6,1,1.0,41.8,No
3036,41,Consumer,Standard,Monthly,20,92.1,Credit Card,1,1,3.0,60.9,No
3037,28,Consumer,Basic,Monthly,50,55.97,Bank Transfer,4,0,3.0,65.7,No
3038,46,Small Business,Basic,Annual,16,27.96,Digital Wallet,2,1,4.0,57.3,No
3039,51,Consumer,Basic,Two-Year,28,52.6,Direct Debit,1,0,3.0,60.8,No
3040,44,Consumer,Basic,Monthly,46,41.36,Credit Card,0,1,3.0,56.0,No
3041,39,Consumer,Standard,Monthly,17,61.25,Bank Transfer,3,2,3.0,21.7,No
3042,38,Small Business,Standard,Annual,24,90.07,Digital Wallet,0,1,4.0,90.0,No
3043,18,Consumer,Standard,Monthly,17,62.67,Bank Transfer,6,4,2.0,60.0,No
3044,51,Consumer,Basic,Annual,23,51.45,Digital Wallet,2,1,3.0,41.0,No
3045,55,Consumer,Basic,Monthly,38,51.04,Bank Transfer,3,2,4.0,31.3,No
3046,69,Consumer,Standard,Monthly,13,58.76,Bank Transfer,0,0,4.0,71.8,No
3047,47,Small Business,Basic,Annual,28,34.96,Digital Wallet,3,3,3.0,51.8,No
3048,31,Consumer,Basic,Monthly,31,59.38,Bank Transfer,6,3,3.0,34.0,No
3049,27,Consumer,Premium,Annual,20,147.4,Bank Transfer,1,2,2.0,65.0,No
3050,47,Consumer,Premium,Monthly,11,122.18,Direct Debit,4,0,1.0,43.1,No
3051,80,Small Business,Standard,Monthly,34,69.13,Direct Debit,4,1,3.0,50.2,No
3052,58,Small Business,Standard,Annual,75,73.24,Digital Wallet,2,1,5.0,55.0,No
3053,56,Small Business,Standard,Monthly,36,93.83,Bank Transfer,1,3,4.0,48.3,No
3054,20,Small Business,Basic,Two-Year,29,31.24,Credit Card,1,1,5.0,64.3,No
3055,35,Consumer,Basic,Monthly,24,46.97,Digital Wallet,4,2,3.0,51.0,Yes
3056,45,Consumer,Premium,Two-Year,37,99.09,Bank Transfer,1,0,3.0,80.1,No
3057,33,Consumer,Basic,Monthly,2,48.54,Digital Wallet,2,0,3.0,54.3,No
3058,28,Small Business,Basic,Monthly,12,42.85,Bank Transfer,1,0,4.0,57.3,No
3059,51,Consumer,Standard,Monthly,9,69.78,Digital Wallet,5,3,3.0,52.3,No
3060,25,Small Business,Premium,Monthly,16,108.36,Direct Debit,4,1,3.0,49.8,No
3061,30,Small Business,Basic,Annual,17,40.7,Direct Debit,2,3,3.0,51.0,No
3062,52,Small Business,Premium,Monthly,61,99.99,Digital Wallet,6,2,3.0,35.8,No
3063,44,Small Business,Standard,Monthly,11,78.56,Direct Debit,3,1,5.0,82.2,No
3064,42,Consumer,Premium,Monthly,33,134.85,Credit Card,2,1,3.0,26.9,No
3065,38,Small Business,Standard,Monthly,20,101.78,Bank Transfer,2,0,4.0,60.4,No
3066,51,Small Business,Basic,Annual,44,46.39,Digital Wallet,1,2,4.0,56.7,No
3067,50,Enterprise,Basic,Monthly,28,45.26,Digital Wallet,3,1,4.0,63.8,No
3068,53,Consumer,Basic,Monthly,45,59.42,Credit Card,5,0,4.0,56.9,No
3069,39,Consumer,Basic,Monthly,12,42.05,Credit Card,1,0,2.0,94.8,No
3070,64,Consumer,Standard,Monthly,17,52.62,Credit Card,3,0,2.0,54.7,No
3071,36,Small Business,Standard,Monthly,14,64.35,Digital Wallet,1,2,2.0,77.5,No
3072,33,Consumer,Standard,Annual,30,90.69,Bank Transfer,3,1,4.0,55.9,No
3073,60,Consumer,Standard,Monthly,9,63.97,Bank Transfer,2,0,3.0,37.8,No
3074,67,Small Business,Standard,Annual,13,61.14,Direct Debit,2,0,3.0,80.5,No
3075,18,Consumer,Standard,Monthly,21,85.05,Bank Transfer,2,1,5.0,51.1,No
3076,48,Small Business,Standard,Monthly,67,69.22,Direct Debit,2,2,2.0,57.4,No
3077,45,Enterprise,Standard,Monthly,8,78.11,Bank Transfer,2,1,3.0,62.6,No
3078,42,Small Business,Basic,Two-Year,15,35.59,Bank Transfer,2,3,5.0,71.5,No
3079,49,Consumer,Premium,Two-Year,37,92.8,Bank Transfer,1,0,4.0,81.0,No
3080,38,Consumer,Standard,Two-Year,59,86.29,Digital Wallet,1,0,5.0,77.9,No
3081,36,Consumer,Standard,Annual,41,70.63,Direct Debit,2,1,5.0,48.6,No
3082,46,Consumer,Standard,Annual,28,89.46,Direct Debit,1,0,3.0,69.0,No
3083,36,Consumer,Standard,Annual,29,59.22,Bank Transfer,4,2,3.0,32.7,No
3084,29,Consumer,Basic,Monthly,7,55.88,Credit Card,4,0,3.0,60.1,No
3085,38,Small Business,Standard,Monthly,16,81.72,Bank Transfer,3,1,3.0,50.4,No
3086,24,Small Business,Premium,Monthly,16,132.13,Credit Card,2,0,2.0,78.8,No
3087,29,Consumer,Basic,Monthly,20,42.09,Bank Transfer,6,1,2.0,59.7,No
3088,48,Consumer,Basic,Annual,40,41.1,Bank Transfer,3,2,4.0,43.2,No
3089,25,Consumer,Basic,Annual,9,34.88,Direct Debit,1,0,3.0,38.7,No
3090,40,Consumer,Standard,Monthly,31,82.65,Bank Transfer,4,4,4.0,34.9,No
3091,39,Consumer,Standard,Annual,34,108.5,Direct Debit,4,1,4.0,40.9,Yes
3092,70,Consumer,Standard,Monthly,12,71.9,Direct Debit,2,2,3.0,45.7,No
3093,38,Small Business,Standard,Monthly,28,63.76,Credit Card,2,0,3.0,70.9,No
3094,38,Consumer,Basic,Annual,33,33.41,Direct Debit,1,0,2.0,62.8,No
3095,39,Consumer,Standard,Two-Year,24,102.98,Bank Transfer,0,0,5.0,63.6,No
3096,42,Consumer,Standard,Annual,5,86.37,Digital Wallet,3,2,3.0,71.0,No
3097,25,Small Business,Basic,Monthly,1,48.66,Direct Debit,0,0,3.0,76.2,No
3098,63,Consumer,Standard,Annual,63,80.94,Direct Debit,1,0,4.0,53.4,No
3099,44,Consumer,Basic,Annual,30,43.87,Bank Transfer,3,0,4.0,78.3,No
3100,42,Consumer,Basic,Monthly,40,38.8,Digital Wallet,0,1,3.0,67.3,No
3101,36,Consumer,Standard,Monthly,9,88.88,Direct Debit,4,2,3.0,42.8,No
3102,39,Small Business,Basic,Monthly,23,37.44,Bank Transfer,2,0,3.0,50.0,Yes
3103,29,Consumer,Basic,Monthly,6,38.05,Direct Debit,3,1,2.0,63.5,No
3104,57,Enterprise,Standard,Annual,30,59.32,Bank Transfer,0,0,4.0,84.2,No
3105,31,Consumer,Standard,Annual,16,45.79,Bank Transfer,0,0,4.0,65.4,No
3106,45,Consumer,Basic,Monthly,66,37.85,Credit Card,2,0,4.0,41.9,No
3107,50,Consumer,Premium,Monthly,9,116.72,Direct Debit,2,0,4.0,59.7,Yes
3108,59,Consumer,Standard,Annual,41,83.81,Digital Wallet,0,0,3.0,79.8,No
3109,49,Consumer,Standard,Annual,24,78.95,Direct Debit,2,1,4.0,39.0,Yes
3110,54,Consumer,Standard,Annual,41,89.29,Bank Transfer,6,0,1.0,61.2,No
3111,38,Consumer,Basic,Monthly,27,52.81,Bank Transfer,3,0,2.0,28.2,No
3112,22,Consumer,Standard,Annual,17,56.69,Digital Wallet,1,0,3.0,58.3,No
3113,39,Small Business,Standard,Two-Year,47,71.39,Direct Debit,1,1,5.0,55.3,No
3114,44,Consumer,Premium,Annual,19,100.48,Digital Wallet,3,0,5.0,74.2,No
3115,40,Consumer,Standard,Two-Year,42,73.67,Direct Debit,3,2,2.0,62.5,No
3116,46,Consumer,Premium,Two-Year,13,152.03,Direct Debit,2,0,4.0,60.8,No
3117,37,Consumer,Standard,Annual,64,82.65,Direct Debit,0,0,4.0,79.6,No
3118,56,Consumer,Standard,Annual,41,56.56,Digital Wallet,1,0,3.0,57.9,No
3119,26,Consumer,Standard,Monthly,31,81.88,Bank Transfer,1,0,4.0,50.0,No
3120,50,Small Business,Basic,Two-Year,61,38.87,Credit Card,2,1,3.0,59.6,No
3121,54,Small Business,Standard,Monthly,13,73.67,Digital Wallet,2,0,3.0,56.4,No
3122,59,Consumer,Basic,Monthly,29,53.77,Direct Debit,2,1,4.0,43.8,No
3123,36,Small Business,Basic,Monthly,29,55.62,Credit Card,1,1,3.0,31.2,No
3124,44,Consumer,Premium,Monthly,34,86.62,Digital Wallet,3,2,4.0,56.1,No
3125,50,Consumer,Standard,Two-Year,21,72.18,Unknown,2,0,3.0,78.1,No
3126,22,Consumer,Standard,Two-Year,23,66.12,Credit Card,3,1,3.0,58.5,No
3127,24,Small Business,Standard,Annual,45,70.19,Direct Debit,4,2,2.0,57.5,No
3128,43,Consumer,Basic,Monthly,12,45.3,Digital Wallet,1,0,4.0,79.1,No
3129,50,Consumer,Standard,Monthly,41,71.27,Direct Debit,3,0,2.0,51.8,No
3130,26,Small Business,Standard,Monthly,30,82.75,Direct Debit,2,1,2.0,52.9,No
3131,49,Consumer,Standard,Annual,10,76.41,Direct Debit,2,2,2.0,47.4,No
3132,20,Consumer,Basic,Annual,25,51.53,Bank Transfer,4,2,3.0,55.4,No
3133,41,Consumer,Standard,Monthly,35,86.18,Bank Transfer,3,0,3.0,67.4,No
3134,37,Consumer,Standard,Annual,16,58.15,Direct Debit,5,3,3.0,91.1,No
3135,70,Consumer,Premium,Annual,9,109.35,Digital Wallet,1,0,5.0,91.5,No
3136,30,Enterprise,Basic,Annual,10,38.88,Digital Wallet,3,1,4.0,49.2,No
3137,47,Small Business,Basic,Annual,22,51.8,Bank Transfer,1,1,3.0,73.3,No
3138,56,Consumer,Premium,Monthly,41,120.1,Credit Card,5,5,3.0,42.9,No
3139,24,Enterprise,Basic,Monthly,42,35.48,Digital Wallet,3,1,1.0,59.3,No
3140,37,Consumer,Standard,Monthly,32,86.16,Bank Transfer,3,3,4.0,36.4,No
3141,61,Consumer,Basic,Monthly,29,44.02,Credit Card,2,0,3.0,75.3,No
3142,19,Small Business,Standard,Monthly,12,66.53,Digital Wallet,2,0,4.0,61.3,No
3143,43,Enterprise,Premium,Two-Year,27,133.79,Bank Transfer,0,1,4.0,64.9,No
3144,32,Consumer,Basic,Monthly,39,41.38,Bank Transfer,1,2,4.0,52.6,No
3145,35,Enterprise,Basic,Annual,54,34.86,Credit Card,1,0,4.0,80.6,No
3146,24,Small Business,Standard,Monthly,48,69.4,Credit Card,0,0,3.0,45.0,No
3147,61,Enterprise,Standard,Monthly,5,82.27,Direct Debit,0,0,4.0,29.7,No
3148,45,Consumer,Premium,Annual,12,92.95,Direct Debit,3,2,3.0,61.0,No
3149,30,Small Business,Basic,Monthly,9,50.66,Digital Wallet,2,3,4.0,33.5,No
3150,35,Consumer,Standard,Two-Year,14,60.86,Bank Transfer,0,1,3.0,65.4,Yes
3151,24,Enterprise,Premium,Monthly,45,141.24,Direct Debit,5,4,4.0,79.6,No
3152,33,Consumer,Standard,Monthly,45,84.25,Credit Card,2,1,2.0,43.9,No
3153,44,Consumer,Premium,Annual,59,119.47,Bank Transfer,0,0,2.0,88.6,No
3154,28,Consumer,Standard,Two-Year,24,76.75,Credit Card,2,1,5.0,62.8,Yes
3155,24,Enterprise,Premium,Annual,28,117.95,Credit Card,3,2,2.0,70.1,No
3156,46,Consumer,Standard,Monthly,38,66.97,Bank Transfer,5,2,,28.5,No
3157,36,Consumer,Standard,Monthly,46,66.14,Credit Card,0,1,4.0,73.7,No
3158,52,Consumer,Standard,Monthly,7,94.92,Direct Debit,1,1,4.0,56.3,No
3159,46,Consumer,Standard,Monthly,21,54.6,Bank Transfer,3,3,4.0,28.0,No
3160,39,Small Business,Standard,Monthly,15,61.93,Bank Transfer,0,1,3.0,36.1,No
3161,42,Consumer,Basic,Annual,26,40.48,Bank Transfer,0,1,5.0,67.2,No
3162,41,Consumer,Premium,Monthly,14,85.54,Bank Transfer,1,0,4.0,48.3,No
3163,49,Consumer,Premium,Monthly,27,122.91,Digital Wallet,1,1,4.0,60.0,No
3164,28,Enterprise,Standard,Monthly,56,72.34,Digital Wallet,1,0,3.0,73.2,No
3165,53,Consumer,Premium,Monthly,15,123.91,Digital Wallet,3,0,4.0,53.6,No
3166,51,Small Business,Basic,Monthly,4,55.59,Direct Debit,3,0,2.0,48.9,No
3167,39,Consumer,Premium,Monthly,31,115.84,Credit Card,2,1,3.0,73.7,No
3168,48,Consumer,Basic,Two-Year,27,51.29,Bank Transfer,3,1,3.0,55.9,No
3169,50,Consumer,Basic,Monthly,15,46.09,Digital Wallet,2,0,3.0,62.2,No
3170,40,Consumer,Basic,Annual,22,48.72,Credit Card,3,0,4.0,59.5,No
3171,48,Small Business,Standard,Monthly,44,74.34,Bank Transfer,4,1,2.0,35.6,No
3172,41,Consumer,Standard,Monthly,43,64.38,Digital Wallet,1,1,3.0,38.8,No
3173,38,Consumer,Standard,Annual,21,97.53,Digital Wallet,5,1,3.0,43.2,No
3174,46,Consumer,Premium,Monthly,15,105.19,Direct Debit,2,2,3.0,60.0,No
3175,59,Consumer,Basic,Two-Year,19,37.34,Credit Card,2,0,4.0,65.6,No
3176,22,Small Business,Basic,Two-Year,28,46.32,Credit Card,2,2,3.0,81.0,No
3177,57,Consumer,Premium,Monthly,19,115.87,Bank Transfer,4,5,3.0,49.8,No
3178,43,Consumer,Basic,Monthly,52,49.31,Credit Card,4,2,4.0,33.3,No
3179,41,Consumer,Basic,Monthly,51,38.8,Direct Debit,2,0,2.0,32.9,Yes
3180,48,Consumer,Premium,Monthly,81,152.01,Bank Transfer,2,3,3.0,46.0,No
3181,30,Enterprise,Standard,Annual,48,91.73,Digital Wallet,2,1,3.0,54.2,No
3182,18,Consumer,Standard,Monthly,11,86.24,Credit Card,2,0,3.0,76.1,No
3183,18,Small Business,Standard,Monthly,31,89.92,Bank Transfer,0,0,3.0,45.0,No
3184,53,Enterprise,Standard,Monthly,96,76.07,Direct Debit,1,0,3.0,36.9,No
3185,42,Consumer,Standard,Monthly,19,87.62,Bank Transfer,3,1,5.0,72.1,No
3186,44,Small Business,Premium,Monthly,17,120.35,Bank Transfer,3,1,3.0,64.6,No
3187,58,Consumer,Basic,Monthly,6,43.68,Bank Transfer,1,0,3.0,54.4,No
3188,43,Consumer,Basic,Monthly,18,58.41,Bank Transfer,3,2,3.0,67.2,No
3189,55,Small Business,Standard,Monthly,40,75.4,Direct Debit,1,0,4.0,41.2,No
3190,32,Consumer,Standard,Monthly,33,94.02,Credit Card,1,0,4.0,52.6,No
3191,46,Enterprise,Basic,Annual,19,42.8,Digital Wallet,3,2,4.0,59.9,No
3192,34,Small Business,Standard,Monthly,23,66.89,Digital Wallet,2,1,4.0,63.4,No
3193,42,Consumer,Basic,Two-Year,15,39.34,Direct Debit,3,1,3.0,62.5,No
3194,34,Consumer,Basic,Annual,18,47.99,Bank Transfer,2,1,2.0,69.5,No
3195,55,Enterprise,Standard,Two-Year,27,73.14,Credit Card,1,0,3.0,54.3,No
3196,35,Consumer,Standard,Annual,60,73.13,Bank Transfer,2,1,5.0,48.8,No
3197,26,Consumer,Basic,Annual,32,44.34,Credit Card,1,0,5.0,79.8,No
3198,49,Enterprise,Basic,Monthly,25,45.91,Unknown,4,2,3.0,73.6,No
3199,41,Small Business,Standard,Annual,28,64.98,Unknown,1,0,4.0,56.4,No
3200,55,Enterprise,Standard,Two-Year,58,82.15,Direct Debit,5,0,4.0,53.9,No
3201,42,Consumer,Basic,Monthly,10,33.63,Direct Debit,2,1,4.0,56.4,No
3202,32,Consumer,Premium,Monthly,43,99.61,Direct Debit,0,0,3.0,61.5,No
3203,59,Consumer,Basic,Monthly,12,49.02,Digital Wallet,1,4,4.0,49.9,No
3204,39,Consumer,Basic,Annual,37,61.03,Direct Debit,2,2,2.0,83.8,No
3205,41,Consumer,Standard,Monthly,11,89.42,Digital Wallet,1,2,3.0,44.3,No
3206,21,Enterprise,Premium,Monthly,8,123.16,Digital Wallet,2,0,5.0,58.9,No
3207,43,Small Business,Standard,Monthly,24,68.9,Digital Wallet,3,1,4.0,36.7,No
3208,65,Small Business,Basic,Monthly,15,35.71,Digital Wallet,4,0,2.0,27.5,No
3209,53,Small Business,Standard,Monthly,36,68.22,Credit Card,2,1,4.0,50.7,No
3210,40,Enterprise,Basic,Monthly,32,44.97,Bank Transfer,5,1,2.0,68.8,No
3211,32,Consumer,Basic,Two-Year,31,45.4,Digital Wallet,4,0,3.0,73.5,No
3212,22,Consumer,Basic,Annual,44,54.14,Credit Card,2,2,5.0,60.1,No
3213,50,Consumer,Basic,Annual,24,45.74,Direct Debit,2,1,3.0,56.6,No
3214,45,Small Business,Standard,Annual,17,62.43,Direct Debit,4,2,5.0,49.3,Yes
3215,38,Enterprise,Basic,Two-Year,27,38.95,Digital Wallet,2,0,4.0,61.1,No
3216,43,Enterprise,Standard,Monthly,17,89.9,Digital Wallet,0,1,4.0,49.4,No
3217,59,Enterprise,Premium,Two-Year,46,111.28,Credit Card,2,0,4.0,76.8,No
3218,39,Consumer,Premium,Two-Year,55,90.27,Direct Debit,1,1,2.0,57.6,No
3219,44,Consumer,Standard,Monthly,16,71.12,Credit Card,4,1,3.0,57.2,No
3220,61,Consumer,Standard,Two-Year,45,77.01,Direct Debit,1,1,5.0,78.4,No
3221,80,Consumer,Premium,Annual,25,112.29,Credit Card,0,0,5.0,85.0,No
3222,25,Small Business,Premium,Annual,42,111.11,Bank Transfer,2,2,3.0,54.6,No
3223,52,Small Business,Premium,Monthly,13,136.92,Bank Transfer,2,0,3.0,60.7,No
3224,28,Consumer,Basic,Two-Year,9,57.32,Digital Wallet,0,1,4.0,86.4,No
3225,24,Consumer,Standard,Annual,37,81.69,Digital Wallet,1,0,5.0,62.6,No
3226,42,Consumer,Standard,Annual,28,81.18,Direct Debit,0,0,5.0,66.6,No
3227,34,Enterprise,Basic,Annual,79,38.14,Unknown,3,2,4.0,64.8,No
3228,47,Consumer,Standard,Two-Year,13,68.55,Bank Transfer,2,1,5.0,78.1,No
3229,57,Consumer,Premium,Monthly,51,100.56,Digital Wallet,1,0,4.0,51.2,No
3230,34,Enterprise,Premium,Monthly,24,116.52,Credit Card,4,2,4.0,79.2,Yes
3231,56,Enterprise,Basic,Monthly,8,51.06,Digital Wallet,3,5,3.0,42.1,No
3232,41,Enterprise,Standard,Monthly,27,85.65,Digital Wallet,5,3,2.0,39.9,No
3233,34,Consumer,Basic,Monthly,17,48.15,Digital Wallet,3,1,3.0,96.0,No
3234,47,Consumer,Basic,Monthly,53,48.36,Digital Wallet,1,0,4.0,53.4,No
3235,47,Consumer,Standard,Annual,18,93.83,Digital Wallet,0,0,4.0,49.6,No
3236,18,Consumer,Basic,Two-Year,38,45.95,Digital Wallet,3,1,4.0,43.7,No
3237,34,Consumer,Standard,Two-Year,15,67.86,Credit Card,1,0,5.0,82.3,No
3238,30,Consumer,Standard,Annual,61,52.54,Credit Card,1,2,3.0,57.8,No
3239,62,Consumer,Basic,Monthly,2,36.59,Digital Wallet,7,4,2.0,63.6,No
3240,18,Consumer,Basic,Monthly,28,50.26,Credit Card,1,1,4.0,34.0,No
3241,35,Enterprise,Standard,Monthly,17,62.06,Direct Debit,1,0,2.0,37.7,No
3242,47,Small Business,Premium,Monthly,41,110.54,Direct Debit,0,1,3.0,77.2,No
3243,78,Consumer,Standard,Monthly,59,75.34,Unknown,3,1,2.0,47.6,No
3244,37,Consumer,Basic,Annual,66,43.74,Direct Debit,2,2,2.0,78.7,No
3245,42,Consumer,Premium,Two-Year,19,136.85,Direct Debit,0,0,3.0,77.3,No
3246,28,Small Business,Basic,Monthly,18,50.32,Bank Transfer,1,0,4.0,50.8,No
3247,47,Small Business,Standard,Monthly,18,87.87,Credit Card,0,0,3.0,66.2,No
3248,42,Consumer,Standard,Annual,28,71.62,Digital Wallet,0,1,4.0,78.8,No
3249,34,Consumer,Basic,Two-Year,62,47.22,Direct Debit,1,1,4.0,40.7,No
3250,43,Consumer,Basic,Monthly,54,50.88,Digital Wallet,2,3,3.0,62.0,No
3251,50,Consumer,Premium,Monthly,38,86.49,Direct Debit,3,2,4.0,64.5,No
3252,22,Consumer,Standard,Monthly,4,66.08,Credit Card,1,1,4.0,28.4,No
3253,70,Consumer,Standard,Two-Year,5,74.24,Direct Debit,1,1,4.0,70.5,No
3254,46,Consumer,Basic,Annual,56,57.68,Credit Card,1,1,2.0,40.1,No
3255,23,Consumer,Standard,Annual,20,82.02,Digital Wallet,3,1,4.0,70.4,No
3256,36,Consumer,Basic,Monthly,32,55.08,Credit Card,3,0,3.0,62.4,No
3257,28,Small Business,Basic,Two-Year,58,30.3,Direct Debit,1,0,2.0,66.6,No
3258,62,Small Business,Basic,Annual,31,35.91,Bank Transfer,5,6,2.0,50.8,No
3259,54,Small Business,Basic,Annual,25,55.35,Digital Wallet,1,0,4.0,85.5,No
3260,36,Small Business,Standard,Monthly,46,64.28,Direct Debit,3,1,4.0,59.9,No
3261,37,Consumer,Standard,Monthly,4,53.35,Credit Card,0,0,,75.4,Yes
3262,46,Consumer,Basic,Monthly,86,41.18,Bank Transfer,2,1,3.0,74.1,No
3263,30,Consumer,Basic,Monthly,17,41.63,Bank Transfer,1,1,3.0,48.1,No
3264,57,Consumer,Basic,Monthly,38,56.92,Digital Wallet,1,2,3.0,61.6,No
3265,44,Consumer,Standard,Two-Year,6,86.9,Direct Debit,3,1,3.0,47.6,No
3266,48,Enterprise,Premium,Monthly,21,95.98,Bank Transfer,3,0,3.0,59.9,No
3267,49,Consumer,Standard,Monthly,31,77.22,Direct Debit,0,0,2.0,76.6,No
3268,35,Enterprise,Premium,Two-Year,37,114.93,Direct Debit,2,0,3.0,87.1,No
3269,54,Small Business,Premium,Annual,6,92.51,Digital Wallet,0,1,3.0,98.0,No
3270,47,Consumer,Standard,Two-Year,21,79.6,Digital Wallet,0,1,3.0,61.4,No
3271,41,Consumer,Standard,Monthly,62,71.82,Bank Transfer,3,2,4.0,42.3,No
3272,36,Consumer,Standard,Annual,21,89.55,Bank Transfer,2,0,4.0,59.1,No
3273,32,Small Business,Basic,Two-Year,23,50.85,Credit Card,1,2,4.0,54.3,No
3274,47,Consumer,Standard,Annual,43,69.4,Digital Wallet,5,4,5.0,74.9,No
3275,23,Consumer,Premium,Two-Year,13,115.44,Credit Card,1,0,3.0,81.1,No
3276,33,Consumer,Basic,Monthly,32,47.2,Bank Transfer,3,1,5.0,42.9,No
3277,26,Consumer,Premium,Monthly,12,124.7,Bank Transfer,1,2,4.0,66.5,No
3278,62,Consumer,Basic,Monthly,52,37.82,Direct Debit,3,0,3.0,71.5,No
3279,46,Enterprise,Standard,Monthly,19,65.32,Digital Wallet,5,1,2.0,58.0,Yes
3280,59,Small Business,Premium,Two-Year,11,127.98,Direct Debit,0,0,3.0,81.0,No
3281,40,Enterprise,Standard,Two-Year,23,67.09,Direct Debit,3,0,3.0,59.5,No
3282,23,Consumer,Standard,Two-Year,58,83.48,Digital Wallet,0,0,5.0,82.1,No
3283,42,Small Business,Basic,Annual,57,32.83,Bank Transfer,3,3,4.0,65.4,No
3284,65,Consumer,Premium,Monthly,5,104.9,Bank Transfer,3,5,3.0,73.8,No
3285,39,Consumer,Basic,Annual,10,47.67,Bank Transfer,0,0,5.0,54.3,No
3286,45,Consumer,Basic,Two-Year,39,44.06,Digital Wallet,5,0,2.0,84.0,No
3287,46,Consumer,Basic,Monthly,8,41.48,Bank Transfer,2,1,3.0,41.3,Yes
3288,44,Small Business,Basic,Two-Year,60,62.2,Digital Wallet,2,0,4.0,75.2,No
3289,45,Consumer,Premium,Monthly,17,97.72,Credit Card,6,1,5.0,76.6,No
3290,50,Consumer,Standard,Annual,27,105.78,Credit Card,1,0,5.0,57.6,No
3291,41,Small Business,Premium,Two-Year,22,136.58,Direct Debit,3,1,4.0,44.8,No
3292,43,Small Business,Standard,Monthly,45,80.45,Digital Wallet,4,2,2.0,77.7,No
3293,40,Consumer,Premium,Two-Year,34,106.73,Direct Debit,1,0,4.0,85.7,No
3294,56,Consumer,Standard,Monthly,9,79.43,Digital Wallet,3,1,3.0,60.9,No
3295,38,Enterprise,Standard,Monthly,25,60.12,Credit Card,1,1,4.0,51.4,No
3296,37,Small Business,Premium,Annual,32,143.2,Bank Transfer,1,0,2.0,84.1,No
3297,36,Consumer,Basic,Two-Year,19,44.67,Bank Transfer,1,1,,59.7,No
3298,28,Consumer,Standard,Two-Year,12,86.16,Credit Card,1,1,3.0,69.8,No
3299,37,Consumer,Premium,Two-Year,22,124.39,Bank Transfer,2,1,3.0,68.9,No
3300,53,Small Business,Basic,Annual,19,42.89,Direct Debit,2,2,3.0,63.9,No
3301,30,Consumer,Standard,Two-Year,45,64.35,Digital Wallet,2,4,3.0,48.1,No
3302,42,Enterprise,Standard,Annual,42,86.01,Digital Wallet,3,0,5.0,66.9,No
3303,29,Consumer,Standard,Annual,19,72.74,Digital Wallet,2,1,3.0,61.7,No
3304,48,Consumer,Basic,Annual,54,35.72,Credit Card,1,1,1.0,61.4,No
3305,45,Enterprise,Premium,Annual,91,94.86,Digital Wallet,2,2,4.0,52.4,No
3306,49,Consumer,Standard,Monthly,35,61.77,Direct Debit,3,0,3.0,53.5,No
3307,41,Small Business,Premium,Monthly,52,104.67,Digital Wallet,0,1,5.0,56.0,No
3308,31,Small Business,Premium,Monthly,5,115.44,Credit Card,2,1,4.0,65.5,No
3309,52,Consumer,Standard,Monthly,46,89.1,Credit Card,2,1,3.0,69.3,No
3310,41,Small Business,Basic,Annual,29,56.76,Credit Card,1,0,4.0,82.8,No
3311,51,Small Business,Standard,Annual,49,71.08,Credit Card,1,0,2.0,53.7,No
3312,26,Consumer,Standard,Monthly,40,74.37,Digital Wallet,3,0,4.0,73.2,No
3313,27,Consumer,Premium,Annual,48,125.72,Digital Wallet,3,1,1.0,71.9,No
3314,45,Consumer,Premium,Annual,55,111.52,Digital Wallet,2,2,4.0,69.7,No
3315,44,Small Business,Basic,Two-Year,21,48.8,Direct Debit,3,2,4.0,41.7,No
3316,29,Enterprise,Standard,Monthly,27,72.73,Bank Transfer,4,0,2.0,51.2,No
3317,37,Small Business,Standard,Monthly,48,90.76,Credit Card,4,2,3.0,56.2,No
3318,53,Consumer,Standard,Annual,8,70.18,Credit Card,4,0,4.0,62.0,No
3319,47,Small Business,Basic,Two-Year,19,48.45,Direct Debit,2,1,4.0,66.6,No
3320,31,Enterprise,Standard,Monthly,26,88.7,Credit Card,1,0,3.0,73.2,No
3321,40,Consumer,Standard,Two-Year,8,98.4,Bank Transfer,0,1,5.0,74.0,No
3322,60,Consumer,Basic,Two-Year,15,57.05,Direct Debit,0,1,5.0,54.8,No
3323,47,Small Business,Standard,Monthly,40,79.56,Digital Wallet,1,0,5.0,67.2,No
3324,36,Consumer,Standard,Monthly,37,86.29,Direct Debit,2,0,1.0,43.2,No
3325,32,Consumer,Standard,Monthly,21,87.57,Digital Wallet,2,0,2.0,46.3,No
3326,39,Enterprise,Basic,Monthly,36,45.87,Credit Card,4,4,2.0,42.8,No
3327,42,Consumer,Basic,Monthly,18,54.14,Digital Wallet,2,0,3.0,69.1,No
3328,45,Consumer,Standard,Monthly,25,76.36,Direct Debit,3,4,4.0,44.8,No
3329,71,Consumer,Standard,Monthly,51,82.38,Direct Debit,2,1,3.0,54.2,Yes
3330,35,Small Business,Standard,Monthly,10,53.47,Digital Wallet,3,4,3.0,51.5,No
3331,24,Enterprise,Standard,Annual,40,68.38,Bank Transfer,1,0,2.0,70.4,No
3332,56,Consumer,Basic,Two-Year,21,41.39,Digital Wallet,2,1,3.0,78.3,No
3333,35,Consumer,Standard,Monthly,21,66.29,Digital Wallet,2,2,3.0,35.6,No
3334,43,Consumer,Basic,Annual,26,47.82,Credit Card,3,4,3.0,64.5,No
3335,51,Small Business,Premium,Two-Year,21,111.56,Direct Debit,2,2,4.0,70.0,No
3336,42,Consumer,Basic,Two-Year,22,48.01,Digital Wallet,1,0,4.0,62.2,No
3337,52,Consumer,Standard,Monthly,10,76.24,Bank Transfer,4,2,2.0,45.8,No
3338,63,Consumer,Standard,Monthly,13,82.03,Bank Transfer,2,0,4.0,78.1,No
3339,48,Consumer,Standard,Monthly,26,86.42,Bank Transfer,0,0,4.0,52.0,No
3340,47,Consumer,Premium,Monthly,31,148.85,Credit Card,1,2,4.0,88.2,No
3341,62,Consumer,Premium,Monthly,34,149.03,Credit Card,1,3,5.0,47.4,No
3342,36,Consumer,Premium,Monthly,19,140.29,Credit Card,4,1,2.0,62.9,No
3343,24,Enterprise,Premium,Monthly,30,96.27,Digital Wallet,1,1,5.0,72.7,No
3344,43,Consumer,Basic,Monthly,15,41.93,Bank Transfer,6,1,4.0,61.0,No
3345,48,Consumer,Premium,Annual,35,135.98,Credit Card,2,0,2.0,50.1,No
3346,18,Consumer,Basic,Monthly,20,38.36,Direct Debit,1,0,3.0,58.4,No
3347,59,Consumer,Basic,Annual,29,40.7,Digital Wallet,2,1,5.0,56.1,No
3348,29,Consumer,Standard,Monthly,26,58.81,Bank Transfer,3,1,4.0,61.5,No
3349,41,Small Business,Basic,Monthly,15,53.46,Digital Wallet,2,0,2.0,66.7,No
3350,52,Small Business,Standard,Two-Year,14,74.18,Bank Transfer,3,0,4.0,64.5,No
3351,38,Enterprise,Standard,Monthly,25,91.03,Direct Debit,0,0,4.0,53.0,No
3352,29,Small Business,Basic,Monthly,58,53.44,Digital Wallet,4,0,3.0,53.7,No
3353,43,Consumer,Standard,Annual,10,93.45,Bank Transfer,4,0,2.0,66.4,No
3354,70,Consumer,Standard,Annual,8,84.86,Digital Wallet,3,0,1.0,52.6,No
3355,24,Consumer,Standard,Annual,21,87.55,Credit Card,3,3,4.0,55.1,No
3356,24,Consumer,Premium,Monthly,21,102.48,Bank Transfer,1,1,4.0,69.7,No
3357,29,Consumer,Basic,Monthly,25,52.37,Credit Card,5,4,3.0,44.8,No
3358,31,Consumer,Standard,Annual,21,55.59,Digital Wallet,2,0,4.0,67.5,No
3359,40,Small Business,Premium,Monthly,25,93.91,Credit Card,4,0,4.0,67.8,No
3360,67,Small Business,Basic,Monthly,16,40.16,Digital Wallet,4,2,4.0,55.9,No
3361,47,Small Business,Standard,Monthly,26,74.38,Direct Debit,4,2,3.0,41.6,No
3362,33,Consumer,Premium,Annual,6,120.3,Bank Transfer,2,1,3.0,89.4,No
3363,44,Enterprise,Standard,Annual,8,83.72,Credit Card,1,2,3.0,89.9,No
3364,45,Consumer,Standard,Annual,23,88.96,Bank Transfer,2,5,3.0,61.6,No
3365,66,Consumer,Standard,Monthly,36,94.26,Digital Wallet,6,0,3.0,66.1,No
3366,41,Consumer,Basic,Monthly,17,40.89,Credit Card,3,1,4.0,55.3,No
3367,28,Enterprise,Standard,Annual,12,103.31,Bank Transfer,2,1,5.0,33.1,No
3368,49,Small Business,Standard,Monthly,9,68.32,Bank Transfer,1,0,4.0,39.6,No
3369,28,Enterprise,Premium,Two-Year,89,122.7,Bank Transfer,0,0,5.0,62.6,No
3370,41,Small Business,Premium,Two-Year,25,102.66,Bank Transfer,1,0,3.0,73.4,No
3371,47,Consumer,Basic,Monthly,8,43.3,Digital Wallet,3,1,3.0,66.0,No
3372,47,Consumer,Premium,Two-Year,14,93.36,Credit Card,1,1,4.0,67.4,No
3373,50,Consumer,Premium,Monthly,18,95.33,Digital Wallet,1,0,5.0,66.8,No
3374,49,Consumer,Standard,Monthly,80,66.04,Digital Wallet,3,1,4.0,50.4,No
3375,53,Consumer,Standard,Monthly,20,62.97,Digital Wallet,3,2,3.0,72.3,No
3376,18,Small Business,Premium,Annual,13,182.28,Credit Card,1,2,4.0,71.9,No
3377,38,Consumer,Standard,Two-Year,12,68.62,Credit Card,2,2,5.0,61.4,No
3378,56,Consumer,Premium,Monthly,29,82.18,Bank Transfer,2,1,2.0,58.9,No
3379,23,Consumer,Standard,Monthly,38,65.54,Bank Transfer,1,0,5.0,61.1,No
3380,43,Consumer,Standard,Two-Year,27,56.68,Direct Debit,2,1,3.0,62.2,No
3381,26,Enterprise,Premium,Annual,11,118.69,Digital Wallet,1,0,2.0,60.1,No
3382,46,Consumer,Premium,Monthly,2,117.84,Credit Card,4,0,3.0,57.7,No
3383,46,Consumer,Standard,Two-Year,16,57.82,Credit Card,1,0,5.0,74.3,No
3384,43,Enterprise,Basic,Monthly,49,39.78,Digital Wallet,2,1,4.0,77.2,No
3385,35,Consumer,Standard,Two-Year,25,79.58,Direct Debit,1,1,5.0,39.8,No
3386,28,Small Business,Basic,Two-Year,15,41.49,Bank Transfer,3,1,4.0,53.1,No
3387,55,Small Business,Basic,Monthly,24,36.63,Digital Wallet,5,3,2.0,45.4,No
3388,35,Consumer,Standard,Monthly,23,79.13,Bank Transfer,0,0,4.0,83.6,No
3389,41,Consumer,Basic,Annual,5,30.53,Credit Card,1,0,3.0,99.2,No
3390,44,Consumer,Standard,Two-Year,6,65.75,Digital Wallet,0,0,4.0,60.1,No
3391,27,Consumer,Standard,Monthly,35,79.83,Direct Debit,1,0,4.0,69.9,No
3392,42,Enterprise,Standard,Annual,89,74.83,Digital Wallet,2,1,5.0,52.7,No
3393,50,Consumer,Standard,Monthly,47,67.69,Unknown,3,2,3.0,62.5,Yes
3394,45,Small Business,Premium,Monthly,8,118.84,Credit Card,1,2,3.0,67.9,Yes
3395,36,Consumer,Basic,Monthly,27,57.49,Bank Transfer,2,3,5.0,24.4,No
3396,32,Consumer,Basic,Monthly,18,49.6,Direct Debit,2,1,2.0,58.5,No
3397,36,Consumer,Standard,Monthly,75,50.21,Digital Wallet,4,5,5.0,55.7,No
3398,29,Small Business,Premium,Monthly,33,136.44,Credit Card,6,4,2.0,85.5,No
3399,54,Consumer,Standard,Monthly,43,69.38,Credit Card,1,1,3.0,62.8,No
3400,47,Consumer,Standard,Monthly,6,84.21,Credit Card,1,2,3.0,40.2,No
3401,60,Consumer,Standard,Annual,24,62.3,Digital Wallet,0,0,3.0,79.7,No
3402,45,Consumer,Standard,Annual,34,78.4,Unknown,2,0,3.0,60.0,No
3403,47,Small Business,Basic,Annual,38,42.95,Digital Wallet,4,0,3.0,49.1,No
3404,43,Consumer,Standard,Annual,46,71.47,Bank Transfer,2,0,4.0,50.3,No
3405,70,Small Business,Standard,Monthly,65,86.09,Credit Card,5,3,2.0,37.6,No
3406,40,Consumer,Standard,Annual,20,82.9,Direct Debit,2,3,4.0,63.4,No
3407,45,Small Business,Basic,Monthly,13,33.85,Direct Debit,5,2,2.0,67.2,No
3408,55,Small Business,Standard,Monthly,18,74.68,Digital Wallet,3,1,3.0,63.0,No
3409,52,Consumer,Standard,Monthly,65,71.4,Direct Debit,2,2,3.0,74.5,No
3410,54,Consumer,Basic,Annual,39,30.84,Credit Card,2,1,4.0,64.5,No
3411,26,Consumer,Standard,Monthly,39,93.45,Direct Debit,2,4,3.0,63.5,Yes
3412,29,Consumer,Standard,Monthly,17,70.91,Bank Transfer,3,0,3.0,54.9,No
3413,27,Small Business,Basic,Monthly,16,52.4,Bank Transfer,2,1,4.0,83.7,No
3414,30,Small Business,Basic,Monthly,17,58.85,Credit Card,4,2,1.0,49.5,No
3415,40,Consumer,Standard,Monthly,12,93.81,Direct Debit,1,2,3.0,54.4,No
3416,41,Small Business,Standard,Monthly,16,68.56,Direct Debit,3,0,3.0,79.8,No
3417,50,Consumer,Basic,Two-Year,69,46.96,Direct Debit,1,2,4.0,83.1,No
3418,20,Consumer,Standard,Monthly,23,83.85,Direct Debit,3,2,2.0,39.3,No
3419,18,Consumer,Premium,Monthly,47,109.15,Bank Transfer,0,0,5.0,77.1,No
3420,63,Consumer,Basic,Monthly,18,44.13,Direct Debit,2,2,2.0,80.2,No
3421,27,Small Business,Premium,Two-Year,40,98.59,Digital Wallet,2,2,2.0,64.5,Yes
3422,55,Small Business,Standard,Monthly,31,58.98,Direct Debit,2,1,2.0,55.1,No
3423,55,Small Business,Standard,Monthly,20,61.51,Direct Debit,3,1,2.0,66.4,No
3424,59,Consumer,Standard,Monthly,25,61.15,Credit Card,1,1,4.0,66.6,No
3425,54,Small Business,Basic,Monthly,15,38.59,Digital Wallet,4,2,4.0,63.0,No
3426,42,Consumer,Premium,Monthly,28,126.26,Direct Debit,1,1,4.0,47.8,No
3427,32,Consumer,Basic,Monthly,12,54.91,Bank Transfer,7,1,2.0,68.2,No
3428,40,Small Business,Basic,Two-Year,27,53.35,Bank Transfer,4,1,2.0,77.3,No
3429,32,Enterprise,Basic,Monthly,51,31.37,Credit Card,1,0,3.0,83.7,No
3430,51,Small Business,Premium,Monthly,32,125.26,Digital Wallet,1,0,3.0,35.8,No
3431,36,Consumer,Premium,Monthly,67,127.95,Credit Card,0,0,3.0,60.7,No
3432,64,Consumer,Premium,Monthly,42,124.74,Direct Debit,1,1,3.0,64.3,No
3433,39,Consumer,Premium,Monthly,30,106.98,Credit Card,1,1,4.0,61.2,No
3434,55,Consumer,Basic,Monthly,20,35.77,Digital Wallet,0,0,4.0,57.7,No
3435,40,Small Business,Basic,Annual,46,47.36,Direct Debit,3,3,4.0,84.8,No
3436,40,Consumer,Standard,Monthly,17,54.96,Bank Transfer,2,0,4.0,38.0,No
3437,49,Enterprise,Premium,Annual,12,120.83,Credit Card,2,2,4.0,49.3,No
3438,40,Consumer,Standard,Monthly,44,68.56,Credit Card,1,0,3.0,71.7,No
3439,31,Consumer,Basic,Annual,37,52.26,Credit Card,2,0,4.0,72.3,No
3440,44,Small Business,Premium,Two-Year,23,119.39,Bank Transfer,0,0,5.0,62.8,No
3441,43,Consumer,Premium,Annual,6,141.88,Digital Wallet,1,0,5.0,86.8,No
3442,36,Consumer,Standard,Monthly,28,69.61,Digital Wallet,1,2,3.0,67.6,No
3443,41,Enterprise,Standard,Monthly,35,73.11,Bank Transfer,1,1,4.0,43.2,No
3444,42,Consumer,Premium,Monthly,37,106.8,Bank Transfer,1,0,2.0,58.3,No
3445,44,Small Business,Standard,Monthly,29,74.4,Digital Wallet,1,0,4.0,32.6,No
3446,45,Consumer,Standard,Annual,38,103.01,Direct Debit,1,1,2.0,70.4,No
3447,48,Enterprise,Basic,Annual,15,59.47,Digital Wallet,1,1,5.0,56.6,No
3448,27,Small Business,Basic,Monthly,90,42.54,Credit Card,0,0,3.0,64.8,No
3449,24,Small Business,Standard,Two-Year,37,58.71,Digital Wallet,3,1,3.0,29.5,No
3450,40,Consumer,Premium,Annual,18,121.52,Bank Transfer,2,0,3.0,78.8,No
3451,36,Consumer,Standard,Annual,29,71.73,Credit Card,2,0,4.0,39.5,No
3452,47,Consumer,Standard,Monthly,77,64.73,Digital Wallet,0,0,4.0,49.1,No
3453,52,Consumer,Standard,Monthly,9,66.64,Digital Wallet,3,2,2.0,64.5,No
3454,30,Small Business,Premium,Monthly,17,130.61,Bank Transfer,0,1,3.0,70.6,No
3455,56,Consumer,Premium,Monthly,7,128.39,Bank Transfer,1,1,4.0,62.1,No
3456,56,Enterprise,Basic,Monthly,30,47.98,Direct Debit,4,1,4.0,53.2,Yes
3457,50,Consumer,Standard,Monthly,35,91.43,Direct Debit,2,3,3.0,38.9,No
3458,45,Enterprise,Basic,Two-Year,28,59.83,Bank Transfer,0,0,5.0,82.1,No
3459,22,Consumer,Standard,Two-Year,31,79.15,Credit Card,2,0,4.0,38.5,No
3460,42,Consumer,Basic,Annual,64,37.9,Direct Debit,1,0,3.0,61.5,No
3461,41,Consumer,Standard,Monthly,31,79.29,Bank Transfer,5,2,4.0,61.6,No
3462,48,Small Business,Basic,Monthly,22,51.46,Bank Transfer,3,2,3.0,77.1,No
3463,46,Consumer,Standard,Monthly,69,79.39,Bank Transfer,2,4,2.0,64.5,No
3464,45,Small Business,Basic,Monthly,51,44.47,Credit Card,1,0,2.0,73.4,No
3465,34,Consumer,Basic,Monthly,17,41.89,Digital Wallet,0,1,4.0,40.4,No
3466,45,Enterprise,Standard,Monthly,36,94.68,Credit Card,2,1,3.0,24.7,No
3467,52,Consumer,Premium,Annual,25,105.47,Digital Wallet,2,1,4.0,51.9,No
3468,57,Consumer,Basic,Annual,10,47.6,Digital Wallet,1,1,5.0,46.0,No
3469,33,Consumer,Premium,Annual,4,120.9,Bank Transfer,0,0,4.0,78.1,No
3470,53,Consumer,Standard,Monthly,7,75.23,Direct Debit,4,0,5.0,49.6,No
3471,45,Consumer,Standard,Two-Year,28,55.12,Credit Card,1,2,2.0,59.9,No
3472,40,Consumer,Standard,Monthly,21,67.96,Bank Transfer,8,5,2.0,41.0,No
3473,26,Consumer,Basic,Monthly,12,42.97,Direct Debit,2,2,5.0,35.1,No
3474,51,Consumer,Standard,Monthly,25,86.94,Credit Card,4,0,3.0,28.3,No
3475,25,Small Business,Premium,Monthly,31,106.86,Bank Transfer,2,1,5.0,87.0,No
3476,36,Small Business,Premium,Monthly,6,123.35,Direct Debit,3,3,2.0,21.5,Yes
3477,43,Consumer,Basic,Annual,82,53.68,Direct Debit,0,0,5.0,78.7,No
3478,63,Consumer,Standard,Two-Year,42,60.01,Direct Debit,3,4,5.0,70.4,No
3479,46,Consumer,Basic,Monthly,20,39.18,Bank Transfer,1,1,4.0,72.7,No
3480,28,Small Business,Premium,Monthly,24,97.34,Credit Card,4,5,2.0,64.5,No
3481,50,Enterprise,Basic,Annual,12,50.81,Credit Card,2,0,3.0,59.8,No
3482,54,Consumer,Standard,Two-Year,36,53.02,Direct Debit,1,0,3.0,52.6,No
3483,41,Consumer,Basic,Annual,49,37.85,Bank Transfer,3,1,3.0,65.5,No
3484,61,Consumer,Standard,Monthly,21,68.84,Credit Card,3,3,4.0,39.6,No
3485,42,Enterprise,Basic,Monthly,42,63.99,Direct Debit,2,2,2.0,50.3,Yes
3486,24,Consumer,Basic,Monthly,96,38.94,Direct Debit,4,2,4.0,68.2,No
3487,20,Consumer,Basic,Monthly,18,48.85,Digital Wallet,3,1,2.0,57.3,No
3488,35,Consumer,Standard,Monthly,33,94.1,Digital Wallet,2,0,3.0,44.2,No
3489,44,Consumer,Standard,Monthly,36,57.78,Credit Card,0,1,4.0,27.1,No
3490,47,Enterprise,Premium,Annual,6,138.87,Credit Card,2,1,5.0,47.3,No
3491,30,Consumer,Basic,Annual,11,48.17,Digital Wallet,1,3,3.0,77.6,No
3492,42,Consumer,Basic,Two-Year,22,54.68,Direct Debit,0,2,5.0,71.8,No
3493,21,Enterprise,Basic,Monthly,2,41.08,Bank Transfer,3,3,4.0,48.8,No
3494,29,Consumer,Standard,Two-Year,37,97.7,Direct Debit,3,0,3.0,69.5,No
3495,39,Small Business,Basic,Monthly,7,48.09,Bank Transfer,1,0,4.0,52.0,No
3496,33,Consumer,Basic,Monthly,24,34.74,Digital Wallet,1,0,1.0,53.2,No
3497,27,Small Business,Basic,Monthly,46,35.08,Digital Wallet,3,1,2.0,34.6,No
3498,43,Consumer,Standard,Monthly,28,70.57,Bank Transfer,4,4,4.0,70.2,No
3499,44,Consumer,Premium,Monthly,15,121.87,Credit Card,2,2,4.0,84.3,No
3500,62,Consumer,Basic,Monthly,14,59.36,Digital Wallet,3,0,2.0,53.8,No
3501,26,Small Business,Basic,Annual,50,41.97,Direct Debit,4,1,3.0,67.0,No
3502,27,Consumer,Basic,Monthly,66,42.74,Credit Card,0,0,5.0,60.3,No
3503,57,Small Business,Basic,Two-Year,23,45.44,Credit Card,3,1,3.0,46.3,No
3504,40,Consumer,Basic,Monthly,39,48.88,Direct Debit,1,2,4.0,73.1,No
3505,41,Consumer,Standard,Annual,26,70.9,Direct Debit,2,0,4.0,52.1,No
3506,41,Enterprise,Standard,Annual,37,87.51,Digital Wallet,1,0,4.0,47.9,No
3507,55,Consumer,Premium,Annual,17,90.38,Digital Wallet,3,0,3.0,58.9,No
3508,49,Consumer,Premium,Monthly,22,90.62,Bank Transfer,2,2,3.0,91.7,No
3509,27,Enterprise,Standard,Two-Year,12,72.41,Direct Debit,1,1,5.0,83.5,No
3510,46,Enterprise,Standard,Monthly,27,65.72,Bank Transfer,2,2,2.0,54.8,No
3511,23,Consumer,Basic,Monthly,17,49.49,Digital Wallet,4,3,3.0,54.4,No
3512,55,Consumer,Basic,Annual,20,32.66,Credit Card,2,0,4.0,78.0,No
3513,45,Consumer,Premium,Two-Year,38,71.39,Credit Card,1,1,4.0,49.3,No
3514,34,Consumer,Premium,Two-Year,19,127.29,Direct Debit,2,1,4.0,53.7,No
3515,36,Consumer,Basic,Two-Year,60,58.08,Direct Debit,1,2,4.0,76.3,No
3516,25,Small Business,Standard,Monthly,29,77.29,Direct Debit,1,1,4.0,68.4,No
3517,42,Small Business,Standard,Two-Year,26,70.83,Digital Wallet,2,0,2.0,52.8,No
3518,29,Consumer,Premium,Monthly,7,113.85,Bank Transfer,4,3,2.0,66.4,Yes
3519,29,Enterprise,Standard,Monthly,9,70.53,Digital Wallet,1,2,5.0,51.9,No
3520,51,Consumer,Standard,Annual,17,66.15,Direct Debit,2,1,3.0,90.2,No
3521,37,Small Business,Basic,Monthly,16,49.39,Direct Debit,1,1,4.0,66.6,No
3522,49,Consumer,Premium,Monthly,15,126.98,Direct Debit,2,1,4.0,75.3,No
3523,54,Consumer,Premium,Monthly,38,117.43,Bank Transfer,3,1,2.0,64.2,Yes
3524,43,Small Business,Basic,Annual,40,63.98,Credit Card,0,0,5.0,60.0,No
3525,37,Small Business,Standard,Annual,55,54.27,Digital Wallet,3,2,5.0,70.2,No
3526,51,Consumer,Standard,Annual,12,68.16,Digital Wallet,0,0,4.0,72.6,No
3527,34,Consumer,Premium,Monthly,15,124.49,Digital Wallet,2,1,3.0,77.2,No
3528,40,Consumer,Standard,Monthly,58,65.58,Digital Wallet,1,0,3.0,32.8,No
3529,57,Consumer,Premium,Monthly,39,138.23,Credit Card,0,2,3.0,60.0,No
3530,34,Consumer,Basic,Monthly,59,36.15,Bank Transfer,1,4,2.0,36.6,No
3531,47,Consumer,Premium,Annual,21,112.08,Direct Debit,2,0,3.0,62.5,No
3532,46,Small Business,Standard,Monthly,33,66.79,Digital Wallet,2,2,3.0,57.1,No
3533,56,Consumer,Basic,Two-Year,45,60.82,Digital Wallet,3,2,2.0,98.3,No
3534,36,Enterprise,Standard,Monthly,32,95.43,Direct Debit,3,3,3.0,52.7,No
3535,29,Consumer,Basic,Two-Year,51,53.13,Bank Transfer,1,2,5.0,86.3,No
3536,33,Enterprise,Standard,Two-Year,1,80.41,Direct Debit,5,2,3.0,50.8,No
3537,40,Small Business,Basic,Monthly,45,43.46,Bank Transfer,2,0,2.0,49.5,No
3538,52,Enterprise,Standard,Monthly,12,63.89,Digital Wallet,2,2,3.0,49.3,No
3539,18,Consumer,Standard,Monthly,24,79.12,Direct Debit,4,0,3.0,32.0,No
3540,53,Consumer,Premium,Annual,64,127.21,Credit Card,1,0,3.0,77.7,No
3541,69,Consumer,Standard,Monthly,15,72.64,Bank Transfer,3,3,3.0,78.8,No
3542,40,Consumer,Standard,Two-Year,23,80.86,Digital Wallet,1,2,3.0,53.8,No
3543,65,Consumer,Standard,Annual,9,72.62,Bank Transfer,1,2,5.0,73.8,No
3544,56,Consumer,Basic,Monthly,69,36.05,Direct Debit,1,1,2.0,38.5,No
3545,25,Consumer,Standard,Annual,13,72.39,Direct Debit,3,2,2.0,42.8,No
3546,49,Enterprise,Standard,Annual,21,85.92,Direct Debit,0,0,4.0,59.7,No
3547,42,Enterprise,Basic,Annual,27,39.27,Bank Transfer,3,0,3.0,53.4,No
3548,37,Enterprise,Standard,Monthly,6,40.89,Bank Transfer,3,1,2.0,72.7,No
3549,56,Consumer,Basic,Annual,34,52.4,Bank Transfer,3,1,3.0,52.4,No
3550,52,Small Business,Premium,Monthly,20,127.89,Digital Wallet,3,0,3.0,63.2,No
3551,28,Consumer,Basic,Monthly,36,65.27,Direct Debit,4,2,4.0,45.9,No
3552,44,Consumer,Standard,Monthly,16,53.28,Direct Debit,6,1,4.0,49.9,No
3553,18,Small Business,Standard,Monthly,19,73.3,Direct Debit,5,2,5.0,40.2,No
3554,47,Consumer,Standard,Two-Year,14,67.2,Credit Card,0,0,2.0,51.8,No
3555,38,Enterprise,Premium,Annual,36,96.08,Credit Card,2,1,3.0,60.2,No
3556,30,Consumer,Basic,Annual,29,34.07,Digital Wallet,1,2,4.0,70.9,No
3557,29,Consumer,Basic,Annual,2,47.46,Direct Debit,3,1,1.0,69.6,No
3558,36,Consumer,Basic,Annual,32,30.67,Credit Card,2,1,4.0,86.4,No
3559,50,Consumer,Standard,Two-Year,14,84.26,Digital Wallet,2,0,4.0,44.6,No
3560,41,Consumer,Basic,Two-Year,34,68.43,Digital Wallet,2,1,5.0,69.3,No
3561,43,Small Business,Standard,Annual,16,88.07,Bank Transfer,2,2,3.0,78.5,No
3562,63,Consumer,Basic,Monthly,5,48.5,Direct Debit,5,6,2.0,31.2,No
3563,57,Consumer,Basic,Two-Year,20,51.21,Digital Wallet,1,1,2.0,75.4,No
3564,53,Small Business,Standard,Monthly,14,54.84,Credit Card,1,0,3.0,40.6,No
3565,38,Enterprise,Standard,Annual,16,78.0,Digital Wallet,3,4,5.0,68.0,No
3566,53,Enterprise,Standard,Annual,10,67.32,Direct Debit,1,1,4.0,52.4,No
3567,50,Consumer,Premium,Monthly,52,128.17,Digital Wallet,5,0,3.0,60.7,No
3568,58,Small Business,Standard,Monthly,15,61.87,Bank Transfer,4,1,3.0,46.7,No
3569,62,Consumer,Standard,Monthly,5,83.84,Bank Transfer,5,4,3.0,29.0,Yes
3570,69,Consumer,Basic,Two-Year,30,39.6,Credit Card,2,0,2.0,53.4,No
3571,37,Consumer,Standard,Monthly,36,73.88,Digital Wallet,1,1,2.0,67.4,No
3572,49,Enterprise,Basic,Annual,19,46.03,Digital Wallet,0,0,4.0,73.9,No
3573,35,Consumer,Basic,Annual,5,35.85,Direct Debit,1,0,3.0,49.7,No
3574,21,Consumer,Standard,Monthly,13,90.22,Credit Card,0,0,4.0,45.7,No
3575,36,Consumer,Basic,Annual,35,47.75,Credit Card,1,3,2.0,53.5,No
3576,62,Small Business,Standard,Two-Year,47,67.67,Digital Wallet,2,2,3.0,67.8,No
3577,43,Enterprise,Basic,Monthly,23,43.68,Digital Wallet,4,1,2.0,51.5,No
3578,54,Consumer,Standard,Annual,6,77.58,Direct Debit,1,0,3.0,81.0,No
3579,50,Consumer,Premium,Annual,43,118.41,Digital Wallet,3,4,2.0,71.1,No
3580,20,Small Business,Standard,Annual,6,90.16,Digital Wallet,2,1,3.0,50.1,No
3581,36,Consumer,Premium,Monthly,13,121.72,Digital Wallet,1,2,3.0,21.8,No
3582,53,Consumer,Premium,Monthly,55,122.3,Credit Card,0,2,4.0,88.8,No
3583,46,Small Business,Premium,Monthly,20,97.98,Credit Card,1,0,4.0,88.3,No
3584,48,Small Business,Basic,Monthly,31,44.13,Direct Debit,1,0,1.0,48.9,No
3585,18,Consumer,Premium,Two-Year,20,118.18,Credit Card,1,2,4.0,62.2,No
3586,32,Small Business,Standard,Annual,55,71.74,Credit Card,2,2,2.0,26.8,No
3587,38,Consumer,Basic,Annual,8,50.63,Digital Wallet,2,0,3.0,73.5,No
3588,65,Small Business,Standard,Annual,9,76.54,Digital Wallet,1,1,5.0,65.0,No
3589,27,Small Business,Premium,Two-Year,34,136.32,Digital Wallet,2,1,2.0,65.9,No
3590,51,Consumer,Premium,Annual,26,141.53,Direct Debit,2,2,3.0,55.8,No
3591,34,Consumer,Basic,Two-Year,31,42.7,Digital Wallet,1,1,4.0,42.0,No
3592,56,Small Business,Standard,Monthly,20,84.97,Direct Debit,1,0,2.0,63.4,No
3593,38,Consumer,Basic,Monthly,24,46.43,Bank Transfer,1,0,1.0,45.2,No
3594,47,Consumer,Premium,Monthly,19,132.39,Credit Card,3,1,3.0,64.8,No
3595,43,Consumer,Standard,Monthly,34,90.71,Bank Transfer,2,0,3.0,73.2,No
3596,18,Consumer,Basic,Monthly,25,62.02,Digital Wallet,4,3,3.0,52.1,No
3597,37,Consumer,Premium,Monthly,14,117.08,Credit Card,0,0,5.0,62.0,No
3598,36,Consumer,Basic,Monthly,26,48.67,Direct Debit,3,1,2.0,64.2,No
3599,48,Consumer,Standard,Annual,41,76.31,Direct Debit,2,0,4.0,53.4,No
3600,44,Consumer,Premium,Monthly,17,98.67,Digital Wallet,4,0,4.0,56.5,No
3601,46,Consumer,Basic,Monthly,73,50.49,Credit Card,4,3,2.0,41.0,No
3602,40,Enterprise,Standard,Monthly,10,66.22,Credit Card,2,1,3.0,48.0,No
3603,61,Consumer,Basic,Monthly,21,53.41,Credit Card,4,4,4.0,45.1,No
3604,65,Consumer,Basic,Annual,17,44.73,Digital Wallet,0,0,5.0,61.4,No
3605,33,Consumer,Standard,Monthly,25,88.47,Credit Card,5,2,3.0,64.2,Yes
3606,26,Enterprise,Basic,Annual,57,51.83,Direct Debit,0,0,4.0,60.7,No
3607,44,Small Business,Basic,Monthly,20,41.16,Direct Debit,2,0,3.0,37.1,No
3608,53,Consumer,Standard,Two-Year,25,73.12,Digital Wallet,1,1,4.0,39.7,No
3609,32,Enterprise,Standard,Two-Year,12,92.12,Bank Transfer,0,1,4.0,48.2,No
3610,25,Consumer,Premium,Monthly,5,91.01,Credit Card,1,1,4.0,80.8,No
3611,46,Consumer,Standard,Monthly,82,43.06,Digital Wallet,1,0,2.0,48.7,No
3612,48,Consumer,Basic,Monthly,74,56.44,Direct Debit,3,2,4.0,75.6,No
3613,80,Small Business,Basic,Annual,37,34.9,Unknown,5,4,2.0,63.0,No
3614,57,Consumer,Basic,Annual,51,25.0,Bank Transfer,2,2,3.0,66.9,No
3615,50,Consumer,Standard,Monthly,18,93.57,Direct Debit,3,1,2.0,57.6,No
3616,65,Small Business,Basic,Monthly,9,51.45,Bank Transfer,2,1,3.0,37.1,Yes
3617,76,Enterprise,Basic,Annual,37,34.22,Bank Transfer,0,0,4.0,48.1,No
3618,41,Small Business,Standard,Two-Year,22,85.68,Direct Debit,0,0,4.0,61.7,No
3619,53,Enterprise,Standard,Monthly,35,87.9,Credit Card,0,0,4.0,74.6,No
3620,29,Consumer,Standard,Two-Year,57,84.56,Bank Transfer,2,2,4.0,63.6,No
3621,50,Consumer,Standard,Monthly,12,82.34,Credit Card,4,1,3.0,80.5,Yes
3622,40,Consumer,Basic,Two-Year,48,36.14,Bank Transfer,2,1,1.0,60.2,No
3623,41,Small Business,Basic,Monthly,21,29.36,Credit Card,0,0,4.0,62.1,No
3624,38,Small Business,Standard,Annual,2,88.56,Credit Card,0,0,2.0,63.5,No
3625,42,Consumer,Premium,Monthly,8,118.83,Digital Wallet,6,3,1.0,31.6,No
3626,36,Small Business,Premium,Annual,21,112.01,Digital Wallet,3,0,2.0,82.2,Yes
3627,42,Small Business,Premium,Monthly,35,113.58,Digital Wallet,3,0,3.0,61.7,No
3628,58,Consumer,Premium,Monthly,23,103.79,Credit Card,0,2,2.0,65.0,No
3629,27,Small Business,Standard,Annual,36,65.62,Digital Wallet,1,1,4.0,43.9,No
3630,41,Consumer,Standard,Annual,27,56.72,Credit Card,3,1,3.0,67.7,No
3631,62,Small Business,Standard,Two-Year,52,71.51,Bank Transfer,0,1,5.0,69.5,No
3632,41,Small Business,Basic,Monthly,35,36.78,Direct Debit,1,0,3.0,73.8,No
3633,45,Consumer,Standard,Two-Year,9,72.98,Direct Debit,2,0,3.0,60.9,Yes
3634,39,Enterprise,Basic,Two-Year,21,43.82,Credit Card,1,1,4.0,77.1,No
3635,41,Consumer,Basic,Monthly,7,45.91,Direct Debit,2,1,2.0,64.9,No
3636,58,Enterprise,Standard,Annual,96,91.21,Bank Transfer,2,3,4.0,54.0,No
3637,39,Consumer,Standard,Annual,58,66.92,Digital Wallet,1,0,5.0,59.8,No
3638,41,Consumer,Basic,Annual,14,51.81,Direct Debit,3,0,4.0,39.8,No
3639,30,Consumer,Standard,Monthly,23,89.6,Credit Card,2,1,4.0,48.2,No
3640,39,Consumer,Premium,Annual,16,112.12,Digital Wallet,0,1,5.0,94.0,No
3641,40,Consumer,Basic,Two-Year,25,50.43,Digital Wallet,6,5,4.0,49.0,No
3642,23,Small Business,Standard,Annual,28,93.79,Credit Card,1,1,4.0,58.5,No
3643,47,Consumer,Basic,Annual,78,48.53,Direct Debit,0,1,5.0,86.6,No
3644,42,Consumer,Basic,Annual,50,51.42,Digital Wallet,0,0,3.0,68.7,No
3645,48,Small Business,Basic,Monthly,38,50.28,Bank Transfer,1,0,3.0,59.8,No
3646,56,Consumer,Standard,Monthly,16,85.06,Bank Transfer,3,2,2.0,56.2,No
3647,47,Consumer,Basic,Two-Year,32,54.05,Credit Card,1,1,4.0,65.0,No
3648,35,Small Business,Basic,Annual,7,52.13,Bank Transfer,1,0,4.0,72.8,No
3649,41,Small Business,Standard,Annual,18,74.53,Credit Card,2,0,4.0,36.5,No
3650,40,Small Business,Basic,Monthly,19,42.49,Direct Debit,0,0,5.0,46.8,No
3651,68,Small Business,Standard,Monthly,48,73.87,Digital Wallet,0,0,5.0,55.0,Yes
3652,43,Consumer,Premium,Monthly,37,113.05,Direct Debit,5,2,2.0,49.3,No
3653,39,Consumer,Standard,Monthly,31,67.27,Credit Card,3,2,3.0,31.9,No
3654,41,Consumer,Standard,Monthly,21,69.16,Credit Card,3,1,4.0,44.6,No
3655,27,Consumer,Standard,Two-Year,40,64.5,Credit Card,0,0,4.0,57.7,No
3656,37,Small Business,Standard,Monthly,31,72.02,Credit Card,0,0,5.0,44.5,No
3657,54,Small Business,Standard,Two-Year,28,75.3,Bank Transfer,2,1,4.0,54.8,No
3658,31,Consumer,Basic,Annual,15,46.42,Credit Card,0,0,5.0,79.9,No
3659,61,Consumer,Premium,Monthly,12,110.27,Digital Wallet,2,3,4.0,81.3,No
3660,47,Consumer,Standard,Monthly,33,68.26,Credit Card,3,0,4.0,45.6,No
3661,19,Small Business,Premium,Monthly,16,86.8,Bank Transfer,4,1,3.0,58.0,No
3662,48,Enterprise,Standard,Two-Year,56,86.68,Direct Debit,3,1,3.0,62.7,No
3663,34,Small Business,Basic,Monthly,23,48.31,Bank Transfer,4,3,4.0,45.1,Yes
3664,67,Consumer,Standard,Monthly,28,79.87,Bank Transfer,4,2,3.0,66.8,No
3665,54,Small Business,Standard,Annual,11,63.87,Bank Transfer,3,0,4.0,52.5,No
3666,44,Small Business,Basic,Monthly,40,48.14,Direct Debit,3,0,4.0,45.7,Yes
3667,44,Consumer,Standard,Two-Year,30,90.76,Bank Transfer,2,1,4.0,54.4,No
3668,49,Consumer,Standard,Annual,10,80.26,Direct Debit,0,0,4.0,66.2,No
3669,65,Consumer,Premium,Annual,52,103.74,Credit Card,2,2,4.0,63.4,No
3670,44,Consumer,Basic,Two-Year,45,40.37,Digital Wallet,4,1,4.0,62.4,No
3671,31,Small Business,Standard,Annual,27,75.27,Direct Debit,1,1,3.0,70.5,No
3672,49,Consumer,Premium,Annual,7,93.12,Direct Debit,2,2,3.0,43.0,No
3673,39,Enterprise,Standard,Two-Year,38,77.83,Digital Wallet,1,0,3.0,89.7,No
3674,48,Consumer,Premium,Annual,62,110.38,Bank Transfer,3,3,3.0,81.1,No
3675,49,Enterprise,Standard,Annual,26,79.39,Direct Debit,2,1,3.0,62.8,No
3676,68,Consumer,Premium,Monthly,21,131.64,Direct Debit,2,0,3.0,68.0,No
3677,50,Consumer,Basic,Annual,22,46.56,Direct Debit,1,1,3.0,62.2,No
3678,32,Enterprise,Basic,Monthly,26,50.49,Bank Transfer,2,1,2.0,46.0,No
3679,36,Enterprise,Premium,Monthly,54,123.99,Direct Debit,2,2,3.0,64.6,No
3680,44,Consumer,Standard,Annual,22,78.29,Digital Wallet,2,1,4.0,74.2,No
3681,27,Consumer,Standard,Monthly,17,65.08,Digital Wallet,1,2,3.0,58.6,No
3682,46,Small Business,Premium,Monthly,62,85.36,Digital Wallet,4,1,2.0,67.5,No
3683,51,Consumer,Basic,Monthly,46,54.61,Direct Debit,4,4,3.0,69.3,No
3684,57,Small Business,Premium,Two-Year,21,97.95,Credit Card,0,0,3.0,91.7,No
3685,26,Small Business,Standard,Monthly,49,68.89,Digital Wallet,3,0,4.0,33.0,No
3686,63,Small Business,Basic,Annual,18,33.87,Direct Debit,1,0,3.0,39.6,No
3687,46,Small Business,Basic,Two-Year,16,46.21,Credit Card,2,3,4.0,82.5,No
3688,58,Consumer,Standard,Annual,7,78.68,Digital Wallet,2,1,4.0,51.9,No
3689,18,Consumer,Standard,Monthly,35,79.4,Digital Wallet,4,2,5.0,86.3,No
3690,43,Small Business,Standard,Annual,16,94.17,Bank Transfer,2,1,4.0,42.0,No
3691,53,Consumer,Basic,Monthly,56,50.54,Digital Wallet,4,1,3.0,47.0,No
3692,59,Consumer,Standard,Annual,70,74.56,Digital Wallet,1,0,4.0,65.9,No
3693,59,Small Business,Basic,Annual,60,49.03,Digital Wallet,1,1,3.0,59.5,No
3694,27,Consumer,Standard,Annual,59,57.65,Digital Wallet,4,4,3.0,31.8,No
3695,38,Enterprise,Basic,Monthly,40,53.91,Bank Transfer,3,1,3.0,48.9,Yes
3696,55,Consumer,Standard,Annual,14,75.06,Digital Wallet,3,1,3.0,57.2,No
3697,39,Consumer,Basic,Monthly,43,29.66,Direct Debit,0,1,4.0,75.6,No
3698,52,Small Business,Basic,Monthly,31,37.21,Credit Card,3,3,2.0,55.6,No
3699,50,Small Business,Basic,Monthly,19,37.37,Bank Transfer,1,1,3.0,74.7,No
3700,18,Small Business,Premium,Annual,22,123.29,Digital Wallet,5,3,3.0,64.6,No
3701,52,Consumer,Basic,Monthly,26,48.14,Bank Transfer,6,2,3.0,37.6,No
3702,31,Consumer,Premium,Monthly,25,111.09,Direct Debit,1,1,3.0,72.6,No
3703,52,Consumer,Basic,Monthly,25,40.82,Credit Card,4,4,2.0,27.4,No
3704,35,Consumer,Basic,Annual,13,36.13,Digital Wallet,2,0,3.0,66.1,No
3705,44,Small Business,Basic,Two-Year,35,51.8,Direct Debit,1,0,2.0,60.9,No
3706,42,Consumer,Basic,Annual,27,35.27,Direct Debit,1,2,4.0,53.5,No
3707,59,Consumer,Standard,Two-Year,16,80.76,Credit Card,1,2,2.0,65.6,No
3708,43,Consumer,Standard,Monthly,34,82.12,Bank Transfer,1,0,4.0,48.2,No
3709,42,Consumer,Premium,Monthly,3,81.42,Credit Card,3,1,4.0,51.8,No
3710,52,Consumer,Basic,Monthly,15,46.02,Digital Wallet,0,0,4.0,67.0,Yes
3711,49,Small Business,Standard,Monthly,35,67.32,Direct Debit,2,0,3.0,74.5,No
3712,51,Consumer,Basic,Monthly,33,53.63,Digital Wallet,1,0,3.0,74.8,No
3713,39,Consumer,Premium,Monthly,18,105.18,Direct Debit,0,1,3.0,41.0,No
3714,62,Consumer,Basic,Monthly,15,41.44,Bank Transfer,6,2,3.0,53.3,No
3715,28,Small Business,Standard,Monthly,22,81.44,Direct Debit,5,2,4.0,42.0,No
3716,59,Enterprise,Standard,Annual,9,73.78,Direct Debit,0,0,4.0,58.7,No
3717,65,Small Business,Basic,Monthly,22,43.11,Digital Wallet,1,1,2.0,78.0,No
3718,18,Consumer,Basic,Monthly,16,35.41,Credit Card,3,1,3.0,51.5,No
3719,31,Consumer,Standard,Monthly,17,65.43,Digital Wallet,7,4,2.0,57.8,No
3720,27,Consumer,Basic,Monthly,57,39.35,Credit Card,2,2,3.0,41.5,No
3721,36,Small Business,Premium,Monthly,10,103.85,Credit Card,3,0,4.0,61.2,No
3722,36,Consumer,Standard,Annual,14,72.35,Bank Transfer,1,0,5.0,70.4,Yes
3723,36,Enterprise,Standard,Two-Year,46,86.15,Direct Debit,2,0,3.0,57.5,No
3724,54,Enterprise,Standard,Monthly,32,51.07,Digital Wallet,4,1,3.0,60.8,No
3725,39,Consumer,Premium,Annual,46,122.93,Bank Transfer,1,1,5.0,59.5,No
3726,51,Consumer,Standard,Annual,10,74.26,Credit Card,0,0,5.0,51.1,No
3727,53,Small Business,Standard,Monthly,26,91.37,Credit Card,2,1,3.0,68.9,No
3728,47,Consumer,Premium,Monthly,36,83.6,Bank Transfer,1,0,5.0,65.4,No
3729,54,Small Business,Standard,Monthly,8,84.0,Direct Debit,4,2,2.0,37.4,Yes
3730,36,Consumer,Premium,Monthly,51,104.11,Credit Card,2,0,4.0,60.2,No
3731,29,Consumer,Standard,Annual,11,100.09,Credit Card,2,1,3.0,84.3,Yes
3732,49,Small Business,Premium,Two-Year,38,97.84,Direct Debit,1,0,3.0,78.6,No
3733,79,Consumer,Basic,Annual,58,44.48,Digital Wallet,2,1,4.0,67.3,No
3734,61,Consumer,Standard,Annual,30,80.0,Credit Card,1,0,2.0,73.9,No
3735,42,Consumer,Standard,Annual,33,72.87,Digital Wallet,2,1,3.0,62.4,No
3736,51,Enterprise,Standard,Monthly,23,90.53,Bank Transfer,2,0,4.0,56.0,No
3737,32,Enterprise,Basic,Annual,42,35.61,Digital Wallet,2,1,5.0,71.1,No
3738,49,Consumer,Premium,Annual,20,115.87,Credit Card,1,0,3.0,46.9,No
3739,37,Consumer,Standard,Monthly,14,68.35,Bank Transfer,4,0,3.0,70.0,No
3740,58,Enterprise,Basic,Annual,9,33.27,Digital Wallet,1,2,4.0,52.9,No
3741,29,Small Business,Standard,Two-Year,36,72.7,Digital Wallet,2,0,5.0,89.7,No
3742,65,Consumer,Standard,Annual,36,82.86,Bank Transfer,1,3,3.0,67.0,No
3743,26,Consumer,Standard,Monthly,19,92.37,Direct Debit,2,0,3.0,61.5,No
3744,61,Small Business,Basic,Monthly,35,47.2,Credit Card,1,0,3.0,71.6,No
3745,36,Consumer,Standard,Monthly,38,61.68,Direct Debit,4,1,3.0,32.1,No
3746,45,Consumer,Premium,Monthly,25,83.42,Bank Transfer,1,3,3.0,70.2,No
3747,44,Consumer,Standard,Monthly,67,89.76,Credit Card,3,1,4.0,40.0,No
3748,51,Small Business,Basic,Annual,36,44.46,Credit Card,3,4,4.0,67.2,No
3749,27,Consumer,Basic,Monthly,18,63.5,Bank Transfer,1,1,4.0,56.8,No
3750,31,Consumer,Standard,Monthly,24,65.38,Direct Debit,5,3,3.0,54.9,No
3751,47,Consumer,Basic,Monthly,20,58.39,Direct Debit,0,0,3.0,36.2,No
3752,27,Small Business,Standard,Monthly,33,72.59,Bank Transfer,4,1,3.0,40.8,No
3753,27,Consumer,Standard,Two-Year,96,51.18,Direct Debit,0,1,3.0,61.0,No
3754,51,Enterprise,Basic,Monthly,14,34.99,Digital Wallet,0,1,2.0,77.3,No
3755,41,Consumer,Standard,Monthly,16,79.07,Digital Wallet,2,0,3.0,81.5,No
3756,56,Consumer,Basic,Monthly,7,39.89,Direct Debit,2,1,4.0,38.2,No
3757,24,Consumer,Basic,Two-Year,31,53.83,Bank Transfer,3,2,4.0,49.7,No
3758,36,Consumer,Basic,Monthly,29,42.82,Bank Transfer,1,0,4.0,62.1,No
3759,45,Consumer,Standard,Monthly,22,70.25,Digital Wallet,3,1,1.0,57.3,No
3760,52,Small Business,Basic,Monthly,9,54.04,Credit Card,3,2,3.0,54.0,No
3761,25,Consumer,Basic,Monthly,22,46.62,Bank Transfer,3,2,4.0,29.9,No
3762,47,Consumer,Standard,Annual,56,58.62,Direct Debit,3,3,3.0,67.5,No
3763,32,Small Business,Standard,Monthly,46,90.03,Credit Card,2,1,4.0,45.7,No
3764,61,Consumer,Standard,Monthly,39,72.4,Bank Transfer,1,0,3.0,54.1,No
3765,50,Small Business,Standard,Monthly,30,66.47,Direct Debit,1,0,3.0,65.2,No
3766,51,Consumer,Basic,Monthly,28,52.77,Bank Transfer,6,3,1.0,29.7,No
3767,49,Consumer,Basic,Annual,37,45.26,Digital Wallet,2,2,3.0,75.9,No
3768,41,Consumer,Standard,Two-Year,8,64.32,Bank Transfer,1,1,4.0,53.0,No
3769,39,Consumer,Standard,Monthly,9,95.63,Credit Card,0,0,3.0,66.3,No
3770,25,Small Business,Premium,Two-Year,29,115.42,Direct Debit,2,0,4.0,78.3,No
3771,41,Enterprise,Standard,Annual,38,66.13,Digital Wallet,0,0,4.0,68.1,No
3772,50,Consumer,Basic,Annual,30,45.44,Direct Debit,3,1,3.0,62.2,Yes
3773,33,Consumer,Basic,Monthly,56,44.78,Direct Debit,1,3,2.0,61.4,No
3774,18,Small Business,Premium,Monthly,34,116.74,Credit Card,3,0,2.0,59.6,No
3775,35,Consumer,Standard,Annual,7,52.54,Credit Card,4,0,3.0,53.0,No
3776,77,Consumer,Standard,Annual,40,72.99,Digital Wallet,2,3,4.0,60.3,No
3777,38,Enterprise,Standard,Two-Year,15,82.98,Direct Debit,2,2,3.0,70.0,No
3778,42,Consumer,Premium,Annual,25,129.24,Bank Transfer,1,1,3.0,25.2,No
3779,52,Consumer,Standard,Annual,27,70.29,Bank Transfer,1,0,3.0,80.3,No
3780,34,Consumer,Standard,Annual,29,83.82,Digital Wallet,1,3,4.0,73.6,No
3781,41,Consumer,Premium,Annual,3,105.6,Direct Debit,1,0,4.0,51.2,No
3782,48,Consumer,Basic,Monthly,8,43.56,Digital Wallet,5,0,1.0,39.4,No
3783,52,Enterprise,Standard,Two-Year,11,69.44,Credit Card,0,1,5.0,70.9,No
3784,41,Enterprise,Basic,Annual,37,49.12,Digital Wallet,1,0,4.0,89.7,No
3785,36,Consumer,Basic,Monthly,14,47.49,Digital Wallet,3,2,4.0,65.8,Yes
3786,26,Consumer,Premium,Two-Year,46,151.06,Digital Wallet,0,0,3.0,66.2,No
3787,45,Consumer,Standard,Monthly,16,60.67,Digital Wallet,4,0,4.0,27.0,No
3788,35,Consumer,Standard,Monthly,31,67.95,Digital Wallet,3,0,4.0,51.3,No
3789,46,Consumer,Basic,Monthly,12,47.59,Direct Debit,1,2,4.0,34.7,No
3790,40,Consumer,Basic,Monthly,21,41.74,Digital Wallet,2,1,4.0,32.9,No
3791,43,Consumer,Standard,Monthly,19,91.16,Bank Transfer,1,2,3.0,61.1,No
3792,44,Enterprise,Standard,Monthly,24,70.8,Digital Wallet,2,1,4.0,57.9,No
3793,63,Consumer,Basic,Two-Year,36,43.73,Bank Transfer,4,0,3.0,91.7,No
3794,39,Consumer,Standard,Monthly,42,69.87,Digital Wallet,1,0,4.0,64.9,No
3795,37,Small Business,Basic,Monthly,29,61.57,Digital Wallet,0,2,4.0,55.4,No
3796,22,Consumer,Premium,Monthly,69,131.53,Credit Card,3,1,3.0,67.7,No
3797,50,Consumer,Standard,Annual,48,90.53,Bank Transfer,1,1,3.0,52.5,No
3798,51,Consumer,Standard,Monthly,16,60.58,Credit Card,1,1,5.0,81.1,No
3799,53,Consumer,Basic,Monthly,33,43.52,Credit Card,1,1,3.0,42.3,No
3800,53,Consumer,Basic,Two-Year,39,45.21,Credit Card,1,0,2.0,61.7,No
3801,40,Consumer,Basic,Monthly,52,42.82,Digital Wallet,5,3,2.0,58.4,Yes
3802,54,Consumer,Basic,Monthly,56,46.68,Bank Transfer,1,1,3.0,72.1,No
3803,42,Consumer,Standard,Monthly,28,59.09,Direct Debit,2,0,3.0,53.9,No
3804,37,Small Business,Basic,Monthly,14,28.51,Digital Wallet,1,1,2.0,71.9,No
3805,36,Enterprise,Standard,Monthly,17,82.49,Digital Wallet,0,2,5.0,33.3,No
3806,58,Consumer,Standard,Annual,12,55.31,Digital Wallet,1,0,5.0,74.6,No
3807,40,Small Business,Premium,Monthly,19,129.88,Credit Card,2,0,2.0,73.5,No
3808,35,Consumer,Standard,Monthly,15,93.85,Credit Card,0,0,4.0,61.9,No
3809,46,Enterprise,Standard,Annual,39,62.56,Bank Transfer,4,1,2.0,43.1,No
3810,57,Consumer,Basic,Monthly,87,55.74,Credit Card,4,1,4.0,41.4,No
3811,46,Consumer,Premium,Monthly,35,129.36,Bank Transfer,0,0,4.0,62.2,No
3812,22,Enterprise,Premium,Monthly,39,120.18,Digital Wallet,2,1,4.0,70.8,No
3813,45,Small Business,Premium,Monthly,20,121.63,Bank Transfer,1,1,3.0,94.9,No
3814,50,Consumer,Standard,Annual,2,84.65,Credit Card,2,1,3.0,73.8,Yes
3815,53,Small Business,Standard,Monthly,22,92.26,Bank Transfer,2,0,4.0,69.7,No
3816,49,Consumer,Basic,Monthly,20,37.82,Digital Wallet,2,2,3.0,78.6,No
3817,53,Consumer,Basic,Annual,61,39.92,Credit Card,2,0,5.0,47.2,No
3818,23,Consumer,Standard,Monthly,60,73.18,Direct Debit,3,0,2.0,46.9,No
3819,36,Small Business,Premium,Annual,23,110.35,Bank Transfer,2,0,3.0,78.9,No
3820,37,Consumer,Standard,Monthly,48,91.27,Credit Card,5,2,2.0,78.5,No
3821,61,Consumer,Standard,Annual,27,79.61,Direct Debit,1,1,4.0,67.2,No
3822,43,Small Business,Basic,Monthly,23,43.62,Direct Debit,2,3,3.0,64.8,No
3823,63,Enterprise,Standard,Annual,8,82.9,Credit Card,3,0,3.0,63.2,No
3824,61,Small Business,Standard,Monthly,31,79.34,Bank Transfer,3,0,3.0,36.7,No
3825,36,Consumer,Basic,Monthly,20,33.19,Direct Debit,1,1,3.0,42.5,No
3826,39,Enterprise,Standard,Annual,49,68.87,Direct Debit,3,4,4.0,68.5,No
3827,36,Consumer,Basic,Annual,29,42.52,Bank Transfer,0,0,2.0,77.2,No
3828,41,Small Business,Premium,Annual,34,112.21,Credit Card,2,0,3.0,100.0,No
3829,26,Small Business,Premium,Two-Year,17,112.87,Bank Transfer,1,1,3.0,76.2,No
3830,29,Enterprise,Premium,Monthly,39,130.01,Digital Wallet,1,1,3.0,76.8,No
3831,36,Small Business,Premium,Monthly,26,99.8,Credit Card,2,1,3.0,80.9,No
3832,52,Consumer,Standard,Annual,20,68.15,Direct Debit,2,0,3.0,51.7,No
3833,36,Consumer,Basic,Two-Year,34,30.82,Digital Wallet,2,0,3.0,69.2,No
3834,32,Consumer,Standard,Monthly,30,83.7,Digital Wallet,3,0,4.0,35.0,No
3835,40,Small Business,Basic,Annual,10,55.61,Bank Transfer,0,0,3.0,57.8,No
3836,33,Small Business,Standard,Two-Year,4,79.56,Direct Debit,3,1,3.0,71.5,No
3837,45,Consumer,Basic,Two-Year,96,50.86,Bank Transfer,1,1,3.0,91.3,No
3838,69,Small Business,Basic,Monthly,21,44.62,Digital Wallet,2,1,5.0,40.7,No
3839,42,Small Business,Basic,Monthly,10,49.98,Digital Wallet,4,3,4.0,56.7,No
3840,34,Small Business,Standard,Monthly,49,75.98,Digital Wallet,4,1,2.0,48.7,No
3841,51,Consumer,Standard,Annual,53,71.92,Credit Card,1,0,3.0,74.5,No
3842,30,Consumer,Standard,Two-Year,31,73.05,Direct Debit,6,3,3.0,57.9,No
3843,30,Small Business,Premium,Monthly,11,119.67,Credit Card,2,2,4.0,37.0,No
3844,33,Enterprise,Premium,Monthly,58,132.65,Credit Card,5,2,3.0,84.0,No
3845,24,Small Business,Standard,Monthly,49,68.25,Credit Card,2,0,4.0,51.7,No
3846,53,Small Business,Premium,Monthly,42,122.76,Digital Wallet,2,0,4.0,59.2,No
3847,40,Consumer,Standard,Annual,11,86.02,Credit Card,2,0,4.0,63.0,No
3848,19,Consumer,Premium,Annual,12,128.35,Digital Wallet,4,5,3.0,47.7,No
3849,55,Enterprise,Basic,Two-Year,19,36.56,Bank Transfer,2,1,3.0,61.7,No
3850,29,Consumer,Standard,Monthly,31,68.49,Credit Card,1,1,4.0,57.4,No
3851,48,Consumer,Standard,Monthly,46,65.1,Direct Debit,1,1,3.0,80.7,No
3852,52,Consumer,Basic,Two-Year,6,47.57,Direct Debit,3,1,2.0,74.7,No
3853,39,Small Business,Basic,Annual,44,43.8,Direct Debit,3,2,4.0,70.1,No
3854,37,Consumer,Basic,Annual,29,31.33,Direct Debit,1,0,3.0,79.7,No
3855,45,Consumer,Standard,Monthly,12,69.07,Credit Card,1,2,5.0,64.9,No
3856,53,Small Business,Standard,Annual,32,71.81,Credit Card,2,2,4.0,79.4,No
3857,54,Consumer,Premium,Monthly,35,96.42,Digital Wallet,3,1,4.0,57.0,Yes
3858,36,Small Business,Standard,Monthly,22,86.57,Bank Transfer,1,1,5.0,50.8,No
3859,59,Small Business,Standard,Two-Year,41,69.15,Credit Card,1,0,3.0,91.6,No
3860,40,Small Business,Basic,Annual,50,49.16,Direct Debit,2,0,5.0,68.0,No
3861,26,Small Business,Standard,Annual,38,80.36,Digital Wallet,1,0,5.0,68.1,No
3862,36,Enterprise,Premium,Annual,16,107.15,Digital Wallet,3,3,3.0,100.0,No
3863,43,Consumer,Standard,Annual,46,57.03,Direct Debit,1,1,5.0,60.1,No
3864,38,Consumer,Basic,Two-Year,6,42.96,Bank Transfer,1,1,2.0,76.5,No
3865,19,Small Business,Standard,Monthly,39,82.35,Bank Transfer,2,2,4.0,74.1,No
3866,22,Consumer,Standard,Monthly,23,72.25,Credit Card,1,0,2.0,50.0,No
3867,28,Consumer,Standard,Monthly,2,74.12,Credit Card,6,2,2.0,39.1,Yes
3868,55,Consumer,Basic,Monthly,11,47.77,Bank Transfer,0,0,4.0,55.7,No
3869,30,Consumer,Basic,Monthly,20,34.53,Credit Card,3,0,4.0,45.7,No
3870,46,Consumer,Basic,Monthly,17,45.7,Direct Debit,2,1,3.0,70.0,No
3871,43,Consumer,Basic,Monthly,35,41.54,Credit Card,3,3,2.0,66.9,No
3872,41,Small Business,Basic,Monthly,34,50.65,Direct Debit,4,1,3.0,72.3,No
3873,43,Consumer,Basic,Monthly,41,51.06,Bank Transfer,1,0,4.0,64.4,No
3874,51,Small Business,Premium,Monthly,20,122.24,Unknown,3,2,1.0,35.6,No
3875,44,Consumer,Standard,Monthly,21,48.41,Digital Wallet,4,1,3.0,67.8,No
3876,47,Enterprise,Basic,Monthly,55,37.45,Direct Debit,1,2,3.0,71.3,No
3877,50,Consumer,Standard,Monthly,8,71.54,Bank Transfer,2,0,3.0,38.4,No
3878,32,Enterprise,Standard,Annual,29,80.47,Direct Debit,2,1,5.0,81.7,No
3879,38,Enterprise,Basic,Monthly,59,49.06,Bank Transfer,1,1,5.0,69.9,No
3880,18,Consumer,Basic,Monthly,48,32.66,Digital Wallet,6,1,4.0,38.4,No
3881,26,Consumer,Basic,Two-Year,16,38.78,Bank Transfer,3,1,4.0,64.3,No
3882,60,Consumer,Basic,Monthly,13,41.53,Credit Card,3,1,4.0,58.3,No
3883,44,Consumer,Basic,Annual,22,35.52,Digital Wallet,1,2,3.0,87.1,No
3884,55,Consumer,Standard,Monthly,44,78.52,Direct Debit,6,2,1.0,48.2,No
3885,65,Consumer,Standard,Two-Year,15,72.09,Direct Debit,2,2,5.0,52.8,No
3886,37,Consumer,Standard,Two-Year,2,88.98,Bank Transfer,2,0,3.0,75.4,No
3887,68,Consumer,Premium,Annual,48,112.25,Bank Transfer,2,1,3.0,78.9,No
3888,34,Small Business,Standard,Monthly,36,86.46,Credit Card,1,0,5.0,43.4,No
3889,51,Consumer,Standard,Annual,14,81.57,Digital Wallet,3,1,4.0,58.4,No
3890,22,Consumer,Standard,Monthly,39,49.2,Credit Card,4,1,3.0,58.1,No
3891,24,Consumer,Standard,Two-Year,12,57.07,Bank Transfer,0,0,3.0,46.7,No
3892,41,Enterprise,Basic,Monthly,34,40.91,Bank Transfer,4,0,2.0,56.9,Yes
3893,37,Consumer,Premium,Monthly,35,84.74,Bank Transfer,1,2,3.0,46.8,Yes
3894,23,Consumer,Premium,Monthly,46,98.43,Direct Debit,0,0,4.0,46.4,No
3895,38,Consumer,Premium,Annual,17,138.45,Direct Debit,0,0,2.0,74.6,No
3896,57,Consumer,Basic,Two-Year,36,37.93,Credit Card,0,2,5.0,71.9,Yes
3897,47,Consumer,Standard,Two-Year,18,72.04,Credit Card,2,0,4.0,59.0,No
3898,42,Consumer,Standard,Annual,38,69.48,Digital Wallet,0,3,4.0,86.3,No
3899,39,Small Business,Premium,Annual,31,109.89,Direct Debit,2,1,4.0,90.6,No
3900,37,Consumer,Basic,Monthly,19,46.9,Credit Card,1,1,3.0,66.2,No
3901,59,Small Business,Standard,Two-Year,96,89.38,Bank Transfer,3,0,1.0,79.4,No
3902,30,Small Business,Standard,Annual,28,60.31,Direct Debit,0,0,4.0,51.9,No
3903,48,Consumer,Basic,Monthly,13,39.06,Credit Card,3,2,3.0,32.2,No
3904,39,Consumer,Standard,Monthly,11,71.63,Bank Transfer,2,0,2.0,50.9,No
3905,28,Small Business,Standard,Annual,27,82.59,Bank Transfer,2,1,4.0,48.9,No
3906,55,Consumer,Basic,Monthly,25,36.78,Digital Wallet,4,1,3.0,76.4,No
3907,48,Consumer,Standard,Monthly,29,86.85,Digital Wallet,0,0,3.0,50.9,No
3908,48,Consumer,Standard,Annual,19,74.83,Bank Transfer,3,2,5.0,97.5,No
3909,45,Consumer,Premium,Annual,17,123.74,Digital Wallet,1,0,4.0,60.1,No
3910,57,Consumer,Standard,Annual,8,89.37,Bank Transfer,2,0,4.0,74.7,No
3911,32,Consumer,Standard,Annual,23,67.1,Direct Debit,0,0,4.0,68.6,No
3912,48,Small Business,Basic,Monthly,24,49.66,Direct Debit,3,2,3.0,58.6,No
3913,57,Consumer,Standard,Annual,17,60.11,Direct Debit,0,1,3.0,61.5,No
3914,42,Small Business,Premium,Monthly,23,122.28,Credit Card,1,0,3.0,29.4,No
3915,22,Consumer,Basic,Two-Year,16,51.23,Credit Card,2,0,3.0,52.3,No
3916,59,Consumer,Basic,Monthly,71,40.81,Digital Wallet,2,2,3.0,74.9,No
3917,54,Small Business,Basic,Monthly,19,48.98,Direct Debit,3,0,,57.6,Yes
3918,42,Consumer,Standard,Monthly,60,85.59,Direct Debit,3,0,3.0,50.1,No
3919,39,Small Business,Basic,Annual,34,50.08,Digital Wallet,2,1,5.0,68.1,No
3920,49,Consumer,Basic,Annual,14,60.06,Digital Wallet,0,0,3.0,63.2,No
3921,44,Small Business,Basic,Two-Year,10,52.08,Credit Card,5,8,4.0,49.3,No
3922,48,Consumer,Standard,Monthly,24,65.5,Direct Debit,6,2,1.0,60.9,No
3923,44,Consumer,Standard,Two-Year,18,68.48,Bank Transfer,2,2,5.0,44.8,No
3924,18,Small Business,Premium,Two-Year,5,145.88,Bank Transfer,3,0,3.0,68.4,No
3925,48,Small Business,Basic,Two-Year,18,41.67,Digital Wallet,2,0,3.0,63.4,No
3926,39,Enterprise,Basic,Annual,9,36.9,Digital Wallet,1,0,4.0,70.4,No
3927,48,Consumer,Basic,Monthly,41,39.64,Bank Transfer,1,0,3.0,70.5,No
3928,30,Small Business,Basic,Annual,25,56.8,Credit Card,1,1,5.0,78.7,No
3929,46,Consumer,Standard,Two-Year,41,84.13,Credit Card,1,0,2.0,74.7,No
3930,52,Consumer,Basic,Monthly,36,47.72,Direct Debit,1,2,5.0,27.2,No
3931,30,Enterprise,Standard,Monthly,17,80.49,Digital Wallet,4,4,3.0,78.0,No
3932,57,Consumer,Premium,Annual,14,118.13,Credit Card,2,1,4.0,62.7,No
3933,58,Consumer,Basic,Two-Year,21,53.54,Digital Wallet,2,1,3.0,54.3,No
3934,43,Enterprise,Basic,Annual,12,48.77,Digital Wallet,1,0,3.0,59.7,No
3935,46,Enterprise,Standard,Monthly,27,78.72,Digital Wallet,3,2,2.0,32.6,Yes
3936,30,Consumer,Basic,Two-Year,54,48.39,Digital Wallet,0,0,3.0,69.7,No
3937,40,Small Business,Standard,Monthly,73,69.34,Digital Wallet,1,2,4.0,55.5,No
3938,59,Consumer,Basic,Two-Year,19,48.66,Bank Transfer,2,0,3.0,59.5,No
3939,41,Consumer,Basic,Annual,44,41.89,Bank Transfer,2,0,2.0,49.5,No
3940,49,Small Business,Standard,Monthly,26,87.9,Direct Debit,4,1,3.0,33.6,No
3941,48,Enterprise,Premium,Two-Year,36,112.48,Digital Wallet,3,1,3.0,67.9,No
3942,33,Small Business,Basic,Monthly,20,30.74,Bank Transfer,3,1,3.0,28.0,No
3943,27,Consumer,Standard,Monthly,20,68.75,Credit Card,4,1,2.0,46.2,No
3944,23,Enterprise,Basic,Monthly,9,40.71,Credit Card,3,1,2.0,68.9,No
3945,35,Enterprise,Basic,Monthly,16,34.5,Digital Wallet,1,0,2.0,80.7,No
3946,33,Small Business,Standard,Monthly,32,63.28,Digital Wallet,1,1,1.0,59.4,No
3947,45,Small Business,Standard,Monthly,55,66.02,Direct Debit,1,0,5.0,59.7,No
3948,41,Consumer,Standard,Monthly,37,84.91,Credit Card,2,2,3.0,43.5,No
3949,37,Small Business,Basic,Monthly,19,53.59,Digital Wallet,3,0,1.0,77.8,No
3950,67,Small Business,Standard,Monthly,14,80.64,Bank Transfer,3,1,4.0,57.9,Yes
3951,56,Small Business,Premium,Annual,55,119.39,Bank Transfer,1,1,5.0,32.9,No
3952,54,Consumer,Standard,Monthly,12,83.9,Credit Card,1,0,3.0,44.3,No
3953,22,Enterprise,Standard,Monthly,33,83.9,Direct Debit,1,0,4.0,78.4,No
3954,28,Consumer,Standard,Monthly,43,68.79,Digital Wallet,3,1,4.0,59.2,No
3955,78,Consumer,Basic,Annual,9,44.58,Credit Card,2,1,3.0,52.8,No
3956,57,Consumer,Standard,Monthly,9,70.43,Bank Transfer,4,2,2.0,61.0,No
3957,46,Small Business,Basic,Monthly,1,44.71,Bank Transfer,4,3,3.0,53.0,No
3958,29,Consumer,Basic,Two-Year,20,38.53,Bank Transfer,3,2,4.0,79.7,No
3959,42,Consumer,Premium,Monthly,41,135.2,Bank Transfer,0,1,3.0,46.6,No
3960,35,Consumer,Standard,Monthly,14,75.2,Bank Transfer,2,1,4.0,60.9,No
3961,23,Consumer,Premium,Monthly,11,83.02,Digital Wallet,1,2,4.0,85.5,No
3962,18,Small Business,Basic,Two-Year,25,56.51,Direct Debit,0,1,3.0,58.4,No
3963,48,Small Business,Standard,Annual,17,57.97,Bank Transfer,1,0,4.0,67.4,No
3964,45,Consumer,Basic,Annual,28,26.11,Direct Debit,1,0,2.0,54.7,No
3965,39,Consumer,Premium,Monthly,1,80.11,Direct Debit,3,0,4.0,64.6,No
3966,48,Consumer,Standard,Two-Year,17,79.64,Direct Debit,0,1,4.0,74.8,No
3967,58,Small Business,Basic,Monthly,7,44.61,Bank Transfer,4,3,3.0,44.6,Yes
3968,39,Small Business,Standard,Monthly,22,61.0,Credit Card,0,0,4.0,67.4,No
3969,48,Consumer,Standard,Monthly,27,68.52,Digital Wallet,1,1,4.0,40.6,No
3970,37,Small Business,Standard,Monthly,12,87.72,Bank Transfer,2,0,2.0,40.8,No
3971,48,Consumer,Standard,Monthly,63,63.51,Direct Debit,4,2,3.0,69.7,No
3972,59,Small Business,Premium,Annual,41,90.89,Digital Wallet,1,1,3.0,84.8,No
3973,37,Small Business,Standard,Two-Year,16,73.11,Direct Debit,2,0,3.0,89.3,No
3974,45,Consumer,Basic,Annual,2,28.3,Digital Wallet,1,3,4.0,61.0,No
3975,45,Consumer,Premium,Annual,41,128.61,Credit Card,1,0,3.0,45.9,No
3976,44,Consumer,Premium,Annual,7,120.95,Credit Card,1,1,4.0,52.6,No
3977,58,Small Business,Standard,Monthly,31,82.25,Direct Debit,1,2,3.0,64.0,No
3978,36,Consumer,Basic,Two-Year,74,53.45,Credit Card,1,1,4.0,68.8,No
3979,31,Consumer,Basic,Monthly,45,43.38,Direct Debit,2,1,3.0,58.7,No
3980,51,Consumer,Premium,Annual,10,93.65,Digital Wallet,0,1,4.0,70.7,No
3981,62,Consumer,Basic,Annual,59,43.09,Direct Debit,0,0,4.0,62.1,No
3982,37,Consumer,Premium,Monthly,73,123.41,Digital Wallet,1,0,4.0,56.6,No
3983,27,Consumer,Basic,Annual,26,51.31,Credit Card,2,0,3.0,86.9,No
3984,43,Consumer,Premium,Annual,8,154.38,Bank Transfer,2,2,4.0,75.0,No
3985,42,Consumer,Basic,Annual,72,53.09,Digital Wallet,0,1,2.0,62.9,No
3986,52,Consumer,Premium,Monthly,12,109.96,Digital Wallet,1,2,3.0,55.3,No
3987,68,Consumer,Premium,Two-Year,9,123.8,Digital Wallet,1,0,4.0,72.2,No
3988,56,Consumer,Standard,Annual,45,74.49,Digital Wallet,1,0,4.0,62.8,No
3989,47,Small Business,Basic,Monthly,44,49.85,Credit Card,0,0,3.0,64.6,No
3990,34,Consumer,Basic,Monthly,10,45.3,Credit Card,3,3,4.0,44.9,No
3991,37,Enterprise,Standard,Annual,38,73.6,Digital Wallet,1,0,3.0,78.1,No
3992,27,Consumer,Standard,Monthly,21,89.27,Bank Transfer,0,0,5.0,54.7,No
3993,47,Consumer,Premium,Annual,16,96.65,Bank Transfer,0,2,4.0,69.1,No
3994,34,Small Business,Standard,Annual,39,66.65,Direct Debit,1,2,4.0,73.3,No
3995,50,Consumer,Basic,Monthly,45,47.37,Bank Transfer,1,1,3.0,66.9,No
3996,51,Consumer,Standard,Monthly,24,67.27,Direct Debit,5,0,3.0,60.1,No
3997,43,Consumer,Basic,Annual,12,52.24,Direct Debit,0,0,5.0,80.2,No
3998,38,Consumer,Standard,Annual,11,67.64,Digital Wallet,2,0,3.0,61.9,No
3999,41,Consumer,Basic,Annual,1,42.7,Direct Debit,2,1,4.0,85.7,No
4000,36,Small Business,Basic,Annual,18,36.56,Direct Debit,2,0,2.0,64.5,No
4001,31,Consumer,Standard,Two-Year,30,79.83,Digital Wallet,0,0,5.0,87.0,No
4002,60,Consumer,Standard,Monthly,4,83.29,Digital Wallet,1,1,3.0,88.9,No
4003,38,Consumer,Basic,Monthly,14,36.78,Credit Card,1,0,4.0,81.8,No
4004,35,Small Business,Basic,Monthly,34,35.14,Digital Wallet,3,4,5.0,62.1,No
4005,44,Consumer,Premium,Two-Year,35,118.08,Digital Wallet,2,0,5.0,56.5,No
4006,56,Consumer,Basic,Two-Year,18,36.63,Digital Wallet,2,0,3.0,68.8,No
4007,36,Enterprise,Standard,Two-Year,8,58.79,Digital Wallet,3,1,4.0,50.6,No
4008,18,Consumer,Standard,Annual,96,64.22,Credit Card,0,0,3.0,58.4,No
4009,36,Consumer,Premium,Monthly,22,100.29,Bank Transfer,1,1,4.0,71.8,No
4010,47,Consumer,Basic,Monthly,33,49.77,Direct Debit,2,1,2.0,37.4,No
4011,37,Enterprise,Basic,Monthly,15,42.81,Digital Wallet,1,1,2.0,48.4,No
4012,52,Consumer,Basic,Monthly,52,36.13,Direct Debit,5,0,1.0,44.3,No
4013,48,Consumer,Standard,Annual,40,62.55,Direct Debit,1,0,5.0,74.7,No
4014,18,Consumer,Basic,Annual,33,51.46,Credit Card,0,0,3.0,53.6,No
4015,33,Consumer,Standard,Annual,27,76.62,Digital Wallet,1,0,4.0,63.2,No
4016,62,Small Business,Basic,Monthly,31,29.79,Credit Card,5,0,3.0,57.1,No
4017,36,Consumer,Standard,Annual,50,75.0,Bank Transfer,2,2,4.0,64.3,No
4018,27,Consumer,Premium,Monthly,21,90.62,Credit Card,2,1,3.0,85.2,No
4019,41,Consumer,Premium,Annual,46,126.09,Bank Transfer,3,1,4.0,30.9,No
4020,57,Enterprise,Standard,Annual,26,86.58,Credit Card,3,1,3.0,62.0,No
4021,41,Consumer,Premium,Two-Year,11,151.65,Bank Transfer,2,3,3.0,65.0,No
4022,31,Enterprise,Basic,Annual,54,44.21,Credit Card,1,2,2.0,47.4,No
4023,62,Small Business,Basic,Monthly,32,28.62,Bank Transfer,4,0,3.0,73.8,No
4024,41,Enterprise,Standard,Monthly,15,93.34,Credit Card,3,2,2.0,45.8,Yes
4025,40,Consumer,Standard,Two-Year,13,79.54,Credit Card,2,1,3.0,72.6,No
4026,22,Consumer,Standard,Monthly,7,66.13,Unknown,2,1,2.0,57.2,No
4027,41,Consumer,Standard,Annual,27,66.37,Direct Debit,0,1,2.0,70.3,Yes
4028,24,Consumer,Premium,Two-Year,22,100.78,Direct Debit,2,0,3.0,81.2,No
4029,40,Small Business,Basic,Monthly,14,46.46,Bank Transfer,2,1,3.0,35.9,No
4030,59,Consumer,Basic,Monthly,30,46.05,Bank Transfer,7,1,2.0,36.7,No
4031,25,Consumer,Basic,Monthly,17,46.2,Bank Transfer,3,0,2.0,58.8,No
4032,31,Consumer,Standard,Two-Year,70,72.74,Direct Debit,3,4,2.0,86.5,No
4033,66,Consumer,Standard,Monthly,12,69.01,Direct Debit,3,1,4.0,81.3,No
4034,44,Consumer,Standard,Monthly,12,85.5,Digital Wallet,2,1,3.0,74.4,No
4035,26,Enterprise,Basic,Monthly,36,48.68,Bank Transfer,1,1,3.0,73.5,No
4036,48,Small Business,Basic,Annual,9,40.65,Direct Debit,3,1,2.0,51.6,No
4037,37,Consumer,Standard,Monthly,39,62.28,Credit Card,2,0,2.0,55.3,No
4038,37,Consumer,Standard,Monthly,50,74.52,Digital Wallet,3,2,3.0,58.8,Yes
4039,18,Enterprise,Basic,Two-Year,19,41.45,Direct Debit,4,1,2.0,59.7,No
4040,47,Small Business,Standard,Monthly,21,75.65,Direct Debit,1,1,5.0,20.2,No
4041,44,Consumer,Premium,Monthly,96,101.38,Direct Debit,3,3,4.0,57.7,No
4042,50,Consumer,Premium,Monthly,28,110.7,Bank Transfer,1,0,4.0,33.9,Yes
4043,40,Consumer,Standard,Monthly,22,66.09,Direct Debit,1,2,2.0,65.2,No
4044,31,Consumer,Standard,Annual,48,64.82,Digital Wallet,4,1,1.0,57.1,No
4045,21,Consumer,Premium,Annual,7,93.89,Bank Transfer,0,0,5.0,78.2,No
4046,65,Consumer,Premium,Monthly,17,98.77,Digital Wallet,2,1,3.0,49.6,No
4047,26,Enterprise,Premium,Annual,24,102.3,Bank Transfer,0,0,3.0,74.8,No
4048,19,Consumer,Standard,Two-Year,9,83.24,Bank Transfer,2,1,4.0,61.4,No
4049,69,Small Business,Standard,Monthly,51,61.68,Credit Card,2,1,2.0,44.3,No
4050,32,Consumer,Basic,Annual,34,50.25,Bank Transfer,2,0,3.0,64.5,No
4051,46,Consumer,Basic,Annual,72,43.25,Bank Transfer,3,0,3.0,63.2,No
4052,18,Consumer,Premium,Monthly,8,124.34,Bank Transfer,3,0,3.0,75.9,No
4053,55,Small Business,Standard,Monthly,37,70.66,Direct Debit,4,1,4.0,31.3,No
4054,41,Consumer,Standard,Annual,53,76.84,Direct Debit,3,0,3.0,66.9,No
4055,44,Consumer,Basic,Annual,13,45.31,Direct Debit,0,0,4.0,67.1,No
4056,47,Enterprise,Standard,Monthly,50,51.51,Digital Wallet,1,2,2.0,60.9,No
4057,38,Consumer,Standard,Monthly,73,62.38,Digital Wallet,1,2,3.0,65.9,No
4058,36,Enterprise,Basic,Two-Year,6,46.64,Bank Transfer,3,1,2.0,72.3,No
4059,33,Consumer,Standard,Monthly,41,75.9,Digital Wallet,1,2,4.0,63.9,No
4060,58,Consumer,Basic,Monthly,42,42.65,Direct Debit,3,3,3.0,59.9,No
4061,66,Enterprise,Basic,Monthly,4,46.82,Direct Debit,1,1,3.0,79.1,No
4062,18,Small Business,Standard,Monthly,67,65.36,Direct Debit,3,0,4.0,45.1,No
4063,47,Consumer,Standard,Monthly,17,60.79,Direct Debit,3,1,3.0,59.1,No
4064,56,Consumer,Standard,Annual,65,84.57,Bank Transfer,2,3,2.0,41.8,No
4065,53,Consumer,Basic,Annual,14,30.93,Bank Transfer,4,4,3.0,67.3,No
4066,41,Enterprise,Standard,Monthly,40,85.02,Digital Wallet,3,1,2.0,66.4,No
4067,31,Small Business,Standard,Two-Year,12,65.88,Direct Debit,0,0,4.0,44.7,No
4068,59,Consumer,Standard,Annual,15,77.73,Credit Card,3,1,4.0,51.6,No
4069,18,Consumer,Standard,Annual,34,81.93,Bank Transfer,1,0,3.0,40.2,No
4070,42,Consumer,Basic,Annual,22,57.55,Bank Transfer,4,5,3.0,47.2,No
4071,40,Consumer,Premium,Monthly,35,113.41,Digital Wallet,3,0,3.0,62.4,No
4072,62,Consumer,Standard,Annual,41,55.59,Credit Card,2,0,3.0,60.7,No
4073,35,Small Business,Premium,Monthly,26,119.29,Bank Transfer,2,0,4.0,58.6,Yes
4074,55,Enterprise,Basic,Two-Year,66,35.13,Bank Transfer,3,1,2.0,66.1,No
4075,61,Consumer,Basic,Annual,49,43.01,Credit Card,1,1,3.0,62.4,Yes
4076,40,Small Business,Standard,Monthly,58,64.95,Credit Card,1,2,3.0,56.3,No
4077,57,Consumer,Premium,Monthly,17,96.31,Credit Card,1,0,4.0,60.4,No
4078,41,Small Business,Standard,Annual,21,84.01,Direct Debit,1,2,3.0,41.9,No
4079,37,Consumer,Basic,Monthly,13,49.94,Digital Wallet,3,0,4.0,69.4,No
4080,43,Enterprise,Standard,Two-Year,25,82.26,Digital Wallet,2,2,3.0,65.0,No
4081,60,Enterprise,Standard,Two-Year,15,76.39,Direct Debit,1,1,4.0,67.3,No
4082,23,Consumer,Standard,Annual,34,57.02,Digital Wallet,2,1,5.0,68.4,No
4083,56,Consumer,Standard,Annual,58,86.8,Digital Wallet,5,1,4.0,56.8,No
4084,45,Consumer,Basic,Two-Year,96,44.39,Direct Debit,3,1,2.0,63.1,No
4085,36,Consumer,Basic,Annual,20,37.59,Digital Wallet,2,1,4.0,74.5,No
4086,25,Small Business,Basic,Annual,50,54.62,Digital Wallet,2,0,3.0,51.7,No
4087,30,Small Business,Basic,Monthly,19,50.51,Digital Wallet,2,2,3.0,54.5,No
4088,37,Small Business,Standard,Monthly,56,71.53,Direct Debit,2,0,3.0,49.0,No
4089,52,Small Business,Basic,Monthly,37,52.59,Credit Card,2,1,1.0,47.2,No
4090,49,Consumer,Premium,Monthly,20,106.05,Bank Transfer,1,1,4.0,58.8,No
4091,47,Small Business,Standard,Two-Year,47,68.5,Credit Card,1,0,2.0,77.7,No
4092,43,Consumer,Standard,Monthly,18,73.7,Credit Card,4,2,3.0,53.9,No
4093,39,Enterprise,Basic,Monthly,16,33.55,Credit Card,2,1,5.0,58.6,No
4094,18,Consumer,Premium,Monthly,35,96.02,Digital Wallet,6,3,2.0,33.6,No
4095,47,Small Business,Standard,Monthly,43,76.54,Digital Wallet,4,2,3.0,67.8,No
4096,36,Consumer,Basic,Monthly,42,36.82,Bank Transfer,2,2,4.0,29.6,No
4097,38,Consumer,Standard,Monthly,24,80.37,Direct Debit,2,1,3.0,45.9,No
4098,36,Small Business,Premium,Annual,34,171.67,Credit Card,2,1,4.0,64.5,No
4099,63,Small Business,Premium,Monthly,52,122.2,Bank Transfer,3,4,3.0,73.0,No
4100,54,Small Business,Premium,Monthly,34,154.71,Digital Wallet,3,2,1.0,57.0,No
4101,59,Small Business,Premium,Annual,18,110.19,Bank Transfer,1,1,4.0,79.9,No
4102,27,Consumer,Basic,Annual,19,46.71,Digital Wallet,0,0,3.0,55.7,No
4103,63,Small Business,Premium,Monthly,40,117.77,Credit Card,4,1,3.0,50.2,No
4104,55,Small Business,Standard,Two-Year,22,76.87,Direct Debit,0,1,3.0,67.5,No
4105,28,Consumer,Standard,Two-Year,13,92.37,Direct Debit,1,1,4.0,58.9,No
4106,48,Small Business,Standard,Monthly,17,82.49,Credit Card,2,1,3.0,42.6,No
4107,27,Small Business,Basic,Monthly,59,56.4,Digital Wallet,3,1,3.0,53.4,No
4108,26,Small Business,Basic,Monthly,14,48.61,Direct Debit,4,4,4.0,86.5,Yes
4109,41,Enterprise,Standard,Two-Year,23,86.58,Bank Transfer,3,1,3.0,55.6,No
4110,28,Small Business,Basic,Monthly,25,43.96,Bank Transfer,7,2,5.0,36.8,No
4111,38,Consumer,Standard,Monthly,23,76.02,Digital Wallet,7,3,3.0,38.7,No
4112,45,Consumer,Basic,Two-Year,15,46.77,Bank Transfer,1,0,3.0,82.3,No
4113,47,Consumer,Premium,Annual,8,103.3,Credit Card,1,1,2.0,58.8,No
4114,56,Consumer,Basic,Monthly,9,49.74,Digital Wallet,1,0,3.0,44.0,No
4115,37,Consumer,Premium,Two-Year,30,116.57,Credit Card,1,0,4.0,100.0,No
4116,52,Small Business,Premium,Annual,26,140.84,Digital Wallet,2,2,4.0,53.0,No
4117,26,Consumer,Basic,Monthly,73,32.91,Bank Transfer,4,2,3.0,47.8,No
4118,47,Small Business,Standard,Two-Year,4,71.32,Direct Debit,1,0,3.0,84.4,No
4119,53,Consumer,Basic,Annual,27,52.87,Digital Wallet,1,0,4.0,79.2,No
4120,45,Small Business,Standard,Monthly,51,82.21,Bank Transfer,2,0,3.0,37.5,No
4121,34,Small Business,Basic,Monthly,20,38.24,Bank Transfer,2,1,4.0,50.5,No
4122,32,Consumer,Premium,Monthly,66,118.72,Credit Card,2,1,3.0,55.8,No
4123,25,Enterprise,Standard,Annual,30,63.81,Digital Wallet,1,1,3.0,75.1,No
4124,33,Small Business,Premium,Monthly,23,123.77,Credit Card,4,1,2.0,65.1,No
4125,41,Consumer,Basic,Monthly,12,45.4,Direct Debit,1,0,5.0,80.5,No
4126,37,Enterprise,Basic,Monthly,43,48.54,Credit Card,2,1,4.0,48.7,No
4127,32,Consumer,Standard,Two-Year,3,91.61,Credit Card,0,1,3.0,58.8,No
4128,58,Small Business,Standard,Monthly,13,83.12,Direct Debit,2,1,4.0,29.1,No
4129,42,Consumer,Standard,Annual,5,93.66,Direct Debit,0,0,4.0,66.1,No
4130,26,Consumer,Premium,Monthly,22,138.13,Credit Card,1,1,4.0,85.1,No
4131,35,Small Business,Standard,Monthly,14,84.4,Digital Wallet,6,0,3.0,65.1,No
4132,76,Consumer,Premium,Monthly,26,93.33,Credit Card,2,0,3.0,71.5,No
4133,46,Consumer,Standard,Monthly,7,57.54,Direct Debit,2,0,5.0,51.4,Yes
4134,55,Consumer,Standard,Monthly,9,55.42,Digital Wallet,2,0,4.0,74.7,No
4135,44,Small Business,Standard,Monthly,42,63.27,Credit Card,4,5,1.0,56.4,No
4136,60,Enterprise,Basic,Monthly,3,37.33,Credit Card,4,2,3.0,44.4,No
4137,40,Consumer,Standard,Monthly,51,71.71,Bank Transfer,4,2,2.0,58.7,No
4138,39,Consumer,Standard,Monthly,83,65.12,Digital Wallet,2,2,5.0,58.3,No
4139,49,Consumer,Premium,Annual,15,105.27,Direct Debit,1,0,4.0,78.6,No
4140,32,Small Business,Basic,Annual,40,54.48,Direct Debit,3,2,3.0,58.8,No
4141,56,Consumer,Standard,Monthly,30,68.33,Credit Card,4,4,,47.3,No
4142,34,Consumer,Basic,Monthly,33,39.48,Digital Wallet,0,0,4.0,55.8,No
4143,50,Consumer,Standard,Monthly,6,74.31,Bank Transfer,3,3,3.0,92.1,No
4144,48,Enterprise,Standard,Annual,40,84.46,Digital Wallet,4,1,2.0,56.9,Yes
4145,27,Consumer,Standard,Monthly,65,85.15,Digital Wallet,2,1,3.0,78.1,No
4146,47,Consumer,Premium,Monthly,46,65.07,Digital Wallet,3,1,2.0,54.6,No
4147,45,Small Business,Basic,Two-Year,5,53.64,Digital Wallet,3,1,4.0,25.7,No
4148,32,Small Business,Basic,Monthly,28,32.48,Direct Debit,2,2,4.0,63.4,No
4149,21,Consumer,Premium,Two-Year,25,146.77,Credit Card,0,2,3.0,65.3,No
4150,58,Enterprise,Standard,Monthly,11,70.98,Bank Transfer,2,0,3.0,74.2,No
4151,73,Consumer,Standard,Monthly,35,79.31,Direct Debit,4,1,4.0,56.8,No
4152,31,Small Business,Standard,Monthly,30,58.14,Credit Card,3,1,3.0,40.0,No
4153,52,Small Business,Standard,Monthly,6,87.82,Digital Wallet,2,2,3.0,50.6,No
4154,47,Consumer,Standard,Monthly,23,64.5,Bank Transfer,2,1,3.0,52.0,No
4155,45,Consumer,Standard,Annual,7,74.93,Bank Transfer,0,1,4.0,68.6,No
4156,34,Consumer,Basic,Monthly,4,45.03,Direct Debit,3,2,3.0,53.6,Yes
4157,32,Small Business,Premium,Two-Year,30,107.24,Digital Wallet,3,0,3.0,84.5,No
4158,41,Enterprise,Standard,Annual,5,68.48,Credit Card,0,0,4.0,63.8,No
4159,22,Consumer,Standard,Monthly,15,75.45,Bank Transfer,2,1,3.0,67.9,No
4160,31,Consumer,Premium,Monthly,15,116.51,Direct Debit,1,0,4.0,57.2,No
4161,34,Consumer,Standard,Monthly,23,83.41,Bank Transfer,3,2,3.0,56.5,No
4162,48,Small Business,Standard,Monthly,25,68.18,Credit Card,1,1,3.0,47.1,No
4163,20,Consumer,Standard,Annual,32,81.37,Credit Card,2,1,5.0,56.8,No
4164,44,Consumer,Standard,Monthly,43,71.76,Bank Transfer,2,1,4.0,71.8,No
4165,33,Enterprise,Basic,Monthly,63,47.9,Direct Debit,5,1,3.0,26.2,No
4166,63,Consumer,Standard,Monthly,25,68.97,Credit Card,2,0,3.0,50.9,No
4167,58,Consumer,Standard,Monthly,22,74.94,Credit Card,1,3,4.0,78.1,No
4168,57,Small Business,Basic,Monthly,19,48.25,Credit Card,1,0,3.0,49.8,No
4169,33,Enterprise,Standard,Monthly,30,79.66,Digital Wallet,4,3,3.0,70.6,No
4170,46,Enterprise,Basic,Two-Year,41,52.07,Digital Wallet,2,0,5.0,43.9,No
4171,37,Consumer,Standard,Monthly,10,81.31,Digital Wallet,1,3,4.0,64.0,No
4172,38,Small Business,Premium,Annual,12,125.93,Direct Debit,2,3,5.0,46.8,No
4173,35,Consumer,Basic,Annual,25,36.68,Credit Card,0,0,3.0,69.3,No
4174,55,Consumer,Premium,Two-Year,17,116.31,Credit Card,1,0,3.0,71.5,No
4175,24,Consumer,Premium,Annual,18,78.74,Direct Debit,0,0,4.0,60.6,No
4176,28,Consumer,Standard,Annual,9,79.87,Direct Debit,3,1,4.0,77.2,No
4177,36,Consumer,Basic,Annual,36,62.57,Bank Transfer,1,1,3.0,67.3,No
4178,44,Consumer,Standard,Monthly,18,80.46,Bank Transfer,5,4,4.0,43.6,No
4179,63,Consumer,Standard,Annual,13,80.62,Digital Wallet,0,0,4.0,46.4,No
4180,47,Consumer,Premium,Annual,25,117.63,Credit Card,3,1,3.0,55.5,No
4181,53,Consumer,Standard,Annual,16,86.07,Direct Debit,1,2,2.0,64.5,No
4182,38,Small Business,Premium,Monthly,10,96.21,Direct Debit,2,2,5.0,91.0,No
4183,64,Enterprise,Standard,Monthly,46,73.34,Bank Transfer,2,0,4.0,81.7,No
4184,28,Enterprise,Premium,Monthly,44,139.47,Bank Transfer,2,0,3.0,85.1,No
4185,33,Small Business,Premium,Annual,3,115.61,Bank Transfer,2,1,4.0,67.0,No
4186,46,Consumer,Standard,Two-Year,12,92.28,Direct Debit,2,1,5.0,71.2,No
4187,32,Consumer,Basic,Monthly,40,40.41,Bank Transfer,4,1,3.0,87.1,No
4188,56,Consumer,Standard,Monthly,20,70.6,Bank Transfer,3,2,3.0,23.4,No
4189,32,Consumer,Standard,Monthly,11,56.49,Direct Debit,0,1,4.0,50.1,Yes
4190,40,Consumer,Premium,Monthly,54,107.97,Digital Wallet,2,0,4.0,53.0,No
4191,38,Enterprise,Premium,Two-Year,17,88.53,Credit Card,4,0,4.0,79.6,No
4192,53,Small Business,Standard,Monthly,21,72.4,Credit Card,0,0,5.0,38.4,No
4193,47,Small Business,Standard,Monthly,17,93.76,Digital Wallet,3,1,4.0,47.8,No
4194,20,Consumer,Basic,Monthly,31,51.5,Direct Debit,2,3,5.0,46.1,No
4195,48,Small Business,Standard,Two-Year,37,116.64,Direct Debit,2,0,1.0,61.8,No
4196,36,Consumer,Basic,Annual,19,55.19,Digital Wallet,3,0,4.0,72.7,No
4197,40,Consumer,Premium,Annual,19,124.96,Digital Wallet,1,0,5.0,61.3,No
4198,44,Small Business,Basic,Monthly,32,36.54,Digital Wallet,4,0,3.0,59.8,No
4199,41,Consumer,Standard,Monthly,30,69.95,Credit Card,2,1,3.0,39.3,No
4200,33,Small Business,Standard,Monthly,45,80.23,Credit Card,4,5,3.0,53.4,No
4201,39,Consumer,Standard,Monthly,15,89.75,Digital Wallet,2,1,2.0,65.4,No
4202,29,Consumer,Standard,Monthly,18,65.6,Credit Card,1,0,3.0,56.3,No
4203,27,Small Business,Basic,Monthly,37,40.28,Direct Debit,0,0,3.0,75.6,No
4204,44,Consumer,Basic,Two-Year,18,51.42,Digital Wallet,0,0,4.0,49.9,No
4205,32,Consumer,Standard,Monthly,11,76.75,Bank Transfer,3,2,3.0,41.4,No
4206,62,Small Business,Premium,Annual,24,61.96,Credit Card,2,1,3.0,72.9,No
4207,18,Consumer,Basic,Monthly,53,52.35,Bank Transfer,3,1,3.0,28.1,No
4208,25,Consumer,Premium,Annual,11,104.37,Digital Wallet,5,0,3.0,64.1,No
4209,31,Small Business,Basic,Monthly,12,49.55,Digital Wallet,1,1,4.0,57.9,No
4210,56,Consumer,Premium,Annual,6,138.19,Credit Card,2,2,4.0,70.8,No
4211,32,Consumer,Standard,Monthly,41,87.28,Credit Card,3,3,3.0,59.3,No
4212,46,Consumer,Standard,Monthly,6,85.83,Credit Card,3,2,2.0,52.0,No
4213,55,Small Business,Basic,Annual,20,41.27,Credit Card,2,1,4.0,51.0,No
4214,40,Consumer,Premium,Annual,41,94.37,Credit Card,0,1,4.0,76.7,No
4215,44,Consumer,Basic,Monthly,68,36.37,Direct Debit,3,0,5.0,49.9,No
4216,65,Consumer,Standard,Annual,20,65.88,Credit Card,3,0,3.0,60.3,No
4217,50,Consumer,Standard,Two-Year,21,99.39,Bank Transfer,2,0,3.0,36.5,No
4218,40,Consumer,Basic,Monthly,9,39.08,Bank Transfer,3,2,3.0,46.7,No
4219,63,Consumer,Basic,Monthly,28,46.86,Direct Debit,0,0,5.0,76.9,No
4220,53,Consumer,Basic,Annual,55,28.66,Bank Transfer,1,2,4.0,69.6,No
4221,42,Consumer,Premium,Monthly,6,100.07,Bank Transfer,2,1,4.0,82.8,No
4222,18,Consumer,Premium,Monthly,68,91.13,Credit Card,2,3,5.0,68.0,No
4223,45,Consumer,Standard,Two-Year,8,47.38,Bank Transfer,3,3,4.0,55.1,No
4224,31,Enterprise,Basic,Annual,34,46.41,Digital Wallet,4,2,3.0,60.3,Yes
4225,43,Consumer,Standard,Monthly,96,89.66,Digital Wallet,2,1,3.0,45.4,No
4226,47,Consumer,Premium,Monthly,41,112.84,Bank Transfer,3,4,4.0,80.8,Yes
4227,38,Consumer,Standard,Two-Year,46,80.74,Direct Debit,0,0,4.0,81.0,No
4228,18,Small Business,Basic,Monthly,22,42.22,Credit Card,0,0,4.0,52.0,Yes
4229,23,Enterprise,Basic,Monthly,32,44.01,Direct Debit,1,1,4.0,77.7,No
4230,54,Consumer,Basic,Annual,27,48.74,Bank Transfer,2,0,3.0,88.1,No
4231,18,Consumer,Standard,Annual,96,90.27,Bank Transfer,1,0,4.0,79.0,No
4232,43,Consumer,Standard,Annual,66,78.74,Credit Card,3,2,3.0,66.0,No
4233,34,Small Business,Standard,Monthly,13,68.67,Bank Transfer,2,0,3.0,57.0,No
4234,40,Small Business,Premium,Monthly,35,94.04,Direct Debit,2,0,4.0,64.9,Yes
4235,46,Consumer,Standard,Monthly,19,86.06,Digital Wallet,5,4,3.0,57.4,No
4236,44,Consumer,Standard,Monthly,32,79.54,Credit Card,1,3,4.0,64.8,No
4237,49,Consumer,Basic,Annual,53,54.74,Digital Wallet,1,2,3.0,90.1,No
4238,57,Small Business,Basic,Annual,45,35.44,Digital Wallet,0,0,4.0,49.7,No
4239,47,Consumer,Premium,Monthly,23,132.19,Direct Debit,1,0,3.0,62.0,No
4240,18,Enterprise,Standard,Two-Year,14,90.65,Digital Wallet,3,1,2.0,71.2,No
4241,33,Consumer,Premium,Monthly,29,119.71,Credit Card,4,1,4.0,50.9,No
4242,66,Consumer,Standard,Annual,32,63.31,Digital Wallet,2,1,4.0,67.7,No
4243,32,Small Business,Standard,Monthly,15,69.82,Bank Transfer,3,3,3.0,48.6,No
4244,60,Small Business,Standard,Annual,17,81.31,Digital Wallet,1,0,3.0,62.2,No
4245,38,Enterprise,Standard,Monthly,39,78.6,Digital Wallet,3,0,3.0,55.6,No
4246,29,Small Business,Standard,Two-Year,13,91.11,Digital Wallet,1,1,3.0,70.7,No
4247,48,Consumer,Standard,Monthly,95,76.25,Direct Debit,6,2,3.0,51.8,No
4248,63,Enterprise,Basic,Annual,17,39.15,Digital Wallet,0,1,3.0,73.8,No
4249,54,Small Business,Premium,Annual,20,105.34,Credit Card,1,1,2.0,84.3,No
4250,40,Enterprise,Standard,Monthly,52,79.1,Direct Debit,2,1,4.0,39.2,No
4251,31,Small Business,Standard,Monthly,52,75.52,Digital Wallet,5,2,2.0,30.8,No
4252,47,Enterprise,Standard,Annual,59,82.4,Digital Wallet,2,2,5.0,77.8,No
4253,36,Small Business,Basic,Monthly,12,46.26,Bank Transfer,0,0,4.0,58.4,No
4254,31,Enterprise,Standard,Two-Year,19,80.81,Bank Transfer,5,4,3.0,60.5,No
4255,47,Consumer,Standard,Monthly,3,65.83,Bank Transfer,4,0,3.0,50.1,No
4256,46,Enterprise,Basic,Monthly,17,56.49,Credit Card,4,1,3.0,68.0,No
4257,44,Consumer,Standard,Monthly,13,68.67,Direct Debit,0,1,2.0,48.7,No
4258,19,Consumer,Standard,Monthly,11,85.1,Bank Transfer,2,1,4.0,43.3,No
4259,48,Small Business,Basic,Monthly,22,40.66,Bank Transfer,2,1,4.0,22.9,No
4260,44,Enterprise,Premium,Monthly,17,137.01,Digital Wallet,1,2,3.0,79.4,No
4261,40,Consumer,Standard,Two-Year,25,44.54,Direct Debit,1,0,4.0,50.2,No
4262,24,Enterprise,Premium,Monthly,11,106.21,Bank Transfer,3,1,2.0,39.3,No
4263,31,Small Business,Basic,Monthly,53,36.35,Credit Card,1,0,3.0,70.0,No
4264,45,Consumer,Standard,Monthly,43,88.55,Direct Debit,3,0,2.0,37.8,No
4265,30,Consumer,Basic,Two-Year,17,51.36,Credit Card,2,0,5.0,62.2,No
4266,33,Small Business,Standard,Annual,7,71.2,Bank Transfer,2,0,2.0,77.3,No
4267,42,Consumer,Basic,Two-Year,35,53.59,Bank Transfer,1,0,5.0,52.3,No
4268,38,Consumer,Standard,Annual,58,90.73,Bank Transfer,4,2,4.0,60.4,No
4269,53,Small Business,Premium,Monthly,6,125.43,Bank Transfer,5,2,3.0,62.1,No
4270,52,Consumer,Standard,Monthly,55,83.96,Direct Debit,4,2,2.0,54.6,No
4271,46,Small Business,Basic,Monthly,10,33.33,Digital Wallet,3,0,3.0,46.6,No
4272,34,Consumer,Premium,Annual,13,109.36,Credit Card,0,1,3.0,68.7,No
4273,25,Consumer,Standard,Monthly,13,63.76,Digital Wallet,7,2,2.0,44.4,No
4274,44,Consumer,Standard,Monthly,33,78.86,Digital Wallet,4,0,2.0,45.3,No
4275,52,Enterprise,Standard,Annual,15,53.2,Digital Wallet,0,0,3.0,58.1,No
4276,50,Small Business,Basic,Two-Year,31,34.05,Direct Debit,1,0,3.0,85.8,No
4277,38,Consumer,Standard,Annual,18,52.56,Bank Transfer,1,2,5.0,42.9,No
4278,56,Consumer,Basic,Two-Year,12,41.63,Credit Card,3,2,1.0,55.5,No
4279,42,Small Business,Basic,Annual,25,42.07,Bank Transfer,0,1,5.0,76.4,No
4280,42,Consumer,Standard,Monthly,84,74.1,Credit Card,1,1,4.0,28.5,No
4281,20,Consumer,Basic,Annual,7,48.92,Credit Card,2,3,3.0,74.1,No
4282,54,Consumer,Standard,Monthly,24,78.06,Digital Wallet,3,3,3.0,61.9,Yes
4283,45,Consumer,Basic,Monthly,43,27.16,Credit Card,2,2,3.0,56.0,No
4284,48,Consumer,Standard,Annual,9,83.85,Credit Card,2,0,4.0,68.1,No
4285,61,Consumer,Standard,Monthly,22,73.24,Digital Wallet,1,1,3.0,45.4,No
4286,30,Small Business,Standard,Monthly,32,92.45,Digital Wallet,2,1,3.0,64.5,No
4287,44,Consumer,Premium,Annual,12,96.33,Digital Wallet,2,2,3.0,67.5,No
4288,35,Small Business,Basic,Monthly,37,50.26,Direct Debit,5,3,4.0,55.7,No
4289,42,Enterprise,Basic,Monthly,36,44.01,Digital Wallet,4,3,2.0,56.3,Yes
4290,50,Small Business,Standard,Annual,12,94.21,Digital Wallet,1,0,3.0,64.4,No
4291,68,Consumer,Standard,Two-Year,21,92.92,Bank Transfer,1,0,3.0,67.1,No
4292,28,Small Business,Standard,Monthly,19,55.76,Digital Wallet,3,0,3.0,23.8,No
4293,44,Consumer,Premium,Monthly,14,113.95,Bank Transfer,1,0,3.0,42.8,Yes
4294,36,Consumer,Standard,Monthly,24,84.52,Direct Debit,3,3,3.0,43.1,No
4295,46,Consumer,Standard,Two-Year,12,102.21,Bank Transfer,2,0,5.0,58.6,No
4296,44,Small Business,Standard,Monthly,27,73.31,Bank Transfer,2,0,3.0,71.4,No
4297,37,Small Business,Premium,Annual,48,130.74,Credit Card,1,0,3.0,100.0,No
4298,47,Small Business,Standard,Annual,86,67.88,Credit Card,3,2,4.0,44.0,No
4299,33,Consumer,Basic,Monthly,37,36.94,Credit Card,4,0,4.0,54.9,No
4300,50,Small Business,Standard,Two-Year,7,79.9,Credit Card,3,3,2.0,41.8,No
4301,52,Small Business,Standard,Annual,28,72.94,Direct Debit,1,0,5.0,67.3,No
4302,45,Small Business,Basic,Monthly,41,32.68,Credit Card,3,0,2.0,71.4,No
4303,59,Consumer,Standard,Monthly,33,53.78,Direct Debit,1,1,4.0,53.9,No
4304,69,Enterprise,Standard,Annual,36,79.48,Credit Card,4,0,4.0,64.7,No
4305,49,Consumer,Premium,Two-Year,43,130.94,Direct Debit,2,0,3.0,57.8,No
4306,40,Consumer,Standard,Monthly,24,75.59,Bank Transfer,4,2,2.0,25.6,No
4307,31,Consumer,Basic,Monthly,16,52.48,Direct Debit,2,1,5.0,62.2,No
4308,49,Small Business,Standard,Annual,26,96.23,Credit Card,2,0,3.0,49.2,No
4309,49,Consumer,Premium,Annual,16,97.96,Digital Wallet,2,1,3.0,93.5,No
4310,36,Consumer,Basic,Monthly,11,49.52,Digital Wallet,5,2,1.0,40.9,No
4311,50,Small Business,Basic,Monthly,22,41.68,Direct Debit,0,0,3.0,44.4,No
4312,50,Consumer,Basic,Annual,34,48.13,Bank Transfer,3,2,3.0,56.8,No
4313,48,Small Business,Basic,Annual,31,47.22,Bank Transfer,0,1,3.0,81.2,No
4314,42,Small Business,Premium,Two-Year,4,127.24,Bank Transfer,0,0,5.0,78.9,No
4315,44,Consumer,Premium,Monthly,19,129.95,Credit Card,4,1,2.0,75.5,No
4316,51,Enterprise,Premium,Annual,63,104.24,Direct Debit,1,0,5.0,51.3,No
4317,34,Enterprise,Basic,Two-Year,24,57.42,Direct Debit,3,3,4.0,67.8,No
4318,33,Consumer,Premium,Annual,56,112.85,Credit Card,2,0,4.0,77.4,No
4319,43,Consumer,Basic,Two-Year,35,48.48,Credit Card,1,0,3.0,53.3,No
4320,46,Enterprise,Premium,Monthly,8,111.58,Digital Wallet,2,0,3.0,52.2,No
4321,46,Small Business,Standard,Monthly,64,92.74,Bank Transfer,4,2,2.0,40.9,No
4322,33,Consumer,Standard,Monthly,31,86.61,Digital Wallet,1,0,3.0,87.9,No
4323,45,Consumer,Basic,Monthly,43,55.23,Digital Wallet,2,0,2.0,57.7,No
4324,39,Consumer,Standard,Monthly,33,78.61,Credit Card,4,0,2.0,72.1,No
4325,53,Consumer,Basic,Annual,31,44.18,Digital Wallet,1,0,5.0,62.2,No
4326,41,Consumer,Standard,Monthly,41,54.3,Digital Wallet,0,2,3.0,55.9,No
4327,59,Consumer,Standard,Annual,9,71.29,Bank Transfer,2,2,5.0,65.9,No
4328,57,Consumer,Basic,Monthly,51,45.18,Bank Transfer,2,2,4.0,86.8,No
4329,46,Small Business,Premium,Annual,49,124.38,Direct Debit,1,0,5.0,61.8,No
4330,38,Consumer,Premium,Monthly,38,118.44,Bank Transfer,3,0,3.0,65.9,No
4331,41,Small Business,Standard,Monthly,28,66.84,Credit Card,2,0,3.0,72.1,No
4332,37,Small Business,Standard,Annual,48,56.69,Direct Debit,1,0,4.0,44.8,No
4333,29,Consumer,Premium,Monthly,35,128.55,Digital Wallet,3,2,2.0,78.8,Yes
4334,43,Consumer,Standard,Monthly,33,80.33,Digital Wallet,3,0,2.0,23.5,No
4335,53,Consumer,Premium,Two-Year,19,131.32,Digital Wallet,5,2,3.0,55.0,No
4336,80,Consumer,Basic,Annual,25,49.35,Bank Transfer,1,0,3.0,62.6,No
4337,48,Consumer,Premium,Annual,81,76.08,Bank Transfer,1,0,4.0,80.0,No
4338,37,Small Business,Basic,Monthly,30,46.13,Digital Wallet,1,1,3.0,51.2,No
4339,66,Consumer,Basic,Annual,18,35.91,Credit Card,4,0,3.0,32.5,No
4340,63,Consumer,Basic,Monthly,37,33.75,Bank Transfer,2,0,2.0,49.6,No
4341,37,Consumer,Premium,Monthly,18,80.17,Credit Card,3,2,4.0,37.9,No
4342,31,Consumer,Premium,Annual,12,100.21,Digital Wallet,3,2,4.0,71.8,No
4343,44,Consumer,Standard,Two-Year,14,79.51,Direct Debit,1,0,4.0,53.0,No
4344,29,Small Business,Basic,Annual,21,44.75,Bank Transfer,4,4,3.0,66.4,No
4345,42,Consumer,Basic,Annual,20,48.0,Digital Wallet,2,1,3.0,61.4,No
4346,27,Small Business,Basic,Annual,10,46.79,Direct Debit,0,1,3.0,65.8,No
4347,35,Consumer,Standard,Two-Year,9,91.28,Credit Card,1,1,4.0,44.9,No
4348,42,Consumer,Standard,Monthly,23,84.52,Digital Wallet,2,0,3.0,67.7,No
4349,41,Small Business,Basic,Two-Year,48,54.45,Digital Wallet,2,1,3.0,58.3,No
4350,43,Consumer,Basic,Monthly,61,40.43,Bank Transfer,2,0,3.0,54.4,No
4351,45,Consumer,Basic,Monthly,9,58.42,Digital Wallet,3,0,4.0,58.7,No
4352,35,Consumer,Basic,Monthly,21,56.18,Credit Card,2,1,3.0,45.2,No
4353,46,Small Business,Basic,Annual,45,53.92,Digital Wallet,2,1,3.0,75.8,No
4354,56,Consumer,Basic,Two-Year,96,52.46,Bank Transfer,1,1,5.0,38.7,No
4355,47,Consumer,Standard,Two-Year,13,61.1,Bank Transfer,1,0,3.0,68.5,No
4356,52,Small Business,Basic,Monthly,25,51.43,Bank Transfer,6,1,2.0,39.1,No
4357,37,Consumer,Basic,Monthly,30,35.59,Bank Transfer,2,1,4.0,62.2,No
4358,42,Consumer,Basic,Annual,31,50.84,Bank Transfer,1,1,3.0,56.6,No
4359,61,Consumer,Standard,Monthly,17,78.29,Bank Transfer,3,4,3.0,54.4,No
4360,30,Small Business,Standard,Monthly,27,64.1,Credit Card,2,2,1.0,53.7,No
4361,50,Consumer,Premium,Annual,20,107.58,Direct Debit,0,1,3.0,57.6,No
4362,42,Consumer,Standard,Monthly,31,91.33,Bank Transfer,5,3,3.0,67.8,Yes
4363,60,Enterprise,Basic,Monthly,22,32.44,Direct Debit,1,0,3.0,41.3,No
4364,51,Consumer,Basic,Monthly,19,59.07,Bank Transfer,2,1,3.0,63.8,No
4365,50,Small Business,Standard,Monthly,50,64.36,Digital Wallet,1,0,4.0,52.0,No
4366,44,Enterprise,Premium,Two-Year,13,92.77,Digital Wallet,1,2,5.0,36.3,Yes
4367,53,Consumer,Standard,Annual,29,65.63,Credit Card,2,0,5.0,68.8,No
4368,22,Consumer,Basic,Monthly,13,48.32,Credit Card,2,0,3.0,63.3,No
4369,39,Small Business,Basic,Two-Year,32,43.5,Bank Transfer,2,1,2.0,45.2,No
4370,41,Consumer,Basic,Monthly,34,46.19,Direct Debit,4,1,3.0,66.3,No
4371,33,Consumer,Premium,Monthly,26,92.97,Credit Card,1,1,4.0,74.0,No
4372,47,Consumer,Standard,Annual,49,77.98,Digital Wallet,2,1,4.0,72.0,No
4373,32,Consumer,Standard,Monthly,37,49.54,Digital Wallet,3,0,3.0,57.3,No
4374,24,Enterprise,Premium,Annual,24,107.32,Credit Card,3,0,2.0,100.0,No
4375,52,Consumer,Standard,Annual,4,85.09,Digital Wallet,3,0,2.0,79.1,No
4376,23,Small Business,Premium,Monthly,6,101.65,Digital Wallet,2,1,4.0,75.6,No
4377,57,Consumer,Basic,Monthly,32,44.37,Credit Card,5,4,3.0,36.5,Yes
4378,29,Enterprise,Standard,Monthly,32,69.9,Credit Card,1,1,4.0,64.9,No
4379,38,Consumer,Basic,Two-Year,20,43.48,Direct Debit,1,0,3.0,70.6,No
4380,32,Consumer,Standard,Monthly,40,78.17,Digital Wallet,4,1,3.0,59.2,No
4381,46,Small Business,Standard,Two-Year,30,77.62,Credit Card,3,2,2.0,51.8,No
4382,52,Small Business,Standard,Monthly,9,72.97,Bank Transfer,4,1,4.0,50.7,No
4383,34,Consumer,Standard,Monthly,26,78.75,Digital Wallet,1,0,3.0,71.2,Yes
4384,37,Enterprise,Basic,Monthly,17,35.54,Credit Card,1,1,3.0,78.4,No
4385,50,Consumer,Standard,Annual,18,60.9,Digital Wallet,0,0,4.0,75.6,No
4386,52,Small Business,Standard,Annual,19,57.21,Digital Wallet,1,0,4.0,56.3,No
4387,35,Enterprise,Premium,Monthly,44,126.92,Digital Wallet,2,1,4.0,59.2,No
4388,23,Consumer,Basic,Monthly,22,44.3,Bank Transfer,0,0,4.0,65.6,Yes
4389,56,Small Business,Basic,Annual,42,46.87,Direct Debit,3,1,4.0,39.6,No
4390,37,Consumer,Premium,Annual,48,112.54,Direct Debit,4,0,3.0,64.4,No
4391,63,Consumer,Basic,Two-Year,12,45.61,Bank Transfer,1,0,4.0,76.7,No
4392,46,Consumer,Premium,Monthly,26,143.57,Bank Transfer,1,1,2.0,76.8,No
4393,25,Small Business,Basic,Monthly,14,51.86,Digital Wallet,2,2,2.0,56.8,No
4394,43,Consumer,Basic,Monthly,23,36.51,Digital Wallet,1,0,2.0,51.8,No
4395,25,Consumer,Standard,Annual,33,85.3,Bank Transfer,0,0,4.0,74.4,No
4396,18,Consumer,Standard,Annual,35,82.37,Bank Transfer,2,0,4.0,80.3,No
4397,30,Consumer,Standard,Annual,28,100.24,Credit Card,0,0,5.0,74.9,No
4398,67,Consumer,Standard,Annual,17,85.63,Direct Debit,0,1,3.0,66.6,No
4399,18,Consumer,Basic,Two-Year,39,52.82,Bank Transfer,5,1,2.0,41.6,No
4400,52,Enterprise,Basic,Monthly,53,50.33,Bank Transfer,1,1,4.0,56.6,No
4401,28,Small Business,Standard,Annual,30,72.41,Direct Debit,1,0,4.0,65.1,No
4402,55,Consumer,Standard,Monthly,32,86.45,Direct Debit,2,0,4.0,64.6,No
4403,52,Consumer,Premium,Annual,43,136.27,Digital Wallet,2,3,3.0,74.7,No
4404,69,Small Business,Basic,Two-Year,46,45.24,Credit Card,0,0,3.0,58.1,No
4405,61,Small Business,Premium,Monthly,5,141.49,Bank Transfer,4,0,2.0,61.7,No
4406,45,Consumer,Premium,Annual,51,117.98,Bank Transfer,3,0,4.0,63.6,No
4407,42,Consumer,Basic,Monthly,12,42.81,Credit Card,0,0,3.0,57.9,No
4408,34,Small Business,Standard,Monthly,32,71.48,Bank Transfer,4,1,3.0,45.7,No
4409,25,Consumer,Premium,Monthly,38,123.81,Credit Card,3,2,3.0,68.3,No
4410,64,Consumer,Standard,Annual,24,72.97,Digital Wallet,1,0,4.0,73.3,No
4411,44,Enterprise,Basic,Monthly,11,43.1,Bank Transfer,4,0,2.0,56.1,No
4412,33,Small Business,Standard,Annual,47,86.84,Direct Debit,1,1,3.0,62.2,No
4413,18,Consumer,Premium,Two-Year,8,109.82,Direct Debit,2,1,2.0,93.6,No
4414,41,Small Business,Standard,Annual,14,92.73,Direct Debit,3,1,5.0,65.8,No
4415,60,Enterprise,Basic,Annual,25,40.3,Credit Card,4,2,2.0,34.0,No
4416,29,Consumer,Standard,Monthly,19,63.27,Bank Transfer,2,1,3.0,73.6,No
4417,21,Consumer,Premium,Monthly,19,90.08,Credit Card,2,1,3.0,57.7,No
4418,42,Enterprise,Standard,Monthly,50,63.15,Direct Debit,3,1,2.0,53.0,No
4419,39,Small Business,Premium,Annual,21,114.27,Credit Card,4,1,3.0,70.7,Yes
4420,18,Small Business,Basic,Monthly,64,49.31,Credit Card,2,0,3.0,76.9,No
4421,39,Consumer,Standard,Two-Year,17,60.15,Digital Wallet,2,3,3.0,46.6,No
4422,47,Consumer,Premium,Two-Year,58,116.87,Bank Transfer,0,1,5.0,59.9,No
4423,36,Consumer,Basic,Annual,46,58.26,Digital Wallet,2,1,1.0,61.1,No
4424,46,Small Business,Premium,Two-Year,28,95.69,Bank Transfer,0,0,5.0,80.2,No
4425,46,Consumer,Premium,Monthly,9,106.8,Digital Wallet,4,1,3.0,65.1,No
4426,32,Consumer,Standard,Two-Year,16,88.25,Direct Debit,1,0,4.0,48.8,No
4427,25,Consumer,Basic,Two-Year,5,51.38,Digital Wallet,2,3,2.0,49.4,No
4428,46,Small Business,Premium,Monthly,19,140.71,Bank Transfer,2,3,3.0,61.4,No
4429,18,Consumer,Premium,Monthly,20,131.73,Digital Wallet,2,0,4.0,49.6,No
4430,33,Consumer,Standard,Monthly,12,101.07,Digital Wallet,4,1,4.0,53.0,Yes
4431,39,Small Business,Basic,Monthly,36,37.47,Digital Wallet,2,2,2.0,69.2,No
4432,39,Small Business,Premium,Annual,77,121.87,Direct Debit,1,0,4.0,90.8,No
4433,28,Small Business,Basic,Monthly,63,45.47,Credit Card,1,0,3.0,54.6,No
4434,42,Consumer,Premium,Two-Year,11,118.43,Direct Debit,2,1,3.0,100.0,No
4435,18,Consumer,Standard,Monthly,15,72.91,Bank Transfer,0,0,4.0,63.7,No
4436,18,Small Business,Standard,Monthly,25,72.16,Bank Transfer,3,2,3.0,49.4,No
4437,31,Consumer,Standard,Monthly,80,73.89,Direct Debit,2,1,5.0,41.9,No
4438,35,Consumer,Standard,Annual,25,83.06,Direct Debit,1,0,3.0,46.0,No
4439,63,Small Business,Standard,Monthly,47,86.5,Direct Debit,0,0,4.0,58.1,No
4440,18,Consumer,Standard,Monthly,23,86.46,Credit Card,3,1,1.0,55.9,No
4441,39,Enterprise,Standard,Two-Year,2,88.42,Digital Wallet,0,0,4.0,43.2,No
4442,53,Consumer,Basic,Monthly,16,36.66,Digital Wallet,3,3,4.0,59.8,No
4443,47,Consumer,Basic,Annual,10,39.75,Direct Debit,1,0,2.0,56.2,No
4444,46,Consumer,Standard,Monthly,32,66.38,Bank Transfer,2,2,4.0,57.1,No
4445,31,Consumer,Basic,Annual,13,52.54,Credit Card,1,1,5.0,74.2,No
4446,35,Small Business,Standard,Annual,30,68.2,Bank Transfer,1,0,3.0,79.8,No
4447,42,Consumer,Basic,Annual,6,53.24,Bank Transfer,1,0,2.0,56.0,No
4448,47,Consumer,Basic,Monthly,96,43.57,Digital Wallet,4,1,3.0,41.6,No
4449,33,Consumer,Standard,Monthly,28,68.64,Digital Wallet,0,1,2.0,58.5,No
4450,50,Enterprise,Basic,Monthly,37,54.3,Bank Transfer,3,2,3.0,52.6,No
4451,44,Consumer,Standard,Annual,9,68.51,Digital Wallet,4,1,1.0,38.0,No
4452,43,Consumer,Standard,Monthly,16,90.61,Direct Debit,3,1,2.0,39.2,No
4453,55,Enterprise,Basic,Monthly,16,42.86,Credit Card,3,0,3.0,47.2,No
4454,27,Consumer,Standard,Monthly,28,76.18,Bank Transfer,0,0,3.0,51.0,No
4455,46,Consumer,Basic,Monthly,66,42.93,Bank Transfer,3,0,4.0,51.0,No
4456,44,Consumer,Basic,Monthly,52,47.78,Bank Transfer,2,2,3.0,70.5,No
4457,39,Small Business,Premium,Annual,38,100.85,Digital Wallet,1,0,2.0,54.3,No
4458,20,Consumer,Basic,Two-Year,38,53.29,Credit Card,2,2,3.0,31.4,No
4459,69,Consumer,Standard,Monthly,37,87.47,Digital Wallet,3,3,3.0,56.5,No
4460,44,Consumer,Standard,Monthly,35,76.03,Bank Transfer,0,1,4.0,68.5,No
4461,55,Consumer,Standard,Annual,28,87.09,Credit Card,3,1,4.0,59.4,No
4462,51,Consumer,Basic,Monthly,23,43.21,Bank Transfer,3,1,3.0,22.8,No
4463,36,Consumer,Basic,Monthly,80,25.0,Bank Transfer,3,1,2.0,61.3,No
4464,50,Small Business,Basic,Monthly,19,40.67,Digital Wallet,3,3,3.0,51.4,No
4465,58,Consumer,Premium,Monthly,29,98.61,Direct Debit,0,0,5.0,81.0,No
4466,27,Small Business,Basic,Monthly,10,36.63,Credit Card,4,0,4.0,54.2,No
4467,54,Small Business,Standard,Monthly,34,51.48,Direct Debit,2,0,3.0,72.3,No
4468,32,Small Business,Basic,Monthly,26,47.81,Digital Wallet,1,1,2.0,62.6,No
4469,45,Small Business,Basic,Monthly,8,45.87,Bank Transfer,1,1,3.0,40.4,No
4470,21,Small Business,Standard,Monthly,28,78.52,Bank Transfer,1,1,4.0,46.6,No
4471,45,Consumer,Basic,Annual,27,49.86,Credit Card,0,0,3.0,67.7,No
4472,47,Consumer,Standard,Monthly,29,100.29,Digital Wallet,4,3,2.0,68.9,No
4473,24,Small Business,Standard,Annual,21,63.17,Direct Debit,1,1,4.0,54.1,No
4474,44,Consumer,Standard,Annual,12,74.02,Direct Debit,0,0,5.0,57.9,No
4475,60,Consumer,Premium,Monthly,39,141.78,Direct Debit,2,0,4.0,72.9,No
4476,42,Small Business,Basic,Monthly,37,42.68,Digital Wallet,1,0,3.0,72.8,No
4477,51,Consumer,Standard,Annual,40,43.43,Bank Transfer,2,0,3.0,46.3,No
4478,39,Consumer,Basic,Monthly,29,61.01,Credit Card,3,4,3.0,90.4,No
4479,47,Consumer,Premium,Monthly,51,110.69,Digital Wallet,5,1,3.0,34.8,No
4480,46,Small Business,Basic,Monthly,13,48.96,Digital Wallet,1,0,3.0,34.9,No
4481,42,Consumer,Basic,Monthly,30,36.78,Digital Wallet,4,3,3.0,44.4,No
4482,34,Small Business,Basic,Two-Year,31,40.68,Credit Card,2,1,4.0,69.1,No
4483,53,Enterprise,Standard,Monthly,33,88.12,Direct Debit,4,3,3.0,65.9,No
4484,58,Consumer,Premium,Monthly,6,94.96,Credit Card,3,1,3.0,48.7,No
4485,71,Consumer,Premium,Annual,78,107.24,Bank Transfer,4,0,2.0,51.6,No
4486,52,Small Business,Basic,Monthly,96,27.97,Digital Wallet,4,1,3.0,47.7,No
4487,34,Consumer,Basic,Monthly,21,35.5,Digital Wallet,3,1,3.0,61.2,No
4488,66,Consumer,Basic,Monthly,59,46.44,Bank Transfer,0,0,3.0,60.7,No
4489,73,Consumer,Standard,Annual,18,73.8,Bank Transfer,1,0,3.0,55.2,No
4490,21,Consumer,Standard,Monthly,22,62.85,Bank Transfer,1,2,4.0,61.4,No
4491,35,Small Business,Standard,Monthly,65,80.04,Digital Wallet,2,1,4.0,72.4,No
4492,26,Enterprise,Basic,Monthly,21,45.44,Digital Wallet,4,1,4.0,39.2,No
4493,46,Consumer,Premium,Annual,56,140.89,Bank Transfer,2,2,5.0,65.5,No
4494,44,Consumer,Standard,Monthly,59,72.09,Bank Transfer,4,2,4.0,66.8,No
4495,39,Small Business,Basic,Annual,15,47.81,Digital Wallet,0,1,2.0,69.1,Yes
4496,25,Consumer,Basic,Monthly,29,46.95,Bank Transfer,3,2,5.0,57.3,No
4497,19,Consumer,Premium,Monthly,9,101.41,Digital Wallet,1,1,1.0,70.5,No
4498,36,Consumer,Standard,Monthly,20,79.79,Direct Debit,1,1,2.0,68.9,No
4499,70,Small Business,Premium,Monthly,71,84.85,Bank Transfer,2,0,2.0,63.2,No
4500,62,Consumer,Premium,Monthly,55,111.45,Digital Wallet,3,3,4.0,51.8,No
4501,63,Enterprise,Standard,Monthly,28,68.2,Digital Wallet,4,1,1.0,46.6,Yes
4502,18,Consumer,Basic,Annual,19,58.1,Credit Card,4,2,3.0,50.9,No
4503,44,Consumer,Standard,Monthly,2,79.31,Bank Transfer,3,0,2.0,52.1,No
4504,73,Small Business,Standard,Monthly,9,75.34,Digital Wallet,5,0,2.0,61.9,Yes
4505,33,Consumer,Premium,Monthly,15,103.85,Direct Debit,3,5,2.0,65.6,No
4506,43,Small Business,Basic,Two-Year,40,47.58,Direct Debit,3,1,2.0,57.1,No
4507,42,Consumer,Standard,Monthly,22,69.15,Direct Debit,7,4,2.0,38.0,No
4508,45,Small Business,Standard,Monthly,10,61.41,Direct Debit,2,3,3.0,52.4,No
4509,44,Consumer,Standard,Monthly,27,53.66,Bank Transfer,2,0,3.0,75.6,No
4510,59,Consumer,Standard,Monthly,67,77.89,Direct Debit,2,1,4.0,53.9,No
4511,35,Small Business,Basic,Monthly,7,53.52,Credit Card,1,1,3.0,34.6,No
4512,42,Consumer,Basic,Two-Year,41,46.79,Direct Debit,3,1,3.0,54.2,No
4513,23,Consumer,Premium,Monthly,38,131.45,Credit Card,2,0,3.0,65.4,No
4514,32,Consumer,Basic,Monthly,16,38.71,Digital Wallet,3,0,3.0,34.3,No
4515,43,Consumer,Basic,Monthly,48,44.13,Credit Card,3,0,4.0,66.7,No
4516,48,Small Business,Basic,Monthly,59,43.0,Credit Card,2,2,4.0,54.8,No
4517,46,Consumer,Basic,Annual,21,46.76,Bank Transfer,3,1,1.0,67.8,No
4518,43,Consumer,Basic,Monthly,3,34.74,Digital Wallet,1,0,3.0,47.1,No
4519,29,Enterprise,Basic,Annual,12,50.51,Bank Transfer,1,0,3.0,61.8,No
4520,40,Consumer,Standard,Monthly,12,73.11,Direct Debit,4,2,4.0,46.8,No
4521,44,Consumer,Premium,Monthly,35,85.98,Direct Debit,2,2,4.0,86.8,No
4522,47,Consumer,Premium,Two-Year,33,111.71,Credit Card,1,1,3.0,79.5,No
4523,52,Consumer,Standard,Monthly,41,83.64,Digital Wallet,1,0,3.0,36.7,No
4524,37,Consumer,Standard,Annual,96,75.26,Bank Transfer,2,3,4.0,65.7,No
4525,38,Consumer,Basic,Monthly,32,52.83,Credit Card,1,0,4.0,59.9,No
4526,54,Consumer,Basic,Monthly,36,55.2,Digital Wallet,0,0,5.0,69.6,No
4527,43,Consumer,Premium,Annual,8,132.2,Digital Wallet,0,0,4.0,71.0,No
4528,36,Consumer,Standard,Annual,22,97.45,Digital Wallet,0,0,4.0,86.8,No
4529,32,Consumer,Premium,Monthly,26,120.87,Credit Card,1,1,4.0,69.6,No
4530,56,Consumer,Basic,Monthly,34,47.79,Direct Debit,3,1,4.0,42.5,Yes
4531,50,Consumer,Premium,Annual,44,118.46,Bank Transfer,4,1,2.0,77.5,No
4532,37,Consumer,Standard,Two-Year,42,71.69,Digital Wallet,1,2,2.0,54.3,No
4533,40,Small Business,Basic,Annual,11,54.72,Credit Card,0,0,4.0,53.0,No
4534,47,Small Business,Premium,Two-Year,54,92.65,Digital Wallet,0,1,5.0,77.2,No
4535,24,Consumer,Basic,Monthly,96,43.01,Bank Transfer,6,1,1.0,50.3,No
4536,67,Consumer,Standard,Monthly,5,61.74,Credit Card,4,1,,57.0,Yes
4537,25,Consumer,Basic,Monthly,39,48.1,Digital Wallet,1,1,4.0,52.5,No
4538,60,Small Business,Basic,Annual,22,39.42,Digital Wallet,5,5,3.0,40.3,No
4539,38,Small Business,Basic,Monthly,7,30.49,Credit Card,1,1,4.0,77.3,No
4540,53,Enterprise,Basic,Annual,33,43.35,Bank Transfer,1,0,5.0,61.8,No
4541,40,Enterprise,Basic,Two-Year,20,37.64,Digital Wallet,2,3,4.0,57.3,No
4542,28,Consumer,Basic,Monthly,61,44.5,Unknown,2,0,3.0,77.3,No
4543,42,Consumer,Basic,Monthly,12,37.41,Digital Wallet,1,0,1.0,46.0,No
4544,51,Consumer,Standard,Monthly,41,87.63,Credit Card,2,2,2.0,62.5,Yes
4545,56,Small Business,Standard,Monthly,24,86.03,Bank Transfer,3,3,4.0,36.8,No
4546,49,Enterprise,Standard,Monthly,35,77.34,Digital Wallet,1,3,2.0,46.5,No
4547,37,Enterprise,Standard,Annual,13,66.45,Credit Card,1,2,5.0,56.1,No
4548,31,Small Business,Standard,Annual,13,67.31,Direct Debit,1,1,4.0,61.4,No
4549,27,Consumer,Standard,Monthly,32,78.26,Digital Wallet,3,1,2.0,34.5,No
4550,31,Enterprise,Standard,Two-Year,49,70.15,Credit Card,1,0,3.0,70.4,No
4551,62,Consumer,Premium,Annual,88,110.99,Direct Debit,1,1,3.0,78.2,No
4552,55,Small Business,Premium,Annual,7,111.84,Credit Card,1,1,3.0,64.8,No
4553,26,Small Business,Basic,Monthly,14,51.38,Digital Wallet,2,3,3.0,72.0,No
4554,18,Small Business,Basic,Monthly,72,48.5,Credit Card,4,1,3.0,54.2,No
4555,20,Small Business,Basic,Monthly,26,48.36,Credit Card,2,2,4.0,52.0,Yes
4556,40,Small Business,Standard,Monthly,6,81.63,Digital Wallet,2,2,4.0,38.3,No
4557,57,Small Business,Basic,Monthly,22,27.15,Credit Card,3,2,3.0,60.4,No
4558,52,Consumer,Basic,Monthly,26,33.29,Bank Transfer,2,1,2.0,31.4,No
4559,43,Enterprise,Basic,Two-Year,30,44.91,Credit Card,0,0,4.0,91.4,No
4560,25,Enterprise,Basic,Annual,74,54.09,Direct Debit,2,2,3.0,47.5,No
4561,44,Consumer,Basic,Annual,33,36.12,Digital Wallet,1,0,3.0,70.5,No
4562,43,Small Business,Basic,Annual,19,42.55,Direct Debit,2,0,2.0,59.8,No
4563,51,Consumer,Basic,Annual,2,40.44,Digital Wallet,1,1,4.0,82.8,No
4564,45,Consumer,Standard,Annual,54,77.64,Direct Debit,4,2,4.0,51.4,No
4565,18,Consumer,Standard,Two-Year,35,90.34,Credit Card,0,0,4.0,67.1,No
4566,18,Consumer,Standard,Annual,16,69.87,Direct Debit,1,0,3.0,82.6,No
4567,47,Consumer,Standard,Monthly,17,67.6,Direct Debit,4,1,3.0,44.4,No
4568,18,Small Business,Basic,Annual,13,47.65,Direct Debit,0,0,3.0,74.6,No
4569,42,Small Business,Premium,Monthly,35,125.42,Bank Transfer,3,1,2.0,46.3,No
4570,18,Consumer,Basic,Monthly,17,54.38,Direct Debit,1,1,3.0,28.3,No
4571,50,Consumer,Standard,Annual,15,75.82,Direct Debit,3,1,3.0,41.6,No
4572,60,Consumer,Standard,Monthly,20,79.06,Bank Transfer,2,0,3.0,62.8,No
4573,54,Consumer,Premium,Monthly,24,97.46,Bank Transfer,4,0,4.0,70.8,No
4574,43,Enterprise,Standard,Monthly,31,93.7,Credit Card,0,0,3.0,68.9,No
4575,48,Consumer,Standard,Two-Year,41,73.14,Digital Wallet,3,3,3.0,54.0,No
4576,32,Consumer,Standard,Monthly,48,80.18,Bank Transfer,2,0,3.0,75.7,No
4577,43,Consumer,Basic,Two-Year,25,47.73,Direct Debit,1,1,4.0,73.1,No
4578,26,Consumer,Standard,Monthly,50,77.03,Credit Card,6,1,3.0,47.0,Yes
4579,30,Small Business,Standard,Monthly,18,93.53,Direct Debit,2,0,5.0,46.8,Yes
4580,53,Enterprise,Standard,Monthly,58,59.57,Bank Transfer,2,0,4.0,56.0,No
4581,45,Small Business,Basic,Annual,20,37.06,Credit Card,2,0,4.0,44.5,No
4582,18,Consumer,Standard,Annual,49,42.84,Digital Wallet,0,0,3.0,76.3,No
4583,44,Small Business,Standard,Annual,27,72.46,Digital Wallet,1,1,4.0,84.7,No
4584,45,Consumer,Standard,Annual,25,63.7,Bank Transfer,1,0,3.0,73.3,No
4585,50,Consumer,Standard,Two-Year,17,66.62,Credit Card,4,2,3.0,53.7,No
4586,27,Consumer,Basic,Monthly,32,38.11,Digital Wallet,1,1,3.0,42.3,Yes
4587,40,Consumer,Standard,Annual,17,58.76,Bank Transfer,2,2,4.0,68.9,No
4588,56,Small Business,Standard,Monthly,53,76.83,Direct Debit,3,3,4.0,33.9,No
4589,53,Consumer,Premium,Two-Year,11,91.76,Bank Transfer,2,2,3.0,64.0,No
4590,29,Consumer,Basic,Monthly,7,46.08,Digital Wallet,1,1,3.0,46.0,Yes
4591,32,Small Business,Premium,Monthly,52,136.58,Bank Transfer,3,1,3.0,73.8,No
4592,44,Consumer,Basic,Annual,55,45.63,Digital Wallet,1,1,5.0,45.7,No
4593,44,Consumer,Standard,Monthly,25,86.96,Digital Wallet,3,4,3.0,73.3,No
4594,41,Consumer,Standard,Annual,17,74.27,Direct Debit,2,0,4.0,53.8,No
4595,64,Small Business,Standard,Two-Year,20,72.78,Bank Transfer,5,3,1.0,15.5,No
4596,59,Consumer,Standard,Annual,49,77.47,Direct Debit,2,1,4.0,67.0,No
4597,57,Consumer,Basic,Monthly,49,55.97,Digital Wallet,3,0,4.0,49.8,No
4598,41,Small Business,Basic,Monthly,14,52.82,Direct Debit,1,0,3.0,65.7,No
4599,40,Consumer,Basic,Two-Year,7,46.23,Bank Transfer,1,0,3.0,70.9,Yes
4600,52,Consumer,Premium,Monthly,14,149.07,Bank Transfer,0,0,3.0,93.6,No
4601,40,Consumer,Standard,Monthly,34,76.7,Credit Card,1,0,4.0,66.9,No
4602,41,Small Business,Basic,Monthly,48,39.0,Unknown,3,1,3.0,46.7,No
4603,32,Small Business,Premium,Monthly,34,140.82,Digital Wallet,0,0,4.0,69.1,No
4604,30,Consumer,Standard,Two-Year,4,58.0,Bank Transfer,1,1,5.0,52.6,No
4605,39,Consumer,Standard,Annual,12,103.52,Direct Debit,1,3,4.0,74.3,No
4606,47,Consumer,Premium,Annual,84,116.42,Digital Wallet,0,1,3.0,43.3,No
4607,60,Consumer,Basic,Monthly,19,49.06,Digital Wallet,4,2,3.0,42.2,No
4608,57,Consumer,Premium,Two-Year,4,144.86,Digital Wallet,1,2,4.0,70.8,No
4609,29,Consumer,Basic,Monthly,20,44.93,Digital Wallet,1,0,3.0,42.7,No
4610,38,Consumer,Standard,Monthly,13,87.37,Digital Wallet,2,0,3.0,64.2,No
4611,61,Enterprise,Premium,Monthly,27,101.41,Digital Wallet,4,3,2.0,46.5,No
4612,54,Consumer,Basic,Annual,8,48.15,Digital Wallet,2,1,2.0,42.3,No
4613,55,Small Business,Standard,Annual,39,77.7,Digital Wallet,2,4,3.0,76.7,No
4614,29,Small Business,Standard,Annual,11,78.74,Credit Card,3,2,4.0,58.2,No
4615,45,Consumer,Basic,Two-Year,26,53.45,Bank Transfer,0,0,3.0,76.1,No
4616,46,Consumer,Premium,Annual,42,123.24,Bank Transfer,4,0,2.0,55.3,No
4617,45,Consumer,Premium,Annual,55,145.91,Digital Wallet,0,0,3.0,86.8,No
4618,55,Consumer,Basic,Annual,16,37.1,Credit Card,1,0,5.0,70.9,No
4619,25,Small Business,Premium,Monthly,74,135.59,Direct Debit,2,0,3.0,68.7,No
4620,37,Consumer,Basic,Annual,29,30.08,Digital Wallet,0,0,4.0,70.9,No
4621,34,Consumer,Basic,Two-Year,15,38.76,Bank Transfer,2,0,5.0,62.9,No
4622,59,Enterprise,Basic,Monthly,20,41.0,Bank Transfer,4,1,3.0,82.2,No
4623,47,Enterprise,Standard,Annual,37,57.11,Credit Card,1,1,3.0,40.9,No
4624,55,Small Business,Premium,Annual,33,76.5,Credit Card,1,2,3.0,75.6,No
4625,33,Enterprise,Standard,Monthly,17,62.09,Credit Card,0,1,4.0,48.5,No
4626,23,Small Business,Standard,Two-Year,24,59.12,Digital Wallet,2,0,3.0,50.7,No
4627,27,Consumer,Standard,Annual,45,58.75,Digital Wallet,3,3,2.0,67.1,No
4628,58,Consumer,Standard,Monthly,39,75.82,Credit Card,2,2,3.0,66.4,Yes
4629,56,Consumer,Standard,Annual,29,86.07,Direct Debit,6,2,3.0,42.2,Yes
4630,48,Consumer,Standard,Monthly,18,79.99,Digital Wallet,5,4,1.0,75.6,Yes
4631,49,Small Business,Standard,Monthly,10,71.68,Direct Debit,3,0,4.0,32.1,No
4632,41,Consumer,Standard,Two-Year,11,85.01,Bank Transfer,1,0,4.0,56.4,No
4633,34,Small Business,Standard,Annual,29,62.29,Direct Debit,2,3,3.0,53.7,No
4634,43,Consumer,Standard,Monthly,18,82.11,Bank Transfer,5,2,4.0,46.5,No
4635,21,Small Business,Premium,Monthly,26,89.81,Digital Wallet,1,0,3.0,61.0,No
4636,36,Consumer,Basic,Annual,19,33.73,Direct Debit,1,1,3.0,70.2,No
4637,77,Consumer,Standard,Annual,27,72.08,Bank Transfer,3,0,3.0,58.4,No
4638,41,Consumer,Basic,Monthly,80,44.35,Credit Card,3,1,4.0,69.1,No
4639,40,Enterprise,Standard,Annual,25,54.6,Digital Wallet,1,1,4.0,62.3,No
4640,48,Consumer,Standard,Monthly,40,80.95,Bank Transfer,4,2,2.0,54.3,No
4641,32,Small Business,Basic,Monthly,12,49.88,Credit Card,1,1,3.0,66.2,No
4642,28,Enterprise,Basic,Annual,28,32.87,Direct Debit,2,0,4.0,87.1,No
4643,47,Consumer,Standard,Monthly,38,71.11,Bank Transfer,1,2,2.0,71.5,No
4644,45,Consumer,Basic,Annual,21,45.51,Direct Debit,0,2,4.0,80.3,No
4645,37,Consumer,Standard,Annual,96,50.2,Bank Transfer,2,1,4.0,67.5,No
4646,18,Consumer,Basic,Monthly,71,38.83,Digital Wallet,3,0,3.0,56.5,No
4647,72,Consumer,Standard,Monthly,36,57.89,Digital Wallet,3,3,3.0,70.0,No
4648,69,Enterprise,Standard,Monthly,16,91.83,Direct Debit,1,0,3.0,50.3,No
4649,61,Consumer,Standard,Annual,25,53.0,Digital Wallet,2,1,5.0,65.8,No
4650,30,Consumer,Premium,Two-Year,18,101.15,Unknown,4,1,2.0,74.4,No
4651,29,Small Business,Basic,Monthly,24,50.88,Direct Debit,1,0,2.0,72.7,No
4652,37,Small Business,Basic,Two-Year,44,51.05,Bank Transfer,3,0,4.0,47.4,No
4653,32,Consumer,Basic,Monthly,34,46.74,Bank Transfer,3,2,4.0,70.2,No
4654,18,Small Business,Standard,Annual,23,90.01,Credit Card,2,1,4.0,50.3,No
4655,37,Consumer,Basic,Monthly,56,52.43,Credit Card,0,0,5.0,81.7,Yes
4656,42,Consumer,Premium,Monthly,21,111.38,Unknown,2,1,3.0,87.6,No
4657,25,Consumer,Standard,Monthly,16,79.24,Digital Wallet,1,0,5.0,61.2,No
4658,44,Consumer,Basic,Monthly,26,25.0,Bank Transfer,1,2,4.0,77.5,No
4659,43,Consumer,Standard,Annual,18,70.48,Bank Transfer,3,0,3.0,54.4,No
4660,56,Consumer,Standard,Annual,13,68.18,Digital Wallet,3,1,3.0,49.1,No
4661,38,Consumer,Standard,Monthly,27,91.29,Digital Wallet,1,1,4.0,64.5,No
4662,68,Small Business,Standard,Two-Year,35,59.36,Credit Card,4,0,3.0,67.3,No
4663,46,Consumer,Basic,Monthly,22,44.69,Credit Card,5,3,2.0,63.8,No
4664,39,Small Business,Basic,Monthly,24,37.95,Credit Card,3,0,2.0,59.4,Yes
4665,62,Small Business,Standard,Monthly,21,77.55,Direct Debit,1,2,4.0,53.4,No
4666,48,Consumer,Basic,Monthly,46,55.26,Bank Transfer,0,0,5.0,64.7,No
4667,35,Consumer,Basic,Annual,10,39.85,Bank Transfer,1,1,4.0,71.3,No
4668,42,Consumer,Standard,Two-Year,39,61.54,Bank Transfer,1,1,4.0,47.6,No
4669,56,Small Business,Basic,Annual,9,41.76,Unknown,0,0,5.0,38.5,No
4670,48,Enterprise,Premium,Annual,27,75.15,Digital Wallet,0,0,4.0,86.2,No
4671,49,Consumer,Basic,Annual,9,50.97,Credit Card,0,1,5.0,51.7,No
4672,56,Consumer,Standard,Monthly,31,69.96,Digital Wallet,4,1,3.0,52.2,No
4673,29,Consumer,Standard,Annual,36,60.24,Credit Card,3,1,2.0,41.7,No
4674,37,Small Business,Basic,Annual,24,41.83,Credit Card,3,1,2.0,50.9,No
4675,51,Consumer,Standard,Monthly,6,77.85,Direct Debit,6,1,2.0,57.2,No
4676,63,Consumer,Standard,Monthly,16,78.08,Bank Transfer,1,1,4.0,47.6,No
4677,46,Consumer,Standard,Two-Year,35,69.9,Direct Debit,3,3,4.0,55.0,No
4678,58,Enterprise,Basic,Annual,34,45.16,Bank Transfer,1,1,4.0,66.4,No
4679,43,Consumer,Premium,Monthly,24,149.52,Direct Debit,4,1,2.0,53.0,Yes
4680,55,Small Business,Basic,Monthly,57,46.27,Credit Card,2,0,2.0,60.4,Yes
4681,37,Small Business,Basic,Annual,11,38.25,Bank Transfer,2,1,3.0,64.6,No
4682,56,Small Business,Basic,Monthly,24,48.42,Credit Card,1,0,3.0,54.0,No
4683,36,Consumer,Basic,Annual,41,52.02,Bank Transfer,1,2,2.0,40.6,No
4684,50,Small Business,Basic,Annual,23,54.82,Direct Debit,1,1,4.0,58.5,No
4685,22,Small Business,Standard,Annual,41,67.01,Direct Debit,0,0,4.0,63.1,Yes
4686,33,Small Business,Premium,Annual,26,129.32,Bank Transfer,1,0,4.0,69.7,No
4687,50,Consumer,Standard,Monthly,40,82.91,Direct Debit,2,2,4.0,69.4,No
4688,22,Consumer,Standard,Annual,32,79.1,Direct Debit,2,0,3.0,75.5,No
4689,25,Consumer,Standard,Monthly,16,78.86,Credit Card,5,0,4.0,55.1,No
4690,32,Small Business,Basic,Two-Year,25,54.38,Bank Transfer,2,0,4.0,33.7,No
4691,35,Consumer,Standard,Two-Year,6,38.57,Direct Debit,2,2,3.0,65.7,No
4692,33,Consumer,Basic,Monthly,15,58.28,Credit Card,3,0,3.0,53.6,No
4693,32,Consumer,Basic,Annual,8,52.31,Digital Wallet,1,0,2.0,72.3,No
4694,41,Consumer,Premium,Two-Year,11,102.52,Bank Transfer,5,2,2.0,48.4,No
4695,48,Small Business,Standard,Monthly,93,66.57,Credit Card,2,2,4.0,59.4,No
4696,31,Enterprise,Basic,Monthly,4,45.59,Bank Transfer,3,1,3.0,29.5,No
4697,57,Consumer,Standard,Two-Year,5,90.24,Direct Debit,3,0,2.0,53.2,No
4698,34,Consumer,Standard,Monthly,19,79.52,Digital Wallet,3,0,2.0,69.0,Yes
4699,48,Consumer,Standard,Monthly,14,62.29,Bank Transfer,2,2,3.0,44.9,No
4700,29,Consumer,Basic,Monthly,15,35.87,Digital Wallet,5,3,4.0,45.3,No
4701,28,Consumer,Basic,Annual,17,28.9,Credit Card,0,0,3.0,55.0,No
4702,41,Consumer,Standard,Two-Year,10,73.09,Direct Debit,0,0,5.0,77.4,No
4703,20,Enterprise,Standard,Monthly,29,62.21,Bank Transfer,1,1,3.0,62.6,No
4704,50,Consumer,Standard,Monthly,20,90.59,Credit Card,1,0,2.0,30.1,No
4705,35,Consumer,Basic,Monthly,22,49.91,Direct Debit,1,0,2.0,57.0,No
4706,53,Consumer,Basic,Monthly,10,44.38,Digital Wallet,3,2,3.0,65.4,Yes
4707,35,Enterprise,Standard,Annual,37,88.46,Digital Wallet,1,1,,59.3,No
4708,51,Consumer,Standard,Monthly,9,68.53,Direct Debit,3,0,4.0,34.1,No
4709,34,Small Business,Standard,Monthly,40,60.48,Bank Transfer,2,1,4.0,62.0,No
4710,56,Consumer,Standard,Monthly,40,76.7,Digital Wallet,1,1,2.0,38.8,No
4711,47,Small Business,Basic,Annual,9,37.52,Bank Transfer,0,1,3.0,65.1,No
4712,45,Enterprise,Standard,Monthly,29,71.21,Direct Debit,8,2,3.0,60.0,No
4713,57,Enterprise,Basic,Monthly,43,47.04,Digital Wallet,2,0,3.0,51.6,No
4714,63,Consumer,Basic,Monthly,37,35.59,Direct Debit,3,1,3.0,72.8,No
4715,60,Consumer,Standard,Monthly,38,65.41,Bank Transfer,4,1,3.0,42.5,No
4716,59,Consumer,Standard,Monthly,22,85.57,Bank Transfer,0,1,3.0,66.9,No
4717,50,Consumer,Basic,Annual,52,39.22,Credit Card,4,3,3.0,48.4,No
4718,51,Consumer,Standard,Annual,7,94.96,Digital Wallet,5,0,2.0,54.0,No
4719,47,Small Business,Standard,Monthly,19,76.6,Credit Card,3,2,2.0,61.4,No
4720,39,Enterprise,Basic,Monthly,61,39.73,Direct Debit,2,2,3.0,53.2,No
4721,48,Consumer,Basic,Monthly,39,41.14,Credit Card,2,2,2.0,72.0,No
4722,59,Consumer,Basic,Monthly,25,36.61,Bank Transfer,1,0,5.0,37.0,No
4723,45,Consumer,Standard,Monthly,71,92.83,Bank Transfer,1,0,5.0,45.1,No
4724,40,Consumer,Standard,Annual,6,67.35,Direct Debit,0,0,5.0,50.1,No
4725,60,Small Business,Standard,Monthly,23,72.1,Bank Transfer,1,0,3.0,61.3,No
4726,23,Consumer,Standard,Monthly,42,84.82,Digital Wallet,2,0,4.0,52.8,Yes
4727,38,Consumer,Premium,Annual,28,92.8,Credit Card,2,0,4.0,59.6,No
4728,44,Consumer,Standard,Annual,12,99.34,Credit Card,3,1,4.0,48.8,No
4729,61,Consumer,Premium,Annual,34,121.25,Bank Transfer,1,1,4.0,69.1,No
4730,25,Consumer,Standard,Annual,36,60.74,Digital Wallet,4,2,2.0,54.9,No
4731,47,Small Business,Basic,Annual,12,53.63,Digital Wallet,2,0,5.0,62.3,No
4732,41,Consumer,Premium,Monthly,68,129.69,Direct Debit,3,2,3.0,40.9,No
4733,34,Consumer,Basic,Monthly,17,45.88,Bank Transfer,2,0,4.0,70.1,No
4734,22,Consumer,Standard,Two-Year,43,55.42,Credit Card,4,3,2.0,66.3,No
4735,56,Small Business,Standard,Monthly,28,59.93,Credit Card,1,0,2.0,76.3,No
4736,33,Small Business,Standard,Monthly,32,68.25,Direct Debit,0,0,3.0,70.3,No
4737,65,Consumer,Premium,Annual,33,108.27,Credit Card,3,0,4.0,58.1,No
4738,44,Consumer,Standard,Monthly,13,78.44,Bank Transfer,1,2,4.0,55.9,No
4739,35,Consumer,Standard,Monthly,30,73.03,Direct Debit,3,1,4.0,35.5,No
4740,39,Consumer,Standard,Monthly,32,67.99,Direct Debit,0,1,2.0,64.7,No
4741,35,Enterprise,Standard,Monthly,18,74.18,Bank Transfer,3,2,1.0,55.3,Yes
4742,48,Small Business,Premium,Monthly,16,100.91,Digital Wallet,4,1,1.0,65.6,No
4743,45,Enterprise,Premium,Annual,23,129.53,Bank Transfer,0,0,4.0,61.4,No
4744,41,Small Business,Standard,Monthly,37,62.89,Credit Card,2,1,4.0,57.7,No
4745,58,Small Business,Basic,Monthly,65,36.42,Digital Wallet,1,0,2.0,50.8,No
4746,33,Consumer,Basic,Annual,25,48.73,Bank Transfer,0,0,3.0,77.6,No
4747,34,Consumer,Standard,Two-Year,19,93.13,Direct Debit,4,1,4.0,55.8,No
4748,47,Small Business,Basic,Two-Year,83,36.62,Credit Card,1,0,3.0,70.6,No
4749,45,Consumer,Standard,Monthly,5,74.09,Credit Card,3,1,3.0,39.8,No
4750,59,Consumer,Premium,Annual,16,110.58,Credit Card,1,0,3.0,77.5,No
4751,33,Small Business,Premium,Monthly,20,125.97,Direct Debit,2,0,4.0,82.6,No
4752,47,Consumer,Standard,Monthly,44,54.41,Direct Debit,4,1,2.0,36.7,No
4753,65,Small Business,Basic,Two-Year,13,50.78,Credit Card,1,0,2.0,66.5,No
4754,35,Consumer,Basic,Two-Year,19,30.85,Digital Wallet,1,1,2.0,75.5,No
4755,19,Consumer,Standard,Monthly,37,79.34,Bank Transfer,5,5,3.0,88.0,No
4756,47,Enterprise,Basic,Two-Year,27,48.42,Credit Card,3,2,3.0,72.6,No
4757,35,Small Business,Basic,Annual,76,37.91,Direct Debit,0,0,4.0,52.4,No
4758,62,Consumer,Basic,Annual,34,47.27,Credit Card,0,1,3.0,71.9,No
4759,38,Consumer,Standard,Monthly,7,72.72,Bank Transfer,1,0,4.0,96.3,Yes
4760,38,Small Business,Basic,Monthly,40,31.55,Digital Wallet,1,0,2.0,74.4,No
4761,58,Enterprise,Standard,Monthly,35,96.72,Credit Card,3,2,4.0,55.5,No
4762,49,Consumer,Premium,Two-Year,19,128.38,Direct Debit,3,0,5.0,74.7,No
4763,22,Consumer,Standard,Monthly,3,85.59,Credit Card,4,1,5.0,75.5,No
4764,56,Consumer,Standard,Monthly,65,68.5,Credit Card,5,3,2.0,79.8,No
4765,54,Small Business,Basic,Monthly,95,51.12,Bank Transfer,2,1,5.0,62.0,No
4766,45,Consumer,Basic,Monthly,20,43.1,Bank Transfer,1,0,4.0,65.0,No
4767,36,Consumer,Basic,Monthly,6,47.56,Digital Wallet,2,1,4.0,30.8,No
4768,26,Consumer,Standard,Monthly,38,79.86,Direct Debit,2,0,1.0,58.8,No
4769,51,Consumer,Basic,Monthly,21,44.03,Credit Card,1,0,3.0,47.5,No
4770,30,Consumer,Standard,Annual,3,64.17,Bank Transfer,3,4,3.0,75.8,No
4771,41,Consumer,Basic,Annual,24,46.92,Credit Card,4,0,3.0,47.0,No
4772,18,Consumer,Standard,Two-Year,53,62.01,Credit Card,0,0,5.0,62.8,No
4773,34,Consumer,Basic,Monthly,36,62.73,Digital Wallet,0,0,3.0,55.1,No
4774,59,Consumer,Premium,Annual,8,101.21,Digital Wallet,2,2,4.0,83.6,No
4775,49,Small Business,Basic,Monthly,10,44.35,Credit Card,3,0,2.0,48.0,No
4776,57,Small Business,Premium,Annual,5,122.15,Digital Wallet,2,1,2.0,38.6,No
4777,37,Small Business,Standard,Annual,39,78.16,Credit Card,2,0,4.0,54.1,No
4778,50,Enterprise,Basic,Two-Year,24,35.32,Credit Card,2,0,4.0,60.0,No
4779,47,Consumer,Standard,Monthly,22,65.3,Direct Debit,3,2,4.0,34.3,No
4780,18,Consumer,Standard,Monthly,7,77.54,Credit Card,2,1,1.0,63.7,No
4781,26,Consumer,Basic,Monthly,36,40.85,Bank Transfer,5,3,1.0,55.4,No
4782,31,Consumer,Standard,Annual,16,72.54,Credit Card,2,1,2.0,85.3,No
4783,36,Enterprise,Premium,Monthly,49,91.26,Direct Debit,2,0,2.0,70.4,Yes
4784,45,Consumer,Standard,Monthly,39,53.53,Bank Transfer,5,3,3.0,34.8,No
4785,38,Enterprise,Basic,Two-Year,8,47.27,Credit Card,2,2,4.0,48.3,No
4786,39,Consumer,Basic,Two-Year,21,43.04,Credit Card,2,1,3.0,66.8,No
4787,36,Small Business,Standard,Annual,9,75.87,Digital Wallet,2,0,3.0,59.1,No
4788,18,Small Business,Basic,Two-Year,7,46.14,Direct Debit,4,1,3.0,60.4,No
4789,51,Consumer,Standard,Annual,31,68.73,Bank Transfer,1,1,2.0,58.4,No
4790,30,Small Business,Standard,Two-Year,33,70.1,Direct Debit,0,0,5.0,69.0,No
4791,35,Consumer,Standard,Monthly,27,63.7,Bank Transfer,3,1,3.0,84.8,No
4792,65,Small Business,Basic,Monthly,21,58.65,Direct Debit,3,2,4.0,61.3,No
4793,43,Consumer,Basic,Two-Year,35,62.43,Direct Debit,1,1,2.0,45.3,No
4794,46,Small Business,Standard,Two-Year,12,96.94,Direct Debit,0,0,4.0,63.9,No
4795,22,Consumer,Basic,Two-Year,9,39.47,Digital Wallet,2,0,5.0,92.7,No
4796,34,Consumer,Standard,Monthly,10,77.81,Digital Wallet,2,2,2.0,48.0,Yes
4797,20,Consumer,Premium,Monthly,38,94.89,Credit Card,2,3,3.0,75.6,No
4798,48,Enterprise,Premium,Monthly,17,94.52,Digital Wallet,2,0,3.0,64.7,No
4799,53,Enterprise,Standard,Monthly,46,73.65,Direct Debit,1,0,2.0,62.8,No
4800,45,Consumer,Standard,Monthly,8,72.04,Credit Card,5,4,2.0,46.2,No
4801,45,Consumer,Basic,Two-Year,12,43.85,Direct Debit,4,0,3.0,47.1,No
4802,62,Consumer,Basic,Monthly,21,42.76,Credit Card,2,1,3.0,66.7,No
4803,31,Consumer,Basic,Monthly,58,46.51,Credit Card,0,1,3.0,71.8,No
4804,49,Consumer,Standard,Annual,54,86.89,Direct Debit,1,1,4.0,72.6,No
4805,34,Consumer,Basic,Monthly,5,52.69,Bank Transfer,2,1,2.0,52.3,No
4806,66,Small Business,Basic,Two-Year,16,54.5,Credit Card,3,0,3.0,68.9,No
4807,41,Enterprise,Basic,Monthly,61,42.08,Bank Transfer,3,0,3.0,41.1,No
4808,28,Consumer,Standard,Monthly,38,84.29,Digital Wallet,3,1,4.0,60.7,No
4809,52,Consumer,Basic,Annual,16,41.77,Digital Wallet,0,0,3.0,63.9,No
4810,61,Small Business,Basic,Two-Year,20,61.35,Credit Card,1,0,4.0,64.5,No
4811,48,Consumer,Premium,Annual,61,110.36,Direct Debit,2,2,4.0,79.2,No
4812,40,Small Business,Premium,Annual,46,91.29,Digital Wallet,3,0,5.0,65.6,No
4813,52,Consumer,Standard,Annual,55,54.75,Credit Card,1,1,5.0,48.3,No
4814,60,Small Business,Standard,Monthly,38,63.72,Direct Debit,0,1,3.0,47.2,No
4815,27,Enterprise,Basic,Monthly,14,31.83,Bank Transfer,0,0,4.0,72.1,No
4816,40,Small Business,Basic,Monthly,54,36.23,Credit Card,2,1,3.0,62.6,No
4817,18,Small Business,Standard,Annual,47,53.89,Bank Transfer,1,1,4.0,40.3,No
4818,56,Small Business,Standard,Monthly,26,84.07,Bank Transfer,1,3,3.0,65.1,No
4819,18,Consumer,Basic,Monthly,12,42.52,Digital Wallet,7,1,3.0,63.8,No
4820,38,Consumer,Standard,Monthly,47,68.42,Digital Wallet,0,0,4.0,47.1,No
4821,39,Enterprise,Basic,Two-Year,57,50.02,Direct Debit,2,0,3.0,41.7,No
4822,59,Small Business,Standard,Annual,4,85.42,Digital Wallet,3,0,3.0,68.4,No
4823,58,Small Business,Basic,Two-Year,5,39.55,Credit Card,0,3,3.0,40.9,No
4824,33,Small Business,Basic,Monthly,17,38.08,Direct Debit,6,1,4.0,46.4,No
4825,47,Consumer,Premium,Two-Year,10,80.93,Bank Transfer,1,1,2.0,70.2,No
4826,46,Consumer,Basic,Two-Year,96,43.27,Digital Wallet,1,1,4.0,66.2,No
4827,36,Consumer,Premium,Annual,30,138.8,Credit Card,3,1,4.0,74.7,No
4828,34,Small Business,Basic,Annual,29,50.67,Credit Card,2,0,3.0,55.6,No
4829,43,Consumer,Premium,Annual,22,118.92,Direct Debit,0,0,5.0,94.9,No
4830,35,Consumer,Basic,Monthly,21,44.93,Bank Transfer,1,4,4.0,60.4,No
4831,31,Consumer,Standard,Annual,41,70.68,Bank Transfer,3,1,3.0,46.8,No
4832,39,Consumer,Premium,Monthly,5,108.87,Bank Transfer,1,0,5.0,54.9,No
4833,41,Small Business,Basic,Annual,7,32.07,Digital Wallet,1,0,3.0,56.9,No
4834,58,Enterprise,Premium,Annual,15,92.71,Credit Card,1,1,4.0,57.6,No
4835,63,Small Business,Basic,Monthly,3,46.37,Digital Wallet,2,1,4.0,54.3,No
4836,29,Consumer,Standard,Two-Year,13,84.83,Bank Transfer,1,0,4.0,54.6,No
4837,40,Consumer,Basic,Annual,36,27.97,Digital Wallet,2,0,4.0,62.4,No
4838,32,Consumer,Premium,Annual,10,115.74,Credit Card,1,1,4.0,86.0,No
4839,18,Small Business,Premium,Monthly,13,152.05,Credit Card,2,1,3.0,41.4,No
4840,29,Small Business,Basic,Annual,28,50.5,Direct Debit,1,1,5.0,66.2,No
4841,25,Consumer,Standard,Annual,25,61.72,Direct Debit,4,0,3.0,69.5,No
4842,23,Small Business,Standard,Annual,32,84.86,Digital Wallet,0,0,4.0,73.6,No
4843,33,Consumer,Standard,Monthly,46,74.67,Credit Card,1,1,4.0,51.6,No
4844,24,Consumer,Standard,Annual,5,92.83,Bank Transfer,3,1,3.0,60.4,No
4845,38,Small Business,Standard,Monthly,65,76.67,Direct Debit,3,1,3.0,38.2,No
4846,44,Small Business,Basic,Monthly,25,56.16,Digital Wallet,1,0,3.0,56.6,No
4847,34,Small Business,Basic,Monthly,30,45.7,Credit Card,3,4,2.0,31.2,No
4848,25,Small Business,Basic,Monthly,71,46.66,Digital Wallet,2,3,5.0,62.8,No
4849,45,Small Business,Basic,Two-Year,53,33.33,Digital Wallet,2,2,4.0,65.9,No
4850,58,Small Business,Standard,Annual,16,46.0,Credit Card,4,1,3.0,48.1,No
4851,37,Consumer,Standard,Monthly,54,71.95,Direct Debit,2,1,3.0,60.8,No
4852,32,Consumer,Basic,Monthly,62,46.7,Bank Transfer,2,1,2.0,77.8,No
4853,53,Consumer,Premium,Monthly,51,93.53,Bank Transfer,3,0,3.0,50.7,Yes
4854,41,Consumer,Basic,Two-Year,39,49.24,Direct Debit,1,1,3.0,69.7,No
4855,54,Enterprise,Basic,Annual,33,57.04,Credit Card,1,0,3.0,76.7,No
4856,40,Consumer,Basic,Monthly,3,31.94,Bank Transfer,1,1,2.0,61.0,No
4857,23,Enterprise,Basic,Annual,21,49.36,Bank Transfer,1,1,3.0,70.4,No
4858,57,Small Business,Standard,Monthly,16,74.89,Credit Card,4,1,4.0,53.3,No
4859,25,Consumer,Basic,Annual,49,45.19,Digital Wallet,1,1,3.0,63.5,Yes
4860,52,Small Business,Premium,Two-Year,36,90.91,Digital Wallet,5,2,3.0,53.7,No
4861,40,Small Business,Basic,Annual,56,48.34,Direct Debit,0,0,3.0,50.1,No
4862,72,Consumer,Premium,Annual,21,112.82,Direct Debit,3,1,4.0,78.5,No
4863,35,Enterprise,Standard,Monthly,24,58.87,Bank Transfer,3,2,3.0,34.4,Yes
4864,31,Enterprise,Premium,Monthly,45,111.95,Credit Card,1,1,5.0,81.1,No
4865,40,Consumer,Standard,Annual,32,70.08,Bank Transfer,2,1,4.0,50.4,No
4866,46,Small Business,Standard,Annual,31,60.49,Bank Transfer,1,0,1.0,61.3,No
4867,42,Small Business,Standard,Two-Year,31,94.09,Credit Card,1,1,3.0,73.3,No
4868,19,Enterprise,Basic,Annual,62,52.9,Digital Wallet,0,3,3.0,76.2,No
4869,63,Consumer,Basic,Monthly,51,27.21,Credit Card,2,0,3.0,45.0,No
4870,52,Consumer,Basic,Annual,57,36.01,Digital Wallet,1,2,4.0,63.5,No
4871,45,Small Business,Basic,Monthly,20,55.33,Direct Debit,2,0,4.0,55.6,No
4872,39,Consumer,Standard,Two-Year,25,81.01,Credit Card,1,2,5.0,34.7,No
4873,49,Small Business,Standard,Monthly,34,82.83,Direct Debit,3,1,3.0,55.0,No
4874,30,Consumer,Standard,Two-Year,21,77.92,Bank Transfer,1,0,5.0,68.1,No
4875,39,Small Business,Basic,Annual,36,50.31,Digital Wallet,3,0,2.0,46.8,No
4876,57,Enterprise,Standard,Monthly,29,85.96,Digital Wallet,4,3,2.0,64.1,No
4877,47,Consumer,Basic,Monthly,42,47.07,Digital Wallet,3,0,4.0,70.7,Yes
4878,29,Small Business,Basic,Monthly,29,37.67,Direct Debit,1,2,4.0,57.7,No
4879,55,Consumer,Standard,Monthly,34,68.96,Digital Wallet,2,2,3.0,37.6,No
4880,32,Consumer,Premium,Monthly,18,117.52,Bank Transfer,2,1,4.0,62.9,No
4881,44,Consumer,Standard,Monthly,41,62.82,Bank Transfer,2,2,3.0,59.9,No
4882,44,Consumer,Standard,Two-Year,51,64.77,Digital Wallet,7,2,1.0,46.2,Yes
4883,46,Enterprise,Premium,Monthly,3,104.48,Bank Transfer,5,3,4.0,37.3,No
4884,55,Enterprise,Standard,Monthly,20,72.48,Digital Wallet,3,4,4.0,32.9,No
4885,21,Enterprise,Premium,Annual,56,100.29,Direct Debit,1,1,5.0,100.0,No
4886,31,Enterprise,Basic,Annual,7,42.62,Bank Transfer,1,3,3.0,84.4,Yes
4887,28,Small Business,Basic,Monthly,18,28.07,Direct Debit,3,1,3.0,44.4,Yes
4888,28,Enterprise,Basic,Two-Year,86,42.78,Bank Transfer,3,0,5.0,43.7,No
4889,18,Small Business,Standard,Two-Year,30,53.87,Credit Card,0,0,3.0,71.5,No
4890,46,Consumer,Premium,Monthly,54,99.75,Digital Wallet,1,1,3.0,78.2,Yes
4891,18,Consumer,Standard,Monthly,8,83.53,Credit Card,3,1,2.0,34.9,No
4892,31,Consumer,Premium,Monthly,36,114.21,Digital Wallet,3,2,4.0,52.2,No
4893,53,Enterprise,Standard,Monthly,2,103.05,Direct Debit,3,5,3.0,54.4,No
4894,66,Consumer,Standard,Two-Year,1,63.27,Digital Wallet,2,1,3.0,33.4,No
4895,67,Consumer,Standard,Monthly,14,68.22,Direct Debit,1,0,4.0,44.0,No
4896,55,Small Business,Standard,Annual,24,67.87,Direct Debit,2,0,4.0,65.5,No
4897,23,Consumer,Standard,Two-Year,39,67.5,Credit Card,1,1,3.0,48.0,No
4898,44,Enterprise,Standard,Annual,9,59.4,Digital Wallet,4,3,1.0,50.0,No
4899,45,Consumer,Basic,Annual,56,53.27,Bank Transfer,1,1,4.0,62.8,No
4900,18,Consumer,Premium,Monthly,3,109.31,Direct Debit,0,0,3.0,76.2,No
4901,21,Consumer,Basic,Monthly,16,42.99,Digital Wallet,1,1,2.0,63.7,No
4902,73,Small Business,Standard,Two-Year,21,87.86,Unknown,0,0,4.0,50.6,No
4903,18,Consumer,Premium,Annual,19,128.04,Digital Wallet,1,0,4.0,58.3,Yes
4904,43,Enterprise,Standard,Annual,74,78.42,Direct Debit,1,0,3.0,65.1,No
4905,74,Consumer,Standard,Monthly,36,71.71,Bank Transfer,1,0,3.0,42.3,No
4906,36,Enterprise,Standard,Monthly,23,64.84,Credit Card,3,0,3.0,71.9,No
4907,64,Consumer,Standard,Two-Year,15,79.57,Direct Debit,0,2,3.0,51.1,No
4908,39,Small Business,Basic,Monthly,77,59.82,Bank Transfer,6,4,4.0,41.2,No
4909,26,Small Business,Basic,Monthly,22,50.44,Credit Card,1,0,3.0,72.9,No
4910,44,Consumer,Standard,Monthly,29,70.98,Bank Transfer,1,1,4.0,61.0,No
4911,28,Consumer,Premium,Monthly,16,97.63,Bank Transfer,2,1,3.0,55.8,No
4912,40,Enterprise,Basic,Monthly,15,37.61,Bank Transfer,3,0,3.0,37.7,No
4913,38,Consumer,Standard,Monthly,14,73.9,Digital Wallet,2,0,3.0,65.0,No
4914,56,Small Business,Basic,Annual,19,44.86,Digital Wallet,3,0,5.0,47.8,No
4915,43,Consumer,Basic,Monthly,18,44.72,Credit Card,1,1,3.0,37.6,No
4916,53,Consumer,Standard,Monthly,13,69.67,Digital Wallet,2,0,4.0,64.1,No
4917,43,Consumer,Basic,Monthly,24,50.34,Direct Debit,4,1,3.0,39.2,No
4918,49,Small Business,Standard,Monthly,23,96.76,Direct Debit,3,3,3.0,54.8,No
4919,40,Small Business,Standard,Monthly,7,73.13,Credit Card,5,1,2.0,84.3,No
4920,33,Small Business,Basic,Annual,26,50.5,Credit Card,2,0,3.0,89.9,No
4921,47,Small Business,Basic,Monthly,8,40.41,Direct Debit,0,0,2.0,71.3,No
4922,42,Small Business,Standard,Monthly,21,94.04,Credit Card,4,2,3.0,69.5,No
4923,42,Consumer,Basic,Monthly,83,58.4,Digital Wallet,2,0,5.0,69.9,No
4924,51,Enterprise,Standard,Monthly,58,63.72,Credit Card,4,3,3.0,69.1,No
4925,31,Small Business,Premium,Annual,13,110.24,Digital Wallet,1,1,5.0,71.8,No
4926,27,Small Business,Basic,Annual,15,29.54,Direct Debit,3,3,4.0,47.1,No
4927,22,Consumer,Standard,Monthly,16,81.72,Bank Transfer,1,2,4.0,64.4,Yes
4928,34,Consumer,Basic,Monthly,18,48.52,Direct Debit,4,3,3.0,40.9,No
4929,30,Consumer,Standard,Monthly,2,93.88,Credit Card,1,0,2.0,63.8,No
4930,37,Consumer,Basic,Monthly,33,55.8,Bank Transfer,3,2,4.0,40.7,No
4931,22,Small Business,Premium,Two-Year,68,116.75,Credit Card,2,0,3.0,79.5,No
4932,43,Consumer,Basic,Monthly,8,65.72,Direct Debit,4,1,3.0,82.8,No
4933,39,Consumer,Standard,Monthly,21,77.21,Credit Card,1,1,3.0,42.9,No
4934,53,Consumer,Standard,Monthly,17,113.92,Bank Transfer,3,4,4.0,70.9,No
4935,66,Consumer,Premium,Monthly,39,139.7,Direct Debit,6,4,4.0,75.2,No
4936,60,Consumer,Standard,Monthly,33,70.24,Direct Debit,3,2,3.0,56.2,No
4937,23,Consumer,Basic,Monthly,17,49.23,Bank Transfer,3,3,3.0,66.1,No
4938,18,Consumer,Basic,Monthly,11,52.13,Bank Transfer,3,1,3.0,42.5,No
4939,33,Consumer,Basic,Monthly,35,46.24,Direct Debit,3,0,3.0,53.9,No
4940,40,Consumer,Basic,Monthly,78,50.62,Digital Wallet,1,0,3.0,67.9,No
4941,46,Consumer,Standard,Monthly,54,40.21,Credit Card,3,1,4.0,51.6,No
4942,41,Consumer,Standard,Monthly,81,75.83,Bank Transfer,2,0,3.0,68.4,No
4943,37,Consumer,Basic,Monthly,72,29.54,Direct Debit,1,0,5.0,74.1,No
4944,36,Consumer,Standard,Annual,44,89.81,Credit Card,1,2,4.0,82.0,No
4945,47,Consumer,Basic,Monthly,32,45.09,Bank Transfer,1,0,4.0,72.1,No
4946,35,Consumer,Basic,Annual,7,42.21,Direct Debit,0,0,3.0,62.1,No
4947,29,Small Business,Basic,Monthly,11,49.97,Bank Transfer,0,0,3.0,51.2,No
4948,40,Small Business,Standard,Two-Year,18,91.31,Digital Wallet,0,0,4.0,47.9,No
4949,56,Consumer,Basic,Annual,7,33.27,Bank Transfer,1,2,3.0,60.7,No
4950,44,Consumer,Basic,Monthly,35,36.26,Credit Card,3,0,4.0,47.0,No
4951,49,Consumer,Basic,Annual,39,43.99,Credit Card,1,2,3.0,45.9,No
4952,39,Consumer,Standard,Annual,24,72.09,Digital Wallet,2,0,3.0,60.5,No
4953,37,Small Business,Premium,Monthly,10,117.47,Direct Debit,3,0,3.0,76.0,No
4954,39,Consumer,Standard,Monthly,13,74.12,Credit Card,0,0,4.0,74.4,No
4955,70,Small Business,Basic,Monthly,8,34.5,Digital Wallet,1,0,4.0,57.7,No
4956,51,Small Business,Standard,Monthly,9,80.34,Bank Transfer,1,1,2.0,38.1,Yes
4957,71,Consumer,Premium,Annual,13,91.95,Digital Wallet,4,3,1.0,64.6,No
4958,60,Small Business,Standard,Annual,12,73.83,Digital Wallet,4,3,3.0,47.6,No
4959,62,Small Business,Standard,Annual,22,81.67,Digital Wallet,2,1,3.0,73.3,No
4960,54,Small Business,Standard,Monthly,54,78.89,Credit Card,3,2,5.0,35.6,No
4961,43,Consumer,Standard,Annual,12,73.84,Bank Transfer,2,1,4.0,67.3,No
4962,46,Consumer,Standard,Monthly,46,70.15,Digital Wallet,2,4,2.0,57.5,No
4963,52,Consumer,Standard,Monthly,20,61.52,Bank Transfer,3,1,4.0,73.4,No
4964,26,Small Business,Basic,Monthly,31,50.7,Bank Transfer,2,1,5.0,61.0,No
4965,36,Consumer,Basic,Monthly,21,52.05,Credit Card,2,2,2.0,69.7,No
4966,18,Small Business,Basic,Monthly,14,59.93,Digital Wallet,1,1,3.0,57.2,No
4967,36,Small Business,Standard,Monthly,8,85.85,Digital Wallet,2,1,4.0,59.0,No
4968,51,Small Business,Basic,Monthly,52,56.07,Digital Wallet,1,0,4.0,62.3,No
4969,51,Enterprise,Premium,Two-Year,18,125.37,Bank Transfer,5,3,3.0,68.4,No
4970,32,Consumer,Basic,Monthly,32,45.2,Bank Transfer,3,2,3.0,55.4,No
4971,29,Consumer,Basic,Annual,30,45.13,Digital Wallet,4,3,4.0,52.5,No
4972,40,Consumer,Basic,Monthly,34,48.36,Bank Transfer,3,1,2.0,26.2,No
4973,47,Consumer,Basic,Annual,23,44.03,Direct Debit,0,0,5.0,71.3,No
4974,60,Enterprise,Basic,Annual,41,52.8,Direct Debit,3,3,1.0,58.6,No
4975,50,Consumer,Standard,Monthly,42,63.9,Credit Card,3,2,3.0,70.3,No
4976,30,Small Business,Standard,Monthly,31,67.28,Bank Transfer,3,0,5.0,43.1,No
4977,22,Enterprise,Standard,Monthly,8,86.45,Direct Debit,5,1,3.0,36.9,No
4978,48,Consumer,Standard,Two-Year,51,93.99,Digital Wallet,0,0,3.0,67.6,Yes
4979,48,Consumer,Premium,Monthly,30,93.01,Bank Transfer,4,1,3.0,56.2,No
4980,49,Small Business,Premium,Two-Year,31,157.7,Direct Debit,1,0,5.0,61.2,No
4981,38,Consumer,Basic,Annual,12,45.9,Bank Transfer,1,0,3.0,56.3,No
4982,51,Consumer,Standard,Monthly,23,78.25,Bank Transfer,3,3,4.0,35.9,No
4983,36,Enterprise,Standard,Monthly,22,32.1,Bank Transfer,5,1,2.0,57.1,No
4984,34,Small Business,Premium,Annual,78,110.79,Bank Transfer,0,0,3.0,78.9,No
4985,52,Enterprise,Standard,Monthly,22,79.15,Bank Transfer,0,1,3.0,67.4,No
4986,50,Consumer,Premium,Monthly,5,120.48,Bank Transfer,2,1,1.0,31.6,Yes
4987,31,Consumer,Standard,Two-Year,14,78.84,Direct Debit,4,1,3.0,58.2,No
4988,51,Consumer,Standard,Monthly,33,77.37,Credit Card,2,0,3.0,59.7,No
4989,22,Consumer,Basic,Monthly,20,47.17,Direct Debit,0,0,3.0,56.9,No
4990,41,Consumer,Premium,Monthly,52,122.38,Direct Debit,3,0,4.0,49.4,No
4991,73,Consumer,Basic,Monthly,36,43.37,Digital Wallet,1,0,3.0,48.5,No
4992,22,Enterprise,Standard,Monthly,9,63.77,Digital Wallet,2,1,4.0,63.3,No
4993,23,Consumer,Premium,Annual,28,110.93,Bank Transfer,3,0,3.0,65.1,No
4994,22,Consumer,Basic,Monthly,32,49.68,Bank Transfer,6,3,3.0,60.6,No
4995,57,Consumer,Standard,Monthly,21,49.46,Direct Debit,1,1,5.0,60.7,No
4996,54,Small Business,Standard,Annual,11,92.36,Digital Wallet,1,2,2.0,78.1,Yes
4997,27,Small Business,Basic,Annual,9,36.94,Digital Wallet,3,0,4.0,71.4,No
4998,33,Consumer,Basic,Two-Year,35,56.53,Credit Card,3,2,3.0,65.1,No
4999,34,Consumer,Basic,Monthly,31,55.44,Direct Debit,1,1,4.0,74.2,No
5000,70,Consumer,Standard,Monthly,22,67.09,Bank Transfer,4,3,3.0,79.8,No
5001,52,Consumer,Basic,Monthly,26,36.89,Credit Card,1,1,2.0,61.1,No
5002,25,Small Business,Basic,Annual,27,49.77,Bank Transfer,0,0,3.0,60.0,No
5003,38,Consumer,Basic,Two-Year,26,48.3,Bank Transfer,1,1,3.0,63.5,Yes
5004,57,Consumer,Standard,Monthly,1,76.39,Digital Wallet,3,5,4.0,25.0,No
5005,51,Consumer,Standard,Monthly,18,64.14,Direct Debit,1,0,5.0,75.4,No
5006,34,Small Business,Basic,Monthly,26,46.28,Bank Transfer,2,2,5.0,72.7,No
5007,43,Consumer,Basic,Annual,46,44.31,Digital Wallet,3,1,3.0,58.3,No
5008,43,Enterprise,Basic,Two-Year,17,50.34,Digital Wallet,1,0,4.0,74.5,No
5009,47,Enterprise,Premium,Monthly,5,124.7,Direct Debit,2,1,5.0,68.8,No
5010,63,Enterprise,Basic,Monthly,69,28.21,Digital Wallet,5,1,1.0,39.4,No
5011,45,Consumer,Premium,Monthly,17,92.91,Bank Transfer,3,1,5.0,52.9,No
5012,30,Consumer,Standard,Monthly,23,54.64,Credit Card,6,0,3.0,41.2,No
5013,43,Consumer,Basic,Monthly,24,40.76,Bank Transfer,1,0,3.0,47.1,No
5014,43,Consumer,Standard,Annual,10,44.03,Credit Card,2,0,4.0,69.4,Yes
5015,38,Small Business,Standard,Annual,38,77.49,Digital Wallet,1,1,5.0,71.2,No
5016,38,Consumer,Basic,Monthly,16,41.07,Direct Debit,0,0,2.0,89.7,Yes
5017,52,Consumer,Premium,Monthly,56,105.62,Direct Debit,1,1,3.0,35.4,No
5018,48,Enterprise,Standard,Two-Year,41,76.39,Bank Transfer,2,1,3.0,70.0,No
5019,27,Consumer,Standard,Monthly,7,58.33,Digital Wallet,1,0,3.0,75.5,No
5020,42,Enterprise,Basic,Two-Year,26,61.16,Credit Card,1,1,4.0,59.5,No
5021,56,Consumer,Standard,Monthly,17,78.49,Bank Transfer,3,2,3.0,30.2,No
5022,58,Consumer,Standard,Two-Year,12,82.98,Bank Transfer,1,1,3.0,58.7,No
5023,42,Small Business,Standard,Monthly,26,92.02,Digital Wallet,2,0,3.0,30.3,No
5024,21,Consumer,Standard,Monthly,10,82.01,Direct Debit,1,0,3.0,62.9,No
5025,43,Small Business,Premium,Annual,63,133.27,Credit Card,0,0,4.0,65.9,No
5026,52,Consumer,Premium,Monthly,9,91.47,Credit Card,0,0,3.0,52.9,No
5027,40,Enterprise,Standard,Annual,57,100.21,Direct Debit,1,2,3.0,66.3,No
5028,54,Consumer,Standard,Two-Year,20,60.99,Bank Transfer,2,0,4.0,46.4,No
5029,35,Consumer,Standard,Monthly,5,75.57,Direct Debit,7,0,2.0,56.1,No
5030,44,Small Business,Premium,Annual,18,159.94,Direct Debit,3,2,4.0,75.1,No
5031,53,Consumer,Standard,Monthly,43,44.39,Credit Card,1,2,4.0,63.1,No
5032,46,Enterprise,Basic,Monthly,9,51.4,Credit Card,3,2,3.0,45.2,No
5033,52,Consumer,Basic,Monthly,24,27.52,Digital Wallet,3,3,3.0,43.3,No
5034,18,Consumer,Standard,Two-Year,28,77.56,Bank Transfer,2,1,4.0,52.8,No
5035,24,Consumer,Standard,Monthly,24,65.74,Credit Card,7,4,3.0,57.7,Yes
5036,51,Small Business,Basic,Monthly,9,51.02,Digital Wallet,1,2,2.0,50.8,Yes
5037,45,Consumer,Premium,Two-Year,4,110.93,Direct Debit,3,0,3.0,49.0,No
5038,19,Consumer,Basic,Annual,22,44.23,Digital Wallet,0,1,3.0,44.9,No
5039,49,Consumer,Basic,Monthly,50,56.04,Direct Debit,1,0,2.0,85.9,No
5040,40,Consumer,Basic,Two-Year,9,54.7,Digital Wallet,2,1,2.0,72.3,No
5041,32,Consumer,Basic,Annual,25,44.38,Digital Wallet,2,0,5.0,45.1,Yes
5042,43,Small Business,Standard,Annual,34,85.8,Digital Wallet,3,4,3.0,52.2,No
5043,42,Small Business,Basic,Monthly,21,50.39,Direct Debit,4,2,2.0,58.3,No
5044,28,Small Business,Basic,Monthly,34,36.17,Digital Wallet,3,1,2.0,30.0,No
5045,29,Consumer,Standard,Annual,29,58.87,Credit Card,2,2,4.0,76.3,No
5046,45,Small Business,Premium,Annual,12,103.33,Credit Card,2,0,3.0,60.3,No
5047,18,Consumer,Standard,Annual,21,89.83,Bank Transfer,3,4,3.0,48.0,No
5048,49,Consumer,Standard,Annual,24,90.98,Digital Wallet,0,2,2.0,65.6,No
5049,18,Consumer,Standard,Monthly,26,58.32,Digital Wallet,1,1,3.0,44.4,No
5050,38,Enterprise,Standard,Monthly,23,75.47,Digital Wallet,2,2,3.0,73.3,No
5051,39,Enterprise,Premium,Monthly,27,116.41,Bank Transfer,0,0,4.0,73.7,No
5052,31,Enterprise,Premium,Monthly,39,103.33,Digital Wallet,1,1,3.0,59.4,No
5053,42,Small Business,Basic,Two-Year,4,37.23,Digital Wallet,3,2,3.0,49.2,No
5054,34,Consumer,Standard,Monthly,4,64.11,Digital Wallet,4,1,4.0,64.0,Yes
5055,30,Small Business,Basic,Monthly,20,41.66,Direct Debit,2,0,3.0,26.4,No
5056,38,Consumer,Standard,Annual,30,54.65,Credit Card,1,1,4.0,81.5,No
5057,59,Consumer,Basic,Monthly,16,61.4,Credit Card,8,1,1.0,44.8,No
5058,40,Consumer,Standard,Monthly,11,81.75,Direct Debit,2,2,4.0,71.1,No
5059,34,Consumer,Basic,Monthly,39,57.17,Direct Debit,2,0,4.0,50.3,No
5060,43,Consumer,Basic,Two-Year,22,38.12,Bank Transfer,4,1,2.0,84.4,No
5061,41,Small Business,Standard,Monthly,20,79.48,Bank Transfer,3,1,3.0,34.8,No
5062,38,Consumer,Basic,Annual,11,45.6,Direct Debit,1,1,4.0,52.8,No
5063,57,Enterprise,Premium,Annual,18,88.86,Direct Debit,2,2,3.0,83.6,No
5064,73,Consumer,Basic,Monthly,12,45.88,Credit Card,1,0,5.0,46.2,No
5065,60,Consumer,Standard,Monthly,43,76.88,Bank Transfer,0,0,2.0,53.7,No
5066,66,Small Business,Standard,Annual,11,68.42,Credit Card,1,1,3.0,93.1,No
5067,27,Consumer,Standard,Two-Year,32,66.54,Digital Wallet,0,2,5.0,55.3,No
5068,31,Consumer,Standard,Monthly,55,66.27,Credit Card,1,1,4.0,50.5,No
5069,62,Small Business,Premium,Monthly,15,91.93,Digital Wallet,5,1,2.0,62.8,No
5070,37,Small Business,Standard,Annual,27,95.03,Credit Card,4,2,4.0,48.2,No
5071,50,Consumer,Standard,Two-Year,59,88.24,Credit Card,2,2,3.0,44.7,No
5072,38,Consumer,Basic,Two-Year,23,46.62,Digital Wallet,2,1,3.0,76.2,No
5073,50,Consumer,Basic,Monthly,9,56.6,Credit Card,2,1,3.0,44.6,No
5074,43,Consumer,Basic,Annual,3,51.72,Digital Wallet,2,1,5.0,84.9,No
5075,26,Consumer,Basic,Monthly,4,51.86,Bank Transfer,2,0,4.0,59.8,No
5076,42,Consumer,Premium,Monthly,46,111.61,Bank Transfer,4,1,3.0,51.9,No
5077,24,Consumer,Premium,Two-Year,34,125.93,Credit Card,2,0,2.0,56.9,No
5078,55,Consumer,Premium,Monthly,6,114.93,Credit Card,7,5,2.0,70.7,No
5079,47,Consumer,Premium,Monthly,96,156.47,Credit Card,0,2,4.0,78.5,No
5080,40,Small Business,Basic,Annual,31,40.27,Credit Card,3,0,3.0,63.3,No
5081,43,Consumer,Premium,Monthly,25,116.75,Bank Transfer,1,0,5.0,58.6,No
5082,43,Small Business,Standard,Monthly,16,76.87,Credit Card,6,4,2.0,5.3,No
5083,45,Small Business,Basic,Annual,49,54.38,Digital Wallet,4,4,1.0,69.6,No
5084,18,Consumer,Premium,Monthly,8,107.48,Credit Card,2,0,3.0,78.8,No
5085,37,Consumer,Standard,Monthly,4,77.83,Bank Transfer,3,1,5.0,43.2,No
5086,27,Consumer,Standard,Monthly,87,70.16,Bank Transfer,2,1,4.0,59.9,No
5087,34,Enterprise,Standard,Monthly,45,93.55,Credit Card,2,2,2.0,59.8,No
5088,51,Small Business,Standard,Monthly,16,105.99,Bank Transfer,3,1,2.0,45.7,No
5089,70,Enterprise,Standard,Annual,41,95.85,Direct Debit,2,2,4.0,59.2,No
5090,37,Consumer,Premium,Annual,29,83.76,Direct Debit,1,1,4.0,75.5,No
5091,44,Consumer,Standard,Two-Year,24,82.63,Direct Debit,0,0,5.0,82.8,No
5092,55,Consumer,Standard,Two-Year,33,84.46,Digital Wallet,0,0,3.0,91.8,No
5093,57,Consumer,Standard,Annual,30,51.86,Digital Wallet,1,0,3.0,57.4,No
5094,38,Consumer,Standard,Monthly,26,59.8,Bank Transfer,1,2,3.0,43.3,No
5095,55,Consumer,Premium,Annual,24,117.54,Digital Wallet,0,0,2.0,76.4,No
5096,58,Small Business,Basic,Monthly,38,42.66,Credit Card,0,0,2.0,52.6,No
5097,55,Enterprise,Standard,Annual,12,79.22,Credit Card,0,1,3.0,57.3,Yes
5098,28,Consumer,Standard,Annual,35,77.88,Bank Transfer,0,1,2.0,69.8,No
5099,40,Consumer,Basic,Annual,54,41.86,Credit Card,1,0,5.0,48.8,No
5100,43,Small Business,Standard,Annual,44,98.26,Credit Card,1,1,4.0,79.6,No
5101,50,Consumer,Standard,Annual,39,78.62,Bank Transfer,3,0,5.0,46.5,No
5102,48,Small Business,Standard,Two-Year,40,84.55,Digital Wallet,0,0,3.0,85.9,No
5103,50,Consumer,Standard,Monthly,43,67.47,Digital Wallet,4,0,4.0,38.3,No
5104,37,Small Business,Standard,Two-Year,12,62.33,Bank Transfer,2,1,4.0,52.0,No
5105,18,Consumer,Standard,Two-Year,10,71.91,Bank Transfer,2,3,4.0,65.3,No
5106,38,Consumer,Basic,Two-Year,25,25.0,Bank Transfer,3,3,3.0,44.6,No
5107,46,Consumer,Basic,Monthly,18,64.17,Digital Wallet,2,0,2.0,29.7,No
5108,71,Consumer,Premium,Monthly,24,114.53,Bank Transfer,3,0,4.0,36.6,No
5109,44,Enterprise,Standard,Monthly,2,90.59,Credit Card,3,0,2.0,62.4,No
5110,32,Small Business,Premium,Annual,24,106.74,Digital Wallet,4,2,3.0,68.4,Yes
5111,63,Consumer,Basic,Annual,22,44.96,Direct Debit,1,1,4.0,65.6,No
5112,46,Small Business,Standard,Monthly,17,74.44,Credit Card,1,0,2.0,64.0,No
5113,64,Consumer,Premium,Annual,19,109.49,Digital Wallet,1,1,3.0,46.6,No
5114,42,Consumer,Standard,Two-Year,4,65.24,Direct Debit,1,1,4.0,63.2,No
5115,55,Consumer,Standard,Annual,8,72.1,Direct Debit,3,0,2.0,48.2,No
5116,43,Small Business,Premium,Annual,18,129.92,Direct Debit,3,3,3.0,56.5,No
5117,52,Consumer,Standard,Monthly,26,91.48,Bank Transfer,5,3,1.0,41.6,Yes
5118,44,Consumer,Basic,Monthly,13,45.59,Bank Transfer,2,1,4.0,59.5,No
5119,24,Enterprise,Basic,Annual,26,45.7,Digital Wallet,2,1,4.0,73.4,No
5120,54,Enterprise,Basic,Monthly,26,45.89,Bank Transfer,3,2,5.0,60.7,No
5121,35,Small Business,Basic,Monthly,29,52.37,Digital Wallet,3,1,4.0,59.4,No
5122,46,Small Business,Standard,Two-Year,16,73.67,Digital Wallet,2,1,4.0,57.9,No
5123,56,Small Business,Premium,Annual,14,107.67,Credit Card,1,0,4.0,63.2,No
5124,23,Consumer,Basic,Monthly,7,36.59,Direct Debit,1,0,3.0,49.4,No
5125,53,Consumer,Basic,Monthly,52,37.72,Digital Wallet,2,0,2.0,50.9,No
5126,52,Consumer,Standard,Monthly,14,61.45,Direct Debit,2,1,3.0,26.2,No
5127,47,Consumer,Premium,Monthly,30,87.59,Credit Card,5,1,3.0,63.6,No
5128,49,Consumer,Standard,Monthly,28,60.42,Digital Wallet,2,0,4.0,54.3,No
5129,44,Small Business,Premium,Monthly,8,108.06,Digital Wallet,4,1,3.0,56.7,No
5130,34,Consumer,Basic,Annual,7,28.65,Digital Wallet,2,3,2.0,53.8,No
5131,27,Consumer,Standard,Monthly,12,78.54,Direct Debit,2,1,3.0,34.0,No
5132,62,Consumer,Standard,Two-Year,15,69.58,Digital Wallet,2,1,2.0,69.1,No
5133,47,Consumer,Premium,Monthly,69,82.81,Credit Card,3,0,4.0,80.8,No
5134,33,Consumer,Premium,Monthly,22,113.43,Direct Debit,1,1,4.0,51.9,No
5135,54,Consumer,Basic,Monthly,23,54.1,Digital Wallet,3,2,4.0,51.2,No
5136,43,Consumer,Premium,Monthly,8,116.95,Digital Wallet,2,0,5.0,64.5,No
5137,52,Consumer,Basic,Monthly,22,48.64,Direct Debit,2,2,4.0,40.2,No
5138,38,Consumer,Standard,Monthly,15,89.7,Direct Debit,1,0,3.0,49.5,No
5139,41,Enterprise,Basic,Annual,30,74.23,Credit Card,1,0,4.0,56.4,No
5140,18,Consumer,Premium,Monthly,7,81.74,Digital Wallet,0,1,5.0,66.3,No
5141,28,Small Business,Basic,Two-Year,37,26.82,Credit Card,3,0,3.0,32.7,No
5142,45,Consumer,Basic,Annual,19,39.83,Digital Wallet,1,0,3.0,47.5,No
5143,29,Small Business,Basic,Monthly,13,55.78,Digital Wallet,3,1,3.0,74.2,No
5144,34,Enterprise,Standard,Annual,21,82.63,Credit Card,3,1,4.0,60.6,No
5145,41,Consumer,Standard,Monthly,35,75.77,Credit Card,0,0,3.0,45.0,No
5146,38,Enterprise,Standard,Annual,20,81.96,Bank Transfer,2,1,4.0,60.6,No
5147,45,Consumer,Standard,Monthly,20,74.9,Bank Transfer,3,4,3.0,67.4,No
5148,46,Consumer,Standard,Monthly,50,68.51,Direct Debit,1,0,3.0,62.2,No
5149,51,Consumer,Premium,Monthly,32,138.34,Credit Card,4,1,2.0,50.6,No
5150,57,Consumer,Basic,Two-Year,52,47.3,Bank Transfer,2,2,4.0,54.8,No
5151,46,Consumer,Standard,Monthly,11,86.01,Direct Debit,5,1,3.0,26.8,No
5152,47,Small Business,Standard,Monthly,10,72.9,Credit Card,3,1,4.0,58.1,No
5153,53,Consumer,Standard,Monthly,2,89.06,Digital Wallet,3,1,4.0,44.7,No
5154,36,Small Business,Premium,Monthly,15,97.5,Bank Transfer,2,0,4.0,55.2,No
5155,22,Small Business,Basic,Two-Year,20,45.76,Bank Transfer,1,0,3.0,69.6,No
5156,40,Consumer,Standard,Annual,14,94.0,Digital Wallet,1,1,3.0,72.0,No
5157,48,Small Business,Standard,Annual,16,83.81,Direct Debit,1,1,5.0,64.3,No
5158,33,Consumer,Basic,Monthly,11,50.75,Credit Card,2,1,3.0,72.0,No
5159,22,Consumer,Standard,Two-Year,14,75.01,Credit Card,0,1,3.0,54.7,No
5160,21,Consumer,Standard,Monthly,6,59.96,Direct Debit,4,1,3.0,47.5,No
5161,50,Enterprise,Standard,Two-Year,16,72.97,Direct Debit,2,0,3.0,59.8,No
5162,58,Consumer,Standard,Monthly,32,52.07,Bank Transfer,2,0,3.0,33.0,No
5163,71,Consumer,Basic,Two-Year,15,38.26,Credit Card,1,1,3.0,51.8,No
5164,53,Small Business,Premium,Monthly,41,105.57,Credit Card,3,1,3.0,68.6,No
5165,45,Consumer,Basic,Monthly,48,33.51,Digital Wallet,1,1,5.0,61.2,No
5166,42,Consumer,Standard,Two-Year,33,75.21,Credit Card,2,1,4.0,50.3,No
5167,33,Consumer,Standard,Monthly,24,70.89,Credit Card,2,1,3.0,38.8,No
5168,50,Small Business,Standard,Annual,14,86.51,Bank Transfer,1,1,3.0,52.4,No
5169,45,Consumer,Premium,Monthly,25,93.97,Digital Wallet,3,4,2.0,59.0,No
5170,57,Consumer,Standard,Monthly,8,57.29,Digital Wallet,3,3,4.0,32.6,No
5171,26,Consumer,Standard,Annual,48,93.92,Direct Debit,0,0,4.0,74.4,No
5172,41,Enterprise,Premium,Two-Year,21,117.09,Direct Debit,1,1,4.0,62.6,No
5173,32,Consumer,Standard,Two-Year,7,71.81,Digital Wallet,3,1,3.0,72.3,No
5174,73,Small Business,Standard,Two-Year,15,91.23,Credit Card,1,0,4.0,76.6,No
5175,54,Consumer,Premium,Monthly,17,134.86,Digital Wallet,3,1,3.0,45.5,No
5176,38,Consumer,Basic,Annual,17,37.59,Digital Wallet,3,0,3.0,90.6,No
5177,38,Consumer,Standard,Annual,62,67.86,Direct Debit,0,0,3.0,75.0,No
5178,39,Consumer,Standard,Monthly,40,59.88,Credit Card,5,2,3.0,35.3,No
5179,58,Small Business,Standard,Monthly,21,65.04,Credit Card,3,2,4.0,67.1,No
5180,44,Small Business,Premium,Monthly,43,77.84,Direct Debit,5,1,3.0,48.1,No
5181,35,Small Business,Basic,Monthly,17,61.16,Credit Card,2,2,4.0,28.2,No
5182,43,Consumer,Basic,Monthly,18,39.63,Bank Transfer,2,0,3.0,44.3,Yes
5183,32,Consumer,Basic,Annual,40,33.77,Credit Card,1,0,3.0,57.5,No
5184,29,Consumer,Standard,Monthly,8,67.29,Direct Debit,3,2,3.0,51.3,No
5185,36,Consumer,Premium,Monthly,22,110.83,Direct Debit,3,2,2.0,67.1,No
5186,41,Enterprise,Standard,Annual,33,76.01,Digital Wallet,0,1,2.0,92.4,No
5187,23,Consumer,Basic,Monthly,42,44.34,Credit Card,6,4,2.0,43.6,Yes
5188,39,Consumer,Standard,Monthly,36,62.28,Direct Debit,2,1,4.0,66.9,No
5189,43,Consumer,Standard,Monthly,34,70.21,Digital Wallet,2,0,2.0,47.9,No
5190,57,Consumer,Basic,Monthly,43,57.16,Bank Transfer,5,5,2.0,50.0,Yes
5191,74,Small Business,Standard,Monthly,29,74.53,Bank Transfer,4,3,3.0,58.6,No
5192,35,Small Business,Standard,Monthly,32,66.77,Bank Transfer,3,1,3.0,69.6,No
5193,59,Consumer,Basic,Monthly,34,50.06,Digital Wallet,3,2,3.0,29.1,No
5194,35,Consumer,Standard,Annual,18,69.59,Bank Transfer,0,1,4.0,59.2,No
5195,59,Consumer,Premium,Annual,33,106.04,Credit Card,4,2,4.0,83.4,No
5196,40,Consumer,Basic,Monthly,71,47.6,Direct Debit,2,1,4.0,52.4,No
5197,50,Consumer,Standard,Two-Year,9,81.75,Direct Debit,2,2,2.0,62.7,No
5198,55,Consumer,Standard,Monthly,24,77.48,Bank Transfer,1,1,4.0,66.3,No
5199,32,Consumer,Basic,Annual,44,50.74,Direct Debit,1,2,4.0,100.0,No
5200,30,Small Business,Standard,Annual,15,94.29,Bank Transfer,1,0,3.0,68.5,No
5201,29,Small Business,Standard,Annual,9,80.52,Digital Wallet,2,1,2.0,68.4,Yes
5202,24,Small Business,Basic,Monthly,38,53.2,Direct Debit,6,0,2.0,30.9,No
5203,77,Consumer,Standard,Annual,6,80.03,Direct Debit,1,0,3.0,52.7,No
5204,42,Small Business,Basic,Two-Year,27,41.54,Bank Transfer,3,0,1.0,72.7,No
5205,34,Consumer,Basic,Annual,67,44.63,Bank Transfer,1,0,5.0,72.0,No
5206,48,Consumer,Basic,Monthly,13,47.16,Bank Transfer,1,3,3.0,57.6,No
5207,35,Consumer,Standard,Annual,31,61.19,Direct Debit,2,1,4.0,45.6,No
5208,18,Consumer,Premium,Monthly,83,107.34,Bank Transfer,2,1,4.0,77.0,No
5209,35,Consumer,Standard,Annual,12,63.78,Bank Transfer,2,1,3.0,42.8,No
5210,51,Consumer,Basic,Annual,6,41.82,Digital Wallet,1,1,1.0,73.0,No
5211,34,Consumer,Standard,Monthly,39,72.23,Direct Debit,0,0,4.0,56.0,No
5212,30,Consumer,Standard,Monthly,54,85.0,Credit Card,1,0,3.0,49.6,No
5213,36,Enterprise,Basic,Two-Year,50,34.93,Bank Transfer,4,0,2.0,57.0,Yes
5214,44,Small Business,Premium,Two-Year,64,127.07,Direct Debit,1,0,2.0,85.7,No
5215,67,Small Business,Standard,Two-Year,20,90.28,Digital Wallet,2,3,3.0,87.3,No
5216,49,Small Business,Standard,Monthly,27,82.34,Bank Transfer,3,1,3.0,45.6,No
5217,36,Small Business,Basic,Annual,43,40.07,Credit Card,1,0,4.0,56.1,No
5218,42,Small Business,Standard,Monthly,63,75.32,Bank Transfer,5,2,2.0,52.9,No
5219,32,Consumer,Basic,Monthly,15,47.05,Digital Wallet,5,0,2.0,27.7,No
5220,56,Consumer,Basic,Two-Year,24,49.61,Direct Debit,1,0,5.0,52.0,No
5221,44,Small Business,Premium,Monthly,22,118.14,Direct Debit,6,2,1.0,56.4,No
5222,38,Consumer,Standard,Monthly,19,86.4,Direct Debit,5,2,2.0,46.4,No
5223,45,Consumer,Standard,Monthly,19,70.4,Direct Debit,7,0,1.0,21.1,No
5224,49,Consumer,Premium,Monthly,35,132.88,Bank Transfer,2,0,4.0,65.9,No
5225,25,Consumer,Basic,Annual,39,47.88,Bank Transfer,1,0,5.0,75.4,No
5226,31,Consumer,Basic,Two-Year,19,76.94,Credit Card,4,4,3.0,47.1,No
5227,32,Consumer,Basic,Monthly,8,54.77,Digital Wallet,2,4,4.0,100.0,No
5228,53,Consumer,Standard,Monthly,96,79.94,Direct Debit,2,1,4.0,56.7,No
5229,52,Small Business,Basic,Monthly,15,47.08,Digital Wallet,1,0,5.0,71.4,No
5230,48,Consumer,Standard,Monthly,25,97.88,Bank Transfer,6,1,3.0,65.0,No
5231,25,Enterprise,Basic,Monthly,38,42.95,Digital Wallet,1,3,3.0,57.2,No
5232,61,Enterprise,Standard,Two-Year,11,61.99,Digital Wallet,0,1,3.0,58.1,No
5233,47,Consumer,Standard,Annual,96,72.48,Direct Debit,1,0,2.0,86.9,No
5234,31,Consumer,Basic,Monthly,52,36.76,Credit Card,4,1,5.0,67.9,No
5235,34,Consumer,Standard,Monthly,12,70.89,Credit Card,0,0,3.0,70.2,No
5236,29,Small Business,Standard,Monthly,67,84.06,Credit Card,1,0,3.0,49.2,No
5237,52,Small Business,Premium,Monthly,67,123.7,Credit Card,3,2,3.0,40.3,No
5238,23,Enterprise,Premium,Annual,52,93.21,Credit Card,0,1,5.0,87.3,No
5239,47,Consumer,Basic,Two-Year,25,43.09,Credit Card,1,0,3.0,39.4,No
5240,49,Consumer,Basic,Monthly,17,50.76,Direct Debit,2,1,3.0,60.3,No
5241,38,Small Business,Standard,Annual,9,95.74,Bank Transfer,0,0,5.0,58.0,No
5242,50,Consumer,Basic,Monthly,3,53.21,Bank Transfer,1,0,4.0,92.1,No
5243,72,Enterprise,Standard,Annual,59,87.03,Credit Card,2,1,5.0,70.4,No
5244,20,Consumer,Basic,Annual,27,44.2,Credit Card,2,1,3.0,68.2,No
5245,43,Small Business,Standard,Monthly,3,64.34,Credit Card,1,1,3.0,63.0,No
5246,18,Consumer,Standard,Monthly,45,76.44,Digital Wallet,3,0,2.0,41.8,No
5247,18,Consumer,Standard,Monthly,37,84.4,Digital Wallet,1,2,4.0,56.1,Yes
5248,32,Consumer,Standard,Annual,43,85.15,Credit Card,2,1,3.0,69.0,No
5249,34,Consumer,Standard,Two-Year,3,78.23,Digital Wallet,5,4,4.0,46.3,Yes
5250,57,Small Business,Standard,Monthly,38,59.2,Digital Wallet,1,2,5.0,58.4,No
5251,53,Consumer,Basic,Monthly,46,50.35,Credit Card,0,1,2.0,61.4,No
5252,26,Enterprise,Basic,Annual,26,34.61,Digital Wallet,1,0,3.0,79.0,No
5253,51,Small Business,Premium,Annual,28,112.09,Credit Card,0,0,5.0,59.7,No
5254,49,Consumer,Standard,Annual,2,78.78,Direct Debit,1,0,3.0,100.0,No
5255,60,Consumer,Basic,Annual,58,42.81,Bank Transfer,1,1,3.0,63.8,No
5256,62,Consumer,Standard,Monthly,9,73.2,Credit Card,4,3,,69.1,Yes
5257,52,Consumer,Standard,Monthly,36,88.44,Digital Wallet,4,2,3.0,46.9,No
5258,33,Consumer,Standard,Annual,41,78.31,Bank Transfer,1,1,5.0,44.3,No
5259,26,Consumer,Basic,Annual,34,41.53,Digital Wallet,0,1,5.0,48.9,No
5260,32,Small Business,Premium,Annual,32,117.44,Credit Card,2,1,4.0,63.3,No
5261,51,Consumer,Basic,Annual,31,59.16,Bank Transfer,2,0,4.0,67.6,No
5262,53,Consumer,Basic,Annual,32,42.63,Credit Card,2,0,5.0,73.8,No
5263,37,Consumer,Premium,Annual,13,105.24,Direct Debit,3,0,3.0,65.9,No
5264,28,Enterprise,Basic,Monthly,36,35.99,Bank Transfer,1,1,3.0,34.0,No
5265,45,Consumer,Standard,Monthly,51,87.29,Direct Debit,2,1,2.0,56.5,No
5266,48,Consumer,Basic,Annual,16,44.96,Bank Transfer,3,2,4.0,83.1,No
5267,32,Small Business,Basic,Monthly,43,51.65,Bank Transfer,3,1,4.0,49.4,No
5268,34,Consumer,Premium,Monthly,41,111.69,Bank Transfer,3,3,4.0,75.9,No
5269,50,Consumer,Basic,Monthly,17,39.85,Credit Card,1,0,3.0,60.7,No
5270,37,Enterprise,Basic,Annual,42,41.84,Direct Debit,3,0,1.0,77.1,No
5271,23,Small Business,Standard,Annual,9,66.12,Digital Wallet,2,0,3.0,39.3,No
5272,55,Small Business,Basic,Monthly,23,45.41,Bank Transfer,2,2,3.0,57.9,No
5273,47,Consumer,Standard,Annual,30,73.8,Direct Debit,2,1,3.0,52.1,No
5274,26,Enterprise,Standard,Annual,47,58.02,Credit Card,1,2,2.0,74.9,No
5275,29,Enterprise,Basic,Monthly,26,40.59,Digital Wallet,4,4,3.0,44.0,No
5276,46,Consumer,Basic,Monthly,20,43.82,Direct Debit,1,0,4.0,64.3,No
5277,19,Consumer,Basic,Two-Year,12,58.12,Direct Debit,5,1,1.0,84.4,Yes
5278,48,Consumer,Basic,Annual,7,49.0,Digital Wallet,2,2,3.0,51.7,No
5279,47,Small Business,Premium,Annual,40,121.27,Credit Card,1,0,2.0,46.7,No
5280,53,Consumer,Standard,Annual,27,68.98,Digital Wallet,2,0,5.0,76.4,No
5281,51,Consumer,Standard,Annual,18,64.22,Digital Wallet,2,1,4.0,63.6,No
5282,28,Consumer,Basic,Monthly,17,42.55,Bank Transfer,1,1,5.0,53.4,No
5283,55,Consumer,Premium,Monthly,96,96.64,Digital Wallet,6,1,2.0,42.5,No
5284,29,Consumer,Standard,Monthly,85,74.85,Digital Wallet,3,1,5.0,14.0,No
5285,18,Consumer,Basic,Monthly,30,49.54,Digital Wallet,4,1,2.0,49.9,No
5286,38,Small Business,Basic,Two-Year,35,48.44,Bank Transfer,2,1,3.0,90.1,No
5287,31,Consumer,Standard,Monthly,22,71.17,Bank Transfer,1,4,3.0,54.9,No
5288,38,Consumer,Premium,Annual,19,112.43,Digital Wallet,1,1,3.0,73.4,No
5289,40,Consumer,Standard,Annual,14,68.81,Digital Wallet,1,0,2.0,49.1,No
5290,32,Consumer,Basic,Monthly,27,45.32,Direct Debit,6,0,2.0,81.1,No
5291,27,Small Business,Basic,Monthly,5,44.2,Digital Wallet,3,1,3.0,42.2,No
5292,36,Consumer,Premium,Monthly,2,95.26,Bank Transfer,3,3,4.0,66.0,No
5293,43,Consumer,Standard,Monthly,15,67.1,Direct Debit,4,2,3.0,49.6,Yes
5294,32,Consumer,Standard,Monthly,35,58.25,Digital Wallet,2,0,2.0,57.1,No
5295,56,Consumer,Standard,Monthly,34,66.86,Bank Transfer,2,1,2.0,45.8,No
5296,46,Enterprise,Standard,Monthly,59,71.18,Bank Transfer,4,4,3.0,59.3,No
5297,54,Consumer,Basic,Annual,13,39.51,Bank Transfer,1,1,4.0,48.3,No
5298,56,Consumer,Basic,Monthly,44,41.73,Digital Wallet,0,0,3.0,59.3,No
5299,34,Small Business,Premium,Annual,29,120.06,Bank Transfer,3,2,4.0,54.4,No
5300,18,Consumer,Standard,Monthly,12,96.7,Credit Card,4,3,2.0,57.2,Yes
5301,59,Consumer,Basic,Monthly,32,51.81,Direct Debit,3,0,2.0,67.1,No
5302,67,Enterprise,Basic,Annual,30,46.66,Direct Debit,0,0,4.0,66.3,No
5303,50,Small Business,Standard,Monthly,5,84.12,Direct Debit,2,1,4.0,48.0,No
5304,39,Small Business,Standard,Monthly,42,62.57,Direct Debit,2,0,2.0,47.7,No
5305,28,Small Business,Standard,Monthly,58,64.89,Digital Wallet,0,0,5.0,29.9,No
5306,54,Consumer,Standard,Monthly,43,81.62,Credit Card,3,0,3.0,39.3,No
5307,23,Small Business,Basic,Annual,3,36.38,Bank Transfer,1,0,4.0,68.7,No
5308,37,Enterprise,Premium,Two-Year,28,121.81,Direct Debit,4,1,4.0,73.5,No
5309,22,Consumer,Standard,Monthly,28,78.09,Credit Card,2,0,3.0,73.9,No
5310,44,Consumer,Standard,Monthly,34,90.34,Bank Transfer,2,3,4.0,73.3,No
5311,72,Consumer,Standard,Annual,37,74.21,Direct Debit,3,3,3.0,56.7,No
5312,30,Small Business,Premium,Annual,41,142.82,Credit Card,1,0,4.0,62.5,No
5313,54,Consumer,Premium,Annual,50,108.52,Bank Transfer,1,2,3.0,67.1,No
5314,48,Small Business,Basic,Monthly,22,46.75,Direct Debit,0,1,4.0,67.9,No
5315,32,Consumer,Basic,Monthly,48,44.01,Bank Transfer,2,1,3.0,57.6,No
5316,49,Small Business,Standard,Monthly,19,78.06,Credit Card,2,1,3.0,34.8,No
5317,48,Enterprise,Basic,Monthly,14,25.0,Digital Wallet,2,3,4.0,48.0,No
5318,44,Small Business,Basic,Two-Year,4,49.84,Bank Transfer,1,0,5.0,59.0,No
5319,44,Small Business,Standard,Annual,44,79.93,Direct Debit,1,0,4.0,66.6,No
5320,25,Enterprise,Standard,Annual,26,75.07,Direct Debit,2,1,3.0,56.0,No
5321,40,Consumer,Standard,Annual,10,69.46,Direct Debit,5,0,4.0,64.6,No
5322,37,Consumer,Standard,Annual,21,102.76,Direct Debit,3,2,4.0,59.7,No
5323,33,Consumer,Standard,Monthly,15,89.29,Bank Transfer,0,1,3.0,52.8,No
5324,18,Enterprise,Standard,Annual,10,73.12,Bank Transfer,3,1,3.0,56.1,No
5325,28,Small Business,Standard,Monthly,42,90.96,Direct Debit,3,2,4.0,70.3,No
5326,34,Consumer,Basic,Monthly,21,47.37,Direct Debit,3,0,3.0,55.8,No
5327,36,Consumer,Standard,Monthly,37,86.22,Bank Transfer,1,3,3.0,56.3,No
5328,29,Consumer,Basic,Monthly,26,47.4,Bank Transfer,1,2,4.0,55.3,No
5329,32,Consumer,Basic,Monthly,22,39.58,Direct Debit,2,1,2.0,55.9,Yes
5330,33,Small Business,Standard,Monthly,47,73.2,Credit Card,2,3,2.0,40.2,No
5331,68,Small Business,Premium,Monthly,10,101.5,Direct Debit,2,1,3.0,84.9,No
5332,33,Small Business,Standard,Monthly,15,87.09,Digital Wallet,2,2,5.0,68.9,No
5333,43,Consumer,Premium,Two-Year,13,93.23,Digital Wallet,4,2,3.0,83.2,No
5334,40,Consumer,Basic,Annual,15,42.36,Bank Transfer,8,2,2.0,49.4,No
5335,38,Consumer,Standard,Two-Year,40,64.61,Credit Card,1,1,3.0,46.6,No
5336,60,Consumer,Basic,Monthly,27,62.88,Direct Debit,2,0,4.0,39.4,No
5337,61,Small Business,Standard,Monthly,13,54.22,Direct Debit,4,3,3.0,57.0,No
5338,41,Enterprise,Standard,Annual,39,90.78,Credit Card,3,2,3.0,43.2,No
5339,43,Consumer,Premium,Monthly,33,104.23,Digital Wallet,4,3,3.0,67.4,No
5340,40,Small Business,Premium,Monthly,23,142.35,Direct Debit,3,2,3.0,54.6,No
5341,46,Consumer,Basic,Monthly,27,39.6,Direct Debit,1,1,2.0,65.3,No
5342,37,Small Business,Standard,Monthly,22,61.88,Bank Transfer,4,1,2.0,23.7,No
5343,38,Enterprise,Standard,Annual,45,94.98,Credit Card,3,0,4.0,77.9,No
5344,41,Consumer,Standard,Monthly,9,67.6,Direct Debit,1,0,,63.7,No
5345,46,Consumer,Basic,Annual,21,45.14,Bank Transfer,2,1,5.0,68.6,No
5346,40,Consumer,Premium,Annual,7,126.0,Credit Card,1,0,4.0,78.7,No
5347,59,Small Business,Basic,Annual,15,35.94,Direct Debit,2,1,3.0,57.8,No
5348,48,Consumer,Standard,Monthly,15,71.37,Bank Transfer,2,1,3.0,60.7,No
5349,39,Consumer,Premium,Monthly,28,143.52,Bank Transfer,6,4,2.0,81.3,No
5350,80,Small Business,Standard,Annual,40,89.43,Credit Card,4,0,3.0,48.0,No
5351,58,Consumer,Standard,Two-Year,21,72.57,Direct Debit,2,0,3.0,62.7,No
5352,46,Consumer,Standard,Annual,32,78.46,Direct Debit,3,1,2.0,57.4,No
5353,48,Consumer,Standard,Monthly,31,60.17,Credit Card,2,1,3.0,43.9,No
5354,50,Consumer,Standard,Two-Year,46,73.56,Bank Transfer,5,6,3.0,66.9,No
5355,57,Small Business,Basic,Monthly,17,42.01,Digital Wallet,4,4,4.0,24.6,No
5356,62,Consumer,Basic,Annual,22,51.19,Bank Transfer,0,0,4.0,67.6,No
5357,36,Consumer,Basic,Annual,34,41.96,Digital Wallet,0,0,5.0,75.8,No
5358,18,Small Business,Basic,Two-Year,33,45.25,Bank Transfer,1,1,4.0,66.9,No
5359,32,Consumer,Standard,Two-Year,19,80.87,Credit Card,3,1,4.0,69.4,No
5360,36,Small Business,Premium,Monthly,21,103.49,Direct Debit,3,0,4.0,58.1,Yes
5361,45,Consumer,Basic,Two-Year,47,45.35,Credit Card,2,2,2.0,18.4,No
5362,46,Small Business,Basic,Monthly,40,52.2,Credit Card,2,2,5.0,65.8,No
5363,46,Consumer,Basic,Two-Year,31,48.59,Bank Transfer,0,1,5.0,66.3,No
5364,61,Consumer,Standard,Monthly,27,90.56,Bank Transfer,3,0,4.0,44.8,No
5365,33,Consumer,Standard,Monthly,33,68.74,Bank Transfer,5,1,3.0,80.1,No
5366,59,Consumer,Standard,Monthly,18,69.31,Direct Debit,1,1,4.0,42.6,No
5367,42,Enterprise,Premium,Monthly,60,113.06,Direct Debit,1,0,3.0,53.3,No
5368,52,Consumer,Premium,Annual,17,128.52,Direct Debit,7,1,3.0,62.7,No
5369,54,Consumer,Premium,Annual,32,98.05,Digital Wallet,1,0,5.0,72.5,No
5370,39,Consumer,Standard,Two-Year,8,71.62,Bank Transfer,1,0,5.0,67.2,No
5371,47,Consumer,Premium,Monthly,31,97.62,Bank Transfer,2,0,3.0,79.1,No
5372,33,Small Business,Basic,Two-Year,25,55.48,Direct Debit,1,1,3.0,81.1,No
5373,28,Consumer,Standard,Monthly,17,88.92,Credit Card,2,2,3.0,83.5,No
5374,37,Consumer,Premium,Annual,28,108.88,Direct Debit,1,0,3.0,63.7,No
5375,26,Consumer,Basic,Annual,56,43.79,Credit Card,3,0,2.0,75.3,No
5376,37,Consumer,Standard,Annual,6,80.5,Bank Transfer,2,0,3.0,42.0,No
5377,53,Enterprise,Standard,Annual,29,70.96,Direct Debit,3,0,5.0,37.4,No
5378,33,Enterprise,Standard,Monthly,13,73.79,Digital Wallet,1,1,3.0,79.2,No
5379,47,Enterprise,Basic,Annual,67,59.45,Digital Wallet,0,1,3.0,78.6,No
5380,39,Consumer,Basic,Monthly,71,40.35,Digital Wallet,2,2,3.0,49.4,No
5381,44,Enterprise,Standard,Annual,13,63.57,Digital Wallet,3,1,3.0,79.1,No
5382,62,Consumer,Basic,Monthly,20,32.38,Credit Card,1,0,3.0,51.0,No
5383,67,Consumer,Standard,Annual,39,62.27,Bank Transfer,3,3,3.0,56.2,No
5384,26,Consumer,Basic,Annual,84,41.25,Digital Wallet,2,2,4.0,77.9,No
5385,47,Consumer,Premium,Two-Year,26,85.09,Credit Card,4,1,4.0,88.1,No
5386,19,Consumer,Premium,Monthly,57,126.74,Direct Debit,1,0,3.0,65.7,No
5387,57,Consumer,Premium,Annual,25,112.19,Credit Card,1,0,3.0,68.4,No
5388,44,Small Business,Standard,Two-Year,87,80.66,Bank Transfer,1,0,4.0,70.4,No
5389,45,Consumer,Standard,Annual,14,85.9,Digital Wallet,0,0,3.0,67.5,No
5390,18,Small Business,Standard,Monthly,17,68.04,Credit Card,1,1,3.0,76.4,No
5391,40,Consumer,Standard,Monthly,12,71.01,Direct Debit,0,2,3.0,64.6,No
5392,65,Consumer,Basic,Two-Year,42,39.93,Credit Card,2,2,3.0,69.9,No
5393,49,Enterprise,Premium,Monthly,19,115.44,Direct Debit,1,0,3.0,62.3,No
5394,44,Consumer,Premium,Monthly,36,116.76,Direct Debit,6,0,4.0,53.8,No
5395,59,Consumer,Premium,Monthly,29,110.57,Direct Debit,2,0,2.0,98.8,No
5396,49,Small Business,Basic,Two-Year,18,36.23,Bank Transfer,0,0,5.0,73.4,No
5397,25,Consumer,Basic,Monthly,17,47.12,Credit Card,1,1,4.0,25.9,No
5398,31,Consumer,Premium,Annual,33,123.57,Bank Transfer,2,1,5.0,75.7,No
5399,74,Consumer,Premium,Monthly,69,95.74,Digital Wallet,0,0,2.0,49.5,No
5400,52,Small Business,Premium,Annual,6,99.39,Bank Transfer,1,0,5.0,80.4,No
5401,40,Consumer,Basic,Monthly,28,41.15,Credit Card,0,3,4.0,50.8,No
5402,33,Consumer,Standard,Monthly,17,60.88,Credit Card,5,4,4.0,50.1,No
5403,48,Consumer,Premium,Annual,25,77.29,Credit Card,2,1,4.0,73.7,No
5404,39,Small Business,Basic,Annual,53,42.11,Credit Card,2,1,3.0,53.7,No
5405,70,Small Business,Standard,Annual,7,70.02,Credit Card,1,1,4.0,54.8,No
5406,43,Small Business,Standard,Monthly,65,69.06,Bank Transfer,2,0,3.0,68.5,No
5407,67,Enterprise,Basic,Monthly,38,57.3,Direct Debit,2,0,4.0,43.9,No
5408,43,Consumer,Standard,Monthly,43,76.04,Direct Debit,0,0,2.0,83.2,No
5409,37,Consumer,Basic,Monthly,16,39.28,Bank Transfer,0,0,3.0,68.7,Yes
5410,24,Consumer,Premium,Two-Year,39,152.32,Credit Card,1,0,3.0,65.3,No
5411,65,Consumer,Basic,Monthly,58,41.48,Bank Transfer,2,3,4.0,46.0,No
5412,43,Consumer,Standard,Two-Year,30,87.18,Credit Card,0,1,4.0,61.4,No
5413,55,Consumer,Premium,Monthly,34,114.95,Direct Debit,0,1,3.0,60.8,No
5414,53,Small Business,Premium,Two-Year,19,117.2,Digital Wallet,3,2,3.0,65.6,No
5415,42,Consumer,Premium,Monthly,30,95.47,Bank Transfer,3,1,4.0,77.5,No
5416,68,Consumer,Standard,Annual,15,66.89,Credit Card,1,2,4.0,88.5,No
5417,41,Small Business,Standard,Monthly,22,43.51,Bank Transfer,2,1,5.0,63.8,No
5418,18,Consumer,Standard,Two-Year,16,67.53,Digital Wallet,1,0,5.0,55.5,No
5419,33,Consumer,Basic,Monthly,17,50.53,Credit Card,1,1,5.0,35.4,No
5420,79,Consumer,Basic,Annual,27,34.46,Credit Card,2,0,2.0,86.0,No
5421,40,Enterprise,Basic,Annual,51,48.26,Bank Transfer,2,3,4.0,30.7,No
5422,54,Small Business,Basic,Monthly,55,47.77,Bank Transfer,3,0,3.0,14.2,No
5423,54,Consumer,Standard,Monthly,56,66.34,Digital Wallet,2,0,4.0,58.9,No
5424,26,Consumer,Basic,Annual,24,53.74,Bank Transfer,2,1,3.0,42.7,No
5425,42,Enterprise,Premium,Monthly,41,127.14,Credit Card,2,1,3.0,59.8,No
5426,55,Consumer,Premium,Monthly,29,131.08,Direct Debit,4,2,4.0,50.9,Yes
5427,57,Consumer,Basic,Monthly,32,48.94,Credit Card,3,1,4.0,62.1,No
5428,30,Enterprise,Basic,Annual,24,38.81,Digital Wallet,1,1,5.0,47.2,No
5429,44,Small Business,Standard,Monthly,14,69.28,Digital Wallet,2,0,4.0,67.7,Yes
5430,28,Small Business,Premium,Monthly,20,126.77,Direct Debit,1,0,2.0,68.7,No
5431,28,Consumer,Standard,Monthly,27,37.83,Bank Transfer,3,2,3.0,86.7,No
5432,20,Consumer,Standard,Annual,31,87.76,Credit Card,2,1,3.0,78.7,No
5433,59,Consumer,Premium,Annual,19,115.18,Bank Transfer,0,0,3.0,59.0,No
5434,43,Enterprise,Standard,Annual,16,75.51,Bank Transfer,0,1,3.0,53.5,No
5435,29,Consumer,Standard,Two-Year,18,73.18,Direct Debit,3,1,2.0,51.8,No
5436,65,Consumer,Standard,Monthly,9,65.08,Direct Debit,2,1,3.0,74.2,No
5437,30,Small Business,Premium,Monthly,56,86.0,Direct Debit,4,2,2.0,50.0,No
5438,29,Small Business,Premium,Monthly,8,134.1,Bank Transfer,3,2,3.0,84.4,No
5439,27,Consumer,Basic,Monthly,30,49.78,Direct Debit,1,1,3.0,59.5,No
5440,44,Consumer,Premium,Monthly,28,114.67,Bank Transfer,2,1,2.0,72.6,No
5441,53,Consumer,Standard,Annual,12,89.12,Digital Wallet,2,1,4.0,66.1,No
5442,29,Consumer,Basic,Monthly,43,45.63,Direct Debit,4,2,3.0,35.3,Yes
5443,39,Consumer,Standard,Monthly,24,88.92,Credit Card,1,0,2.0,47.6,No
5444,41,Enterprise,Premium,Monthly,33,108.37,Bank Transfer,1,0,3.0,75.4,No
5445,31,Small Business,Standard,Monthly,54,84.51,Bank Transfer,3,2,3.0,50.3,No
5446,49,Consumer,Standard,Annual,6,95.11,Bank Transfer,2,0,3.0,72.1,No
5447,18,Consumer,Premium,Monthly,12,117.35,Credit Card,4,3,3.0,44.1,No
5448,29,Consumer,Standard,Two-Year,42,80.31,Direct Debit,0,0,3.0,61.8,No
5449,31,Small Business,Standard,Monthly,9,89.27,Bank Transfer,5,2,4.0,42.0,No
5450,35,Consumer,Standard,Two-Year,41,67.67,Digital Wallet,1,1,3.0,59.4,No
5451,63,Consumer,Premium,Monthly,33,110.63,Digital Wallet,3,2,3.0,43.3,No
5452,51,Enterprise,Basic,Monthly,9,48.63,Digital Wallet,4,1,3.0,72.0,No
5453,31,Consumer,Standard,Monthly,18,49.08,Bank Transfer,2,0,4.0,65.1,No
5454,33,Enterprise,Basic,Annual,13,44.93,Direct Debit,2,1,3.0,77.7,No
5455,48,Enterprise,Standard,Monthly,25,54.66,Digital Wallet,3,0,5.0,57.3,No
5456,36,Consumer,Standard,Monthly,23,65.6,Credit Card,2,2,3.0,51.6,No
5457,26,Small Business,Basic,Monthly,32,52.15,Credit Card,4,1,4.0,38.2,No
5458,57,Consumer,Basic,Monthly,28,54.68,Credit Card,2,0,4.0,49.7,No
5459,41,Consumer,Basic,Annual,13,52.1,Bank Transfer,2,0,3.0,64.4,No
5460,37,Consumer,Basic,Monthly,13,46.24,Digital Wallet,0,1,3.0,47.1,No
5461,24,Consumer,Premium,Monthly,25,103.52,Digital Wallet,3,1,3.0,74.4,No
5462,50,Small Business,Basic,Two-Year,4,52.09,Direct Debit,0,0,4.0,75.4,No
5463,44,Consumer,Standard,Monthly,60,79.37,Direct Debit,2,0,3.0,48.7,No
5464,60,Consumer,Premium,Annual,23,123.45,Credit Card,4,3,4.0,75.7,No
5465,46,Consumer,Standard,Monthly,12,83.36,Direct Debit,2,0,2.0,30.0,Yes
5466,60,Small Business,Basic,Monthly,17,47.57,Digital Wallet,1,1,2.0,62.0,No
5467,28,Consumer,Standard,Annual,8,70.23,Digital Wallet,1,2,3.0,84.8,No
5468,35,Small Business,Premium,Monthly,25,121.25,Bank Transfer,3,2,4.0,59.0,No
5469,50,Consumer,Basic,Two-Year,23,45.78,Direct Debit,3,3,4.0,64.8,No
5470,44,Consumer,Standard,Monthly,10,98.06,Digital Wallet,5,4,3.0,36.3,Yes
5471,28,Consumer,Standard,Monthly,9,70.94,Bank Transfer,1,2,4.0,40.1,Yes
5472,39,Consumer,Standard,Monthly,44,80.51,Digital Wallet,1,1,4.0,60.5,No
5473,40,Consumer,Basic,Two-Year,3,44.62,Digital Wallet,1,3,5.0,91.7,No
5474,44,Small Business,Basic,Monthly,37,46.12,Direct Debit,2,1,3.0,57.4,Yes
5475,37,Consumer,Premium,Monthly,18,133.74,Digital Wallet,3,2,3.0,61.3,No
5476,20,Small Business,Premium,Monthly,39,108.09,Direct Debit,5,0,4.0,41.6,No
5477,28,Enterprise,Basic,Annual,74,46.31,Direct Debit,0,0,5.0,45.4,No
5478,22,Small Business,Standard,Monthly,19,65.71,Bank Transfer,1,1,4.0,65.2,No
5479,54,Small Business,Premium,Annual,14,126.48,Digital Wallet,0,1,4.0,79.9,No
5480,23,Consumer,Basic,Annual,27,48.51,Bank Transfer,2,1,3.0,58.8,No
5481,65,Small Business,Basic,Monthly,13,32.42,Digital Wallet,7,3,2.0,59.8,No
5482,34,Consumer,Premium,Annual,85,109.88,Digital Wallet,2,0,4.0,52.8,No
5483,52,Enterprise,Standard,Monthly,7,72.28,Digital Wallet,2,1,3.0,48.0,No
5484,55,Consumer,Standard,Annual,19,91.3,Direct Debit,4,1,4.0,38.1,No
5485,60,Enterprise,Standard,Monthly,31,73.33,Bank Transfer,1,1,4.0,42.8,No
5486,51,Consumer,Basic,Monthly,9,46.1,Bank Transfer,3,1,5.0,22.4,No
5487,43,Consumer,Basic,Monthly,65,47.0,Bank Transfer,4,4,3.0,58.7,No
5488,18,Enterprise,Standard,Monthly,33,64.56,Credit Card,5,2,2.0,77.9,No
5489,53,Enterprise,Standard,Annual,38,76.32,Direct Debit,1,2,4.0,84.2,No
5490,32,Consumer,Standard,Monthly,42,74.33,Credit Card,3,5,4.0,40.5,No
5491,44,Consumer,Premium,Annual,3,136.21,Bank Transfer,4,0,2.0,84.4,No
5492,32,Small Business,Basic,Monthly,63,58.19,Digital Wallet,4,1,2.0,58.0,Yes
5493,44,Small Business,Premium,Monthly,39,117.66,Bank Transfer,2,0,4.0,98.9,No
5494,50,Consumer,Basic,Annual,54,34.77,Bank Transfer,0,0,2.0,59.2,No
5495,38,Enterprise,Basic,Monthly,20,41.54,Direct Debit,1,2,3.0,52.6,Yes
5496,47,Consumer,Basic,Monthly,85,42.02,Bank Transfer,4,3,4.0,54.5,No
5497,34,Enterprise,Basic,Monthly,56,45.49,Bank Transfer,2,1,3.0,73.0,No
5498,18,Consumer,Standard,Monthly,4,88.89,Credit Card,1,0,3.0,74.9,No
5499,51,Consumer,Basic,Monthly,53,50.39,Direct Debit,1,0,3.0,73.4,No
5500,41,Consumer,Standard,Two-Year,17,91.13,Credit Card,0,0,5.0,76.7,No
5501,35,Small Business,Premium,Annual,11,131.68,Bank Transfer,2,1,5.0,63.2,No
5502,53,Enterprise,Basic,Monthly,29,50.59,Digital Wallet,4,0,2.0,45.3,No
5503,19,Consumer,Standard,Two-Year,42,71.94,Direct Debit,2,0,3.0,61.3,No
5504,43,Consumer,Standard,Monthly,55,80.02,Credit Card,3,2,2.0,58.1,No
5505,18,Consumer,Basic,Monthly,52,48.95,Bank Transfer,1,1,2.0,57.4,No
5506,18,Small Business,Standard,Monthly,35,69.58,Bank Transfer,3,1,1.0,16.1,No
5507,48,Enterprise,Premium,Monthly,9,113.78,Direct Debit,0,1,5.0,64.9,No
5508,50,Consumer,Basic,Monthly,56,54.68,Digital Wallet,1,1,4.0,46.7,No
5509,30,Consumer,Premium,Annual,78,108.84,Credit Card,1,0,4.0,100.0,No
5510,39,Consumer,Standard,Monthly,19,76.23,Bank Transfer,2,0,4.0,64.9,No
5511,20,Enterprise,Premium,Monthly,52,134.68,Direct Debit,2,2,2.0,83.3,No
5512,36,Consumer,Basic,Annual,33,32.63,Credit Card,1,0,4.0,78.0,No
5513,59,Small Business,Standard,Annual,27,61.41,Direct Debit,2,3,4.0,60.8,No
5514,61,Consumer,Basic,Monthly,31,33.41,Credit Card,3,1,4.0,60.3,No
5515,37,Consumer,Standard,Monthly,27,74.45,Digital Wallet,2,2,4.0,59.9,No
5516,33,Enterprise,Standard,Monthly,13,78.9,Bank Transfer,3,0,2.0,17.7,No
5517,36,Consumer,Basic,Monthly,3,32.35,Credit Card,3,1,4.0,30.3,No
5518,30,Consumer,Standard,Monthly,22,64.66,Direct Debit,2,0,2.0,66.8,No
5519,36,Small Business,Basic,Annual,35,47.97,Digital Wallet,1,1,4.0,44.8,No
5520,43,Small Business,Standard,Monthly,9,56.06,Bank Transfer,2,0,4.0,46.1,No
5521,46,Consumer,Basic,Annual,14,49.07,Bank Transfer,2,0,3.0,70.0,No
5522,33,Small Business,Standard,Monthly,67,68.07,Credit Card,4,2,3.0,47.3,No
5523,27,Consumer,Premium,Annual,39,115.46,Bank Transfer,0,1,3.0,42.0,No
5524,59,Consumer,Basic,Monthly,6,47.99,Credit Card,4,1,4.0,57.6,No
5525,30,Consumer,Standard,Monthly,32,80.47,Digital Wallet,4,0,3.0,63.2,Yes
5526,28,Consumer,Premium,Annual,17,110.56,Credit Card,0,0,4.0,85.6,No
5527,57,Consumer,Standard,Annual,55,83.38,Digital Wallet,0,2,4.0,54.8,No
5528,66,Enterprise,Standard,Monthly,29,77.24,Direct Debit,2,1,2.0,31.6,No
5529,23,Consumer,Standard,Monthly,40,75.26,Direct Debit,0,0,4.0,80.3,No
5530,39,Small Business,Standard,Monthly,27,77.03,Direct Debit,2,0,4.0,65.7,No
5531,35,Consumer,Basic,Monthly,9,37.79,Digital Wallet,3,1,5.0,67.9,No
5532,53,Consumer,Basic,Monthly,32,29.71,Digital Wallet,2,1,4.0,60.1,No
5533,42,Small Business,Standard,Monthly,40,74.02,Digital Wallet,3,1,4.0,96.6,No
5534,48,Consumer,Standard,Two-Year,22,56.2,Credit Card,0,0,4.0,43.4,No
5535,40,Small Business,Standard,Annual,31,52.8,Digital Wallet,3,1,4.0,69.7,No
5536,55,Small Business,Basic,Monthly,21,43.29,Bank Transfer,2,2,3.0,75.4,No
5537,34,Consumer,Standard,Monthly,8,72.32,Bank Transfer,2,0,4.0,69.8,No
5538,26,Consumer,Basic,Monthly,6,51.85,Credit Card,1,1,4.0,76.1,No
5539,55,Enterprise,Standard,Monthly,14,75.96,Credit Card,5,4,2.0,63.7,No
5540,41,Consumer,Standard,Two-Year,7,71.04,Credit Card,2,0,4.0,79.7,No
5541,56,Small Business,Standard,Annual,13,75.79,Direct Debit,4,1,4.0,58.9,No
5542,43,Small Business,Premium,Monthly,23,91.0,Bank Transfer,1,0,4.0,81.8,No
5543,50,Consumer,Standard,Annual,26,75.36,Digital Wallet,1,0,4.0,54.9,No
5544,62,Small Business,Standard,Monthly,96,102.93,Digital Wallet,4,4,3.0,69.8,No
5545,46,Consumer,Standard,Monthly,59,80.57,Direct Debit,2,1,2.0,70.5,No
5546,18,Consumer,Premium,Monthly,28,128.14,Digital Wallet,1,1,3.0,52.5,No
5547,48,Consumer,Premium,Monthly,39,146.5,Direct Debit,1,2,2.0,61.4,No
5548,38,Consumer,Basic,Two-Year,29,51.74,Digital Wallet,1,0,5.0,84.2,No
5549,71,Consumer,Standard,Monthly,28,95.5,Bank Transfer,0,0,4.0,70.7,No
5550,21,Consumer,Standard,Annual,3,102.94,Direct Debit,1,1,4.0,61.3,No
5551,55,Consumer,Standard,Monthly,39,82.29,Bank Transfer,4,3,4.0,63.4,No
5552,45,Enterprise,Premium,Annual,27,135.64,Credit Card,0,1,4.0,92.8,No
5553,40,Consumer,Basic,Monthly,18,60.92,Credit Card,2,1,3.0,61.9,No
5554,46,Consumer,Standard,Monthly,39,85.51,Credit Card,2,0,4.0,66.4,No
5555,34,Consumer,Basic,Annual,60,46.7,Direct Debit,3,5,3.0,58.4,No
5556,47,Consumer,Standard,Annual,33,79.62,Credit Card,0,1,4.0,54.6,No
5557,27,Enterprise,Basic,Monthly,33,47.25,Bank Transfer,4,2,2.0,69.7,No
5558,54,Consumer,Standard,Monthly,17,65.98,Digital Wallet,2,0,1.0,66.3,Yes
5559,65,Small Business,Standard,Monthly,8,74.75,Bank Transfer,5,2,2.0,41.3,No
5560,35,Consumer,Standard,Monthly,24,60.5,Digital Wallet,0,0,5.0,35.8,No
5561,45,Small Business,Basic,Two-Year,16,47.78,Credit Card,1,1,4.0,73.4,No
5562,62,Consumer,Standard,Monthly,10,87.12,Direct Debit,2,2,5.0,38.2,No
5563,44,Small Business,Standard,Monthly,46,76.5,Bank Transfer,3,3,3.0,70.4,No
5564,58,Consumer,Basic,Monthly,31,44.69,Credit Card,4,1,2.0,77.4,No
5565,43,Small Business,Standard,Monthly,25,70.39,Credit Card,1,1,3.0,57.7,No
5566,40,Small Business,Standard,Annual,23,63.12,Credit Card,1,0,5.0,74.0,No
5567,47,Enterprise,Basic,Monthly,31,48.73,Direct Debit,1,1,4.0,54.7,No
5568,18,Consumer,Premium,Annual,30,80.3,Digital Wallet,2,1,3.0,61.4,No
5569,52,Enterprise,Premium,Monthly,6,134.28,Credit Card,2,1,2.0,56.7,No
5570,37,Consumer,Premium,Annual,35,106.28,Digital Wallet,3,1,2.0,71.8,No
5571,55,Consumer,Premium,Two-Year,25,126.22,Bank Transfer,4,0,3.0,73.9,No
5572,45,Consumer,Basic,Annual,25,39.52,Credit Card,0,0,4.0,58.2,No
5573,46,Consumer,Standard,Monthly,56,77.32,Digital Wallet,4,2,3.0,34.1,No
5574,40,Consumer,Basic,Monthly,26,44.2,Credit Card,0,0,4.0,100.0,No
5575,80,Consumer,Standard,Annual,35,70.7,Digital Wallet,2,1,2.0,70.6,No
5576,41,Small Business,Basic,Annual,30,55.55,Bank Transfer,1,1,4.0,74.2,No
5577,60,Consumer,Standard,Monthly,13,59.56,Bank Transfer,3,2,3.0,24.6,No
5578,76,Consumer,Standard,Annual,15,79.75,Digital Wallet,0,1,5.0,67.3,No
5579,31,Enterprise,Standard,Monthly,33,58.55,Digital Wallet,2,1,5.0,39.2,No
5580,24,Consumer,Standard,Annual,25,94.15,Credit Card,0,0,3.0,60.5,No
5581,48,Consumer,Premium,Annual,31,93.59,Direct Debit,3,2,5.0,61.4,No
5582,31,Small Business,Basic,Monthly,32,50.96,Direct Debit,3,1,2.0,58.1,No
5583,44,Consumer,Basic,Monthly,28,57.4,Credit Card,3,3,3.0,54.3,No
5584,46,Consumer,Premium,Annual,9,114.99,Credit Card,2,0,3.0,68.0,No
5585,33,Consumer,Basic,Monthly,32,40.76,Bank Transfer,3,2,3.0,59.6,No
5586,51,Consumer,Basic,Monthly,61,37.44,Bank Transfer,3,4,3.0,50.1,No
5587,41,Consumer,Standard,Monthly,26,79.96,Credit Card,3,0,4.0,44.6,Yes
5588,54,Small Business,Standard,Monthly,2,70.36,Credit Card,2,0,2.0,59.0,Yes
5589,52,Consumer,Standard,Monthly,30,49.75,Credit Card,3,0,4.0,38.8,No
5590,58,Enterprise,Basic,Annual,39,35.31,Digital Wallet,4,1,1.0,66.7,No
5591,60,Enterprise,Basic,Annual,71,39.51,Bank Transfer,0,1,2.0,34.5,No
5592,53,Consumer,Premium,Monthly,39,134.88,Credit Card,4,3,2.0,82.5,No
5593,47,Consumer,Basic,Monthly,12,47.95,Digital Wallet,6,3,3.0,38.6,No
5594,58,Small Business,Basic,Monthly,30,36.24,Direct Debit,0,1,3.0,74.6,No
5595,21,Consumer,Standard,Two-Year,22,85.97,Bank Transfer,1,0,4.0,72.5,No
5596,19,Consumer,Basic,Annual,15,40.34,Direct Debit,4,2,5.0,58.8,No
5597,18,Consumer,Standard,Monthly,8,61.98,Digital Wallet,2,1,1.0,47.5,Yes
5598,46,Consumer,Standard,Monthly,21,66.24,Direct Debit,4,0,4.0,38.8,No
5599,38,Small Business,Standard,Monthly,17,77.92,Digital Wallet,2,0,4.0,63.5,No
5600,31,Small Business,Standard,Monthly,22,55.92,Credit Card,4,0,3.0,68.5,No
5601,33,Enterprise,Basic,Monthly,47,45.02,Bank Transfer,3,1,2.0,74.3,No
5602,47,Small Business,Standard,Monthly,14,79.07,Digital Wallet,2,1,3.0,61.7,No
5603,20,Enterprise,Standard,Two-Year,32,60.82,Digital Wallet,4,0,4.0,59.0,No
5604,40,Small Business,Basic,Monthly,24,39.21,Bank Transfer,6,6,3.0,39.2,No
5605,51,Consumer,Basic,Monthly,66,56.59,Credit Card,1,2,3.0,40.7,No
5606,38,Consumer,Basic,Annual,9,31.59,Credit Card,1,4,2.0,72.1,No
5607,41,Small Business,Basic,Annual,19,35.3,Bank Transfer,0,0,4.0,49.4,No
5608,63,Consumer,Standard,Monthly,24,84.57,Direct Debit,2,1,3.0,45.4,No
5609,30,Consumer,Basic,Annual,39,25.0,Digital Wallet,1,0,4.0,76.1,No
5610,60,Small Business,Premium,Annual,13,109.79,Direct Debit,1,1,3.0,85.5,No
5611,23,Consumer,Basic,Annual,39,42.8,Credit Card,3,0,4.0,62.1,No
5612,28,Small Business,Premium,Two-Year,29,145.14,Direct Debit,0,0,5.0,54.4,No
5613,26,Consumer,Premium,Annual,12,110.81,Bank Transfer,1,0,4.0,55.4,No
5614,57,Small Business,Premium,Monthly,34,123.99,Credit Card,2,2,3.0,89.2,No
5615,40,Consumer,Standard,Annual,29,75.96,Digital Wallet,1,0,4.0,64.1,No
5616,38,Consumer,Basic,Two-Year,24,39.21,Direct Debit,4,1,3.0,52.0,No
5617,58,Consumer,Basic,Annual,21,58.31,Digital Wallet,1,1,2.0,70.3,No
5618,45,Small Business,Standard,Two-Year,13,95.98,Bank Transfer,1,0,4.0,90.1,No
5619,42,Small Business,Standard,Annual,14,62.2,Bank Transfer,2,0,4.0,44.3,No
5620,40,Consumer,Standard,Annual,22,62.5,Direct Debit,2,1,4.0,43.7,No
5621,42,Small Business,Standard,Monthly,14,83.65,Credit Card,2,1,3.0,51.6,Yes
5622,54,Consumer,Basic,Annual,28,54.3,Bank Transfer,1,1,3.0,69.2,No
5623,53,Enterprise,Standard,Annual,14,81.21,Credit Card,3,2,3.0,40.3,No
5624,67,Consumer,Basic,Monthly,13,46.04,Bank Transfer,1,0,5.0,51.9,Yes
5625,54,Small Business,Standard,Monthly,22,76.53,Credit Card,4,1,3.0,50.1,Yes
5626,39,Consumer,Basic,Annual,17,43.27,Bank Transfer,5,1,3.0,47.2,No
5627,32,Consumer,Standard,Annual,70,90.19,Bank Transfer,1,1,4.0,60.2,No
5628,51,Consumer,Basic,Annual,7,63.46,Credit Card,3,1,5.0,66.8,No
5629,41,Small Business,Premium,Monthly,4,123.55,Direct Debit,2,2,2.0,45.2,No
5630,31,Small Business,Basic,Annual,30,42.12,Credit Card,1,0,1.0,78.5,No
5631,55,Consumer,Premium,Monthly,72,108.57,Credit Card,1,1,2.0,61.2,No
5632,37,Consumer,Standard,Monthly,76,72.12,Digital Wallet,2,0,3.0,75.4,No
5633,34,Consumer,Basic,Two-Year,51,38.16,Direct Debit,0,0,4.0,52.5,No
5634,50,Consumer,Standard,Monthly,19,96.39,Credit Card,2,1,5.0,64.4,No
5635,43,Small Business,Standard,Monthly,68,76.36,Bank Transfer,2,4,4.0,46.0,No
5636,56,Consumer,Standard,Annual,20,77.69,Bank Transfer,3,1,2.0,79.2,No
5637,31,Enterprise,Basic,Annual,29,36.98,Bank Transfer,1,2,3.0,70.4,No
5638,29,Consumer,Basic,Monthly,17,43.93,Direct Debit,3,4,1.0,66.3,No
5639,29,Small Business,Basic,Two-Year,23,44.31,Credit Card,0,2,5.0,60.1,No
5640,70,Enterprise,Basic,Monthly,15,46.15,Digital Wallet,1,1,4.0,43.2,No
5641,66,Small Business,Standard,Monthly,26,70.19,Direct Debit,1,1,4.0,60.1,No
5642,18,Consumer,Standard,Monthly,35,60.65,Direct Debit,4,1,4.0,72.4,No
5643,29,Consumer,Standard,Monthly,33,82.15,Bank Transfer,2,0,4.0,34.3,No
5644,40,Consumer,Standard,Monthly,15,64.7,Direct Debit,1,0,3.0,78.3,No
5645,40,Consumer,Standard,Annual,46,69.09,Credit Card,1,0,4.0,58.3,No
5646,49,Consumer,Standard,Monthly,3,72.66,Direct Debit,1,0,4.0,34.1,No
5647,48,Small Business,Basic,Monthly,59,31.63,Credit Card,0,0,4.0,77.3,No
5648,37,Enterprise,Standard,Monthly,28,68.24,Digital Wallet,2,0,4.0,66.2,No
5649,46,Consumer,Premium,Two-Year,11,103.04,Credit Card,1,0,3.0,67.9,No
5650,35,Consumer,Basic,Annual,48,59.33,Digital Wallet,4,2,2.0,77.1,No
5651,58,Small Business,Premium,Annual,8,97.16,Direct Debit,2,2,4.0,73.1,No
5652,59,Enterprise,Standard,Monthly,8,83.14,Direct Debit,3,1,4.0,66.7,No
5653,18,Small Business,Basic,Monthly,10,45.67,Credit Card,4,2,2.0,64.3,No
5654,27,Consumer,Standard,Annual,23,79.88,Bank Transfer,3,2,3.0,55.2,No
5655,55,Consumer,Premium,Annual,36,131.53,Bank Transfer,1,0,5.0,61.4,No
5656,34,Enterprise,Premium,Annual,10,143.96,Direct Debit,0,0,3.0,66.6,No
5657,39,Consumer,Standard,Two-Year,30,69.15,Digital Wallet,1,0,4.0,65.8,No
5658,34,Small Business,Premium,Annual,9,89.24,Credit Card,5,0,2.0,59.4,No
5659,18,Enterprise,Standard,Annual,54,63.54,Digital Wallet,0,1,4.0,59.4,No
5660,43,Consumer,Standard,Two-Year,23,84.57,Bank Transfer,3,1,3.0,70.3,No
5661,45,Small Business,Basic,Annual,19,59.06,Credit Card,0,1,3.0,73.2,No
5662,54,Enterprise,Basic,Monthly,28,41.23,Direct Debit,1,1,2.0,49.6,Yes
5663,45,Small Business,Premium,Annual,6,77.12,Digital Wallet,0,1,3.0,74.8,No
5664,46,Consumer,Standard,Annual,20,72.86,Unknown,2,1,,42.9,No
5665,55,Consumer,Basic,Two-Year,64,57.27,Digital Wallet,1,0,5.0,73.2,No
5666,31,Consumer,Basic,Monthly,45,33.97,Digital Wallet,4,4,3.0,35.6,No
5667,35,Small Business,Basic,Two-Year,23,31.84,Direct Debit,1,1,4.0,48.8,No
5668,49,Consumer,Standard,Monthly,23,61.09,Direct Debit,3,2,3.0,57.5,Yes
5669,47,Small Business,Basic,Annual,11,50.91,Digital Wallet,1,0,2.0,73.7,No
5670,71,Consumer,Standard,Two-Year,15,70.12,Bank Transfer,1,1,4.0,71.1,No
5671,37,Consumer,Premium,Two-Year,29,97.62,Direct Debit,1,1,2.0,75.6,No
5672,58,Consumer,Basic,Monthly,16,54.12,Digital Wallet,0,0,5.0,57.3,No
5673,48,Small Business,Standard,Monthly,32,64.14,Direct Debit,5,1,3.0,50.4,No
5674,49,Small Business,Basic,Annual,17,39.36,Digital Wallet,4,2,3.0,44.0,No
5675,70,Consumer,Standard,Monthly,6,69.82,Credit Card,0,0,4.0,49.2,No
5676,19,Consumer,Basic,Annual,22,50.29,Credit Card,1,0,2.0,41.3,No
5677,33,Small Business,Standard,Annual,32,75.44,Direct Debit,3,2,4.0,59.9,No
5678,23,Consumer,Standard,Monthly,12,56.62,Direct Debit,2,2,5.0,39.1,No
5679,46,Small Business,Standard,Monthly,20,74.43,Bank Transfer,1,2,3.0,49.1,No
5680,41,Consumer,Premium,Monthly,4,107.49,Bank Transfer,3,5,2.0,56.1,No
5681,50,Consumer,Standard,Annual,6,100.92,Credit Card,1,0,3.0,48.2,No
5682,37,Small Business,Basic,Monthly,21,55.11,Credit Card,5,1,4.0,68.8,Yes
5683,50,Small Business,Basic,Monthly,24,46.09,Credit Card,2,2,4.0,27.0,No
5684,27,Small Business,Basic,Annual,10,44.21,Credit Card,3,1,3.0,32.0,No
5685,53,Small Business,Basic,Two-Year,58,49.66,Credit Card,2,1,3.0,25.4,No
5686,18,Consumer,Premium,Monthly,59,124.51,Digital Wallet,1,3,4.0,60.8,No
5687,61,Enterprise,Basic,Monthly,22,49.4,Direct Debit,2,0,3.0,58.1,No
5688,43,Consumer,Standard,Annual,28,56.01,Digital Wallet,2,2,4.0,54.2,No
5689,38,Consumer,Standard,Annual,36,90.44,Credit Card,0,0,2.0,92.5,No
5690,47,Consumer,Basic,Annual,58,43.64,Direct Debit,2,1,2.0,27.5,No
5691,44,Small Business,Standard,Two-Year,38,69.46,Credit Card,1,0,4.0,57.8,No
5692,26,Consumer,Standard,Annual,24,67.78,Direct Debit,0,0,5.0,66.5,No
5693,50,Consumer,Basic,Annual,18,64.51,Credit Card,1,1,4.0,74.9,No
5694,31,Consumer,Premium,Annual,26,110.83,Credit Card,2,0,2.0,64.0,No
5695,35,Consumer,Standard,Two-Year,47,67.63,Bank Transfer,1,2,4.0,70.6,No
5696,43,Consumer,Standard,Two-Year,18,75.72,Bank Transfer,2,1,3.0,66.8,No
5697,39,Enterprise,Standard,Two-Year,40,59.76,Bank Transfer,0,1,2.0,57.0,No
5698,31,Consumer,Standard,Annual,20,52.17,Digital Wallet,4,0,3.0,47.2,No
5699,54,Consumer,Standard,Annual,22,88.99,Bank Transfer,4,2,3.0,79.5,No
5700,18,Consumer,Basic,Monthly,14,37.8,Bank Transfer,1,1,4.0,54.5,No
5701,18,Consumer,Standard,Monthly,21,77.17,Bank Transfer,3,0,4.0,88.2,No
5702,20,Enterprise,Standard,Monthly,23,66.52,Credit Card,5,0,3.0,53.6,No
5703,40,Consumer,Standard,Annual,21,87.39,Digital Wallet,2,1,3.0,50.1,No
5704,37,Consumer,Standard,Annual,6,88.54,Credit Card,0,0,4.0,57.4,No
5705,45,Consumer,Premium,Monthly,3,114.56,Direct Debit,4,2,3.0,76.2,No
5706,33,Small Business,Standard,Monthly,32,65.66,Direct Debit,4,0,3.0,66.1,No
5707,73,Consumer,Premium,Monthly,26,104.52,Direct Debit,2,0,4.0,98.1,No
5708,24,Small Business,Basic,Two-Year,30,43.67,Digital Wallet,1,0,4.0,62.0,No
5709,48,Consumer,Standard,Monthly,47,91.94,Digital Wallet,1,0,5.0,44.0,No
5710,40,Consumer,Standard,Monthly,30,59.49,Digital Wallet,4,2,3.0,54.0,No
5711,42,Small Business,Standard,Monthly,41,81.52,Bank Transfer,2,1,3.0,37.1,No
5712,47,Small Business,Basic,Monthly,42,50.58,Bank Transfer,1,0,5.0,52.8,No
5713,29,Consumer,Standard,Two-Year,5,66.14,Direct Debit,1,0,3.0,62.0,No
5714,47,Consumer,Premium,Annual,23,128.25,Direct Debit,1,1,4.0,88.3,No
5715,29,Consumer,Standard,Monthly,42,74.84,Bank Transfer,2,0,3.0,64.8,No
5716,49,Consumer,Standard,Monthly,23,62.77,Bank Transfer,1,1,2.0,56.0,No
5717,30,Consumer,Basic,Monthly,20,50.24,Digital Wallet,2,1,5.0,55.5,No
5718,48,Consumer,Premium,Annual,28,132.05,Digital Wallet,1,1,5.0,67.1,No
5719,36,Consumer,Basic,Annual,32,43.45,Credit Card,1,1,4.0,61.3,No
5720,39,Consumer,Standard,Two-Year,52,90.94,Bank Transfer,1,1,4.0,65.8,No
5721,37,Consumer,Standard,Two-Year,47,88.58,Bank Transfer,1,2,2.0,78.5,No
5722,26,Consumer,Premium,Monthly,28,84.04,Bank Transfer,1,0,5.0,98.4,No
5723,44,Small Business,Standard,Monthly,49,68.41,Direct Debit,4,2,3.0,68.9,No
5724,29,Consumer,Standard,Annual,26,79.89,Bank Transfer,2,1,3.0,56.9,No
5725,35,Enterprise,Premium,Annual,58,115.14,Digital Wallet,0,0,5.0,67.3,No
5726,45,Enterprise,Basic,Annual,48,42.94,Digital Wallet,0,0,3.0,45.6,No
5727,35,Consumer,Standard,Monthly,12,72.77,Bank Transfer,4,4,2.0,41.9,Yes
5728,56,Consumer,Standard,Monthly,40,73.42,Digital Wallet,3,2,3.0,61.3,No
5729,50,Small Business,Standard,Monthly,21,67.25,Digital Wallet,3,2,3.0,47.9,No
5730,54,Consumer,Standard,Monthly,35,81.45,Bank Transfer,1,0,1.0,37.3,No
5731,39,Consumer,Premium,Monthly,23,130.86,Bank Transfer,2,1,5.0,52.6,No
5732,51,Consumer,Basic,Monthly,21,56.61,Bank Transfer,4,1,1.0,74.8,Yes
5733,46,Consumer,Premium,Monthly,29,120.93,Digital Wallet,4,1,3.0,65.3,No
5734,69,Consumer,Premium,Monthly,4,92.52,Digital Wallet,1,0,4.0,63.5,No
5735,18,Small Business,Basic,Annual,34,48.11,Bank Transfer,1,0,5.0,88.7,No
5736,39,Small Business,Basic,Annual,21,50.43,Credit Card,4,4,3.0,69.8,No
5737,47,Small Business,Standard,Annual,29,75.65,Bank Transfer,3,1,3.0,81.5,No
5738,27,Small Business,Basic,Monthly,15,51.29,Digital Wallet,0,1,5.0,63.8,No
5739,33,Small Business,Standard,Annual,10,78.63,Bank Transfer,5,1,4.0,74.7,No
5740,50,Small Business,Premium,Monthly,53,122.78,Direct Debit,0,1,3.0,82.4,No
5741,31,Consumer,Basic,Monthly,70,32.98,Direct Debit,1,0,3.0,80.1,No
5742,45,Small Business,Basic,Annual,10,44.43,Digital Wallet,1,2,4.0,59.4,No
5743,48,Enterprise,Basic,Annual,35,39.91,Direct Debit,2,1,3.0,41.0,No
5744,48,Consumer,Premium,Two-Year,31,139.39,Direct Debit,1,4,2.0,55.5,No
5745,52,Small Business,Premium,Monthly,12,124.25,Digital Wallet,3,0,3.0,77.1,No
5746,41,Consumer,Standard,Monthly,31,74.13,Direct Debit,2,1,5.0,53.3,No
5747,45,Consumer,Basic,Monthly,26,41.23,Digital Wallet,2,1,2.0,67.6,No
5748,69,Consumer,Basic,Monthly,37,37.13,Credit Card,7,0,3.0,45.4,Yes
5749,36,Consumer,Basic,Monthly,48,39.81,Digital Wallet,2,0,1.0,40.1,No
5750,57,Consumer,Standard,Monthly,35,64.03,Credit Card,2,1,3.0,39.3,No
5751,47,Consumer,Premium,Monthly,56,104.54,Bank Transfer,4,2,3.0,57.1,Yes
5752,52,Consumer,Basic,Monthly,26,36.56,Direct Debit,2,1,4.0,46.3,No
5753,42,Consumer,Basic,Annual,26,58.51,Bank Transfer,1,1,4.0,50.0,No
5754,44,Consumer,Basic,Monthly,94,27.52,Credit Card,0,0,4.0,52.5,No
5755,41,Consumer,Standard,Monthly,9,73.24,Bank Transfer,1,0,3.0,66.5,Yes
5756,37,Consumer,Premium,Monthly,48,132.73,Bank Transfer,1,1,4.0,58.2,No
5757,56,Consumer,Standard,Monthly,16,67.35,Digital Wallet,0,0,4.0,52.9,No
5758,56,Consumer,Standard,Annual,37,74.92,Bank Transfer,2,3,3.0,70.8,No
5759,38,Small Business,Standard,Two-Year,42,104.45,Bank Transfer,3,1,3.0,81.4,No
5760,48,Consumer,Standard,Two-Year,35,59.99,Digital Wallet,4,4,3.0,53.4,No
5761,32,Consumer,Basic,Monthly,26,51.1,Digital Wallet,0,0,2.0,47.1,No
5762,37,Small Business,Standard,Monthly,39,72.05,Direct Debit,1,5,3.0,57.0,No
5763,18,Consumer,Standard,Annual,11,72.83,Bank Transfer,2,2,3.0,72.2,No
5764,61,Consumer,Premium,Monthly,57,103.33,Direct Debit,0,2,4.0,57.9,No
5765,46,Consumer,Premium,Monthly,23,81.58,Bank Transfer,5,1,3.0,72.6,No
5766,38,Enterprise,Standard,Monthly,14,74.06,Digital Wallet,3,0,5.0,58.9,No
5767,46,Enterprise,Standard,Monthly,50,70.93,Digital Wallet,1,0,2.0,67.9,No
5768,18,Consumer,Basic,Annual,24,46.93,Bank Transfer,1,0,3.0,56.3,Yes
5769,41,Consumer,Standard,Monthly,17,64.37,Direct Debit,3,0,3.0,65.5,Yes
5770,18,Consumer,Premium,Annual,17,101.62,Direct Debit,1,1,3.0,54.6,No
5771,55,Consumer,Premium,Monthly,37,114.23,Digital Wallet,9,2,4.0,66.0,No
5772,58,Consumer,Standard,Annual,62,61.25,Credit Card,0,0,4.0,80.0,No
5773,23,Consumer,Basic,Annual,55,52.25,Digital Wallet,2,1,5.0,68.6,No
5774,48,Consumer,Premium,Monthly,11,123.9,Digital Wallet,2,1,3.0,58.1,No
5775,37,Consumer,Standard,Monthly,19,68.09,Bank Transfer,4,2,2.0,45.8,No
5776,21,Consumer,Basic,Annual,16,49.2,Direct Debit,0,0,3.0,67.4,No
5777,75,Consumer,Standard,Annual,14,57.66,Digital Wallet,0,1,2.0,80.5,No
5778,26,Consumer,Basic,Monthly,40,37.24,Bank Transfer,6,4,4.0,72.7,No
5779,56,Consumer,Standard,Monthly,10,82.85,Digital Wallet,3,0,2.0,42.8,No
5780,32,Consumer,Standard,Monthly,29,94.76,Credit Card,2,2,4.0,53.5,No
5781,19,Consumer,Basic,Monthly,19,48.96,Credit Card,3,3,3.0,50.9,No
5782,41,Consumer,Standard,Monthly,11,94.68,Credit Card,2,0,3.0,53.7,No
5783,56,Small Business,Premium,Annual,41,125.21,Direct Debit,1,0,2.0,85.7,No
5784,26,Small Business,Basic,Two-Year,22,55.68,Bank Transfer,3,1,5.0,55.7,No
5785,46,Consumer,Premium,Annual,25,89.97,Digital Wallet,1,1,4.0,80.4,Yes
5786,46,Enterprise,Standard,Annual,19,66.17,Bank Transfer,3,2,3.0,71.2,No
5787,43,Consumer,Basic,Monthly,22,48.35,Bank Transfer,1,1,2.0,68.5,No
5788,74,Consumer,Standard,Annual,20,65.17,Credit Card,2,1,3.0,45.6,No
5789,33,Consumer,Basic,Annual,22,58.4,Credit Card,2,0,4.0,67.4,No
5790,57,Consumer,Basic,Annual,74,45.51,Bank Transfer,0,0,4.0,59.0,No
5791,31,Small Business,Basic,Two-Year,55,32.77,Digital Wallet,1,0,4.0,66.1,No
5792,29,Consumer,Basic,Monthly,27,46.12,Credit Card,2,2,3.0,65.0,Yes
5793,47,Consumer,Standard,Annual,35,75.25,Digital Wallet,1,0,2.0,43.1,No
5794,47,Small Business,Basic,Annual,49,52.26,Direct Debit,0,0,3.0,82.4,No
5795,55,Consumer,Standard,Monthly,18,71.22,Credit Card,2,1,4.0,37.8,No
5796,42,Consumer,Premium,Annual,36,128.35,Credit Card,1,1,4.0,65.1,No
5797,22,Small Business,Standard,Annual,11,64.09,Direct Debit,3,3,4.0,61.1,No
5798,33,Consumer,Standard,Monthly,47,83.2,Bank Transfer,2,2,4.0,40.6,Yes
5799,50,Consumer,Standard,Annual,55,71.45,Bank Transfer,4,0,2.0,43.4,No
5800,34,Enterprise,Standard,Annual,15,88.55,Digital Wallet,0,1,4.0,70.8,No
5801,18,Consumer,Standard,Annual,15,80.95,Credit Card,0,0,3.0,62.4,No
5802,49,Enterprise,Premium,Monthly,41,110.6,Digital Wallet,0,1,5.0,85.8,No
5803,38,Consumer,Standard,Annual,96,87.05,Credit Card,5,3,3.0,59.3,No
5804,62,Enterprise,Premium,Two-Year,29,138.54,Unknown,1,2,3.0,70.6,No
5805,60,Small Business,Basic,Monthly,2,45.79,Digital Wallet,1,1,3.0,53.3,No
5806,18,Consumer,Basic,Annual,43,37.25,Credit Card,3,0,3.0,66.8,No
5807,41,Consumer,Basic,Monthly,20,48.93,Direct Debit,2,1,2.0,60.7,No
5808,54,Consumer,Premium,Monthly,19,123.6,Digital Wallet,5,1,2.0,48.4,No
5809,49,Consumer,Standard,Monthly,35,73.22,Bank Transfer,2,1,3.0,59.6,No
5810,26,Small Business,Basic,Annual,51,35.12,Bank Transfer,0,1,5.0,81.5,No
5811,41,Consumer,Standard,Two-Year,47,76.68,Credit Card,0,0,4.0,70.8,No
5812,26,Consumer,Standard,Monthly,36,86.33,Bank Transfer,1,0,3.0,37.5,No
5813,50,Consumer,Premium,Annual,28,123.33,Direct Debit,3,1,4.0,71.8,No
5814,41,Enterprise,Standard,Monthly,3,62.99,Credit Card,5,2,2.0,46.4,Yes
5815,67,Consumer,Premium,Monthly,8,109.84,Credit Card,1,0,3.0,24.8,No
5816,40,Consumer,Premium,Monthly,23,130.39,Direct Debit,4,1,3.0,71.6,No
5817,41,Small Business,Basic,Monthly,23,36.74,Direct Debit,3,1,4.0,89.6,No
5818,18,Consumer,Premium,Monthly,16,117.62,Digital Wallet,3,1,3.0,47.7,No
5819,54,Enterprise,Standard,Annual,17,74.4,Credit Card,2,0,3.0,59.1,No
5820,31,Consumer,Basic,Monthly,5,52.97,Digital Wallet,3,1,4.0,41.8,No
5821,21,Consumer,Standard,Monthly,18,78.67,Direct Debit,1,0,2.0,78.1,No
5822,33,Consumer,Standard,Annual,21,43.78,Bank Transfer,2,0,3.0,55.5,Yes
5823,41,Enterprise,Basic,Monthly,22,39.76,Bank Transfer,3,1,4.0,41.3,No
5824,65,Small Business,Premium,Two-Year,8,84.52,Digital Wallet,2,0,4.0,62.6,No
5825,47,Enterprise,Basic,Annual,62,52.2,Direct Debit,0,0,5.0,55.8,No
5826,52,Small Business,Basic,Annual,12,31.9,Direct Debit,1,1,5.0,79.4,No
5827,34,Small Business,Standard,Monthly,29,87.59,Credit Card,2,1,3.0,81.1,No
5828,76,Consumer,Premium,Monthly,22,126.18,Direct Debit,2,3,2.0,65.4,Yes
5829,33,Small Business,Standard,Annual,18,85.93,Direct Debit,1,1,3.0,48.8,No
5830,36,Enterprise,Standard,Monthly,30,72.93,Bank Transfer,4,1,3.0,48.9,No
5831,18,Consumer,Standard,Annual,24,85.46,Direct Debit,2,2,3.0,91.3,No
5832,36,Small Business,Basic,Annual,10,53.68,Direct Debit,0,0,3.0,62.5,No
5833,43,Consumer,Premium,Annual,23,94.61,Direct Debit,2,1,4.0,67.3,No
5834,50,Enterprise,Premium,Monthly,8,98.12,Credit Card,2,2,5.0,53.9,No
5835,45,Small Business,Basic,Annual,5,45.96,Credit Card,1,0,3.0,62.0,No
5836,52,Enterprise,Premium,Monthly,17,113.49,Credit Card,2,1,3.0,61.8,No
5837,28,Consumer,Premium,Annual,17,105.42,Digital Wallet,1,0,3.0,82.2,No
5838,30,Consumer,Standard,Monthly,23,60.36,Digital Wallet,4,0,4.0,61.1,No
5839,59,Consumer,Basic,Annual,26,44.97,Digital Wallet,0,0,,59.0,No
5840,60,Consumer,Basic,Monthly,26,39.79,Direct Debit,4,2,2.0,81.0,No
5841,53,Small Business,Premium,Monthly,26,116.61,Bank Transfer,2,2,3.0,72.2,No
5842,51,Small Business,Standard,Annual,17,49.61,Credit Card,3,1,4.0,89.6,No
5843,33,Consumer,Standard,Two-Year,14,60.56,Bank Transfer,2,1,1.0,75.7,No
5844,60,Consumer,Basic,Monthly,20,48.46,Direct Debit,0,0,4.0,73.5,No
5845,39,Consumer,Premium,Monthly,5,76.89,Credit Card,0,0,3.0,70.5,No
5846,54,Small Business,Basic,Annual,40,31.58,Direct Debit,1,1,4.0,76.2,No
5847,35,Consumer,Basic,Monthly,45,45.63,Bank Transfer,1,1,3.0,62.9,No
5848,52,Enterprise,Standard,Annual,24,63.09,Digital Wallet,4,1,4.0,31.9,No
5849,49,Consumer,Standard,Monthly,40,75.36,Digital Wallet,3,2,3.0,55.1,No
5850,50,Consumer,Standard,Monthly,41,70.42,Digital Wallet,1,0,3.0,36.1,No
5851,58,Consumer,Standard,Monthly,39,78.7,Direct Debit,3,0,3.0,58.3,No
5852,35,Enterprise,Standard,Monthly,19,46.09,Direct Debit,1,2,3.0,44.7,No
5853,23,Consumer,Basic,Monthly,18,60.62,Direct Debit,1,2,4.0,61.2,No
5854,32,Consumer,Basic,Two-Year,21,36.49,Bank Transfer,1,1,3.0,89.8,No
5855,47,Consumer,Standard,Monthly,59,94.03,Direct Debit,0,1,4.0,62.6,No
5856,53,Consumer,Standard,Monthly,12,55.57,Direct Debit,3,2,4.0,78.2,No
5857,52,Consumer,Basic,Monthly,13,44.17,Digital Wallet,1,1,4.0,45.1,No
5858,51,Consumer,Basic,Monthly,27,33.37,Digital Wallet,3,2,3.0,38.8,No
5859,39,Consumer,Premium,Monthly,25,90.53,Direct Debit,6,0,4.0,62.6,No
5860,26,Small Business,Basic,Monthly,13,35.68,Bank Transfer,1,0,3.0,66.2,No
5861,59,Enterprise,Premium,Annual,13,98.92,Direct Debit,1,0,3.0,65.0,No
5862,29,Small Business,Basic,Monthly,37,49.52,Bank Transfer,2,1,2.0,64.4,No
5863,59,Consumer,Standard,Annual,31,90.89,Direct Debit,1,1,4.0,29.5,No
5864,42,Consumer,Premium,Two-Year,38,140.77,Digital Wallet,2,0,3.0,75.9,No
5865,27,Consumer,Premium,Monthly,11,92.79,Credit Card,2,0,4.0,55.6,Yes
5866,54,Consumer,Basic,Annual,31,50.95,Bank Transfer,2,1,5.0,57.4,No
5867,47,Consumer,Basic,Monthly,62,51.79,Credit Card,4,0,2.0,59.7,No
5868,32,Consumer,Standard,Monthly,42,69.11,Bank Transfer,7,3,2.0,44.5,No
5869,37,Consumer,Basic,Monthly,50,50.33,Digital Wallet,1,0,4.0,85.8,No
5870,34,Consumer,Premium,Two-Year,9,116.92,Direct Debit,1,3,3.0,66.8,No
5871,37,Small Business,Standard,Two-Year,37,68.55,Credit Card,0,1,2.0,85.5,No
5872,53,Consumer,Standard,Monthly,39,71.89,Digital Wallet,3,3,3.0,42.7,No
5873,55,Consumer,Standard,Monthly,88,87.27,Credit Card,4,2,3.0,30.1,No
5874,52,Consumer,Basic,Monthly,51,43.58,Digital Wallet,5,4,3.0,42.2,No
5875,33,Small Business,Basic,Monthly,23,52.72,Credit Card,1,0,3.0,37.4,No
5876,29,Consumer,Basic,Annual,33,43.75,Bank Transfer,2,0,4.0,91.0,No
5877,45,Consumer,Standard,Monthly,22,62.21,Digital Wallet,3,0,3.0,50.8,No
5878,40,Consumer,Standard,Annual,10,77.78,Digital Wallet,2,3,3.0,49.5,No
5879,26,Small Business,Premium,Monthly,7,123.58,Bank Transfer,6,3,3.0,74.8,No
5880,44,Consumer,Premium,Monthly,10,96.13,Direct Debit,4,3,3.0,55.8,No
5881,27,Small Business,Basic,Monthly,45,36.62,Bank Transfer,1,2,3.0,85.2,No
5882,51,Consumer,Standard,Monthly,5,71.32,Credit Card,1,1,5.0,44.5,No
5883,32,Consumer,Standard,Annual,36,81.52,Bank Transfer,1,1,5.0,81.8,Yes
5884,31,Consumer,Standard,Monthly,48,100.51,Bank Transfer,2,2,4.0,28.9,No
5885,29,Consumer,Premium,Annual,57,107.28,Bank Transfer,2,0,4.0,84.8,No
5886,40,Consumer,Basic,Monthly,38,51.87,Bank Transfer,3,1,3.0,61.0,No
5887,42,Consumer,Standard,Monthly,28,90.9,Credit Card,3,2,3.0,66.7,No
5888,43,Consumer,Basic,Monthly,39,43.41,Direct Debit,6,0,3.0,39.5,No
5889,34,Consumer,Basic,Annual,27,55.22,Direct Debit,1,1,5.0,47.9,No
5890,56,Consumer,Premium,Monthly,19,69.67,Direct Debit,2,1,4.0,49.3,No
5891,55,Consumer,Premium,Monthly,32,123.04,Credit Card,4,1,3.0,85.2,No
5892,40,Consumer,Basic,Annual,19,56.49,Credit Card,3,1,4.0,45.1,No
5893,44,Small Business,Standard,Monthly,41,68.5,Unknown,4,2,3.0,62.1,No
5894,36,Enterprise,Premium,Annual,38,107.16,Credit Card,2,0,4.0,75.1,No
5895,49,Consumer,Standard,Monthly,16,81.0,Bank Transfer,5,2,2.0,43.8,No
5896,45,Small Business,Basic,Annual,15,41.83,Digital Wallet,1,0,5.0,46.1,No
5897,45,Consumer,Premium,Monthly,33,124.94,Direct Debit,0,0,2.0,76.4,No
5898,54,Small Business,Standard,Monthly,11,82.61,Bank Transfer,0,2,3.0,76.4,No
5899,50,Small Business,Premium,Monthly,15,97.7,Digital Wallet,1,0,5.0,78.3,No
5900,31,Consumer,Standard,Monthly,30,81.55,Digital Wallet,2,2,4.0,56.5,No
5901,42,Consumer,Basic,Monthly,55,38.02,Credit Card,4,2,2.0,32.9,No
5902,52,Consumer,Premium,Monthly,13,128.45,Direct Debit,3,1,3.0,50.6,No
5903,26,Small Business,Basic,Annual,41,26.14,Digital Wallet,3,2,2.0,54.5,No
5904,67,Consumer,Standard,Monthly,95,91.92,Credit Card,2,1,4.0,54.2,No
5905,45,Consumer,Standard,Annual,32,73.51,Direct Debit,2,2,3.0,78.1,No
5906,50,Consumer,Basic,Two-Year,31,37.9,Credit Card,3,1,5.0,74.5,No
5907,40,Consumer,Basic,Annual,13,44.72,Direct Debit,4,1,3.0,66.7,No
5908,46,Consumer,Basic,Monthly,5,31.33,Direct Debit,5,1,3.0,29.4,No
5909,45,Consumer,Premium,Annual,33,78.86,Direct Debit,1,1,3.0,73.2,No
5910,41,Small Business,Standard,Annual,32,82.36,Digital Wallet,1,0,3.0,68.8,No
5911,50,Consumer,Premium,Monthly,34,126.37,Bank Transfer,4,0,3.0,53.8,No
5912,42,Enterprise,Basic,Monthly,29,36.31,Direct Debit,5,3,4.0,63.8,No
5913,37,Enterprise,Basic,Monthly,26,43.91,Credit Card,2,2,4.0,51.1,No
5914,33,Enterprise,Standard,Two-Year,16,78.86,Direct Debit,3,0,2.0,57.2,No
5915,62,Consumer,Standard,Monthly,21,94.06,Digital Wallet,2,1,3.0,63.1,No
5916,23,Consumer,Basic,Annual,11,57.73,Credit Card,4,1,3.0,28.6,No
5917,27,Consumer,Basic,Annual,34,39.25,Direct Debit,3,2,4.0,67.9,No
5918,39,Small Business,Standard,Two-Year,16,67.95,Digital Wallet,0,1,2.0,62.6,No
5919,30,Small Business,Basic,Monthly,9,45.09,Direct Debit,2,0,5.0,43.4,No
5920,41,Consumer,Premium,Monthly,58,106.41,Direct Debit,0,1,4.0,67.1,No
5921,33,Enterprise,Basic,Two-Year,44,49.26,Digital Wallet,0,1,5.0,88.0,No
5922,49,Consumer,Basic,Annual,30,50.42,Direct Debit,0,0,4.0,29.2,No
5923,36,Consumer,Standard,Two-Year,35,74.53,Direct Debit,1,0,4.0,61.9,Yes
5924,52,Small Business,Standard,Monthly,17,65.01,Bank Transfer,2,0,4.0,58.1,No
5925,34,Consumer,Basic,Monthly,18,38.66,Digital Wallet,3,0,3.0,59.1,No
5926,61,Enterprise,Standard,Monthly,16,63.3,Direct Debit,2,0,4.0,68.5,No
5927,45,Consumer,Basic,Monthly,7,49.34,Digital Wallet,1,1,4.0,62.9,No
5928,41,Consumer,Standard,Annual,7,76.5,Bank Transfer,2,1,4.0,53.5,No
5929,78,Consumer,Premium,Annual,35,114.3,Credit Card,3,0,2.0,76.8,No
5930,50,Consumer,Standard,Monthly,50,86.62,Credit Card,6,2,2.0,53.2,Yes
5931,48,Consumer,Premium,Annual,13,111.78,Digital Wallet,3,1,3.0,79.5,No
5932,59,Consumer,Premium,Monthly,38,142.51,Credit Card,1,0,2.0,46.7,No
5933,48,Small Business,Standard,Annual,28,100.73,Bank Transfer,2,2,3.0,58.9,No
5934,31,Consumer,Standard,Monthly,67,86.91,Bank Transfer,2,0,3.0,41.6,No
5935,32,Consumer,Premium,Monthly,50,91.95,Digital Wallet,1,1,4.0,83.0,No
5936,57,Consumer,Basic,Monthly,7,36.95,Digital Wallet,4,2,3.0,46.2,No
5937,60,Small Business,Standard,Annual,14,73.0,Direct Debit,3,1,4.0,59.2,No
5938,18,Consumer,Standard,Annual,8,73.82,Credit Card,1,1,2.0,40.5,No
5939,46,Enterprise,Basic,Monthly,5,38.78,Bank Transfer,5,0,1.0,53.7,No
5940,28,Consumer,Premium,Monthly,25,135.82,Direct Debit,4,0,2.0,56.6,No
5941,36,Consumer,Standard,Monthly,26,66.93,Bank Transfer,1,0,3.0,60.4,No
5942,36,Small Business,Standard,Annual,29,74.52,Direct Debit,3,0,2.0,41.1,No
5943,28,Consumer,Standard,Monthly,48,47.89,Credit Card,2,3,4.0,48.9,No
5944,38,Consumer,Standard,Monthly,45,72.57,Direct Debit,4,0,3.0,54.3,No
5945,58,Enterprise,Standard,Monthly,43,77.79,Credit Card,0,2,5.0,32.4,Yes
5946,59,Consumer,Standard,Monthly,23,50.28,Bank Transfer,2,1,4.0,76.7,No
5947,45,Consumer,Premium,Monthly,26,125.06,Credit Card,4,2,5.0,75.7,No
5948,32,Consumer,Basic,Monthly,11,64.18,Digital Wallet,2,3,2.0,58.6,No
5949,51,Consumer,Standard,Monthly,12,73.45,Digital Wallet,2,0,3.0,56.6,No
5950,30,Consumer,Basic,Monthly,17,47.48,Bank Transfer,5,2,2.0,59.0,No
5951,39,Consumer,Standard,Annual,26,65.91,Digital Wallet,1,1,3.0,68.4,No
5952,54,Consumer,Basic,Monthly,33,44.31,Bank Transfer,3,0,5.0,40.8,No
5953,44,Consumer,Premium,Monthly,30,144.26,Credit Card,1,0,2.0,62.2,No
5954,46,Consumer,Basic,Monthly,1,55.94,Direct Debit,4,5,3.0,44.8,Yes
5955,18,Small Business,Standard,Two-Year,39,69.94,Credit Card,3,1,3.0,47.7,No
5956,56,Consumer,Premium,Two-Year,39,124.25,Direct Debit,5,3,2.0,49.4,No
5957,50,Consumer,Premium,Monthly,48,135.45,Bank Transfer,5,2,3.0,50.2,No
5958,35,Small Business,Premium,Monthly,15,154.46,Digital Wallet,4,2,2.0,45.5,No
5959,43,Small Business,Basic,Monthly,12,44.26,Digital Wallet,7,5,2.0,36.6,No
5960,48,Small Business,Basic,Annual,30,47.51,Credit Card,3,0,5.0,81.2,No
5961,29,Consumer,Standard,Two-Year,53,82.67,Bank Transfer,1,0,2.0,41.3,No
5962,22,Enterprise,Basic,Monthly,28,42.58,Digital Wallet,1,0,3.0,99.4,No
5963,21,Consumer,Premium,Monthly,29,118.77,Credit Card,1,0,4.0,74.4,No
5964,47,Consumer,Standard,Monthly,33,90.08,Direct Debit,3,1,3.0,80.7,No
5965,38,Enterprise,Standard,Monthly,30,85.7,Digital Wallet,4,3,3.0,58.2,No
5966,38,Consumer,Basic,Annual,32,44.42,Digital Wallet,1,2,3.0,68.8,No
5967,32,Small Business,Standard,Two-Year,29,83.72,Direct Debit,4,0,4.0,68.8,No
5968,20,Enterprise,Basic,Annual,14,45.6,Bank Transfer,0,3,5.0,69.0,No
5969,42,Consumer,Premium,Monthly,41,111.6,Credit Card,1,0,3.0,62.1,No
5970,36,Consumer,Premium,Monthly,51,103.9,Direct Debit,4,5,4.0,66.1,No
5971,34,Small Business,Basic,Monthly,12,57.62,Bank Transfer,1,0,3.0,66.9,No
5972,47,Consumer,Standard,Two-Year,21,65.93,Credit Card,1,2,3.0,80.0,No
5973,57,Small Business,Standard,Monthly,96,73.21,Digital Wallet,1,1,3.0,60.8,No
5974,35,Enterprise,Basic,Two-Year,32,47.81,Digital Wallet,1,1,3.0,41.4,No
5975,18,Small Business,Standard,Annual,17,74.22,Digital Wallet,3,0,3.0,64.8,No
5976,38,Small Business,Premium,Monthly,16,130.7,Digital Wallet,2,2,3.0,69.0,No
5977,19,Consumer,Basic,Monthly,10,39.57,Digital Wallet,1,2,2.0,69.1,No
5978,25,Consumer,Premium,Monthly,67,128.6,Direct Debit,1,1,3.0,44.2,No
5979,54,Consumer,Standard,Annual,5,81.39,Credit Card,1,0,4.0,81.6,No
5980,48,Small Business,Basic,Monthly,11,34.63,Digital Wallet,2,2,4.0,54.2,No
5981,54,Consumer,Standard,Monthly,9,74.01,Credit Card,2,1,4.0,50.9,No
5982,60,Consumer,Premium,Annual,48,139.63,Bank Transfer,1,0,4.0,48.0,No
5983,25,Enterprise,Standard,Annual,28,79.03,Digital Wallet,2,1,5.0,77.2,No
5984,34,Enterprise,Standard,Monthly,36,71.23,Direct Debit,4,1,3.0,59.5,No
5985,72,Small Business,Basic,Annual,25,48.88,Digital Wallet,1,0,3.0,65.7,No
5986,56,Small Business,Standard,Monthly,26,65.44,Bank Transfer,2,3,4.0,43.0,Yes
5987,60,Consumer,Standard,Monthly,11,73.45,Direct Debit,1,1,2.0,85.0,No
5988,45,Consumer,Standard,Monthly,30,70.04,Bank Transfer,1,1,5.0,25.9,No
5989,26,Consumer,Standard,Annual,4,64.89,Digital Wallet,6,3,3.0,45.7,No
5990,47,Small Business,Basic,Monthly,35,45.67,Digital Wallet,2,0,4.0,55.2,Yes
5991,45,Consumer,Basic,Monthly,22,54.07,Credit Card,3,0,1.0,43.6,No
5992,33,Small Business,Basic,Monthly,36,44.89,Digital Wallet,2,3,2.0,41.3,No
5993,40,Enterprise,Standard,Monthly,13,84.43,Bank Transfer,0,1,4.0,26.0,No
5994,44,Consumer,Basic,Annual,25,50.25,Credit Card,1,0,5.0,82.7,No
5995,42,Consumer,Basic,Monthly,24,49.7,Direct Debit,5,1,1.0,52.8,Yes
5996,63,Small Business,Premium,Two-Year,41,107.05,Direct Debit,1,0,4.0,53.3,No
5997,27,Small Business,Basic,Annual,25,40.23,Credit Card,0,0,4.0,86.7,No
5998,58,Consumer,Basic,Annual,14,48.49,Digital Wallet,2,2,3.0,54.2,No
5999,47,Consumer,Standard,Two-Year,75,72.91,Direct Debit,1,2,3.0,57.2,No
6000,61,Consumer,Standard,Monthly,25,73.66,Digital Wallet,4,0,1.0,45.7,No
6001,36,Small Business,Premium,Two-Year,31,128.37,Credit Card,2,0,3.0,61.8,No
6002,50,Consumer,Premium,Monthly,10,83.46,Bank Transfer,3,1,3.0,68.1,No
6003,23,Consumer,Basic,Monthly,14,40.06,Bank Transfer,0,0,2.0,50.9,No
6004,52,Consumer,Premium,Two-Year,21,100.27,Direct Debit,0,1,4.0,81.1,No
6005,49,Enterprise,Basic,Monthly,20,34.77,Bank Transfer,4,0,4.0,47.1,No
6006,53,Consumer,Standard,Monthly,22,83.93,Credit Card,1,1,4.0,33.1,No
6007,38,Consumer,Standard,Two-Year,39,105.36,Direct Debit,0,0,4.0,47.8,No
6008,45,Small Business,Basic,Monthly,32,46.55,Bank Transfer,3,3,4.0,47.1,No
6009,65,Small Business,Basic,Two-Year,4,56.93,Direct Debit,0,0,5.0,68.0,No
6010,53,Enterprise,Basic,Monthly,26,38.74,Credit Card,3,1,1.0,93.4,No
6011,52,Consumer,Basic,Annual,40,43.93,Bank Transfer,3,0,2.0,49.4,No
6012,29,Consumer,Basic,Monthly,18,33.77,Direct Debit,0,0,3.0,74.2,Yes
6013,35,Consumer,Standard,Annual,30,83.47,Digital Wallet,1,1,2.0,25.2,No
6014,52,Consumer,Standard,Monthly,13,65.62,Bank Transfer,1,2,3.0,56.3,No
6015,41,Consumer,Basic,Monthly,3,52.87,Digital Wallet,2,1,2.0,52.5,No
6016,21,Small Business,Standard,Two-Year,15,76.96,Credit Card,1,0,4.0,71.9,No
6017,43,Small Business,Basic,Annual,16,47.5,Digital Wallet,0,2,3.0,75.2,Yes
6018,32,Enterprise,Premium,Annual,54,124.57,Digital Wallet,5,2,5.0,67.3,No
6019,51,Small Business,Standard,Monthly,15,83.19,Credit Card,6,2,2.0,37.3,No
6020,35,Consumer,Basic,Monthly,39,36.48,Direct Debit,2,1,4.0,38.0,No
6021,38,Consumer,Basic,Monthly,18,45.19,Direct Debit,6,3,3.0,47.7,No
6022,40,Consumer,Basic,Monthly,23,41.38,Direct Debit,0,0,3.0,44.3,No
6023,60,Consumer,Standard,Annual,47,65.62,Bank Transfer,1,0,3.0,73.6,No
6024,50,Consumer,Basic,Monthly,32,47.81,Digital Wallet,2,2,2.0,70.4,No
6025,42,Consumer,Premium,Monthly,39,121.37,Credit Card,4,1,4.0,61.1,No
6026,53,Consumer,Standard,Two-Year,7,73.0,Bank Transfer,1,2,4.0,68.8,No
6027,18,Consumer,Basic,Annual,26,55.79,Digital Wallet,4,4,3.0,83.1,No
6028,42,Small Business,Basic,Annual,19,48.56,Direct Debit,1,0,3.0,68.6,No
6029,49,Consumer,Standard,Annual,54,67.32,Credit Card,2,1,3.0,69.0,No
6030,46,Small Business,Standard,Annual,86,96.48,Bank Transfer,1,0,4.0,56.9,No
6031,32,Consumer,Standard,Two-Year,28,68.35,Direct Debit,3,2,3.0,59.3,Yes
6032,45,Enterprise,Premium,Annual,31,112.64,Direct Debit,1,2,3.0,55.0,No
6033,40,Consumer,Standard,Monthly,37,80.68,Direct Debit,1,2,4.0,68.4,No
6034,57,Enterprise,Standard,Monthly,29,75.89,Direct Debit,2,2,4.0,56.4,No
6035,34,Small Business,Basic,Monthly,22,44.94,Direct Debit,5,1,3.0,74.6,No
6036,67,Consumer,Premium,Annual,29,127.01,Credit Card,2,1,3.0,65.3,No
6037,37,Consumer,Standard,Annual,6,60.73,Digital Wallet,3,1,5.0,25.9,No
6038,42,Consumer,Standard,Annual,8,105.37,Bank Transfer,3,2,4.0,80.3,Yes
6039,34,Consumer,Premium,Monthly,29,97.56,Bank Transfer,3,3,2.0,49.5,No
6040,29,Consumer,Standard,Two-Year,23,85.21,Direct Debit,2,1,2.0,19.5,No
6041,30,Consumer,Basic,Two-Year,3,53.61,Credit Card,1,1,4.0,77.3,No
6042,51,Consumer,Standard,Monthly,65,80.15,Bank Transfer,3,1,2.0,60.7,No
6043,57,Enterprise,Basic,Monthly,27,35.38,Digital Wallet,5,4,1.0,40.8,No
6044,18,Small Business,Standard,Monthly,16,97.16,Credit Card,3,1,2.0,48.8,No
6045,34,Enterprise,Basic,Monthly,36,38.48,Digital Wallet,2,2,3.0,67.5,No
6046,36,Consumer,Premium,Monthly,69,112.22,Bank Transfer,0,0,3.0,54.5,No
6047,43,Consumer,Basic,Two-Year,40,46.83,Credit Card,4,2,3.0,90.6,No
6048,30,Enterprise,Basic,Monthly,14,57.8,Bank Transfer,3,2,2.0,33.0,No
6049,55,Small Business,Basic,Monthly,14,38.92,Bank Transfer,4,2,1.0,29.1,No
6050,37,Small Business,Basic,Monthly,5,46.22,Digital Wallet,5,4,2.0,31.7,No
6051,61,Consumer,Standard,Annual,8,64.75,Bank Transfer,2,0,3.0,49.8,No
6052,18,Consumer,Standard,Annual,34,98.72,Digital Wallet,3,1,4.0,70.9,No
6053,47,Small Business,Premium,Annual,36,154.43,Bank Transfer,3,2,5.0,73.4,Yes
6054,58,Consumer,Premium,Two-Year,14,131.58,Direct Debit,1,1,3.0,68.0,No
6055,32,Enterprise,Basic,Monthly,8,43.11,Digital Wallet,5,2,3.0,57.6,No
6056,37,Small Business,Standard,Monthly,8,65.42,Digital Wallet,6,2,1.0,80.4,No
6057,18,Consumer,Basic,Annual,37,44.6,Direct Debit,0,0,4.0,55.7,No
6058,40,Consumer,Standard,Monthly,4,62.35,Digital Wallet,2,1,3.0,41.8,No
6059,44,Consumer,Standard,Annual,15,81.87,Credit Card,4,2,1.0,74.3,No
6060,38,Consumer,Standard,Monthly,26,56.32,Credit Card,1,2,3.0,50.4,No
6061,32,Enterprise,Standard,Two-Year,32,82.74,Direct Debit,0,1,2.0,41.6,No
6062,40,Consumer,Basic,Annual,36,37.61,Digital Wallet,0,0,4.0,56.9,No
6063,35,Consumer,Standard,Annual,12,61.61,Bank Transfer,1,0,3.0,59.7,No
6064,32,Consumer,Basic,Annual,17,54.11,Direct Debit,2,1,3.0,44.4,No
6065,32,Enterprise,Standard,Monthly,29,88.08,Direct Debit,5,2,3.0,37.2,No
6066,56,Enterprise,Premium,Monthly,8,96.47,Digital Wallet,1,0,4.0,80.2,No
6067,36,Small Business,Standard,Two-Year,54,53.99,Direct Debit,2,0,3.0,48.8,No
6068,23,Consumer,Standard,Annual,16,63.69,Credit Card,3,2,5.0,78.4,No
6069,29,Consumer,Standard,Monthly,15,85.72,Credit Card,1,0,2.0,63.5,No
6070,61,Small Business,Basic,Monthly,7,31.14,Bank Transfer,2,2,4.0,45.8,No
6071,50,Small Business,Standard,Annual,33,59.55,Bank Transfer,2,1,3.0,51.3,No
6072,39,Consumer,Basic,Monthly,33,62.23,Credit Card,5,4,1.0,32.5,Yes
6073,51,Consumer,Premium,Monthly,10,104.79,Credit Card,3,2,3.0,58.5,No
6074,41,Consumer,Basic,Monthly,8,55.66,Direct Debit,3,2,3.0,51.5,No
6075,35,Consumer,Standard,Monthly,31,51.15,Digital Wallet,5,3,4.0,65.5,No
6076,60,Consumer,Standard,Monthly,29,56.22,Direct Debit,3,2,2.0,36.7,No
6077,55,Consumer,Basic,Annual,42,44.29,Direct Debit,0,0,4.0,63.5,No
6078,37,Consumer,Standard,Monthly,31,72.2,Direct Debit,2,0,2.0,51.5,No
6079,49,Enterprise,Standard,Annual,40,73.34,Credit Card,3,0,5.0,48.5,Yes
6080,51,Enterprise,Standard,Monthly,35,65.76,Digital Wallet,2,3,3.0,30.4,No
6081,51,Consumer,Basic,Monthly,11,42.85,Direct Debit,2,1,3.0,81.0,No
6082,37,Consumer,Basic,Two-Year,15,39.03,Direct Debit,2,2,3.0,50.7,No
6083,30,Consumer,Premium,Monthly,43,120.2,Bank Transfer,7,3,3.0,79.6,No
6084,53,Enterprise,Premium,Two-Year,12,99.16,Direct Debit,3,1,3.0,50.3,No
6085,53,Consumer,Standard,Monthly,13,76.1,Bank Transfer,5,1,3.0,54.3,No
6086,50,Consumer,Basic,Two-Year,31,56.29,Credit Card,3,1,4.0,88.6,No
6087,36,Consumer,Standard,Monthly,5,98.67,Bank Transfer,4,1,3.0,28.7,No
6088,47,Consumer,Premium,Annual,62,108.66,Credit Card,4,1,3.0,71.0,No
6089,47,Consumer,Standard,Monthly,67,66.73,Bank Transfer,2,0,2.0,39.8,No
6090,22,Consumer,Standard,Monthly,35,74.25,Digital Wallet,2,0,4.0,88.6,No
6091,37,Consumer,Standard,Annual,38,61.99,Credit Card,3,3,2.0,64.5,No
6092,45,Consumer,Standard,Monthly,24,73.41,Direct Debit,4,1,1.0,37.6,No
6093,47,Small Business,Premium,Annual,17,108.45,Credit Card,0,0,4.0,65.2,No
6094,44,Consumer,Standard,Two-Year,58,74.79,Direct Debit,5,2,3.0,43.3,No
6095,21,Consumer,Premium,Monthly,29,100.34,Direct Debit,4,2,3.0,59.8,No
6096,57,Consumer,Basic,Monthly,47,40.52,Direct Debit,5,3,4.0,45.8,No
6097,37,Enterprise,Premium,Annual,12,130.77,Digital Wallet,0,0,5.0,68.4,No
6098,31,Consumer,Standard,Monthly,64,71.33,Credit Card,2,2,4.0,38.7,No
6099,58,Consumer,Basic,Annual,31,44.24,Bank Transfer,2,0,4.0,65.0,No
6100,29,Enterprise,Premium,Monthly,46,145.76,Bank Transfer,0,0,4.0,63.8,No
6101,32,Consumer,Basic,Monthly,8,46.62,Direct Debit,1,0,3.0,45.2,No
6102,47,Consumer,Standard,Monthly,62,77.7,Credit Card,1,2,4.0,53.9,No
6103,34,Small Business,Basic,Monthly,15,32.76,Credit Card,1,0,3.0,35.2,Yes
6104,67,Consumer,Premium,Two-Year,11,92.65,Direct Debit,3,1,4.0,38.7,No
6105,36,Small Business,Standard,Monthly,25,82.34,Bank Transfer,1,1,4.0,44.1,No
6106,37,Consumer,Standard,Annual,22,65.58,Credit Card,2,0,4.0,58.3,No
6107,49,Enterprise,Premium,Two-Year,25,106.06,Credit Card,1,1,4.0,90.7,No
6108,18,Consumer,Basic,Annual,8,51.44,Digital Wallet,1,0,4.0,86.5,No
6109,42,Enterprise,Standard,Annual,47,108.76,Direct Debit,1,0,4.0,59.1,No
6110,52,Consumer,Standard,Monthly,6,70.96,Bank Transfer,4,1,4.0,49.9,Yes
6111,29,Small Business,Standard,Monthly,45,76.6,Digital Wallet,4,2,3.0,34.3,No
6112,41,Consumer,Premium,Monthly,37,70.21,Bank Transfer,3,0,2.0,47.7,No
6113,36,Consumer,Basic,Monthly,12,42.78,Bank Transfer,3,1,4.0,46.0,No
6114,31,Consumer,Basic,Monthly,28,36.98,Credit Card,3,1,4.0,51.3,No
6115,47,Enterprise,Basic,Monthly,25,49.59,Bank Transfer,4,1,3.0,44.0,Yes
6116,65,Consumer,Standard,Monthly,32,84.09,Credit Card,0,1,4.0,39.1,No
6117,37,Small Business,Premium,Annual,4,114.54,Bank Transfer,1,0,4.0,60.2,No
6118,61,Small Business,Premium,Two-Year,34,151.71,Bank Transfer,2,0,3.0,69.5,No
6119,43,Consumer,Standard,Two-Year,51,78.89,Digital Wallet,0,0,3.0,49.5,No
6120,52,Small Business,Basic,Two-Year,55,40.27,Digital Wallet,1,3,3.0,55.5,No
6121,21,Consumer,Standard,Two-Year,24,69.85,Bank Transfer,1,0,4.0,69.3,No
6122,58,Enterprise,Premium,Monthly,17,96.95,Bank Transfer,1,0,4.0,49.0,No
6123,28,Consumer,Standard,Annual,58,87.51,Digital Wallet,6,4,4.0,29.8,No
6124,34,Small Business,Basic,Annual,37,45.38,Direct Debit,0,1,5.0,37.3,No
6125,34,Small Business,Basic,Annual,39,54.65,Credit Card,0,1,5.0,52.7,No
6126,18,Consumer,Basic,Annual,40,45.56,Digital Wallet,0,0,4.0,45.9,No
6127,50,Small Business,Standard,Annual,30,68.22,Digital Wallet,3,0,5.0,66.3,No
6128,26,Consumer,Standard,Monthly,41,80.9,Direct Debit,4,3,2.0,70.7,Yes
6129,67,Consumer,Premium,Monthly,68,106.55,Bank Transfer,3,1,3.0,67.2,No
6130,46,Enterprise,Standard,Annual,36,77.41,Direct Debit,4,1,2.0,63.4,Yes
6131,37,Small Business,Standard,Monthly,16,95.91,Bank Transfer,4,0,3.0,57.6,No
6132,43,Small Business,Premium,Monthly,7,108.09,Bank Transfer,3,1,2.0,58.4,No
6133,18,Consumer,Basic,Annual,51,37.13,Bank Transfer,1,1,4.0,60.3,No
6134,30,Consumer,Basic,Monthly,25,47.04,Credit Card,2,0,4.0,63.8,No
6135,55,Consumer,Premium,Annual,33,117.69,Bank Transfer,3,1,4.0,41.0,No
6136,47,Consumer,Standard,Monthly,47,69.91,Credit Card,1,1,3.0,67.6,No
6137,49,Consumer,Basic,Monthly,26,36.91,Digital Wallet,3,0,4.0,46.6,No
6138,48,Enterprise,Basic,Monthly,7,38.32,Direct Debit,3,4,3.0,63.7,No
6139,20,Small Business,Basic,Monthly,36,49.76,Credit Card,4,5,3.0,24.4,No
6140,26,Small Business,Basic,Annual,33,48.33,Digital Wallet,1,0,5.0,54.3,No
6141,47,Consumer,Standard,Two-Year,26,69.88,Digital Wallet,3,4,2.0,53.1,No
6142,52,Consumer,Premium,Annual,18,142.91,Credit Card,0,0,5.0,47.8,No
6143,31,Small Business,Standard,Monthly,34,60.14,Digital Wallet,1,0,5.0,80.9,No
6144,46,Small Business,Standard,Monthly,9,55.3,Digital Wallet,3,0,3.0,47.3,Yes
6145,51,Consumer,Basic,Monthly,32,28.48,Credit Card,6,1,4.0,56.4,No
6146,58,Consumer,Basic,Annual,36,47.28,Credit Card,1,0,3.0,72.9,No
6147,55,Consumer,Standard,Two-Year,57,76.42,Credit Card,1,0,3.0,64.4,No
6148,36,Consumer,Basic,Annual,14,32.87,Digital Wallet,4,2,4.0,69.5,No
6149,76,Consumer,Basic,Monthly,48,44.4,Bank Transfer,4,1,2.0,50.9,No
6150,49,Small Business,Basic,Two-Year,24,61.97,Digital Wallet,3,4,3.0,67.1,No
6151,49,Consumer,Premium,Annual,52,102.09,Digital Wallet,1,0,3.0,71.6,No
6152,66,Consumer,Standard,Monthly,17,77.92,Unknown,4,1,2.0,63.0,No
6153,25,Consumer,Standard,Monthly,17,52.59,Direct Debit,2,2,3.0,26.6,No
6154,51,Enterprise,Standard,Annual,12,75.89,Direct Debit,1,1,3.0,70.1,Yes
6155,35,Consumer,Basic,Monthly,17,39.38,Direct Debit,2,2,2.0,66.8,No
6156,40,Consumer,Basic,Monthly,13,47.21,Direct Debit,0,1,4.0,61.5,No
6157,35,Consumer,Premium,Monthly,69,147.96,Credit Card,1,0,3.0,89.5,Yes
6158,45,Consumer,Basic,Monthly,12,44.09,Bank Transfer,3,3,3.0,29.3,No
6159,21,Consumer,Premium,Two-Year,47,106.56,Credit Card,0,0,2.0,72.8,No
6160,46,Consumer,Premium,Annual,14,76.58,Digital Wallet,3,0,4.0,61.7,No
6161,27,Enterprise,Standard,Monthly,11,73.73,Bank Transfer,2,0,3.0,58.1,No
6162,72,Consumer,Basic,Annual,31,46.52,Bank Transfer,0,1,5.0,65.4,No
6163,49,Consumer,Standard,Annual,32,63.78,Digital Wallet,0,1,4.0,62.6,No
6164,20,Small Business,Basic,Annual,14,33.53,Digital Wallet,0,1,3.0,55.9,No
6165,18,Consumer,Basic,Annual,10,58.52,Bank Transfer,3,3,4.0,82.4,Yes
6166,29,Small Business,Standard,Annual,22,74.42,Direct Debit,3,2,4.0,54.4,No
6167,43,Consumer,Standard,Annual,33,73.06,Credit Card,1,0,2.0,59.4,No
6168,33,Consumer,Basic,Monthly,28,48.35,Direct Debit,4,2,1.0,41.4,No
6169,39,Consumer,Standard,Two-Year,16,68.8,Direct Debit,5,1,4.0,88.3,No
6170,52,Consumer,Basic,Annual,26,48.68,Credit Card,0,3,3.0,48.3,No
6171,30,Consumer,Standard,Monthly,13,82.98,Direct Debit,4,0,3.0,63.2,No
6172,43,Consumer,Premium,Two-Year,18,109.01,Bank Transfer,3,0,5.0,61.6,No
6173,29,Enterprise,Premium,Monthly,17,104.57,Direct Debit,3,2,4.0,56.5,No
6174,49,Consumer,Standard,Monthly,55,67.92,Direct Debit,2,3,2.0,66.2,No
6175,36,Consumer,Basic,Monthly,27,44.35,Credit Card,3,1,3.0,66.3,Yes
6176,39,Consumer,Premium,Annual,8,118.58,Direct Debit,1,0,5.0,93.2,No
6177,27,Enterprise,Standard,Monthly,12,59.65,Credit Card,3,1,4.0,39.1,Yes
6178,60,Consumer,Standard,Two-Year,52,79.78,Credit Card,2,2,3.0,52.1,No
6179,50,Consumer,Premium,Monthly,8,124.78,Bank Transfer,4,2,3.0,72.4,No
6180,20,Consumer,Basic,Monthly,12,46.2,Credit Card,3,2,3.0,39.8,No
6181,55,Small Business,Standard,Two-Year,35,86.55,Direct Debit,1,0,4.0,61.4,No
6182,30,Enterprise,Basic,Two-Year,45,53.18,Credit Card,1,2,3.0,50.7,No
6183,29,Consumer,Standard,Annual,61,91.13,Direct Debit,1,0,3.0,44.1,No
6184,63,Small Business,Standard,Monthly,27,93.79,Digital Wallet,5,2,1.0,44.9,No
6185,59,Consumer,Standard,Annual,22,65.46,Digital Wallet,2,0,5.0,79.9,No
6186,30,Enterprise,Standard,Annual,28,74.67,Direct Debit,1,0,3.0,67.9,No
6187,26,Consumer,Standard,Annual,59,96.71,Credit Card,0,0,4.0,63.4,No
6188,33,Consumer,Basic,Monthly,13,55.46,Bank Transfer,1,1,4.0,80.2,No
6189,26,Consumer,Standard,Monthly,22,49.94,Credit Card,4,2,2.0,49.9,No
6190,34,Enterprise,Basic,Monthly,30,52.5,Bank Transfer,2,1,3.0,48.7,No
6191,49,Consumer,Basic,Annual,48,41.61,Bank Transfer,0,1,3.0,75.2,No
6192,19,Small Business,Standard,Monthly,39,72.79,Direct Debit,0,0,4.0,65.1,No
6193,25,Small Business,Premium,Annual,13,134.94,Bank Transfer,0,1,5.0,94.1,No
6194,27,Consumer,Standard,Two-Year,25,82.96,Direct Debit,0,0,1.0,77.6,No
6195,45,Small Business,Standard,Two-Year,14,90.8,Digital Wallet,0,1,4.0,57.2,No
6196,50,Consumer,Premium,Monthly,10,147.92,Bank Transfer,2,2,4.0,58.6,No
6197,28,Consumer,Premium,Monthly,96,96.79,Direct Debit,1,2,3.0,55.5,No
6198,35,Consumer,Standard,Two-Year,15,83.99,Credit Card,3,1,3.0,49.8,No
6199,58,Consumer,Premium,Annual,63,133.26,Direct Debit,5,2,3.0,44.2,No
6200,60,Small Business,Standard,Monthly,26,74.34,Digital Wallet,4,0,2.0,73.0,No
6201,54,Consumer,Standard,Monthly,30,75.02,Bank Transfer,2,1,3.0,26.8,No
6202,19,Enterprise,Standard,Monthly,28,77.25,Digital Wallet,1,1,4.0,50.9,No
6203,52,Small Business,Standard,Annual,37,71.32,Direct Debit,1,1,4.0,36.4,No
6204,26,Small Business,Premium,Annual,48,113.29,Direct Debit,1,0,3.0,75.5,No
6205,29,Consumer,Premium,Annual,27,158.55,Direct Debit,2,0,3.0,72.7,No
6206,36,Consumer,Standard,Monthly,20,59.29,Digital Wallet,5,5,3.0,32.6,No
6207,61,Small Business,Basic,Monthly,35,42.3,Bank Transfer,2,0,2.0,51.9,No
6208,49,Consumer,Premium,Annual,74,143.93,Digital Wallet,3,1,3.0,87.7,No
6209,54,Consumer,Premium,Annual,21,143.89,Bank Transfer,1,0,4.0,86.0,No
6210,32,Small Business,Standard,Monthly,28,49.96,Direct Debit,5,0,4.0,67.5,No
6211,35,Small Business,Standard,Monthly,15,72.39,Digital Wallet,2,0,2.0,50.1,No
6212,43,Consumer,Premium,Monthly,19,115.86,Digital Wallet,4,2,4.0,66.5,No
6213,58,Consumer,Standard,Annual,19,88.67,Bank Transfer,3,0,3.0,85.6,No
6214,24,Consumer,Basic,Annual,21,49.75,Bank Transfer,2,0,2.0,70.2,No
6215,36,Consumer,Basic,Annual,64,52.71,Digital Wallet,2,1,2.0,74.4,No
6216,39,Consumer,Standard,Monthly,39,75.45,Credit Card,2,0,4.0,53.2,No
6217,23,Small Business,Standard,Annual,34,83.78,Digital Wallet,1,0,4.0,80.6,No
6218,53,Consumer,Standard,Two-Year,29,83.8,Digital Wallet,2,1,4.0,53.3,No
6219,18,Consumer,Standard,Annual,19,61.45,Digital Wallet,2,1,3.0,78.6,No
6220,55,Enterprise,Premium,Monthly,33,103.95,Credit Card,2,0,3.0,55.5,No
6221,40,Consumer,Premium,Monthly,21,118.54,Direct Debit,2,2,4.0,85.9,No
6222,46,Consumer,Standard,Monthly,14,75.89,Direct Debit,1,0,4.0,34.7,No
6223,53,Small Business,Standard,Monthly,25,62.15,Credit Card,2,0,3.0,70.4,No
6224,29,Consumer,Basic,Monthly,39,47.77,Digital Wallet,5,2,3.0,50.6,No
6225,43,Consumer,Basic,Two-Year,15,42.53,Digital Wallet,4,1,5.0,49.6,No
6226,51,Consumer,Standard,Monthly,88,78.04,Digital Wallet,1,0,2.0,61.7,No
6227,22,Consumer,Standard,Monthly,8,80.21,Credit Card,3,0,2.0,65.8,No
6228,48,Consumer,Premium,Monthly,10,140.55,Direct Debit,4,2,2.0,48.4,No
6229,56,Enterprise,Basic,Monthly,96,55.61,Credit Card,5,2,3.0,41.0,No
6230,34,Small Business,Basic,Monthly,22,57.72,Digital Wallet,7,1,1.0,42.6,No
6231,50,Enterprise,Basic,Two-Year,29,52.83,Bank Transfer,3,0,2.0,69.2,No
6232,35,Small Business,Premium,Monthly,27,102.47,Direct Debit,3,0,4.0,65.4,No
6233,29,Enterprise,Standard,Annual,32,65.39,Direct Debit,1,0,3.0,43.1,No
6234,32,Consumer,Standard,Monthly,37,75.17,Direct Debit,3,1,3.0,63.8,No
6235,48,Consumer,Basic,Annual,48,43.0,Credit Card,2,0,3.0,39.2,No
6236,27,Enterprise,Premium,Annual,32,106.32,Digital Wallet,0,1,3.0,82.1,No
6237,25,Enterprise,Premium,Monthly,5,132.33,Digital Wallet,5,0,4.0,70.7,No
6238,38,Consumer,Basic,Monthly,20,51.22,Direct Debit,1,1,3.0,36.1,No
6239,61,Small Business,Standard,Monthly,11,81.64,Bank Transfer,4,2,3.0,45.8,Yes
6240,48,Consumer,Standard,Two-Year,11,62.51,Credit Card,1,1,4.0,60.7,No
6241,52,Consumer,Standard,Monthly,8,80.31,Credit Card,2,0,2.0,64.1,Yes
6242,53,Consumer,Standard,Monthly,39,108.0,Direct Debit,1,0,4.0,71.2,No
6243,43,Enterprise,Standard,Monthly,35,72.68,Direct Debit,3,1,1.0,42.9,No
6244,35,Consumer,Standard,Annual,26,59.79,Digital Wallet,2,1,4.0,47.7,No
6245,29,Consumer,Premium,Annual,41,162.18,Credit Card,0,2,5.0,61.1,No
6246,18,Small Business,Standard,Annual,27,66.33,Bank Transfer,1,2,4.0,63.5,No
6247,25,Consumer,Premium,Monthly,50,113.3,Bank Transfer,1,1,3.0,71.9,No
6248,18,Consumer,Basic,Monthly,38,32.25,Direct Debit,2,1,3.0,62.3,No
6249,44,Consumer,Standard,Monthly,84,69.95,Direct Debit,3,1,3.0,57.9,No
6250,20,Enterprise,Premium,Monthly,52,145.6,Bank Transfer,3,3,2.0,41.7,No
6251,42,Consumer,Premium,Annual,18,121.16,Credit Card,2,4,5.0,98.3,No
6252,41,Small Business,Standard,Monthly,30,65.68,Digital Wallet,0,0,5.0,53.0,No
6253,35,Small Business,Basic,Monthly,28,44.97,Bank Transfer,0,0,4.0,64.9,No
6254,50,Consumer,Standard,Annual,22,72.63,Credit Card,3,1,4.0,48.2,No
6255,36,Consumer,Standard,Monthly,12,79.06,Bank Transfer,3,3,2.0,46.2,No
6256,54,Consumer,Standard,Two-Year,21,76.8,Digital Wallet,2,1,2.0,65.4,No
6257,57,Enterprise,Standard,Monthly,8,76.74,Credit Card,3,3,2.0,47.5,Yes
6258,18,Consumer,Premium,Two-Year,62,151.7,Credit Card,3,3,4.0,88.2,No
6259,24,Small Business,Standard,Monthly,28,88.5,Bank Transfer,3,0,4.0,48.0,No
6260,18,Consumer,Standard,Monthly,51,96.73,Digital Wallet,2,3,3.0,51.4,No
6261,57,Consumer,Basic,Annual,30,51.02,Digital Wallet,1,1,3.0,41.6,No
6262,49,Consumer,Basic,Monthly,26,54.41,Digital Wallet,2,3,1.0,56.1,No
6263,51,Consumer,Standard,Monthly,82,47.57,Digital Wallet,1,1,2.0,65.6,No
6264,42,Consumer,Standard,Monthly,8,64.66,Bank Transfer,6,3,3.0,46.5,No
6265,53,Small Business,Basic,Monthly,30,47.96,Bank Transfer,1,0,4.0,58.1,No
6266,26,Consumer,Basic,Two-Year,18,36.75,Digital Wallet,2,0,4.0,43.5,No
6267,29,Consumer,Standard,Monthly,32,74.05,Bank Transfer,0,0,3.0,66.5,No
6268,44,Consumer,Standard,Annual,14,74.15,Credit Card,0,0,5.0,62.6,No
6269,44,Consumer,Standard,Annual,45,76.99,Direct Debit,3,0,3.0,23.1,No
6270,44,Small Business,Standard,Monthly,24,78.11,Digital Wallet,1,0,5.0,24.6,No
6271,38,Small Business,Standard,Monthly,37,74.44,Direct Debit,6,3,3.0,45.0,No
6272,53,Small Business,Standard,Monthly,20,79.0,Digital Wallet,1,1,4.0,51.9,No
6273,23,Consumer,Premium,Annual,19,107.84,Credit Card,3,1,4.0,41.1,No
6274,21,Consumer,Standard,Monthly,15,73.25,Bank Transfer,3,1,4.0,47.0,No
6275,46,Small Business,Basic,Annual,28,45.39,Credit Card,8,5,,47.9,No
6276,24,Small Business,Basic,Two-Year,13,42.19,Direct Debit,5,1,3.0,42.2,No
6277,38,Small Business,Standard,Two-Year,28,66.3,Direct Debit,4,1,4.0,79.7,No
6278,37,Consumer,Premium,Monthly,31,114.95,Bank Transfer,1,0,4.0,70.7,No
6279,53,Consumer,Standard,Monthly,17,80.4,Credit Card,2,3,3.0,61.5,No
6280,69,Consumer,Basic,Monthly,24,40.87,Credit Card,1,0,5.0,35.7,No
6281,53,Enterprise,Premium,Monthly,39,102.33,Digital Wallet,6,1,1.0,70.3,No
6282,38,Consumer,Standard,Annual,12,83.4,Direct Debit,1,0,5.0,75.7,No
6283,27,Small Business,Standard,Monthly,3,68.74,Bank Transfer,1,0,2.0,26.6,No
6284,28,Small Business,Standard,Two-Year,16,81.67,Bank Transfer,0,1,5.0,57.2,No
6285,39,Consumer,Standard,Monthly,86,81.42,Credit Card,3,1,2.0,65.9,No
6286,51,Consumer,Standard,Monthly,44,65.3,Digital Wallet,2,2,4.0,24.3,No
6287,40,Consumer,Premium,Annual,28,110.62,Credit Card,0,0,5.0,70.1,No
6288,42,Small Business,Premium,Annual,11,110.84,Direct Debit,1,1,3.0,69.6,No
6289,56,Consumer,Basic,Monthly,14,40.54,Digital Wallet,2,1,3.0,46.3,No
6290,68,Enterprise,Basic,Monthly,56,60.29,Bank Transfer,4,1,3.0,63.6,No
6291,55,Consumer,Basic,Monthly,42,31.5,Direct Debit,6,1,3.0,23.9,No
6292,54,Consumer,Basic,Annual,49,49.6,Direct Debit,2,1,4.0,66.5,No
6293,51,Small Business,Premium,Monthly,21,99.37,Bank Transfer,0,0,4.0,75.7,No
6294,50,Small Business,Standard,Annual,56,79.91,Direct Debit,0,0,3.0,51.5,No
6295,20,Consumer,Basic,Two-Year,24,44.45,Bank Transfer,0,1,5.0,81.3,No
6296,47,Small Business,Basic,Monthly,12,30.16,Digital Wallet,2,0,2.0,55.3,No
6297,40,Consumer,Basic,Annual,15,48.88,Direct Debit,2,0,3.0,42.3,No
6298,40,Consumer,Basic,Annual,27,60.23,Direct Debit,1,3,4.0,68.4,No
6299,58,Consumer,Basic,Monthly,67,42.82,Bank Transfer,2,0,3.0,40.5,No
6300,66,Consumer,Standard,Two-Year,31,56.94,Bank Transfer,3,1,5.0,72.0,No
6301,30,Small Business,Premium,Annual,10,113.81,Direct Debit,1,2,4.0,68.3,No
6302,29,Consumer,Standard,Monthly,20,99.14,Bank Transfer,0,0,4.0,65.8,No
6303,34,Small Business,Standard,Monthly,18,68.83,Direct Debit,1,2,4.0,64.0,No
6304,40,Small Business,Standard,Annual,33,76.19,Bank Transfer,3,3,3.0,67.8,No
6305,47,Enterprise,Standard,Monthly,21,100.95,Digital Wallet,3,1,2.0,49.2,No
6306,33,Enterprise,Standard,Monthly,25,49.97,Bank Transfer,4,1,2.0,70.8,No
6307,26,Small Business,Premium,Monthly,29,109.96,Direct Debit,1,0,3.0,70.9,No
6308,30,Consumer,Basic,Monthly,29,41.36,Credit Card,3,2,3.0,75.2,No
6309,54,Consumer,Basic,Annual,11,61.23,Credit Card,4,3,4.0,58.9,No
6310,35,Small Business,Standard,Annual,50,83.75,Digital Wallet,4,2,5.0,54.5,No
6311,39,Consumer,Standard,Monthly,12,80.05,Digital Wallet,1,2,4.0,70.1,No
6312,31,Consumer,Basic,Annual,34,44.53,Digital Wallet,2,1,4.0,57.2,No
6313,56,Consumer,Standard,Two-Year,27,75.09,Credit Card,1,2,3.0,36.5,No
6314,45,Consumer,Standard,Monthly,53,80.3,Direct Debit,1,4,3.0,30.4,No
6315,41,Enterprise,Standard,Two-Year,9,65.58,Digital Wallet,0,0,3.0,78.2,No
6316,48,Consumer,Basic,Two-Year,36,47.76,Digital Wallet,0,0,2.0,80.3,No
6317,39,Consumer,Basic,Monthly,18,50.96,Bank Transfer,1,1,3.0,59.9,No
6318,25,Enterprise,Standard,Monthly,19,66.99,Credit Card,1,1,4.0,53.2,No
6319,36,Small Business,Standard,Monthly,38,71.96,Digital Wallet,2,4,4.0,42.7,No
6320,51,Small Business,Premium,Two-Year,6,132.2,Direct Debit,3,0,4.0,50.9,No
6321,54,Consumer,Basic,Two-Year,26,54.12,Credit Card,2,4,3.0,67.4,No
6322,80,Consumer,Premium,Monthly,5,95.91,Credit Card,1,1,3.0,78.3,No
6323,49,Consumer,Basic,Annual,17,54.43,Credit Card,1,0,4.0,55.5,Yes
6324,26,Consumer,Premium,Monthly,30,100.01,Credit Card,3,1,2.0,67.1,No
6325,54,Small Business,Standard,Monthly,25,66.25,Bank Transfer,1,0,4.0,55.1,No
6326,45,Consumer,Standard,Annual,42,89.31,Credit Card,2,1,3.0,61.5,No
6327,18,Small Business,Standard,Monthly,38,96.3,Bank Transfer,5,2,4.0,38.5,Yes
6328,23,Enterprise,Premium,Annual,13,106.3,Direct Debit,2,1,4.0,40.6,No
6329,29,Consumer,Standard,Monthly,11,53.14,Credit Card,4,1,4.0,15.9,No
6330,58,Consumer,Premium,Two-Year,31,88.27,Direct Debit,2,0,2.0,71.2,No
6331,52,Enterprise,Standard,Annual,63,82.62,Bank Transfer,0,1,4.0,44.2,No
6332,42,Small Business,Standard,Monthly,58,101.55,Digital Wallet,5,2,2.0,24.8,No
6333,44,Small Business,Standard,Annual,12,87.88,Credit Card,4,2,3.0,65.4,No
6334,55,Enterprise,Basic,Annual,17,25.0,Digital Wallet,4,2,4.0,43.9,No
6335,53,Small Business,Premium,Annual,14,90.81,Bank Transfer,3,1,4.0,100.0,No
6336,31,Enterprise,Standard,Annual,18,88.98,Direct Debit,2,2,3.0,41.9,No
6337,52,Small Business,Basic,Annual,62,26.26,Credit Card,1,0,5.0,68.0,No
6338,60,Small Business,Premium,Annual,16,131.14,Digital Wallet,1,1,3.0,75.5,No
6339,53,Consumer,Standard,Two-Year,31,80.08,Direct Debit,1,0,3.0,83.3,No
6340,28,Enterprise,Premium,Monthly,54,143.6,Credit Card,4,0,4.0,89.4,No
6341,46,Enterprise,Standard,Monthly,33,69.05,Direct Debit,2,2,3.0,61.8,No
6342,27,Consumer,Premium,Monthly,4,102.92,Credit Card,1,1,3.0,67.8,No
6343,29,Consumer,Standard,Two-Year,8,60.28,Digital Wallet,2,2,2.0,58.8,No
6344,28,Small Business,Standard,Annual,45,74.78,Digital Wallet,3,2,3.0,51.5,No
6345,60,Consumer,Standard,Monthly,12,92.3,Bank Transfer,1,1,3.0,66.2,No
6346,32,Consumer,Premium,Two-Year,25,99.26,Credit Card,3,0,4.0,65.6,No
6347,21,Consumer,Premium,Monthly,29,105.56,Credit Card,1,0,5.0,50.4,No
6348,30,Consumer,Basic,Monthly,17,38.33,Digital Wallet,6,2,2.0,33.4,Yes
6349,47,Consumer,Standard,Two-Year,70,84.32,Credit Card,1,1,4.0,56.0,No
6350,58,Consumer,Basic,Annual,37,50.53,Credit Card,1,1,5.0,62.4,No
6351,35,Consumer,Standard,Annual,16,63.7,Bank Transfer,1,0,4.0,69.2,No
6352,61,Enterprise,Premium,Monthly,22,140.56,Direct Debit,3,1,4.0,54.9,No
6353,45,Consumer,Standard,Monthly,58,68.93,Digital Wallet,3,2,3.0,70.0,No
6354,36,Small Business,Basic,Monthly,19,49.94,Credit Card,1,0,4.0,59.3,No
6355,35,Small Business,Premium,Monthly,28,123.05,Digital Wallet,3,1,3.0,65.7,No
6356,37,Small Business,Standard,Monthly,25,93.85,Unknown,2,0,2.0,68.7,No
6357,40,Enterprise,Basic,Monthly,6,55.05,Bank Transfer,2,2,3.0,52.9,No
6358,41,Small Business,Premium,Monthly,53,113.23,Digital Wallet,5,1,2.0,88.9,No
6359,51,Small Business,Standard,Annual,79,38.67,Bank Transfer,1,0,5.0,73.7,No
6360,31,Consumer,Basic,Annual,55,27.78,Digital Wallet,1,0,4.0,61.9,No
6361,41,Small Business,Standard,Monthly,15,62.43,Digital Wallet,2,0,4.0,50.0,No
6362,36,Enterprise,Basic,Monthly,15,45.5,Digital Wallet,1,0,4.0,65.9,No
6363,54,Consumer,Basic,Annual,47,43.45,Direct Debit,0,0,4.0,63.2,No
6364,40,Consumer,Basic,Monthly,10,41.2,Bank Transfer,3,4,3.0,80.9,No
6365,59,Consumer,Premium,Two-Year,93,96.14,Digital Wallet,1,0,3.0,58.3,No
6366,56,Consumer,Standard,Monthly,48,87.75,Credit Card,4,7,2.0,52.4,No
6367,18,Small Business,Premium,Monthly,96,112.27,Bank Transfer,1,0,3.0,69.4,No
6368,28,Consumer,Standard,Two-Year,33,83.59,Digital Wallet,1,2,4.0,58.6,No
6369,35,Enterprise,Basic,Monthly,46,41.44,Credit Card,2,1,4.0,9.7,Yes
6370,53,Consumer,Basic,Monthly,58,43.15,Credit Card,0,0,3.0,59.9,No
6371,60,Small Business,Basic,Two-Year,23,51.03,Direct Debit,0,0,4.0,70.5,No
6372,36,Consumer,Basic,Monthly,80,43.25,Direct Debit,5,1,1.0,40.8,No
6373,20,Consumer,Standard,Monthly,29,64.76,Bank Transfer,2,1,3.0,43.7,No
6374,25,Consumer,Standard,Annual,43,74.06,Credit Card,5,2,3.0,59.4,No
6375,41,Small Business,Premium,Monthly,11,101.14,Digital Wallet,3,4,3.0,62.5,No
6376,37,Enterprise,Standard,Monthly,27,88.74,Direct Debit,3,4,3.0,63.2,No
6377,47,Consumer,Basic,Annual,21,47.64,Direct Debit,0,0,5.0,51.0,No
6378,41,Consumer,Standard,Monthly,10,74.75,Direct Debit,1,0,4.0,51.8,No
6379,31,Consumer,Standard,Monthly,11,86.77,Bank Transfer,2,0,2.0,56.6,No
6380,36,Consumer,Standard,Monthly,14,77.42,Bank Transfer,1,0,4.0,77.4,No
6381,38,Enterprise,Standard,Two-Year,19,82.43,Direct Debit,4,1,3.0,68.1,No
6382,37,Consumer,Standard,Annual,7,87.95,Credit Card,3,2,5.0,65.7,No
6383,42,Consumer,Basic,Two-Year,13,35.3,Credit Card,2,0,3.0,58.2,No
6384,63,Consumer,Standard,Monthly,41,90.11,Bank Transfer,4,1,3.0,38.9,No
6385,48,Consumer,Premium,Monthly,45,111.29,Direct Debit,1,0,3.0,82.8,No
6386,52,Small Business,Basic,Monthly,6,37.81,Direct Debit,1,0,2.0,45.2,No
6387,24,Consumer,Standard,Annual,38,98.57,Direct Debit,1,0,4.0,43.5,No
6388,39,Consumer,Standard,Monthly,84,79.48,Credit Card,0,0,5.0,36.0,No
6389,80,Small Business,Standard,Annual,42,65.02,Credit Card,2,3,3.0,52.6,No
6390,45,Small Business,Basic,Monthly,10,47.25,Direct Debit,0,0,4.0,55.7,No
6391,45,Consumer,Standard,Annual,13,77.41,Direct Debit,1,0,4.0,68.6,No
6392,36,Consumer,Standard,Monthly,10,95.24,Direct Debit,3,1,2.0,74.2,No
6393,46,Consumer,Basic,Monthly,11,27.54,Direct Debit,5,3,1.0,28.0,No
6394,46,Consumer,Basic,Monthly,41,51.43,Direct Debit,1,0,3.0,56.1,No
6395,67,Consumer,Basic,Two-Year,68,52.62,Credit Card,2,1,4.0,71.7,No
6396,51,Small Business,Premium,Annual,6,126.77,Credit Card,3,2,4.0,34.8,No
6397,53,Consumer,Standard,Monthly,29,67.46,Digital Wallet,3,1,3.0,57.2,No
6398,31,Consumer,Basic,Annual,93,44.59,Digital Wallet,3,1,4.0,36.6,No
6399,35,Enterprise,Basic,Monthly,20,57.7,Digital Wallet,0,1,4.0,60.7,No
6400,33,Small Business,Basic,Annual,41,46.13,Direct Debit,2,2,4.0,69.1,No
6401,25,Enterprise,Standard,Annual,17,90.34,Digital Wallet,0,1,3.0,64.7,No
6402,33,Consumer,Premium,Monthly,30,127.51,Direct Debit,0,2,5.0,61.0,No
6403,29,Small Business,Standard,Monthly,60,70.93,Digital Wallet,0,1,2.0,68.6,No
6404,51,Consumer,Premium,Annual,25,97.04,Direct Debit,2,3,3.0,68.3,No
6405,37,Small Business,Standard,Monthly,49,64.8,Credit Card,1,3,3.0,51.9,No
6406,36,Consumer,Standard,Monthly,11,61.12,Digital Wallet,2,2,3.0,64.9,No
6407,31,Enterprise,Basic,Monthly,7,43.6,Credit Card,6,2,4.0,49.7,No
6408,35,Consumer,Basic,Annual,6,46.42,Bank Transfer,3,1,2.0,39.9,No
6409,64,Consumer,Premium,Annual,70,131.4,Digital Wallet,2,2,3.0,61.4,No
6410,69,Enterprise,Standard,Monthly,39,66.25,Bank Transfer,2,3,4.0,73.0,No
6411,53,Consumer,Basic,Monthly,53,67.97,Direct Debit,1,1,4.0,69.5,No
6412,45,Consumer,Standard,Monthly,24,61.77,Digital Wallet,5,1,4.0,53.9,No
6413,34,Consumer,Basic,Monthly,27,55.26,Direct Debit,4,1,1.0,39.5,No
6414,43,Small Business,Premium,Monthly,41,110.43,Direct Debit,0,1,5.0,45.1,No
6415,57,Small Business,Standard,Monthly,15,95.58,Bank Transfer,1,1,2.0,63.0,No
6416,24,Consumer,Basic,Annual,16,41.12,Digital Wallet,4,3,2.0,44.0,No
6417,26,Small Business,Basic,Monthly,33,41.78,Direct Debit,3,4,4.0,51.8,No
6418,47,Consumer,Premium,Monthly,14,136.75,Credit Card,3,2,1.0,34.3,Yes
6419,49,Consumer,Basic,Monthly,13,52.57,Digital Wallet,3,0,3.0,58.7,No
6420,51,Consumer,Basic,Monthly,80,31.54,Bank Transfer,0,0,2.0,55.7,No
6421,22,Consumer,Standard,Annual,8,59.7,Digital Wallet,1,0,3.0,44.8,No
6422,38,Enterprise,Premium,Monthly,33,122.51,Direct Debit,4,2,2.0,79.7,Yes
6423,43,Small Business,Standard,Annual,18,83.97,Bank Transfer,1,0,3.0,62.8,No
6424,37,Consumer,Premium,Annual,18,87.84,Direct Debit,2,1,4.0,79.0,No
6425,35,Consumer,Basic,Monthly,7,47.64,Digital Wallet,3,0,3.0,90.3,No
6426,34,Small Business,Basic,Annual,34,59.75,Credit Card,1,0,3.0,62.0,No
6427,52,Small Business,Basic,Annual,40,50.42,Direct Debit,3,2,3.0,74.6,No
6428,20,Consumer,Basic,Monthly,54,48.46,Bank Transfer,2,0,3.0,37.3,No
6429,55,Consumer,Basic,Two-Year,17,45.47,Credit Card,0,0,4.0,62.0,No
6430,35,Consumer,Premium,Monthly,9,102.41,Credit Card,1,0,3.0,62.6,No
6431,39,Consumer,Premium,Monthly,46,104.87,Digital Wallet,3,0,4.0,62.9,No
6432,41,Small Business,Standard,Monthly,58,70.3,Digital Wallet,3,2,4.0,42.8,No
6433,55,Small Business,Premium,Annual,16,117.84,Digital Wallet,4,4,2.0,67.5,No
6434,65,Consumer,Standard,Monthly,7,73.21,Direct Debit,3,3,3.0,52.9,No
6435,60,Small Business,Premium,Monthly,16,104.14,Direct Debit,0,1,3.0,67.3,No
6436,32,Enterprise,Premium,Annual,15,112.64,Bank Transfer,2,1,3.0,47.5,No
6437,28,Consumer,Standard,Monthly,12,51.05,Credit Card,3,1,5.0,31.4,No
6438,27,Small Business,Basic,Monthly,28,38.68,Bank Transfer,2,2,2.0,31.5,No
6439,18,Consumer,Premium,Monthly,21,120.78,Direct Debit,2,1,4.0,62.5,No
6440,44,Consumer,Premium,Monthly,61,114.7,Digital Wallet,1,0,3.0,33.1,No
6441,53,Consumer,Standard,Monthly,36,84.72,Credit Card,3,1,3.0,66.5,No
6442,59,Consumer,Basic,Monthly,19,34.7,Credit Card,3,1,4.0,74.6,No
6443,56,Consumer,Premium,Monthly,18,104.57,Digital Wallet,0,1,3.0,68.6,No
6444,37,Enterprise,Basic,Monthly,35,42.99,Direct Debit,2,0,4.0,30.5,No
6445,37,Small Business,Premium,Monthly,10,134.39,Digital Wallet,1,0,5.0,69.5,No
6446,23,Consumer,Standard,Monthly,20,78.28,Direct Debit,3,2,4.0,46.2,No
6447,35,Small Business,Basic,Monthly,9,55.35,Bank Transfer,1,2,2.0,38.8,No
6448,37,Consumer,Premium,Two-Year,39,122.88,Credit Card,1,0,3.0,75.6,No
6449,39,Consumer,Premium,Two-Year,18,124.83,Direct Debit,0,0,4.0,80.6,No
6450,45,Consumer,Standard,Monthly,43,38.44,Digital Wallet,3,3,3.0,63.8,No
6451,69,Enterprise,Standard,Monthly,38,98.96,Bank Transfer,4,0,5.0,31.5,No
6452,36,Consumer,Basic,Monthly,46,36.23,Bank Transfer,2,1,4.0,52.5,No
6453,52,Consumer,Standard,Annual,40,91.22,Direct Debit,1,1,4.0,59.7,No
6454,31,Consumer,Basic,Annual,19,55.04,Bank Transfer,4,1,4.0,39.9,Yes
6455,36,Consumer,Standard,Annual,68,79.91,Credit Card,5,2,2.0,82.3,No
6456,30,Enterprise,Standard,Monthly,37,64.12,Bank Transfer,1,0,3.0,68.1,Yes
6457,43,Enterprise,Basic,Monthly,11,50.25,Credit Card,4,1,2.0,53.9,No
6458,32,Enterprise,Basic,Two-Year,10,41.35,Digital Wallet,1,0,3.0,82.0,No
6459,52,Consumer,Premium,Monthly,8,89.18,Direct Debit,5,2,3.0,45.6,No
6460,18,Consumer,Standard,Monthly,9,60.28,Digital Wallet,1,0,3.0,60.5,No
6461,58,Small Business,Standard,Monthly,17,71.52,Bank Transfer,4,2,4.0,59.6,No
6462,48,Consumer,Basic,Two-Year,15,34.31,Bank Transfer,2,1,4.0,54.2,No
6463,57,Small Business,Standard,Annual,4,96.96,Direct Debit,0,1,4.0,61.6,No
6464,24,Consumer,Standard,Monthly,7,90.78,Credit Card,1,0,2.0,52.3,No
6465,26,Consumer,Basic,Annual,4,54.35,Bank Transfer,1,2,2.0,82.9,No
6466,32,Consumer,Basic,Monthly,17,47.12,Bank Transfer,4,2,4.0,56.2,No
6467,29,Consumer,Basic,Monthly,17,33.88,Credit Card,3,2,3.0,38.2,No
6468,54,Small Business,Standard,Monthly,23,70.98,Bank Transfer,6,2,3.0,53.1,No
6469,23,Consumer,Standard,Monthly,7,64.18,Credit Card,4,1,3.0,80.6,No
6470,47,Small Business,Basic,Monthly,24,60.15,Direct Debit,2,0,3.0,42.5,No
6471,32,Small Business,Basic,Monthly,26,37.69,Bank Transfer,4,1,3.0,60.8,Yes
6472,42,Small Business,Standard,Two-Year,9,66.45,Bank Transfer,0,0,3.0,65.2,No
6473,46,Enterprise,Standard,Annual,9,70.98,Direct Debit,2,2,4.0,43.4,No
6474,73,Consumer,Standard,Annual,19,57.13,Bank Transfer,1,1,4.0,31.8,No
6475,32,Consumer,Premium,Monthly,46,97.12,Digital Wallet,0,0,4.0,67.1,No
6476,46,Small Business,Standard,Annual,25,66.15,Digital Wallet,1,1,3.0,46.6,No
6477,38,Consumer,Standard,Annual,18,76.0,Bank Transfer,5,3,2.0,89.0,No
6478,51,Small Business,Basic,Annual,19,37.26,Digital Wallet,0,0,3.0,70.9,No
6479,40,Consumer,Standard,Annual,12,84.54,Bank Transfer,0,0,5.0,83.3,No
6480,37,Small Business,Standard,Two-Year,58,86.28,Digital Wallet,0,0,4.0,54.9,No
6481,45,Consumer,Basic,Monthly,47,41.71,Credit Card,0,1,3.0,79.6,No
6482,58,Consumer,Standard,Annual,14,62.67,Digital Wallet,2,1,3.0,57.3,No
6483,53,Small Business,Standard,Annual,11,89.53,Bank Transfer,0,1,3.0,56.3,No
6484,59,Small Business,Basic,Annual,44,43.13,Credit Card,0,0,4.0,56.5,No
6485,57,Small Business,Basic,Two-Year,19,43.21,Bank Transfer,0,1,3.0,67.4,No
6486,57,Enterprise,Standard,Monthly,9,87.02,Bank Transfer,1,0,3.0,66.8,No
6487,25,Consumer,Basic,Monthly,42,37.12,Credit Card,3,2,3.0,46.7,No
6488,32,Consumer,Premium,Monthly,33,132.09,Bank Transfer,3,2,4.0,68.9,No
6489,43,Consumer,Basic,Monthly,21,48.59,Credit Card,1,0,5.0,65.7,No
6490,50,Consumer,Basic,Monthly,32,50.82,Direct Debit,4,0,3.0,61.1,No
6491,34,Consumer,Premium,Monthly,11,93.11,Digital Wallet,3,1,2.0,62.5,No
6492,21,Consumer,Basic,Monthly,15,57.54,Digital Wallet,6,1,3.0,73.4,No
6493,46,Consumer,Premium,Annual,70,133.74,Direct Debit,0,1,3.0,96.7,No
6494,50,Consumer,Standard,Two-Year,16,82.48,Credit Card,1,0,5.0,67.6,No
6495,28,Consumer,Premium,Monthly,47,99.51,Credit Card,3,3,4.0,74.0,No
6496,36,Consumer,Premium,Monthly,15,109.92,Bank Transfer,5,0,3.0,73.5,No
6497,24,Enterprise,Standard,Monthly,15,86.11,Direct Debit,2,1,3.0,63.6,Yes
6498,50,Small Business,Basic,Annual,55,38.92,Direct Debit,4,1,2.0,58.2,No
6499,36,Small Business,Standard,Annual,9,64.55,Digital Wallet,2,1,2.0,70.2,No
6500,51,Small Business,Basic,Monthly,21,43.52,Digital Wallet,2,1,3.0,55.1,No
6501,56,Consumer,Basic,Two-Year,31,48.94,Credit Card,4,0,3.0,70.2,No
6502,52,Small Business,Standard,Monthly,52,70.42,Credit Card,0,0,4.0,54.3,No
6503,25,Consumer,Standard,Monthly,25,70.93,Credit Card,3,2,2.0,65.1,No
6504,33,Consumer,Basic,Monthly,31,40.85,Bank Transfer,3,4,2.0,60.8,No
6505,18,Consumer,Standard,Monthly,23,74.77,Bank Transfer,2,6,4.0,59.1,No
6506,37,Consumer,Standard,Monthly,56,67.2,Bank Transfer,3,0,4.0,55.7,No
6507,52,Small Business,Premium,Annual,16,141.94,Bank Transfer,4,1,1.0,61.4,No
6508,30,Consumer,Basic,Two-Year,28,47.2,Digital Wallet,2,4,3.0,67.8,No
6509,58,Consumer,Premium,Monthly,38,147.15,Digital Wallet,2,1,4.0,59.8,No
6510,55,Small Business,Standard,Monthly,22,93.59,Credit Card,4,1,2.0,54.7,No
6511,44,Consumer,Basic,Annual,3,43.45,Credit Card,0,0,4.0,55.8,No
6512,47,Consumer,Standard,Monthly,28,59.22,Direct Debit,5,2,2.0,43.6,No
6513,32,Consumer,Basic,Monthly,37,51.83,Bank Transfer,3,2,2.0,50.7,No
6514,25,Consumer,Premium,Annual,58,129.92,Digital Wallet,3,3,3.0,88.0,No
6515,30,Enterprise,Standard,Monthly,22,85.94,Digital Wallet,1,0,3.0,78.7,No
6516,60,Consumer,Premium,Monthly,3,107.24,Digital Wallet,3,2,2.0,87.7,No
6517,29,Enterprise,Premium,Two-Year,18,109.61,Unknown,1,2,5.0,58.3,No
6518,55,Enterprise,Standard,Monthly,34,56.2,Bank Transfer,5,2,2.0,55.4,No
6519,63,Consumer,Basic,Two-Year,54,41.11,Direct Debit,1,1,3.0,42.8,No
6520,51,Consumer,Basic,Monthly,9,45.1,Direct Debit,3,2,2.0,24.2,Yes
6521,23,Consumer,Basic,Annual,47,40.03,Direct Debit,1,1,3.0,99.9,No
6522,70,Consumer,Standard,Monthly,28,81.81,Bank Transfer,1,1,3.0,65.7,No
6523,42,Small Business,Standard,Annual,35,82.13,Bank Transfer,0,0,5.0,74.1,No
6524,40,Consumer,Premium,Monthly,19,103.76,Credit Card,1,1,5.0,50.9,No
6525,32,Consumer,Standard,Monthly,8,77.57,Direct Debit,1,0,4.0,78.1,Yes
6526,48,Consumer,Standard,Monthly,34,76.27,Credit Card,3,4,4.0,97.0,No
6527,57,Consumer,Basic,Monthly,57,54.63,Direct Debit,3,1,3.0,52.7,No
6528,49,Consumer,Standard,Annual,19,61.65,Bank Transfer,3,1,2.0,50.8,No
6529,43,Small Business,Premium,Annual,46,119.58,Credit Card,3,1,5.0,51.0,No
6530,47,Enterprise,Basic,Monthly,36,47.01,Digital Wallet,1,0,5.0,40.5,No
6531,33,Consumer,Standard,Annual,12,94.21,Direct Debit,0,0,2.0,60.1,No
6532,45,Consumer,Standard,Monthly,47,69.32,Direct Debit,5,2,3.0,38.7,Yes
6533,58,Consumer,Standard,Monthly,35,59.76,Digital Wallet,0,0,3.0,66.8,No
6534,48,Consumer,Standard,Two-Year,11,65.53,Direct Debit,1,1,4.0,63.7,No
6535,53,Enterprise,Premium,Monthly,14,123.15,Credit Card,0,1,5.0,56.6,No
6536,21,Consumer,Standard,Monthly,10,79.05,Direct Debit,1,0,4.0,53.0,No
6537,51,Small Business,Standard,Monthly,58,84.98,Credit Card,2,1,5.0,31.7,No
6538,34,Small Business,Basic,Two-Year,62,39.05,Credit Card,4,1,4.0,51.0,No
6539,42,Small Business,Basic,Annual,8,41.94,Direct Debit,0,1,3.0,69.8,No
6540,38,Consumer,Standard,Monthly,23,76.21,Credit Card,0,1,3.0,48.2,No
6541,44,Consumer,Basic,Monthly,23,33.85,Digital Wallet,4,2,3.0,53.0,Yes
6542,43,Consumer,Standard,Monthly,37,45.6,Direct Debit,2,0,4.0,73.8,No
6543,34,Small Business,Premium,Annual,55,139.61,Credit Card,1,0,4.0,64.0,No
6544,49,Consumer,Premium,Annual,4,104.92,Digital Wallet,3,2,5.0,61.9,No
6545,53,Consumer,Standard,Monthly,7,70.99,Direct Debit,3,0,4.0,57.6,No
6546,46,Consumer,Premium,Two-Year,9,98.3,Direct Debit,0,0,3.0,89.9,No
6547,47,Enterprise,Basic,Monthly,38,51.39,Digital Wallet,0,0,5.0,65.7,No
6548,27,Small Business,Premium,Annual,3,142.15,Digital Wallet,3,2,4.0,79.1,No
6549,28,Consumer,Basic,Monthly,15,48.12,Digital Wallet,3,1,3.0,34.5,No
6550,71,Consumer,Standard,Annual,25,90.85,Digital Wallet,1,0,3.0,53.0,No
6551,26,Consumer,Standard,Annual,27,73.99,Bank Transfer,2,2,3.0,59.8,No
6552,41,Enterprise,Basic,Monthly,32,55.11,Direct Debit,4,1,1.0,30.8,No
6553,45,Consumer,Standard,Monthly,10,65.06,Direct Debit,5,3,2.0,67.1,Yes
6554,28,Consumer,Standard,Monthly,11,73.68,Bank Transfer,2,2,3.0,63.2,No
6555,29,Consumer,Standard,Two-Year,5,90.79,Bank Transfer,0,0,4.0,60.3,No
6556,46,Small Business,Standard,Two-Year,11,59.96,Digital Wallet,1,0,4.0,77.3,No
6557,65,Small Business,Standard,Two-Year,29,91.95,Credit Card,3,1,2.0,45.4,No
6558,23,Enterprise,Basic,Annual,40,43.81,Digital Wallet,1,0,4.0,98.2,No
6559,20,Enterprise,Standard,Annual,2,77.74,Direct Debit,1,0,4.0,55.8,No
6560,20,Consumer,Basic,Monthly,31,38.59,Digital Wallet,4,2,3.0,54.1,No
6561,45,Small Business,Basic,Monthly,96,48.54,Digital Wallet,5,2,2.0,64.8,No
6562,41,Consumer,Standard,Monthly,11,79.56,Digital Wallet,1,0,4.0,51.7,No
6563,23,Consumer,Premium,Monthly,26,132.83,Direct Debit,2,1,3.0,68.4,No
6564,38,Small Business,Standard,Annual,33,64.21,Credit Card,4,3,,60.8,No
6565,64,Enterprise,Basic,Monthly,27,57.4,Bank Transfer,3,2,3.0,69.2,No
6566,43,Consumer,Basic,Monthly,8,42.92,Bank Transfer,4,2,2.0,45.0,No
6567,20,Enterprise,Premium,Two-Year,25,123.71,Credit Card,1,0,3.0,87.3,No
6568,52,Consumer,Standard,Monthly,17,72.41,Digital Wallet,2,0,3.0,60.7,No
6569,67,Small Business,Premium,Monthly,25,122.34,Credit Card,4,1,4.0,100.0,No
6570,38,Consumer,Premium,Annual,25,106.57,Bank Transfer,4,2,4.0,56.8,No
6571,80,Small Business,Basic,Monthly,4,43.57,Direct Debit,1,1,3.0,57.5,No
6572,32,Consumer,Basic,Annual,47,32.65,Bank Transfer,1,0,5.0,81.9,No
6573,40,Small Business,Standard,Two-Year,14,92.16,Digital Wallet,3,1,5.0,64.3,No
6574,45,Consumer,Standard,Monthly,7,99.42,Bank Transfer,3,0,3.0,53.0,No
6575,18,Small Business,Premium,Monthly,12,126.1,Digital Wallet,2,1,2.0,56.1,No
6576,37,Consumer,Standard,Annual,16,81.81,Bank Transfer,0,0,4.0,44.2,No
6577,48,Enterprise,Standard,Annual,64,77.62,Direct Debit,2,1,3.0,48.9,No
6578,35,Consumer,Premium,Monthly,39,110.01,Direct Debit,4,3,4.0,62.0,No
6579,59,Consumer,Premium,Monthly,19,101.65,Bank Transfer,2,1,3.0,68.7,No
6580,53,Consumer,Basic,Annual,4,36.4,Credit Card,1,1,3.0,63.1,No
6581,22,Consumer,Standard,Monthly,29,63.62,Bank Transfer,2,1,,67.8,No
6582,55,Consumer,Standard,Monthly,22,88.87,Bank Transfer,4,1,5.0,41.5,Yes
6583,52,Consumer,Standard,Annual,44,88.75,Credit Card,0,0,3.0,49.3,No
6584,41,Consumer,Basic,Two-Year,35,35.64,Credit Card,2,0,2.0,53.0,No
6585,41,Small Business,Standard,Monthly,7,83.02,Direct Debit,2,2,3.0,64.9,No
6586,61,Small Business,Basic,Annual,23,40.13,Credit Card,1,0,4.0,78.9,No
6587,18,Consumer,Standard,Annual,61,71.52,Direct Debit,1,3,5.0,62.8,No
6588,56,Small Business,Premium,Annual,12,101.6,Bank Transfer,4,2,3.0,78.3,No
6589,54,Consumer,Standard,Monthly,11,60.74,Digital Wallet,4,2,3.0,36.9,No
6590,60,Consumer,Standard,Annual,7,70.34,Credit Card,2,2,3.0,61.4,No
6591,48,Consumer,Basic,Monthly,26,49.05,Direct Debit,3,0,2.0,69.1,Yes
6592,62,Small Business,Premium,Monthly,15,98.07,Digital Wallet,5,2,2.0,56.1,No
6593,39,Enterprise,Premium,Two-Year,29,125.92,Credit Card,2,1,4.0,42.7,No
6594,56,Consumer,Standard,Monthly,54,86.28,Direct Debit,2,0,3.0,68.5,No
6595,45,Consumer,Basic,Annual,16,34.12,Direct Debit,3,1,2.0,77.2,No
6596,34,Small Business,Standard,Annual,9,76.01,Credit Card,1,1,4.0,64.4,No
6597,44,Consumer,Basic,Monthly,4,32.19,Digital Wallet,2,1,3.0,70.6,No
6598,39,Consumer,Standard,Monthly,8,76.68,Direct Debit,2,1,2.0,32.2,No
6599,62,Consumer,Standard,Annual,33,73.72,Credit Card,1,4,4.0,62.1,No
6600,54,Consumer,Premium,Monthly,9,100.27,Credit Card,1,3,2.0,62.5,No
6601,27,Consumer,Premium,Monthly,9,104.18,Direct Debit,1,0,3.0,53.0,No
6602,42,Consumer,Standard,Monthly,32,92.33,Digital Wallet,1,1,2.0,55.8,No
6603,31,Enterprise,Standard,Monthly,16,60.69,Credit Card,2,0,4.0,65.5,No
6604,29,Consumer,Premium,Monthly,52,95.92,Digital Wallet,2,0,3.0,61.4,No
6605,45,Small Business,Standard,Monthly,41,72.45,Credit Card,3,0,4.0,62.8,No
6606,48,Consumer,Premium,Annual,54,114.3,Credit Card,3,2,3.0,65.0,No
6607,61,Consumer,Standard,Annual,26,70.02,Bank Transfer,4,5,4.0,75.8,No
6608,38,Small Business,Standard,Monthly,23,89.79,Digital Wallet,2,1,5.0,37.4,No
6609,55,Consumer,Standard,Annual,35,76.67,Credit Card,1,0,3.0,77.9,No
6610,53,Consumer,Standard,Two-Year,53,67.15,Digital Wallet,3,1,2.0,71.3,No
6611,47,Consumer,Basic,Annual,13,42.37,Bank Transfer,0,0,4.0,81.7,No
6612,41,Consumer,Basic,Monthly,24,51.26,Direct Debit,1,0,4.0,54.3,No
6613,28,Enterprise,Standard,Annual,36,60.18,Direct Debit,0,0,3.0,54.6,No
6614,70,Enterprise,Premium,Monthly,60,112.48,Credit Card,2,0,3.0,82.6,No
6615,49,Small Business,Basic,Monthly,24,28.53,Bank Transfer,3,0,4.0,74.5,No
6616,58,Enterprise,Basic,Annual,32,52.93,Digital Wallet,3,1,4.0,84.9,No
6617,44,Small Business,Premium,Monthly,66,115.52,Credit Card,1,0,2.0,89.3,No
6618,48,Consumer,Standard,Monthly,36,92.66,Credit Card,2,0,1.0,73.2,No
6619,42,Consumer,Standard,Monthly,2,58.23,Direct Debit,3,0,3.0,46.9,No
6620,32,Small Business,Standard,Two-Year,19,75.86,Bank Transfer,0,0,5.0,56.1,No
6621,45,Consumer,Standard,Monthly,10,63.78,Bank Transfer,4,1,2.0,59.2,No
6622,44,Consumer,Standard,Monthly,8,83.49,Bank Transfer,5,2,5.0,60.3,Yes
6623,27,Consumer,Basic,Monthly,15,48.79,Bank Transfer,1,1,4.0,71.6,No
6624,62,Small Business,Basic,Annual,53,52.97,Digital Wallet,0,0,4.0,76.1,No
6625,19,Consumer,Standard,Annual,66,78.44,Digital Wallet,3,3,4.0,74.5,No
6626,47,Consumer,Basic,Annual,9,53.21,Credit Card,1,0,4.0,71.4,No
6627,52,Small Business,Standard,Monthly,31,64.94,Digital Wallet,2,1,3.0,67.5,No
6628,39,Small Business,Standard,Annual,18,71.36,Credit Card,3,0,4.0,54.8,No
6629,41,Consumer,Premium,Monthly,17,119.01,Credit Card,0,0,,92.8,No
6630,47,Consumer,Standard,Annual,24,76.25,Bank Transfer,0,0,4.0,47.5,No
6631,77,Consumer,Standard,Annual,4,71.23,Credit Card,1,0,3.0,65.8,No
6632,40,Consumer,Standard,Two-Year,12,79.77,Bank Transfer,1,1,4.0,50.1,No
6633,34,Enterprise,Basic,Annual,24,63.12,Bank Transfer,1,0,5.0,85.1,No
6634,41,Small Business,Standard,Annual,16,58.04,Digital Wallet,1,1,3.0,77.9,No
6635,33,Consumer,Standard,Monthly,25,68.76,Credit Card,2,0,2.0,39.4,No
6636,18,Small Business,Basic,Monthly,20,50.44,Credit Card,2,2,4.0,48.3,No
6637,28,Consumer,Standard,Annual,14,70.43,Digital Wallet,3,5,1.0,65.6,No
6638,46,Consumer,Standard,Monthly,31,92.73,Bank Transfer,2,1,4.0,44.7,No
6639,63,Small Business,Standard,Two-Year,45,72.2,Credit Card,2,1,3.0,56.2,No
6640,42,Consumer,Standard,Monthly,23,80.99,Bank Transfer,1,0,3.0,54.3,No
6641,38,Small Business,Premium,Monthly,46,103.94,Credit Card,4,2,2.0,73.8,No
6642,37,Consumer,Basic,Monthly,24,34.55,Bank Transfer,1,1,4.0,44.7,No
6643,62,Small Business,Basic,Monthly,36,49.62,Direct Debit,2,2,5.0,63.7,No
6644,61,Small Business,Standard,Monthly,21,85.86,Credit Card,5,1,2.0,46.2,No
6645,22,Consumer,Basic,Two-Year,28,37.7,Digital Wallet,3,2,4.0,70.2,No
6646,31,Consumer,Basic,Monthly,27,42.2,Bank Transfer,2,1,3.0,56.3,No
6647,30,Consumer,Standard,Annual,31,77.03,Credit Card,4,4,2.0,61.6,No
6648,42,Consumer,Basic,Monthly,3,62.51,Direct Debit,2,1,3.0,54.7,No
6649,29,Enterprise,Basic,Monthly,12,46.16,Direct Debit,4,1,3.0,55.7,No
6650,38,Consumer,Standard,Two-Year,31,95.15,Bank Transfer,2,1,4.0,47.2,No
6651,31,Consumer,Basic,Monthly,28,53.05,Credit Card,4,0,4.0,54.4,No
6652,30,Consumer,Basic,Annual,9,49.32,Bank Transfer,1,0,3.0,72.7,No
6653,67,Consumer,Standard,Monthly,32,66.47,Bank Transfer,5,2,1.0,65.3,No
6654,18,Enterprise,Standard,Annual,4,83.57,Digital Wallet,2,1,4.0,63.4,No
6655,54,Consumer,Standard,Monthly,11,88.67,Credit Card,4,1,3.0,47.2,No
6656,40,Enterprise,Basic,Annual,8,43.19,Direct Debit,1,3,4.0,81.9,Yes
6657,45,Consumer,Basic,Monthly,18,43.51,Direct Debit,2,2,4.0,62.2,No
6658,39,Consumer,Standard,Monthly,12,63.24,Bank Transfer,4,1,3.0,64.1,No
6659,65,Enterprise,Standard,Two-Year,10,72.63,Bank Transfer,0,1,4.0,68.7,No
6660,53,Small Business,Standard,Monthly,49,64.38,Credit Card,1,1,3.0,51.5,No
6661,49,Small Business,Basic,Annual,8,38.02,Direct Debit,4,2,5.0,58.5,No
6662,71,Consumer,Basic,Annual,16,47.53,Digital Wallet,3,2,2.0,18.5,No
6663,38,Consumer,Standard,Two-Year,15,60.2,Direct Debit,3,2,3.0,71.7,No
6664,45,Small Business,Standard,Two-Year,42,56.13,Credit Card,0,0,5.0,48.6,No
6665,45,Enterprise,Basic,Annual,19,53.8,Digital Wallet,1,0,3.0,51.5,No
6666,27,Small Business,Premium,Two-Year,32,125.9,Credit Card,4,1,2.0,85.2,No
6667,51,Consumer,Basic,Monthly,24,39.0,Direct Debit,4,1,3.0,69.6,Yes
6668,51,Consumer,Basic,Annual,36,57.96,Credit Card,0,0,3.0,47.5,No
6669,56,Consumer,Standard,Monthly,15,69.51,Bank Transfer,3,0,3.0,41.9,No
6670,54,Consumer,Basic,Monthly,34,54.48,Direct Debit,1,1,4.0,31.6,No
6671,39,Consumer,Basic,Monthly,40,45.45,Credit Card,1,0,3.0,38.7,No
6672,42,Small Business,Basic,Monthly,2,49.81,Direct Debit,4,2,4.0,53.6,No
6673,37,Consumer,Premium,Monthly,44,122.48,Direct Debit,3,2,2.0,62.6,No
6674,68,Consumer,Standard,Annual,8,61.28,Bank Transfer,1,0,5.0,78.0,No
6675,36,Consumer,Standard,Two-Year,17,88.43,Direct Debit,2,1,5.0,37.9,No
6676,47,Consumer,Standard,Annual,37,92.94,Bank Transfer,1,1,2.0,59.2,No
6677,46,Consumer,Standard,Monthly,17,82.82,Credit Card,3,0,2.0,42.0,No
6678,18,Enterprise,Standard,Annual,33,82.54,Credit Card,1,1,4.0,46.3,No
6679,18,Consumer,Basic,Two-Year,23,48.41,Bank Transfer,2,0,2.0,73.3,No
6680,66,Enterprise,Basic,Two-Year,6,34.92,Direct Debit,0,0,4.0,94.9,No
6681,33,Consumer,Basic,Monthly,41,54.02,Credit Card,1,0,4.0,25.0,No
6682,52,Consumer,Standard,Monthly,8,78.42,Direct Debit,1,1,4.0,67.6,No
6683,42,Enterprise,Basic,Monthly,40,51.1,Credit Card,2,1,2.0,46.8,No
6684,31,Consumer,Basic,Monthly,16,46.57,Direct Debit,2,2,4.0,65.5,No
6685,38,Small Business,Premium,Two-Year,30,106.02,Digital Wallet,0,1,3.0,85.8,No
6686,56,Small Business,Standard,Two-Year,7,47.02,Direct Debit,1,1,5.0,53.5,No
6687,43,Consumer,Basic,Monthly,18,57.52,Direct Debit,2,1,3.0,35.4,No
6688,80,Enterprise,Premium,Monthly,28,131.34,Credit Card,3,2,4.0,45.3,No
6689,33,Consumer,Premium,Annual,24,139.32,Digital Wallet,1,0,4.0,52.2,No
6690,53,Consumer,Basic,Monthly,8,40.99,Direct Debit,1,0,3.0,59.5,No
6691,50,Consumer,Premium,Monthly,49,113.53,Digital Wallet,2,1,4.0,89.5,No
6692,32,Consumer,Premium,Monthly,62,124.24,Bank Transfer,4,1,2.0,77.3,No
6693,33,Small Business,Premium,Annual,31,103.84,Bank Transfer,1,2,4.0,75.2,No
6694,27,Enterprise,Basic,Monthly,43,37.98,Bank Transfer,2,0,3.0,43.8,No
6695,27,Consumer,Standard,Monthly,66,56.98,Digital Wallet,2,2,4.0,37.2,No
6696,28,Consumer,Standard,Annual,18,102.51,Credit Card,0,0,4.0,61.9,No
6697,42,Consumer,Standard,Monthly,5,78.55,Bank Transfer,1,0,4.0,58.5,No
6698,18,Consumer,Standard,Two-Year,42,94.74,Digital Wallet,1,0,3.0,58.5,No
6699,30,Small Business,Basic,Monthly,28,36.96,Credit Card,1,0,4.0,65.0,No
6700,42,Enterprise,Premium,Monthly,8,119.06,Direct Debit,3,4,2.0,50.4,No
6701,41,Consumer,Basic,Two-Year,36,40.82,Direct Debit,2,0,3.0,39.1,No
6702,38,Small Business,Basic,Two-Year,1,51.58,Bank Transfer,4,3,1.0,35.9,No
6703,43,Consumer,Standard,Annual,12,60.79,Credit Card,10,3,1.0,36.8,No
6704,28,Enterprise,Premium,Monthly,13,125.95,Digital Wallet,4,1,3.0,54.4,No
6705,40,Consumer,Premium,Monthly,15,93.55,Digital Wallet,2,0,2.0,74.9,No
6706,66,Consumer,Basic,Monthly,24,28.11,Digital Wallet,2,2,2.0,48.1,No
6707,49,Consumer,Standard,Monthly,47,74.47,Bank Transfer,1,0,3.0,45.6,No
6708,30,Consumer,Standard,Annual,31,72.82,Credit Card,2,4,3.0,67.2,No
6709,35,Enterprise,Premium,Monthly,30,141.16,Credit Card,0,0,2.0,76.6,No
6710,53,Consumer,Standard,Monthly,18,86.43,Direct Debit,5,1,3.0,23.2,Yes
6711,41,Small Business,Standard,Two-Year,36,82.81,Bank Transfer,2,2,5.0,45.8,No
6712,34,Small Business,Premium,Monthly,23,97.34,Bank Transfer,3,2,3.0,76.7,No
6713,41,Consumer,Basic,Monthly,20,42.34,Direct Debit,6,4,3.0,68.2,No
6714,41,Small Business,Basic,Monthly,15,39.97,Direct Debit,2,3,4.0,74.0,No
6715,40,Small Business,Premium,Annual,32,101.86,Bank Transfer,0,0,5.0,97.0,No
6716,34,Consumer,Basic,Two-Year,8,37.43,Direct Debit,2,0,4.0,50.9,No
6717,26,Consumer,Standard,Monthly,22,69.12,Direct Debit,4,1,2.0,39.2,No
6718,40,Consumer,Standard,Monthly,17,86.61,Credit Card,1,3,3.0,54.9,Yes
6719,46,Enterprise,Basic,Monthly,46,45.7,Direct Debit,3,0,4.0,55.5,No
6720,44,Enterprise,Standard,Monthly,16,87.57,Bank Transfer,2,3,2.0,45.3,No
6721,38,Consumer,Premium,Monthly,6,120.65,Bank Transfer,2,1,3.0,69.1,Yes
6722,61,Consumer,Premium,Monthly,46,109.8,Bank Transfer,2,1,3.0,74.0,No
6723,28,Consumer,Standard,Two-Year,24,72.17,Bank Transfer,1,1,4.0,66.1,No
6724,21,Consumer,Basic,Annual,21,32.99,Bank Transfer,0,0,3.0,44.0,No
6725,18,Consumer,Premium,Monthly,7,132.38,Digital Wallet,4,2,1.0,51.6,Yes
6726,23,Consumer,Premium,Two-Year,35,153.97,Digital Wallet,2,0,5.0,78.0,No
6727,52,Consumer,Basic,Monthly,19,54.51,Bank Transfer,2,1,4.0,64.2,No
6728,38,Small Business,Standard,Annual,23,76.53,Bank Transfer,2,0,4.0,47.3,Yes
6729,38,Consumer,Standard,Monthly,20,91.78,Bank Transfer,3,1,2.0,67.6,No
6730,40,Consumer,Premium,Monthly,42,86.41,Digital Wallet,2,1,3.0,50.9,No
6731,33,Small Business,Premium,Monthly,16,113.31,Credit Card,7,2,1.0,56.4,No
6732,32,Small Business,Premium,Monthly,20,162.15,Direct Debit,2,1,3.0,60.8,No
6733,49,Consumer,Standard,Annual,34,73.88,Direct Debit,2,2,3.0,62.1,No
6734,38,Consumer,Standard,Annual,16,71.28,Direct Debit,0,1,4.0,51.8,No
6735,27,Small Business,Basic,Annual,76,42.16,Direct Debit,2,1,3.0,78.7,No
6736,36,Consumer,Standard,Annual,7,87.19,Credit Card,5,1,2.0,66.5,No
6737,51,Consumer,Standard,Monthly,17,69.24,Digital Wallet,1,0,4.0,60.3,No
6738,43,Small Business,Premium,Annual,16,107.05,Credit Card,1,0,3.0,75.2,No
6739,58,Enterprise,Standard,Annual,13,81.32,Credit Card,2,3,4.0,67.4,No
6740,48,Consumer,Premium,Monthly,43,107.83,Bank Transfer,1,0,3.0,62.3,No
6741,40,Consumer,Basic,Monthly,32,64.77,Digital Wallet,2,0,4.0,71.2,No
6742,46,Consumer,Standard,Monthly,24,71.38,Bank Transfer,4,0,1.0,75.3,No
6743,35,Consumer,Basic,Annual,8,46.63,Direct Debit,2,1,3.0,58.5,No
6744,44,Consumer,Basic,Annual,29,43.54,Digital Wallet,3,1,4.0,64.7,No
6745,47,Enterprise,Standard,Monthly,9,101.35,Direct Debit,6,2,2.0,47.7,No
6746,33,Consumer,Basic,Annual,18,37.04,Bank Transfer,1,2,4.0,51.7,No
6747,43,Enterprise,Basic,Annual,35,43.78,Credit Card,0,1,3.0,70.3,No
6748,59,Small Business,Premium,Annual,35,131.06,Credit Card,3,0,1.0,43.8,No
6749,43,Small Business,Standard,Two-Year,6,81.03,Bank Transfer,2,0,2.0,54.7,No
6750,36,Enterprise,Premium,Two-Year,61,133.24,Bank Transfer,1,1,5.0,83.5,No
6751,63,Small Business,Standard,Monthly,64,93.58,Bank Transfer,2,0,2.0,63.1,No
6752,41,Consumer,Standard,Monthly,20,81.96,Direct Debit,0,0,3.0,89.6,No
6753,69,Consumer,Premium,Monthly,47,138.54,Direct Debit,1,0,3.0,81.5,No
6754,46,Consumer,Premium,Monthly,53,102.08,Direct Debit,2,0,4.0,51.7,No
6755,43,Consumer,Basic,Annual,60,32.17,Digital Wallet,1,0,5.0,79.1,Yes
6756,48,Consumer,Basic,Monthly,33,46.84,Credit Card,4,0,4.0,63.7,No
6757,62,Consumer,Standard,Two-Year,16,74.69,Credit Card,2,0,4.0,55.7,No
6758,23,Enterprise,Basic,Monthly,12,53.94,Credit Card,1,1,4.0,89.6,No
6759,18,Enterprise,Standard,Annual,22,70.13,Credit Card,4,3,3.0,64.4,No
6760,21,Consumer,Standard,Annual,33,72.25,Digital Wallet,3,1,5.0,53.2,No
6761,33,Small Business,Standard,Monthly,19,87.54,Direct Debit,5,3,4.0,34.3,Yes
6762,40,Consumer,Standard,Monthly,45,83.84,Bank Transfer,0,2,4.0,73.4,No
6763,48,Small Business,Standard,Monthly,27,107.57,Credit Card,3,1,3.0,62.9,Yes
6764,30,Consumer,Premium,Two-Year,51,111.11,Digital Wallet,2,1,3.0,57.0,No
6765,40,Small Business,Standard,Monthly,7,76.02,Bank Transfer,2,1,2.0,61.4,No
6766,45,Small Business,Standard,Monthly,35,66.87,Credit Card,1,0,3.0,67.5,No
6767,39,Consumer,Standard,Two-Year,20,89.63,Bank Transfer,4,3,5.0,59.5,No
6768,39,Consumer,Basic,Annual,5,45.69,Bank Transfer,0,0,5.0,62.6,No
6769,38,Enterprise,Standard,Two-Year,52,64.53,Bank Transfer,4,3,4.0,50.8,No
6770,76,Consumer,Standard,Annual,26,74.67,Digital Wallet,1,2,4.0,67.6,No
6771,38,Small Business,Standard,Monthly,44,66.18,Direct Debit,1,2,3.0,70.9,No
6772,73,Consumer,Basic,Monthly,13,32.0,Direct Debit,2,0,2.0,58.0,No
6773,55,Small Business,Standard,Monthly,6,76.39,Credit Card,4,1,2.0,70.2,No
6774,49,Enterprise,Premium,Monthly,38,111.9,Bank Transfer,2,0,4.0,52.2,No
6775,38,Consumer,Standard,Monthly,70,60.98,Bank Transfer,3,3,2.0,44.2,No
6776,50,Consumer,Premium,Monthly,32,106.57,Bank Transfer,2,2,3.0,86.8,No
6777,24,Consumer,Basic,Monthly,22,48.08,Direct Debit,3,1,3.0,37.7,No
6778,34,Consumer,Basic,Monthly,38,56.96,Direct Debit,1,1,3.0,56.0,No
6779,28,Consumer,Standard,Two-Year,14,75.54,Digital Wallet,3,2,5.0,67.8,No
6780,59,Small Business,Standard,Annual,26,64.82,Direct Debit,0,0,5.0,77.1,No
6781,58,Small Business,Basic,Monthly,8,61.16,Direct Debit,0,0,3.0,58.5,No
6782,45,Consumer,Standard,Annual,59,91.8,Direct Debit,1,1,2.0,61.4,No
6783,34,Small Business,Basic,Annual,28,37.63,Bank Transfer,2,2,2.0,56.5,No
6784,26,Consumer,Standard,Two-Year,24,70.9,Credit Card,1,2,3.0,66.3,No
6785,54,Consumer,Standard,Monthly,21,80.06,Digital Wallet,4,3,3.0,53.4,No
6786,39,Consumer,Standard,Monthly,22,57.45,Credit Card,1,0,5.0,68.1,No
6787,48,Consumer,Basic,Two-Year,16,44.08,Credit Card,2,2,2.0,23.9,No
6788,44,Small Business,Basic,Monthly,15,37.04,Direct Debit,8,4,2.0,70.9,Yes
6789,32,Consumer,Standard,Annual,17,96.81,Bank Transfer,1,1,3.0,69.8,No
6790,37,Consumer,Basic,Monthly,18,49.29,Digital Wallet,2,1,4.0,47.6,No
6791,61,Consumer,Standard,Two-Year,14,68.96,Digital Wallet,2,2,4.0,66.6,No
6792,24,Consumer,Basic,Annual,75,44.86,Credit Card,2,0,4.0,44.5,No
6793,22,Small Business,Standard,Monthly,38,59.52,Digital Wallet,5,2,1.0,59.2,No
6794,36,Enterprise,Standard,Annual,31,64.85,Direct Debit,4,0,3.0,49.9,No
6795,52,Consumer,Standard,Monthly,14,73.99,Credit Card,4,1,3.0,31.4,No
6796,39,Consumer,Standard,Two-Year,12,79.66,Direct Debit,2,0,2.0,47.7,No
6797,51,Small Business,Standard,Monthly,38,74.95,Digital Wallet,1,1,4.0,39.4,No
6798,49,Consumer,Basic,Monthly,53,48.35,Direct Debit,5,1,2.0,69.3,No
6799,33,Consumer,Basic,Monthly,12,49.07,Bank Transfer,4,2,3.0,63.8,No
6800,28,Consumer,Standard,Monthly,22,71.94,Digital Wallet,4,6,3.0,33.2,No
6801,34,Consumer,Standard,Two-Year,58,89.38,Digital Wallet,2,0,2.0,47.5,No
6802,71,Consumer,Standard,Monthly,12,75.35,Direct Debit,2,3,3.0,49.2,Yes
6803,56,Small Business,Premium,Annual,38,119.41,Direct Debit,3,2,4.0,100.0,No
6804,31,Small Business,Standard,Monthly,5,64.21,Direct Debit,4,2,3.0,71.4,Yes
6805,47,Enterprise,Basic,Monthly,18,37.43,Credit Card,0,0,5.0,78.4,No
6806,56,Enterprise,Standard,Monthly,25,64.11,Bank Transfer,0,0,3.0,83.9,No
6807,31,Small Business,Basic,Annual,5,38.71,Direct Debit,3,1,5.0,60.2,No
6808,57,Enterprise,Basic,Monthly,18,51.29,Digital Wallet,5,3,4.0,65.3,No
6809,48,Consumer,Basic,Monthly,23,41.77,Credit Card,1,0,4.0,35.9,Yes
6810,51,Enterprise,Premium,Monthly,40,124.22,Digital Wallet,2,0,3.0,37.7,No
6811,49,Enterprise,Standard,Monthly,75,75.63,Direct Debit,4,4,3.0,44.1,No
6812,45,Consumer,Standard,Two-Year,11,76.48,Direct Debit,1,0,4.0,38.9,No
6813,44,Small Business,Standard,Monthly,19,94.08,Credit Card,3,1,4.0,81.3,No
6814,53,Consumer,Premium,Monthly,52,119.62,Credit Card,3,1,3.0,50.6,No
6815,65,Enterprise,Standard,Annual,17,84.18,Unknown,1,0,4.0,64.5,Yes
6816,34,Consumer,Basic,Two-Year,36,39.12,Credit Card,4,3,3.0,50.0,No
6817,30,Consumer,Standard,Annual,27,71.59,Credit Card,1,1,5.0,65.8,No
6818,61,Small Business,Basic,Monthly,18,60.18,Digital Wallet,1,0,5.0,49.6,No
6819,50,Consumer,Basic,Annual,19,38.02,Bank Transfer,1,0,5.0,62.8,No
6820,40,Consumer,Premium,Monthly,34,96.44,Direct Debit,2,0,3.0,82.6,No
6821,48,Enterprise,Standard,Annual,17,56.29,Direct Debit,6,2,2.0,57.6,No
6822,45,Small Business,Premium,Annual,14,136.82,Digital Wallet,1,2,4.0,54.2,No
6823,29,Small Business,Standard,Annual,20,98.83,Credit Card,0,0,5.0,52.8,No
6824,48,Consumer,Basic,Two-Year,55,40.03,Bank Transfer,1,0,4.0,68.5,No
6825,35,Consumer,Basic,Monthly,26,48.38,Credit Card,1,2,3.0,50.8,No
6826,34,Consumer,Standard,Annual,31,70.29,Direct Debit,2,2,1.0,78.0,No
6827,71,Consumer,Standard,Monthly,17,93.6,Credit Card,1,0,4.0,77.4,No
6828,51,Small Business,Standard,Monthly,32,76.38,Digital Wallet,1,2,5.0,70.8,No
6829,46,Small Business,Standard,Monthly,43,75.55,Bank Transfer,1,0,4.0,56.0,No
6830,28,Consumer,Standard,Monthly,23,64.87,Digital Wallet,2,2,4.0,49.4,No
6831,35,Consumer,Premium,Annual,9,114.71,Digital Wallet,3,3,3.0,87.6,No
6832,56,Enterprise,Standard,Monthly,17,81.65,Digital Wallet,2,1,,47.6,No
6833,28,Small Business,Standard,Annual,63,72.87,Digital Wallet,2,0,2.0,64.8,No
6834,51,Consumer,Basic,Annual,23,49.28,Credit Card,3,3,4.0,51.9,No
6835,37,Consumer,Premium,Monthly,71,99.39,Direct Debit,3,1,2.0,59.4,No
6836,61,Consumer,Basic,Annual,50,46.21,Direct Debit,1,1,5.0,57.0,No
6837,47,Consumer,Standard,Monthly,32,69.98,Bank Transfer,1,0,5.0,59.4,No
6838,68,Consumer,Standard,Monthly,52,73.1,Direct Debit,4,2,3.0,66.1,No
6839,18,Enterprise,Standard,Annual,33,71.52,Digital Wallet,0,0,3.0,66.0,No
6840,55,Enterprise,Standard,Annual,33,63.47,Bank Transfer,0,0,3.0,55.4,No
6841,40,Consumer,Basic,Monthly,21,35.95,Credit Card,2,0,4.0,48.9,No
6842,50,Consumer,Premium,Two-Year,21,107.6,Credit Card,1,1,5.0,72.6,No
6843,66,Consumer,Standard,Monthly,17,77.02,Digital Wallet,5,4,3.0,61.7,No
6844,35,Consumer,Basic,Annual,17,37.34,Credit Card,4,1,3.0,22.1,No
6845,48,Consumer,Standard,Annual,27,70.98,Credit Card,2,1,3.0,53.3,No
6846,47,Consumer,Standard,Two-Year,17,76.16,Credit Card,0,1,5.0,89.7,No
6847,18,Consumer,Premium,Two-Year,26,140.49,Bank Transfer,0,0,4.0,92.4,No
6848,41,Consumer,Premium,Monthly,13,95.19,Bank Transfer,2,1,3.0,81.1,No
6849,61,Consumer,Premium,Annual,51,121.63,Direct Debit,1,1,3.0,79.6,No
6850,56,Consumer,Standard,Monthly,47,91.39,Direct Debit,2,3,3.0,56.8,No
6851,44,Enterprise,Standard,Annual,16,69.74,Bank Transfer,3,3,3.0,60.0,No
6852,59,Consumer,Standard,Two-Year,14,83.22,Bank Transfer,2,3,3.0,57.4,No
6853,18,Consumer,Basic,Monthly,42,44.65,Digital Wallet,0,2,3.0,76.4,No
6854,32,Consumer,Premium,Monthly,13,105.12,Bank Transfer,3,2,1.0,69.1,No
6855,43,Enterprise,Standard,Two-Year,37,89.38,Credit Card,2,0,5.0,53.0,No
6856,37,Consumer,Standard,Monthly,66,92.34,Direct Debit,3,1,3.0,61.1,No
6857,37,Consumer,Basic,Annual,11,46.09,Direct Debit,2,0,2.0,51.6,No
6858,38,Small Business,Basic,Monthly,17,35.46,Credit Card,1,1,,62.1,No
6859,51,Consumer,Premium,Monthly,15,82.45,Credit Card,3,3,3.0,37.7,Yes
6860,50,Enterprise,Standard,Monthly,22,84.23,Digital Wallet,4,1,4.0,45.1,No
6861,47,Small Business,Basic,Monthly,27,55.06,Credit Card,1,1,3.0,47.3,No
6862,39,Consumer,Standard,Monthly,40,74.13,Bank Transfer,0,0,3.0,46.2,No
6863,63,Consumer,Premium,Monthly,12,96.33,Unknown,4,2,3.0,50.3,No
6864,33,Enterprise,Premium,Two-Year,8,127.98,Bank Transfer,7,1,2.0,69.1,No
6865,66,Consumer,Premium,Monthly,44,160.69,Bank Transfer,4,0,2.0,72.5,No
6866,65,Consumer,Standard,Monthly,15,57.42,Direct Debit,6,1,3.0,50.3,No
6867,37,Enterprise,Basic,Annual,34,48.2,Direct Debit,4,3,3.0,61.4,No
6868,30,Enterprise,Premium,Monthly,43,111.24,Direct Debit,5,0,3.0,49.7,No
6869,43,Consumer,Standard,Two-Year,26,77.28,Digital Wallet,1,0,3.0,76.3,No
6870,24,Consumer,Standard,Annual,56,56.74,Bank Transfer,1,0,4.0,51.3,No
6871,48,Consumer,Standard,Monthly,7,79.81,Digital Wallet,3,2,2.0,49.5,No
6872,44,Consumer,Basic,Monthly,12,46.8,Direct Debit,3,0,4.0,67.3,No
6873,45,Consumer,Basic,Annual,23,35.17,Digital Wallet,2,1,4.0,95.0,No
6874,49,Small Business,Standard,Two-Year,39,82.31,Digital Wallet,1,0,4.0,61.6,No
6875,31,Consumer,Standard,Monthly,61,70.04,Credit Card,2,0,3.0,34.4,No
6876,31,Small Business,Basic,Monthly,23,50.62,Direct Debit,0,0,4.0,69.3,Yes
6877,24,Consumer,Basic,Monthly,58,35.69,Direct Debit,3,0,2.0,44.3,No
6878,48,Consumer,Basic,Monthly,10,52.78,Direct Debit,3,2,3.0,67.5,Yes
6879,18,Small Business,Premium,Monthly,26,81.51,Direct Debit,2,1,4.0,58.9,No
6880,31,Small Business,Standard,Monthly,12,86.56,Bank Transfer,0,0,5.0,47.1,No
6881,42,Small Business,Premium,Two-Year,26,147.59,Digital Wallet,0,0,5.0,91.4,No
6882,35,Consumer,Basic,Annual,38,30.9,Digital Wallet,1,1,4.0,73.9,No
6883,66,Enterprise,Basic,Monthly,63,51.05,Digital Wallet,4,1,5.0,54.6,No
6884,18,Consumer,Basic,Monthly,9,54.95,Credit Card,3,1,2.0,62.3,No
6885,22,Consumer,Standard,Monthly,31,59.56,Credit Card,5,2,3.0,71.7,Yes
6886,34,Consumer,Standard,Monthly,8,61.05,Digital Wallet,0,1,5.0,53.9,No
6887,35,Consumer,Standard,Two-Year,14,69.92,Digital Wallet,2,2,4.0,60.6,No
6888,50,Small Business,Basic,Monthly,15,44.77,Bank Transfer,3,2,3.0,32.3,No
6889,51,Small Business,Basic,Monthly,20,41.17,Credit Card,0,0,3.0,29.2,No
6890,66,Consumer,Premium,Monthly,38,129.81,Credit Card,5,1,3.0,69.4,No
6891,47,Consumer,Basic,Monthly,6,58.06,Digital Wallet,4,0,2.0,62.3,No
6892,25,Consumer,Standard,Monthly,15,69.79,Credit Card,2,2,4.0,32.1,No
6893,22,Small Business,Basic,Monthly,5,40.34,Credit Card,0,3,2.0,41.3,No
6894,60,Small Business,Basic,Two-Year,13,34.68,Digital Wallet,2,0,1.0,90.1,No
6895,56,Consumer,Basic,Two-Year,23,47.3,Bank Transfer,1,0,4.0,53.4,No
6896,33,Consumer,Standard,Monthly,62,52.06,Direct Debit,2,1,4.0,45.8,No
6897,28,Enterprise,Basic,Annual,31,39.28,Digital Wallet,0,0,4.0,68.4,No
6898,37,Consumer,Standard,Annual,13,75.63,Bank Transfer,2,1,3.0,47.5,No
6899,18,Small Business,Standard,Monthly,13,61.22,Credit Card,3,0,5.0,68.4,Yes
6900,56,Small Business,Premium,Monthly,22,137.45,Credit Card,5,0,3.0,66.6,No
6901,51,Consumer,Standard,Two-Year,53,90.0,Direct Debit,3,2,2.0,35.5,No
6902,43,Consumer,Basic,Annual,43,36.7,Digital Wallet,1,1,4.0,89.6,No
6903,20,Consumer,Basic,Two-Year,11,66.43,Credit Card,1,1,2.0,71.1,No
6904,44,Consumer,Standard,Monthly,39,90.86,Digital Wallet,3,3,3.0,43.3,No
6905,71,Consumer,Standard,Annual,27,72.2,Digital Wallet,0,0,4.0,49.3,No
6906,18,Consumer,Standard,Monthly,11,85.61,Digital Wallet,0,0,5.0,35.9,Yes
6907,45,Consumer,Basic,Monthly,75,47.44,Digital Wallet,4,2,3.0,47.1,Yes
6908,20,Consumer,Standard,Two-Year,31,105.05,Credit Card,3,0,4.0,36.6,No
6909,23,Small Business,Standard,Monthly,22,67.38,Credit Card,1,0,3.0,69.5,No
6910,55,Small Business,Basic,Two-Year,12,42.86,Credit Card,3,1,4.0,47.5,No
6911,33,Small Business,Standard,Monthly,14,54.14,Digital Wallet,2,0,2.0,46.4,No
6912,33,Consumer,Basic,Monthly,11,49.34,Credit Card,2,1,3.0,58.1,No
6913,58,Consumer,Basic,Two-Year,12,40.95,Bank Transfer,5,1,3.0,40.1,Yes
6914,43,Enterprise,Basic,Two-Year,65,48.7,Bank Transfer,1,0,5.0,59.1,No
6915,27,Consumer,Basic,Monthly,75,38.9,Bank Transfer,2,1,3.0,51.9,No
6916,36,Enterprise,Basic,Monthly,8,52.07,Digital Wallet,4,2,1.0,46.7,No
6917,41,Small Business,Standard,Monthly,12,67.36,Credit Card,2,0,3.0,74.9,No
6918,49,Enterprise,Premium,Monthly,16,156.18,Credit Card,2,0,2.0,73.4,No
6919,32,Enterprise,Basic,Annual,22,50.34,Bank Transfer,2,1,4.0,48.0,No
6920,54,Enterprise,Basic,Monthly,24,48.84,Credit Card,1,4,4.0,49.2,No
6921,39,Consumer,Basic,Monthly,18,51.44,Bank Transfer,1,2,4.0,66.4,No
6922,50,Consumer,Standard,Monthly,50,59.67,Digital Wallet,9,1,1.0,22.0,No
6923,44,Small Business,Basic,Monthly,40,47.74,Bank Transfer,3,2,2.0,34.1,Yes
6924,29,Consumer,Standard,Monthly,33,86.38,Bank Transfer,0,0,5.0,81.6,No
6925,44,Small Business,Basic,Two-Year,30,62.5,Credit Card,1,0,5.0,76.0,No
6926,49,Small Business,Basic,Two-Year,29,40.26,Bank Transfer,1,0,4.0,73.6,No
6927,80,Small Business,Standard,Two-Year,24,65.45,Direct Debit,6,1,1.0,61.7,No
6928,50,Small Business,Standard,Monthly,27,85.06,Digital Wallet,1,1,5.0,44.9,No
6929,31,Consumer,Standard,Monthly,63,78.38,Bank Transfer,4,2,4.0,56.3,No
6930,24,Consumer,Standard,Monthly,42,75.45,Bank Transfer,2,2,3.0,64.0,No
6931,42,Consumer,Standard,Annual,34,85.11,Bank Transfer,2,1,4.0,54.8,No
6932,61,Enterprise,Premium,Monthly,11,117.44,Bank Transfer,3,1,4.0,27.2,No
6933,54,Small Business,Premium,Two-Year,86,113.97,Digital Wallet,3,1,3.0,68.1,No
6934,39,Small Business,Premium,Monthly,45,107.15,Bank Transfer,2,0,5.0,56.3,No
6935,19,Enterprise,Standard,Two-Year,5,69.98,Credit Card,1,1,4.0,64.4,No
6936,52,Consumer,Standard,Two-Year,46,83.41,Direct Debit,3,1,3.0,69.6,No
6937,38,Consumer,Premium,Annual,30,123.72,Direct Debit,0,0,4.0,70.7,No
6938,50,Small Business,Standard,Monthly,11,83.8,Direct Debit,0,0,3.0,84.2,No
6939,47,Enterprise,Standard,Two-Year,24,88.03,Digital Wallet,1,2,2.0,66.8,No
6940,35,Enterprise,Premium,Monthly,21,136.04,Direct Debit,3,0,4.0,51.0,No
6941,49,Consumer,Premium,Monthly,34,100.68,Digital Wallet,4,2,4.0,70.0,No
6942,44,Consumer,Basic,Monthly,29,47.63,Credit Card,3,3,4.0,48.4,No
6943,18,Consumer,Premium,Annual,19,120.62,Direct Debit,2,1,2.0,48.9,No
6944,55,Consumer,Standard,Monthly,25,80.99,Credit Card,2,3,2.0,78.7,No
6945,33,Small Business,Standard,Monthly,75,64.32,Credit Card,4,1,1.0,37.8,No
6946,25,Enterprise,Standard,Two-Year,12,69.1,Bank Transfer,0,0,4.0,57.3,No
6947,45,Small Business,Standard,Monthly,14,88.95,Direct Debit,3,1,3.0,46.7,No
6948,38,Consumer,Basic,Annual,35,41.15,Direct Debit,2,0,4.0,39.6,No
6949,50,Consumer,Standard,Monthly,38,98.15,Credit Card,0,3,4.0,62.6,No
6950,34,Consumer,Basic,Annual,29,40.73,Credit Card,2,3,3.0,64.4,No
6951,45,Consumer,Standard,Annual,28,73.49,Direct Debit,4,0,3.0,37.1,No
6952,43,Consumer,Standard,Monthly,6,48.93,Bank Transfer,2,2,4.0,51.8,No
6953,35,Enterprise,Premium,Annual,19,85.09,Bank Transfer,2,0,4.0,89.8,No
6954,48,Consumer,Standard,Monthly,9,70.13,Bank Transfer,2,0,3.0,57.5,No
6955,50,Consumer,Standard,Annual,30,85.96,Credit Card,1,0,5.0,64.0,No
6956,46,Consumer,Basic,Monthly,13,38.1,Digital Wallet,5,1,3.0,67.7,No
6957,65,Consumer,Basic,Monthly,18,34.71,Digital Wallet,4,2,4.0,51.2,Yes
6958,54,Enterprise,Basic,Annual,58,54.07,Digital Wallet,1,0,4.0,36.7,No
6959,64,Small Business,Basic,Annual,25,46.92,Bank Transfer,2,0,5.0,84.1,No
6960,37,Small Business,Standard,Monthly,24,80.66,Direct Debit,1,0,4.0,54.7,No
6961,33,Consumer,Standard,Annual,23,66.0,Direct Debit,0,0,4.0,57.2,No
6962,49,Consumer,Basic,Annual,36,37.36,Bank Transfer,2,0,3.0,97.0,No
6963,18,Consumer,Standard,Annual,24,68.85,Credit Card,2,1,4.0,66.4,No
6964,18,Consumer,Premium,Monthly,86,136.33,Digital Wallet,2,1,3.0,68.2,No
6965,52,Consumer,Standard,Monthly,5,62.12,Credit Card,2,2,2.0,52.2,No
6966,40,Small Business,Standard,Monthly,6,66.9,Bank Transfer,4,1,2.0,88.2,No
6967,31,Consumer,Basic,Annual,26,56.67,Credit Card,2,0,4.0,76.3,No
6968,40,Consumer,Basic,Monthly,47,47.59,Bank Transfer,2,1,4.0,54.2,No
6969,71,Enterprise,Basic,Annual,10,36.13,Direct Debit,5,3,4.0,53.6,No
6970,43,Consumer,Basic,Monthly,15,43.88,Credit Card,2,1,3.0,48.1,No
6971,33,Consumer,Premium,Two-Year,14,109.27,Credit Card,2,1,3.0,76.3,No
6972,20,Consumer,Standard,Monthly,27,81.1,Bank Transfer,4,1,4.0,54.3,No
6973,29,Consumer,Basic,Monthly,96,56.08,Digital Wallet,1,0,4.0,54.4,No
6974,51,Consumer,Premium,Monthly,27,105.8,Credit Card,5,5,3.0,38.7,Yes
6975,33,Small Business,Basic,Annual,19,49.89,Credit Card,3,1,3.0,39.0,No
6976,41,Consumer,Standard,Annual,96,80.35,Digital Wallet,2,0,3.0,56.0,No
6977,43,Consumer,Premium,Monthly,23,95.37,Credit Card,3,0,3.0,66.4,No
6978,36,Small Business,Basic,Monthly,38,30.19,Bank Transfer,4,2,1.0,74.3,No
6979,34,Enterprise,Standard,Monthly,7,90.46,Direct Debit,4,0,3.0,60.4,No
6980,25,Enterprise,Basic,Annual,19,47.74,Digital Wallet,2,1,3.0,49.8,No
6981,49,Consumer,Standard,Monthly,8,80.82,Digital Wallet,9,1,3.0,30.7,No
6982,46,Consumer,Basic,Two-Year,36,44.22,Credit Card,2,2,5.0,54.8,No
6983,43,Consumer,Standard,Monthly,30,67.28,Bank Transfer,0,1,4.0,75.5,No
6984,43,Consumer,Basic,Monthly,40,53.36,Direct Debit,0,0,4.0,72.6,No
6985,33,Consumer,Basic,Annual,19,43.74,Direct Debit,1,1,3.0,61.6,No
6986,48,Small Business,Basic,Monthly,37,32.23,Credit Card,4,0,3.0,54.4,No
6987,65,Consumer,Basic,Monthly,37,48.47,Digital Wallet,4,1,3.0,38.9,Yes
6988,28,Consumer,Premium,Monthly,17,92.37,Bank Transfer,3,1,3.0,53.9,Yes
6989,49,Small Business,Standard,Annual,62,72.68,Credit Card,2,1,3.0,63.6,No
6990,58,Consumer,Standard,Annual,17,84.18,Direct Debit,2,0,3.0,48.6,No
6991,22,Consumer,Basic,Monthly,18,42.47,Direct Debit,2,3,4.0,72.7,No
6992,34,Enterprise,Standard,Monthly,27,76.36,Credit Card,1,2,3.0,74.8,No
6993,46,Consumer,Standard,Monthly,46,90.35,Bank Transfer,3,3,4.0,53.6,No
6994,32,Consumer,Premium,Monthly,2,114.61,Direct Debit,1,1,4.0,52.9,No
6995,43,Consumer,Basic,Annual,12,66.6,Direct Debit,1,0,4.0,49.2,No
6996,18,Consumer,Standard,Monthly,31,108.0,Digital Wallet,2,1,5.0,74.2,No
6997,27,Small Business,Premium,Monthly,40,87.12,Bank Transfer,1,0,3.0,92.9,No
6998,47,Consumer,Standard,Monthly,27,81.36,Bank Transfer,1,0,4.0,24.4,No
6999,44,Consumer,Basic,Two-Year,20,45.08,Bank Transfer,3,0,2.0,31.1,No
7000,40,Enterprise,Standard,Monthly,41,69.07,Credit Card,1,3,4.0,57.1,No
7001,54,Consumer,Standard,Annual,20,74.82,Digital Wallet,2,1,2.0,61.5,No
7002,44,Consumer,Standard,Monthly,12,65.97,Bank Transfer,1,2,3.0,45.9,No
7003,49,Enterprise,Standard,Monthly,76,72.55,Bank Transfer,2,0,4.0,81.6,No
7004,43,Consumer,Basic,Monthly,33,43.7,Direct Debit,3,2,3.0,51.3,No
7005,65,Consumer,Basic,Monthly,43,45.7,Bank Transfer,6,2,3.0,56.9,No
7006,50,Consumer,Standard,Annual,15,69.3,Bank Transfer,1,0,3.0,62.3,No
7007,33,Consumer,Standard,Monthly,41,92.08,Digital Wallet,1,1,3.0,66.5,No
7008,44,Enterprise,Standard,Two-Year,10,70.78,Digital Wallet,4,0,4.0,66.6,No
7009,42,Consumer,Standard,Annual,50,76.76,Bank Transfer,2,1,4.0,51.4,No
7010,57,Small Business,Standard,Two-Year,32,69.01,Credit Card,4,2,4.0,63.4,No
7011,28,Consumer,Standard,Two-Year,12,61.7,Bank Transfer,1,3,4.0,66.8,No
7012,41,Consumer,Standard,Monthly,39,73.64,Credit Card,4,1,3.0,38.7,No
7013,27,Consumer,Standard,Monthly,17,68.18,Direct Debit,1,0,4.0,48.6,No
7014,26,Consumer,Standard,Two-Year,45,87.24,Direct Debit,2,2,4.0,18.1,No
7015,43,Small Business,Standard,Monthly,25,82.32,Credit Card,3,2,2.0,63.1,No
7016,56,Small Business,Standard,Annual,14,75.24,Digital Wallet,2,0,3.0,36.9,No
7017,34,Consumer,Standard,Annual,13,88.65,Direct Debit,1,1,3.0,52.2,No
7018,32,Enterprise,Standard,Annual,38,98.8,Credit Card,3,0,3.0,53.5,No
7019,62,Consumer,Standard,Monthly,43,64.22,Digital Wallet,7,1,2.0,73.0,No
7020,61,Consumer,Standard,Annual,42,88.06,Direct Debit,0,0,5.0,63.0,No
7021,38,Consumer,Basic,Monthly,34,50.89,Credit Card,2,2,5.0,52.8,No
7022,52,Enterprise,Standard,Monthly,28,89.11,Unknown,1,0,4.0,69.3,No
7023,44,Small Business,Standard,Two-Year,43,80.42,Direct Debit,0,1,3.0,73.1,No
7024,47,Small Business,Premium,Annual,22,126.11,Direct Debit,0,1,4.0,100.0,No
7025,32,Consumer,Standard,Annual,25,73.39,Direct Debit,1,0,5.0,56.8,No
7026,56,Enterprise,Premium,Monthly,32,143.24,Credit Card,4,2,3.0,66.7,No
7027,49,Consumer,Premium,Annual,24,95.41,Direct Debit,0,2,4.0,78.5,No
7028,60,Consumer,Standard,Monthly,10,51.93,Digital Wallet,0,1,4.0,61.0,No
7029,37,Consumer,Basic,Two-Year,39,43.25,Bank Transfer,2,1,2.0,49.5,No
7030,47,Small Business,Premium,Monthly,35,95.53,Direct Debit,2,3,2.0,79.1,Yes
7031,47,Small Business,Standard,Annual,14,71.35,Bank Transfer,2,3,4.0,60.5,No
7032,34,Consumer,Premium,Monthly,50,121.2,Digital Wallet,2,2,4.0,80.9,No
7033,52,Consumer,Standard,Monthly,56,79.4,Direct Debit,2,0,3.0,41.4,No
7034,30,Consumer,Standard,Monthly,28,82.09,Bank Transfer,4,3,1.0,75.6,Yes
7035,42,Consumer,Standard,Monthly,16,74.62,Bank Transfer,3,1,3.0,62.3,No
7036,67,Small Business,Standard,Annual,16,80.55,Bank Transfer,1,0,2.0,70.2,No
7037,36,Consumer,Basic,Annual,15,53.11,Direct Debit,3,1,3.0,72.2,Yes
7038,36,Enterprise,Basic,Monthly,55,40.33,Digital Wallet,3,1,4.0,73.0,No
7039,51,Small Business,Standard,Monthly,15,51.08,Direct Debit,3,0,3.0,43.4,No
7040,54,Small Business,Basic,Annual,13,57.21,Credit Card,1,1,3.0,72.6,No
7041,42,Enterprise,Standard,Monthly,32,86.6,Bank Transfer,2,1,3.0,43.5,No
7042,57,Small Business,Standard,Monthly,51,71.56,Direct Debit,3,1,4.0,25.0,No
7043,58,Consumer,Premium,Annual,7,114.25,Direct Debit,2,1,4.0,49.2,No
7044,55,Consumer,Basic,Annual,41,48.02,Bank Transfer,1,0,3.0,50.8,No
7045,27,Consumer,Premium,Annual,18,119.34,Digital Wallet,2,5,4.0,43.1,No
7046,53,Small Business,Premium,Annual,53,103.67,Direct Debit,1,2,3.0,88.0,No
7047,49,Consumer,Premium,Annual,14,90.27,Bank Transfer,1,1,3.0,58.7,No
7048,44,Consumer,Basic,Monthly,32,47.1,Digital Wallet,3,3,5.0,79.8,No
7049,49,Enterprise,Premium,Monthly,53,87.98,Bank Transfer,2,2,3.0,33.9,No
7050,54,Small Business,Standard,Annual,18,81.2,Digital Wallet,3,1,2.0,59.3,No
7051,37,Enterprise,Premium,Monthly,15,153.44,Bank Transfer,1,0,4.0,37.0,No
7052,45,Small Business,Basic,Monthly,46,56.94,Credit Card,2,1,3.0,65.6,No
7053,42,Consumer,Premium,Monthly,36,112.09,Digital Wallet,1,0,3.0,68.5,Yes
7054,42,Consumer,Premium,Annual,22,133.33,Digital Wallet,0,0,4.0,68.8,No
7055,28,Small Business,Premium,Monthly,40,119.28,Bank Transfer,3,1,2.0,64.4,Yes
7056,47,Consumer,Standard,Monthly,13,79.95,Credit Card,4,0,3.0,53.6,No
7057,58,Consumer,Basic,Monthly,9,40.87,Bank Transfer,2,1,2.0,67.5,No
7058,29,Consumer,Standard,Monthly,30,86.65,Direct Debit,4,0,2.0,60.4,No
7059,31,Consumer,Premium,Annual,29,131.28,Credit Card,2,0,2.0,63.8,No
7060,61,Consumer,Standard,Two-Year,9,64.81,Direct Debit,0,0,3.0,37.3,No
7061,24,Consumer,Standard,Two-Year,36,89.51,Digital Wallet,2,1,4.0,62.8,No
7062,18,Consumer,Standard,Annual,48,91.5,Digital Wallet,0,0,4.0,59.9,No
7063,57,Consumer,Standard,Monthly,22,93.96,Credit Card,0,0,4.0,74.2,Yes
7064,52,Small Business,Basic,Annual,20,49.29,Bank Transfer,4,4,4.0,51.3,No
7065,32,Enterprise,Basic,Two-Year,54,48.91,Digital Wallet,3,1,3.0,67.9,No
7066,25,Consumer,Premium,Monthly,27,120.82,Direct Debit,4,1,4.0,77.9,No
7067,65,Consumer,Basic,Annual,18,47.28,Bank Transfer,3,2,3.0,71.1,No
7068,35,Consumer,Premium,Monthly,45,133.43,Direct Debit,2,3,2.0,57.2,No
7069,64,Enterprise,Basic,Annual,21,45.85,Bank Transfer,3,1,3.0,47.6,No
7070,36,Small Business,Basic,Annual,57,35.04,Credit Card,0,1,5.0,76.8,No
7071,39,Enterprise,Standard,Annual,12,80.11,Bank Transfer,2,0,3.0,79.0,No
7072,32,Consumer,Basic,Annual,11,41.9,Digital Wallet,3,0,1.0,57.5,No
7073,33,Consumer,Standard,Annual,69,68.55,Digital Wallet,2,2,3.0,40.8,No
7074,27,Enterprise,Standard,Annual,38,69.74,Bank Transfer,2,0,3.0,64.1,No
7075,40,Consumer,Standard,Monthly,17,64.94,Digital Wallet,2,1,2.0,59.9,No
7076,58,Small Business,Standard,Annual,28,81.98,Direct Debit,4,1,2.0,53.4,No
7077,32,Consumer,Premium,Monthly,22,87.56,Digital Wallet,5,6,2.0,57.2,Yes
7078,49,Consumer,Basic,Monthly,22,57.08,Unknown,4,1,2.0,40.3,No
7079,38,Consumer,Basic,Two-Year,44,40.6,Bank Transfer,2,1,4.0,72.9,No
7080,28,Consumer,Standard,Two-Year,17,68.94,Bank Transfer,0,1,4.0,55.9,No
7081,21,Consumer,Basic,Annual,11,27.72,Digital Wallet,4,0,3.0,50.6,No
7082,32,Consumer,Basic,Monthly,7,39.0,Bank Transfer,3,0,2.0,29.6,No
7083,50,Enterprise,Standard,Monthly,3,86.27,Bank Transfer,7,3,2.0,20.4,No
7084,37,Consumer,Basic,Monthly,21,37.79,Credit Card,3,0,3.0,47.6,No
7085,71,Small Business,Basic,Annual,32,55.72,Direct Debit,1,2,4.0,67.9,No
7086,40,Small Business,Premium,Annual,14,108.88,Digital Wallet,2,1,,76.6,No
7087,43,Consumer,Standard,Annual,17,74.71,Direct Debit,1,0,4.0,60.7,No
7088,31,Small Business,Basic,Monthly,12,58.24,Bank Transfer,1,0,3.0,74.5,No
7089,18,Consumer,Premium,Monthly,11,108.84,Credit Card,6,2,2.0,46.7,No
7090,53,Enterprise,Standard,Monthly,20,78.22,Digital Wallet,2,0,5.0,57.6,No
7091,37,Consumer,Basic,Monthly,41,48.4,Credit Card,2,1,2.0,65.5,No
7092,39,Small Business,Basic,Annual,12,33.96,Digital Wallet,0,1,3.0,73.7,No
7093,21,Enterprise,Standard,Two-Year,24,69.23,Digital Wallet,3,1,3.0,60.1,No
7094,29,Consumer,Standard,Monthly,23,95.92,Digital Wallet,6,1,1.0,22.1,No
7095,44,Consumer,Standard,Two-Year,13,90.83,Digital Wallet,3,2,3.0,80.0,No
7096,31,Consumer,Standard,Monthly,33,91.12,Digital Wallet,3,0,5.0,64.0,No
7097,46,Consumer,Basic,Annual,43,51.44,Credit Card,2,1,4.0,60.8,No
7098,41,Consumer,Standard,Monthly,80,71.87,Digital Wallet,0,0,4.0,59.0,No
7099,47,Consumer,Basic,Two-Year,67,46.37,Digital Wallet,0,1,4.0,69.5,No
7100,18,Consumer,Standard,Annual,37,70.51,Bank Transfer,0,2,2.0,63.1,No
7101,46,Enterprise,Premium,Monthly,4,110.48,Digital Wallet,3,1,4.0,61.2,No
7102,19,Small Business,Standard,Monthly,25,66.56,Direct Debit,1,0,2.0,70.6,No
7103,48,Consumer,Basic,Monthly,12,32.57,Direct Debit,2,1,3.0,35.1,No
7104,29,Small Business,Basic,Annual,10,45.01,Bank Transfer,2,0,5.0,56.4,No
7105,39,Small Business,Standard,Monthly,21,71.5,Credit Card,2,1,5.0,68.0,No
7106,46,Enterprise,Standard,Monthly,73,88.56,Direct Debit,1,1,3.0,71.3,No
7107,60,Enterprise,Standard,Annual,15,59.75,Direct Debit,0,1,4.0,62.2,No
7108,55,Consumer,Premium,Annual,15,103.21,Direct Debit,2,2,2.0,19.4,No
7109,40,Consumer,Basic,Two-Year,13,58.57,Bank Transfer,3,4,3.0,56.9,No
7110,51,Small Business,Basic,Monthly,22,58.28,Credit Card,4,2,4.0,70.1,No
7111,39,Consumer,Standard,Two-Year,26,70.25,Credit Card,5,3,3.0,85.7,No
7112,51,Consumer,Standard,Two-Year,17,104.33,Bank Transfer,0,3,3.0,60.8,No
7113,54,Small Business,Standard,Monthly,11,89.53,Direct Debit,1,0,5.0,55.6,No
7114,29,Consumer,Premium,Monthly,19,106.31,Credit Card,8,2,2.0,47.6,No
7115,51,Consumer,Premium,Two-Year,32,127.04,Credit Card,1,0,4.0,75.4,No
7116,49,Consumer,Basic,Monthly,31,50.91,Direct Debit,3,0,3.0,48.8,No
7117,60,Small Business,Standard,Monthly,12,68.92,Digital Wallet,1,1,3.0,49.4,No
7118,27,Enterprise,Basic,Two-Year,17,46.25,Bank Transfer,2,1,5.0,47.5,No
7119,18,Small Business,Basic,Monthly,25,35.75,Bank Transfer,1,0,3.0,57.8,No
7120,40,Small Business,Standard,Annual,21,52.8,Unknown,1,1,4.0,47.4,No
7121,34,Consumer,Standard,Two-Year,22,71.36,Bank Transfer,0,1,4.0,68.5,No
7122,23,Consumer,Standard,Two-Year,64,66.37,Bank Transfer,0,0,4.0,65.9,No
7123,50,Consumer,Standard,Monthly,15,34.57,Credit Card,0,0,3.0,52.6,No
7124,58,Consumer,Standard,Annual,30,74.02,Digital Wallet,2,2,4.0,61.3,No
7125,29,Enterprise,Premium,Two-Year,33,119.95,Bank Transfer,3,3,4.0,76.4,No
7126,55,Enterprise,Standard,Monthly,67,81.66,Credit Card,4,0,2.0,52.0,No
7127,41,Small Business,Standard,Monthly,18,67.3,Digital Wallet,1,1,5.0,64.0,No
7128,36,Consumer,Basic,Monthly,19,52.05,Bank Transfer,4,1,2.0,65.3,No
7129,25,Small Business,Standard,Monthly,13,92.53,Bank Transfer,2,1,3.0,61.9,No
7130,61,Small Business,Premium,Monthly,20,117.76,Credit Card,3,1,5.0,66.5,No
7131,49,Consumer,Standard,Annual,38,75.34,Bank Transfer,0,0,5.0,81.7,No
7132,71,Consumer,Standard,Monthly,42,85.13,Credit Card,3,0,4.0,54.2,No
7133,49,Consumer,Premium,Monthly,31,147.8,Credit Card,1,0,4.0,68.9,No
7134,69,Small Business,Basic,Annual,50,37.66,Digital Wallet,0,0,3.0,50.8,No
7135,66,Small Business,Basic,Two-Year,55,49.16,Credit Card,3,0,3.0,53.9,No
7136,46,Consumer,Standard,Monthly,27,61.14,Credit Card,4,1,3.0,44.3,No
7137,34,Consumer,Premium,Annual,19,119.2,Bank Transfer,0,2,,71.1,No
7138,40,Small Business,Standard,Two-Year,31,50.32,Direct Debit,0,1,5.0,56.9,No
7139,34,Small Business,Basic,Monthly,68,50.03,Credit Card,2,0,2.0,44.5,No
7140,34,Small Business,Basic,Two-Year,26,63.69,Credit Card,0,1,3.0,81.9,No
7141,35,Consumer,Standard,Annual,20,65.63,Digital Wallet,0,2,5.0,94.6,No
7142,40,Consumer,Basic,Annual,18,38.15,Digital Wallet,1,0,4.0,57.2,No
7143,52,Consumer,Standard,Monthly,28,70.8,Direct Debit,1,0,2.0,43.2,No
7144,20,Consumer,Standard,Annual,22,86.2,Credit Card,1,1,2.0,56.9,Yes
7145,30,Enterprise,Standard,Annual,31,76.61,Bank Transfer,1,1,4.0,85.6,No
7146,38,Enterprise,Standard,Monthly,28,72.25,Direct Debit,2,0,3.0,65.7,No
7147,48,Consumer,Basic,Annual,40,36.68,Direct Debit,2,0,4.0,68.3,No
7148,41,Consumer,Standard,Two-Year,27,60.81,Bank Transfer,2,1,1.0,58.9,No
7149,30,Small Business,Standard,Monthly,32,81.11,Direct Debit,2,1,3.0,77.6,No
7150,38,Enterprise,Basic,Monthly,52,44.05,Credit Card,2,0,4.0,96.2,No
7151,42,Consumer,Basic,Annual,39,40.2,Digital Wallet,4,1,2.0,29.3,No
7152,25,Consumer,Standard,Monthly,19,71.54,Bank Transfer,3,2,4.0,65.0,No
7153,46,Consumer,Standard,Annual,49,81.4,Credit Card,0,0,4.0,80.6,No
7154,21,Consumer,Basic,Monthly,36,47.3,Digital Wallet,0,2,3.0,71.5,No
7155,37,Small Business,Basic,Annual,29,44.14,Credit Card,0,0,4.0,49.3,No
7156,40,Enterprise,Premium,Monthly,6,72.15,Digital Wallet,1,0,3.0,53.9,No
7157,54,Small Business,Basic,Monthly,42,42.91,Credit Card,2,1,3.0,58.6,No
7158,37,Small Business,Basic,Monthly,29,51.29,Digital Wallet,5,2,1.0,47.8,Yes
7159,55,Consumer,Premium,Monthly,41,111.35,Direct Debit,4,2,3.0,52.3,No
7160,56,Consumer,Standard,Monthly,96,81.78,Digital Wallet,1,3,2.0,67.7,No
7161,49,Small Business,Basic,Monthly,29,43.61,Bank Transfer,4,1,2.0,60.4,Yes
7162,39,Small Business,Premium,Monthly,56,128.82,Digital Wallet,6,3,3.0,51.6,No
7163,49,Small Business,Standard,Monthly,43,64.24,Digital Wallet,4,2,4.0,31.4,No
7164,57,Small Business,Standard,Monthly,17,48.04,Direct Debit,2,1,4.0,51.4,No
7165,36,Consumer,Basic,Monthly,7,57.87,Direct Debit,1,1,4.0,70.3,Yes
7166,27,Consumer,Premium,Monthly,14,131.32,Credit Card,4,3,4.0,73.8,No
7167,37,Consumer,Basic,Monthly,48,38.01,Credit Card,5,0,3.0,39.1,No
7168,54,Consumer,Standard,Monthly,49,50.77,Credit Card,5,3,4.0,46.2,No
7169,71,Small Business,Basic,Annual,63,57.39,Bank Transfer,1,0,4.0,30.5,No
7170,45,Enterprise,Basic,Monthly,33,55.32,Direct Debit,3,0,,57.0,No
7171,35,Consumer,Premium,Annual,22,116.12,Digital Wallet,1,1,4.0,71.3,No
7172,36,Consumer,Standard,Annual,20,60.91,Digital Wallet,2,0,4.0,50.5,No
7173,18,Small Business,Basic,Annual,29,39.4,Bank Transfer,2,1,3.0,85.7,Yes
7174,32,Small Business,Premium,Annual,21,98.41,Bank Transfer,1,2,2.0,60.3,No
7175,35,Consumer,Premium,Monthly,17,139.91,Credit Card,1,0,3.0,49.0,Yes
7176,54,Enterprise,Standard,Annual,16,63.0,Credit Card,1,1,5.0,66.6,No
7177,47,Consumer,Standard,Annual,22,77.63,Credit Card,1,0,4.0,70.0,No
7178,58,Enterprise,Basic,Monthly,25,50.1,Credit Card,4,2,3.0,52.2,No
7179,48,Consumer,Standard,Monthly,33,60.36,Bank Transfer,5,2,3.0,58.7,No
7180,41,Small Business,Basic,Two-Year,18,41.16,Credit Card,0,0,4.0,82.7,No
7181,41,Consumer,Basic,Annual,4,43.24,Credit Card,2,0,3.0,41.3,No
7182,29,Consumer,Basic,Two-Year,19,42.21,Direct Debit,1,1,3.0,65.6,No
7183,44,Small Business,Standard,Monthly,38,64.9,Direct Debit,0,0,2.0,64.6,Yes
7184,57,Consumer,Standard,Monthly,27,70.91,Credit Card,3,0,4.0,50.8,No
7185,29,Consumer,Basic,Annual,6,44.25,Bank Transfer,2,2,3.0,50.0,No
7186,47,Enterprise,Standard,Monthly,21,66.82,Credit Card,1,1,3.0,79.0,No
7187,34,Enterprise,Standard,Monthly,41,62.3,Direct Debit,0,0,3.0,69.1,No
7188,37,Small Business,Basic,Annual,22,51.0,Digital Wallet,1,0,3.0,59.9,No
7189,31,Consumer,Premium,Monthly,4,131.86,Direct Debit,0,0,5.0,83.2,No
7190,47,Consumer,Standard,Monthly,3,75.25,Credit Card,1,0,5.0,52.7,No
7191,50,Small Business,Premium,Annual,24,116.36,Direct Debit,2,0,5.0,80.3,No
7192,41,Enterprise,Standard,Two-Year,52,73.85,Credit Card,1,1,4.0,58.1,No
7193,45,Consumer,Standard,Monthly,15,66.79,Credit Card,2,1,3.0,35.9,No
7194,53,Consumer,Standard,Two-Year,29,50.52,Bank Transfer,1,0,4.0,45.8,No
7195,68,Small Business,Basic,Monthly,23,54.57,Direct Debit,4,2,3.0,62.4,No
7196,46,Consumer,Basic,Monthly,31,41.17,Credit Card,1,0,,68.0,No
7197,34,Consumer,Premium,Monthly,37,140.24,Direct Debit,1,1,2.0,72.6,No
7198,47,Small Business,Basic,Two-Year,37,33.53,Digital Wallet,3,0,3.0,64.8,No
7199,19,Consumer,Basic,Monthly,49,51.09,Unknown,10,8,1.0,43.5,No
7200,46,Small Business,Standard,Annual,28,81.7,Direct Debit,3,2,1.0,87.3,Yes
7201,33,Consumer,Basic,Monthly,14,46.38,Credit Card,1,0,5.0,37.1,No
7202,59,Consumer,Standard,Monthly,27,68.91,Direct Debit,5,5,2.0,39.8,No
7203,42,Small Business,Standard,Monthly,17,54.73,Direct Debit,3,2,3.0,71.1,No
7204,36,Consumer,Standard,Monthly,10,88.4,Bank Transfer,5,2,2.0,32.4,No
7205,32,Consumer,Basic,Two-Year,27,44.03,Credit Card,2,0,2.0,50.9,No
7206,37,Consumer,Basic,Monthly,22,51.35,Direct Debit,1,0,4.0,66.7,No
7207,31,Small Business,Basic,Monthly,18,52.47,Bank Transfer,5,2,3.0,44.6,No
7208,35,Consumer,Standard,Annual,29,73.88,Direct Debit,2,0,3.0,72.5,No
7209,21,Consumer,Basic,Monthly,20,39.58,Direct Debit,3,2,4.0,64.6,No
7210,70,Small Business,Basic,Monthly,6,44.13,Digital Wallet,0,0,5.0,71.1,No
7211,43,Consumer,Premium,Monthly,7,143.2,Credit Card,5,1,2.0,62.1,No
7212,45,Consumer,Standard,Monthly,7,80.45,Direct Debit,3,0,2.0,26.7,No
7213,33,Enterprise,Basic,Monthly,21,45.98,Direct Debit,1,2,4.0,35.7,No
7214,19,Enterprise,Standard,Two-Year,14,74.58,Direct Debit,0,0,4.0,81.3,No
7215,23,Consumer,Standard,Two-Year,25,78.4,Bank Transfer,1,1,4.0,65.0,No
7216,34,Small Business,Standard,Monthly,2,72.13,Bank Transfer,3,6,1.0,75.2,No
7217,39,Consumer,Premium,Monthly,82,131.88,Direct Debit,4,2,3.0,41.2,No
7218,44,Consumer,Premium,Monthly,27,119.96,Direct Debit,3,1,4.0,63.9,No
7219,44,Small Business,Standard,Two-Year,21,67.39,Digital Wallet,3,0,3.0,70.6,No
7220,36,Consumer,Standard,Monthly,24,78.03,Credit Card,2,1,,72.8,Yes
7221,28,Small Business,Standard,Annual,11,77.54,Direct Debit,1,0,3.0,66.9,No
7222,29,Enterprise,Basic,Annual,31,38.89,Bank Transfer,0,1,4.0,82.0,No
7223,32,Enterprise,Standard,Annual,11,58.23,Credit Card,2,0,4.0,69.5,No
7224,18,Consumer,Standard,Monthly,29,58.01,Bank Transfer,1,0,2.0,68.0,No
7225,30,Consumer,Standard,Annual,34,102.51,Digital Wallet,2,1,3.0,76.6,No
7226,18,Small Business,Premium,Monthly,61,109.85,Digital Wallet,1,0,3.0,82.2,No
7227,18,Consumer,Basic,Monthly,20,56.95,Bank Transfer,2,0,5.0,55.0,No
7228,55,Consumer,Standard,Monthly,25,70.57,Digital Wallet,1,1,2.0,53.5,No
7229,58,Consumer,Standard,Monthly,55,82.83,Bank Transfer,4,0,3.0,38.3,No
7230,60,Consumer,Standard,Annual,59,78.57,Digital Wallet,3,1,5.0,44.6,No
7231,42,Small Business,Basic,Monthly,96,35.97,Credit Card,2,1,5.0,65.6,No
7232,54,Consumer,Standard,Monthly,7,73.77,Credit Card,3,3,5.0,75.4,No
7233,50,Small Business,Standard,Monthly,12,74.22,Bank Transfer,1,2,5.0,60.4,No
7234,21,Small Business,Basic,Annual,18,37.18,Bank Transfer,5,4,4.0,50.7,No
7235,18,Consumer,Standard,Two-Year,42,69.24,Credit Card,2,2,4.0,76.0,No
7236,44,Small Business,Standard,Two-Year,10,91.4,Bank Transfer,0,0,4.0,62.9,No
7237,34,Consumer,Standard,Monthly,38,74.85,Bank Transfer,1,1,4.0,45.8,No
7238,31,Enterprise,Standard,Annual,35,53.65,Credit Card,2,3,3.0,66.4,No
7239,32,Consumer,Standard,Annual,20,97.15,Bank Transfer,2,0,2.0,56.0,No
7240,29,Consumer,Basic,Two-Year,25,44.21,Digital Wallet,4,0,4.0,44.9,No
7241,41,Consumer,Standard,Two-Year,25,95.48,Bank Transfer,3,2,,41.9,No
7242,54,Consumer,Basic,Annual,29,29.75,Credit Card,1,1,3.0,66.6,No
7243,33,Consumer,Standard,Two-Year,33,90.92,Direct Debit,4,1,3.0,37.3,Yes
7244,36,Consumer,Basic,Monthly,12,58.04,Direct Debit,5,1,5.0,44.0,Yes
7245,46,Enterprise,Standard,Monthly,12,89.21,Credit Card,2,1,4.0,60.5,No
7246,39,Consumer,Basic,Two-Year,19,41.38,Credit Card,2,0,3.0,69.1,No
7247,39,Consumer,Standard,Two-Year,25,68.52,Bank Transfer,3,1,3.0,54.6,No
7248,50,Consumer,Standard,Monthly,13,96.71,Bank Transfer,2,2,2.0,59.4,No
7249,39,Consumer,Premium,Annual,34,102.58,Credit Card,0,1,4.0,54.9,No
7250,39,Consumer,Basic,Annual,26,49.79,Direct Debit,2,1,3.0,86.3,No
7251,25,Consumer,Standard,Monthly,41,78.24,Direct Debit,3,1,4.0,48.9,Yes
7252,58,Consumer,Standard,Two-Year,10,80.21,Digital Wallet,3,5,3.0,55.9,No
7253,34,Consumer,Premium,Monthly,14,114.74,Digital Wallet,6,2,1.0,70.1,Yes
7254,28,Consumer,Standard,Monthly,11,74.53,Bank Transfer,4,2,3.0,66.3,No
7255,54,Small Business,Standard,Monthly,17,67.69,Direct Debit,1,0,3.0,56.9,No
7256,41,Consumer,Standard,Two-Year,56,76.58,Direct Debit,1,1,4.0,44.3,No
7257,27,Enterprise,Premium,Monthly,33,107.79,Credit Card,4,2,1.0,73.8,No
7258,30,Consumer,Basic,Annual,36,32.16,Digital Wallet,3,1,4.0,53.0,No
7259,32,Consumer,Premium,Annual,27,92.85,Digital Wallet,2,1,3.0,63.3,No
7260,33,Consumer,Standard,Two-Year,20,82.39,Direct Debit,0,1,5.0,47.9,No
7261,22,Enterprise,Standard,Annual,4,91.4,Digital Wallet,3,1,3.0,61.2,No
7262,18,Consumer,Standard,Monthly,30,72.53,Bank Transfer,0,0,4.0,66.6,No
7263,38,Consumer,Standard,Two-Year,58,69.91,Direct Debit,1,1,5.0,63.9,No
7264,47,Small Business,Standard,Annual,18,82.62,Bank Transfer,0,0,3.0,72.2,No
7265,51,Consumer,Basic,Monthly,26,44.91,Digital Wallet,5,4,3.0,47.3,No
7266,69,Enterprise,Basic,Two-Year,71,44.08,Direct Debit,2,3,2.0,73.7,No
7267,58,Small Business,Premium,Two-Year,36,102.46,Digital Wallet,1,1,4.0,62.9,No
7268,44,Enterprise,Standard,Two-Year,14,67.24,Bank Transfer,0,0,5.0,41.5,No
7269,40,Consumer,Basic,Annual,12,30.26,Bank Transfer,3,2,3.0,55.2,No
7270,31,Consumer,Basic,Monthly,39,37.15,Direct Debit,3,4,3.0,36.3,No
7271,30,Consumer,Premium,Monthly,20,98.15,Direct Debit,0,0,4.0,53.1,Yes
7272,32,Consumer,Basic,Monthly,31,36.98,Direct Debit,2,1,1.0,34.8,No
7273,21,Small Business,Premium,Annual,28,101.23,Bank Transfer,1,0,4.0,33.9,No
7274,40,Consumer,Basic,Monthly,12,40.58,Direct Debit,2,1,3.0,59.1,No
7275,46,Small Business,Basic,Annual,21,48.34,Credit Card,2,1,2.0,57.0,No
7276,36,Consumer,Basic,Monthly,9,33.87,Direct Debit,1,0,4.0,56.5,No
7277,53,Small Business,Standard,Monthly,20,63.17,Unknown,2,2,2.0,70.1,No
7278,34,Consumer,Premium,Two-Year,18,119.57,Bank Transfer,1,1,3.0,67.2,No
7279,36,Consumer,Basic,Two-Year,8,59.13,Bank Transfer,4,1,2.0,75.0,No
7280,67,Consumer,Standard,Monthly,26,66.91,Bank Transfer,1,0,3.0,46.7,No
7281,48,Consumer,Standard,Annual,20,62.22,Direct Debit,1,0,5.0,62.6,No
7282,52,Enterprise,Basic,Monthly,20,48.64,Direct Debit,3,1,3.0,59.7,No
7283,36,Consumer,Standard,Monthly,21,92.03,Bank Transfer,3,0,2.0,38.3,No
7284,42,Consumer,Basic,Monthly,19,45.25,Credit Card,1,0,4.0,37.1,No
7285,43,Small Business,Standard,Monthly,36,86.91,Bank Transfer,3,4,2.0,72.0,Yes
7286,44,Consumer,Standard,Annual,2,91.25,Bank Transfer,1,0,3.0,70.6,No
7287,31,Enterprise,Standard,Annual,8,81.41,Bank Transfer,2,2,3.0,61.9,No
7288,60,Consumer,Standard,Annual,19,71.47,Digital Wallet,1,0,2.0,60.9,No
7289,40,Small Business,Standard,Monthly,31,77.77,Digital Wallet,3,3,2.0,57.5,No
7290,55,Consumer,Standard,Annual,37,61.04,Bank Transfer,1,0,4.0,24.5,No
7291,25,Consumer,Premium,Two-Year,26,94.13,Bank Transfer,1,1,3.0,65.4,No
7292,35,Consumer,Premium,Two-Year,33,126.21,Direct Debit,1,0,5.0,53.5,No
7293,47,Small Business,Standard,Annual,17,54.76,Direct Debit,3,0,3.0,63.7,No
7294,35,Consumer,Basic,Monthly,67,38.8,Bank Transfer,3,0,3.0,70.8,No
7295,42,Small Business,Standard,Monthly,51,86.55,Bank Transfer,2,1,2.0,54.2,No
7296,39,Small Business,Premium,Monthly,29,98.24,Bank Transfer,1,2,4.0,51.6,No
7297,38,Small Business,Basic,Annual,4,54.54,Digital Wallet,1,0,3.0,47.5,No
7298,41,Small Business,Standard,Monthly,38,89.52,Credit Card,1,3,3.0,70.4,No
7299,57,Consumer,Standard,Annual,34,67.11,Credit Card,2,1,2.0,74.8,No
7300,41,Consumer,Premium,Monthly,16,105.51,Digital Wallet,2,1,3.0,77.5,No
7301,35,Consumer,Premium,Monthly,65,104.55,Direct Debit,2,2,4.0,82.5,No
7302,26,Small Business,Premium,Annual,34,128.5,Bank Transfer,4,2,3.0,67.1,No
7303,57,Consumer,Standard,Monthly,6,86.44,Bank Transfer,0,0,3.0,69.0,No
7304,34,Enterprise,Standard,Annual,14,53.62,Direct Debit,2,2,3.0,61.4,No
7305,43,Small Business,Basic,Monthly,23,59.29,Direct Debit,1,0,2.0,60.1,No
7306,34,Consumer,Basic,Annual,18,47.62,Bank Transfer,4,4,3.0,57.5,No
7307,54,Consumer,Standard,Annual,25,90.54,Credit Card,4,6,4.0,40.1,No
7308,53,Enterprise,Standard,Two-Year,6,71.28,Bank Transfer,3,0,4.0,55.2,No
7309,37,Consumer,Basic,Monthly,29,37.22,Bank Transfer,4,1,5.0,34.2,No
7310,28,Consumer,Standard,Two-Year,17,82.47,Credit Card,1,1,4.0,48.1,No
7311,49,Small Business,Standard,Monthly,43,68.0,Bank Transfer,4,0,4.0,52.8,No
7312,48,Consumer,Standard,Monthly,9,81.61,Direct Debit,7,1,1.0,51.6,Yes
7313,65,Consumer,Basic,Annual,22,53.18,Direct Debit,1,4,3.0,59.5,No
7314,43,Small Business,Basic,Monthly,33,42.25,Credit Card,0,1,3.0,56.7,No
7315,37,Consumer,Basic,Annual,37,46.13,Credit Card,2,0,3.0,77.3,No
7316,47,Small Business,Standard,Annual,33,54.88,Bank Transfer,2,1,4.0,70.9,No
7317,61,Small Business,Standard,Two-Year,23,84.94,Digital Wallet,4,3,,52.3,No
7318,44,Consumer,Standard,Monthly,33,84.18,Credit Card,2,4,3.0,75.2,No
7319,38,Small Business,Standard,Monthly,18,84.37,Direct Debit,0,0,4.0,80.6,No
7320,50,Consumer,Standard,Monthly,49,70.06,Direct Debit,3,3,3.0,47.0,No
7321,32,Small Business,Standard,Annual,8,73.56,Bank Transfer,1,0,3.0,90.4,No
7322,29,Small Business,Standard,Monthly,8,92.67,Bank Transfer,3,2,2.0,34.9,No
7323,18,Consumer,Basic,Two-Year,15,59.3,Direct Debit,1,0,3.0,66.6,No
7324,59,Consumer,Standard,Annual,6,86.07,Credit Card,2,2,4.0,78.7,No
7325,58,Consumer,Standard,Monthly,52,56.07,Bank Transfer,5,3,3.0,44.4,No
7326,57,Consumer,Premium,Monthly,17,138.89,Digital Wallet,0,0,4.0,79.7,No
7327,41,Small Business,Standard,Annual,33,98.36,Credit Card,0,0,3.0,58.8,No
7328,62,Enterprise,Premium,Monthly,19,144.84,Credit Card,4,0,2.0,25.3,No
7329,43,Small Business,Standard,Monthly,36,93.96,Credit Card,1,0,3.0,53.7,No
7330,41,Consumer,Basic,Monthly,32,43.21,Direct Debit,1,1,3.0,59.9,No
7331,52,Enterprise,Standard,Monthly,25,74.98,Direct Debit,2,0,3.0,87.0,No
7332,65,Consumer,Standard,Monthly,27,95.76,Direct Debit,4,0,5.0,23.3,No
7333,50,Consumer,Basic,Monthly,29,34.67,Digital Wallet,3,1,4.0,23.2,No
7334,36,Consumer,Basic,Two-Year,13,45.21,Bank Transfer,1,1,2.0,90.0,No
7335,56,Consumer,Standard,Monthly,17,79.06,Bank Transfer,7,2,2.0,25.6,No
7336,18,Small Business,Premium,Monthly,15,107.22,Credit Card,1,1,4.0,91.2,No
7337,22,Enterprise,Premium,Monthly,6,97.93,Credit Card,1,0,4.0,61.7,No
7338,23,Small Business,Basic,Monthly,12,47.98,Credit Card,5,4,5.0,24.7,No
7339,40,Enterprise,Premium,Annual,24,97.1,Digital Wallet,4,1,3.0,57.6,No
7340,27,Consumer,Standard,Monthly,39,71.19,Digital Wallet,2,1,4.0,65.4,No
7341,55,Consumer,Basic,Monthly,46,44.36,Bank Transfer,2,2,4.0,57.4,No
7342,43,Consumer,Standard,Monthly,38,86.52,Credit Card,2,0,1.0,50.4,No
7343,19,Consumer,Standard,Monthly,19,45.09,Credit Card,1,1,3.0,52.8,No
7344,18,Consumer,Basic,Monthly,28,50.34,Bank Transfer,1,1,5.0,82.2,No
7345,31,Small Business,Basic,Monthly,27,30.56,Bank Transfer,2,0,4.0,71.2,No
7346,49,Consumer,Basic,Monthly,79,47.58,Digital Wallet,3,0,4.0,33.9,Yes
7347,34,Consumer,Standard,Annual,16,98.83,Direct Debit,2,2,5.0,58.9,No
7348,40,Enterprise,Basic,Monthly,15,61.61,Direct Debit,4,5,3.0,49.8,No
7349,38,Consumer,Premium,Monthly,24,95.8,Bank Transfer,1,1,4.0,73.4,No
7350,47,Consumer,Premium,Annual,7,120.78,Credit Card,0,1,5.0,55.5,No
7351,57,Small Business,Basic,Monthly,42,47.75,Bank Transfer,3,3,,54.6,No
7352,56,Consumer,Basic,Two-Year,6,42.09,Digital Wallet,1,1,5.0,59.7,No
7353,37,Enterprise,Premium,Monthly,40,97.51,Credit Card,2,0,3.0,64.6,No
7354,49,Enterprise,Standard,Annual,8,62.05,Direct Debit,3,1,4.0,76.8,No
7355,41,Small Business,Standard,Monthly,32,81.05,Bank Transfer,2,1,4.0,41.6,No
7356,32,Consumer,Standard,Annual,39,81.35,Credit Card,3,3,4.0,68.9,No
7357,49,Small Business,Standard,Annual,22,84.64,Direct Debit,0,2,4.0,80.7,No
7358,40,Consumer,Premium,Annual,30,127.48,Credit Card,1,0,3.0,46.9,No
7359,46,Small Business,Basic,Monthly,24,51.61,Digital Wallet,1,0,5.0,77.4,No
7360,51,Consumer,Basic,Monthly,28,35.12,Credit Card,1,1,4.0,42.6,No
7361,38,Consumer,Standard,Two-Year,86,75.09,Credit Card,0,0,5.0,29.9,No
7362,41,Consumer,Basic,Monthly,56,51.37,Bank Transfer,4,0,4.0,53.6,Yes
7363,41,Small Business,Standard,Monthly,76,92.76,Direct Debit,2,0,3.0,68.9,No
7364,36,Consumer,Standard,Monthly,11,98.43,Direct Debit,1,1,3.0,63.8,No
7365,35,Consumer,Standard,Monthly,33,73.33,Bank Transfer,2,0,5.0,73.4,No
7366,32,Small Business,Standard,Monthly,36,52.7,Bank Transfer,1,2,4.0,22.6,No
7367,37,Consumer,Standard,Annual,25,57.5,Credit Card,1,0,5.0,88.7,No
7368,58,Consumer,Standard,Annual,18,83.48,Digital Wallet,1,2,4.0,46.5,No
7369,66,Consumer,Standard,Annual,14,92.57,Bank Transfer,0,0,4.0,71.7,No
7370,60,Small Business,Standard,Annual,26,72.42,Bank Transfer,1,0,5.0,66.6,No
7371,25,Consumer,Basic,Two-Year,7,48.34,Direct Debit,1,2,3.0,78.9,No
7372,26,Consumer,Premium,Monthly,16,82.93,Credit Card,3,1,3.0,62.0,No
7373,50,Consumer,Basic,Monthly,7,40.56,Digital Wallet,1,0,4.0,43.3,No
7374,43,Consumer,Standard,Annual,31,58.39,Credit Card,2,3,3.0,63.5,No
7375,73,Consumer,Basic,Annual,28,41.33,Credit Card,5,2,3.0,36.8,No
7376,42,Small Business,Standard,Monthly,28,83.28,Direct Debit,1,0,3.0,52.3,No
7377,59,Consumer,Basic,Two-Year,73,43.88,Digital Wallet,3,4,4.0,65.7,No
7378,28,Consumer,Standard,Monthly,25,58.74,Digital Wallet,1,0,3.0,62.2,No
7379,54,Consumer,Basic,Monthly,29,36.81,Credit Card,5,3,4.0,73.6,Yes
7380,55,Small Business,Premium,Annual,27,116.78,Bank Transfer,3,1,4.0,61.6,No
7381,47,Consumer,Standard,Monthly,28,56.19,Digital Wallet,4,1,1.0,71.3,No
7382,56,Consumer,Basic,Monthly,45,47.22,Digital Wallet,3,0,2.0,49.9,No
7383,38,Consumer,Basic,Monthly,29,46.25,Bank Transfer,4,1,3.0,72.0,No
7384,27,Enterprise,Standard,Annual,29,85.36,Credit Card,3,1,1.0,66.7,No
7385,20,Consumer,Standard,Two-Year,13,93.02,Digital Wallet,2,0,3.0,63.6,No
7386,51,Small Business,Standard,Annual,22,70.98,Digital Wallet,3,0,3.0,52.9,No
7387,39,Consumer,Basic,Two-Year,12,56.52,Credit Card,0,3,5.0,22.9,No
7388,38,Consumer,Basic,Annual,48,48.81,Digital Wallet,0,1,4.0,71.4,No
7389,28,Consumer,Standard,Monthly,39,64.42,Bank Transfer,3,0,3.0,61.7,No
7390,67,Consumer,Basic,Monthly,27,26.15,Credit Card,4,0,3.0,45.3,No
7391,56,Consumer,Standard,Annual,44,63.16,Digital Wallet,2,0,3.0,50.5,No
7392,52,Enterprise,Basic,Monthly,51,48.82,Credit Card,5,1,3.0,50.3,No
7393,23,Consumer,Premium,Monthly,21,79.76,Credit Card,2,2,3.0,66.2,No
7394,43,Small Business,Premium,Annual,49,121.05,Bank Transfer,3,1,3.0,91.8,No
7395,31,Small Business,Premium,Two-Year,20,84.32,Direct Debit,3,2,5.0,24.2,No
7396,63,Consumer,Premium,Two-Year,27,146.73,Digital Wallet,3,1,2.0,53.8,No
7397,40,Consumer,Premium,Annual,16,126.84,Digital Wallet,1,1,2.0,48.5,No
7398,54,Consumer,Standard,Monthly,27,87.27,Digital Wallet,3,0,3.0,57.7,No
7399,22,Consumer,Standard,Monthly,43,94.36,Direct Debit,2,0,3.0,47.7,No
7400,44,Small Business,Standard,Annual,41,58.99,Bank Transfer,1,1,2.0,69.3,No
7401,32,Consumer,Premium,Annual,16,116.45,Digital Wallet,3,2,3.0,62.9,No
7402,27,Small Business,Standard,Annual,11,66.87,Direct Debit,0,1,4.0,85.8,No
7403,20,Small Business,Standard,Monthly,15,104.75,Credit Card,1,1,4.0,42.7,Yes
7404,22,Consumer,Standard,Annual,18,88.04,Digital Wallet,3,2,2.0,63.3,No
7405,21,Consumer,Premium,Two-Year,29,103.71,Digital Wallet,1,2,4.0,75.8,No
7406,20,Consumer,Premium,Monthly,87,105.63,Digital Wallet,5,3,2.0,57.7,No
7407,51,Consumer,Standard,Monthly,18,83.34,Bank Transfer,3,1,3.0,58.5,No
7408,20,Enterprise,Basic,Monthly,43,43.22,Bank Transfer,0,0,4.0,64.7,No
7409,55,Consumer,Standard,Monthly,53,81.5,Digital Wallet,3,1,3.0,50.2,No
7410,43,Consumer,Standard,Monthly,10,79.23,Credit Card,4,0,1.0,50.1,No
7411,59,Consumer,Premium,Monthly,53,88.59,Credit Card,2,1,4.0,51.7,No
7412,21,Consumer,Standard,Annual,30,82.27,Direct Debit,2,0,3.0,69.5,No
7413,35,Consumer,Premium,Monthly,31,110.71,Bank Transfer,2,1,4.0,30.9,No
7414,38,Consumer,Premium,Annual,37,97.29,Credit Card,2,1,5.0,63.5,No
7415,49,Consumer,Premium,Monthly,72,159.3,Bank Transfer,6,3,3.0,83.4,No
7416,58,Consumer,Basic,Monthly,14,39.64,Digital Wallet,1,2,4.0,73.1,No
7417,76,Small Business,Basic,Monthly,27,45.14,Bank Transfer,1,0,4.0,66.4,No
7418,23,Enterprise,Premium,Annual,18,132.29,Digital Wallet,1,1,4.0,97.0,No
7419,53,Small Business,Basic,Annual,96,48.41,Direct Debit,1,0,4.0,55.3,No
7420,23,Small Business,Basic,Annual,8,47.31,Digital Wallet,1,2,4.0,61.2,No
7421,57,Small Business,Premium,Monthly,22,117.11,Bank Transfer,4,2,2.0,62.3,No
7422,30,Consumer,Basic,Monthly,27,46.71,Digital Wallet,2,1,4.0,62.3,No
7423,54,Consumer,Premium,Two-Year,26,115.47,Bank Transfer,2,0,2.0,60.5,No
7424,50,Enterprise,Basic,Monthly,20,55.93,Credit Card,5,2,4.0,38.8,No
7425,42,Consumer,Standard,Annual,28,80.28,Digital Wallet,2,1,3.0,88.2,No
7426,37,Consumer,Standard,Annual,8,98.24,Direct Debit,1,0,4.0,65.8,No
7427,37,Consumer,Standard,Monthly,33,83.57,Direct Debit,2,1,3.0,77.0,No
7428,40,Consumer,Basic,Monthly,12,53.62,Credit Card,2,0,4.0,49.3,No
7429,43,Consumer,Basic,Two-Year,4,37.41,Digital Wallet,3,0,3.0,57.2,No
7430,46,Consumer,Standard,Monthly,56,71.25,Direct Debit,1,2,3.0,36.7,No
7431,31,Consumer,Standard,Monthly,14,95.72,Direct Debit,5,6,2.0,56.5,Yes
7432,47,Consumer,Premium,Monthly,24,156.12,Bank Transfer,0,0,5.0,65.7,No
7433,49,Consumer,Premium,Monthly,35,116.42,Direct Debit,2,0,4.0,55.4,No
7434,49,Enterprise,Basic,Annual,23,51.47,Credit Card,1,0,4.0,65.7,No
7435,57,Small Business,Standard,Monthly,73,89.01,Digital Wallet,4,0,4.0,51.0,No
7436,47,Small Business,Basic,Annual,9,42.25,Credit Card,0,2,5.0,60.6,No
7437,43,Enterprise,Standard,Annual,42,63.09,Credit Card,2,1,3.0,72.3,No
7438,38,Consumer,Standard,Two-Year,44,75.59,Bank Transfer,2,0,2.0,47.1,No
7439,58,Small Business,Premium,Annual,31,124.73,Digital Wallet,0,2,4.0,71.2,No
7440,49,Consumer,Basic,Monthly,54,40.52,Direct Debit,2,0,3.0,51.3,No
7441,29,Consumer,Standard,Annual,64,58.29,Direct Debit,2,0,3.0,62.5,No
7442,31,Consumer,Standard,Monthly,22,79.84,Direct Debit,1,0,2.0,46.1,No
7443,21,Consumer,Basic,Two-Year,35,51.56,Credit Card,1,2,5.0,80.8,No
7444,26,Small Business,Basic,Annual,17,37.72,Credit Card,0,0,4.0,49.5,No
7445,54,Consumer,Standard,Annual,20,88.91,Bank Transfer,1,1,2.0,81.7,No
7446,34,Consumer,Basic,Monthly,33,44.05,Bank Transfer,4,1,1.0,51.7,No
7447,27,Consumer,Basic,Monthly,24,34.53,Credit Card,5,3,4.0,64.5,No
7448,33,Consumer,Standard,Monthly,35,84.98,Digital Wallet,3,0,4.0,63.7,No
7449,21,Consumer,Premium,Monthly,58,90.07,Digital Wallet,3,1,3.0,53.4,No
7450,63,Small Business,Basic,Monthly,20,57.47,Bank Transfer,0,0,5.0,60.0,No
7451,66,Small Business,Standard,Annual,72,59.0,Bank Transfer,2,1,3.0,74.7,No
7452,68,Small Business,Standard,Monthly,95,59.45,Credit Card,2,1,3.0,65.4,No
7453,35,Consumer,Standard,Annual,30,84.64,Digital Wallet,2,1,5.0,58.8,No
7454,43,Consumer,Standard,Monthly,20,67.05,Bank Transfer,3,4,3.0,51.5,No
7455,71,Small Business,Basic,Monthly,51,45.53,Credit Card,3,2,4.0,25.9,No
7456,39,Enterprise,Premium,Monthly,20,111.3,Bank Transfer,6,2,2.0,62.7,No
7457,42,Small Business,Basic,Monthly,29,54.04,Credit Card,1,0,4.0,65.1,No
7458,35,Enterprise,Basic,Monthly,52,44.47,Bank Transfer,1,0,4.0,38.7,No
7459,33,Consumer,Premium,Monthly,55,121.46,Bank Transfer,1,1,1.0,75.7,No
7460,44,Enterprise,Premium,Annual,17,112.16,Bank Transfer,1,1,1.0,61.6,No
7461,23,Consumer,Basic,Monthly,45,46.97,Direct Debit,6,0,1.0,59.2,No
7462,41,Consumer,Standard,Annual,38,83.02,Direct Debit,1,1,2.0,53.9,No
7463,58,Enterprise,Standard,Monthly,78,71.19,Credit Card,1,2,2.0,54.1,No
7464,51,Consumer,Standard,Monthly,23,85.17,Credit Card,2,0,4.0,57.0,No
7465,65,Consumer,Premium,Annual,18,123.46,Direct Debit,1,2,4.0,68.8,No
7466,78,Consumer,Basic,Monthly,17,42.16,Direct Debit,6,1,3.0,35.5,No
7467,59,Small Business,Standard,Two-Year,52,65.14,Digital Wallet,1,0,5.0,73.1,No
7468,46,Consumer,Standard,Monthly,17,60.06,Credit Card,1,0,3.0,62.9,No
7469,51,Enterprise,Premium,Two-Year,29,113.93,Bank Transfer,3,1,3.0,87.0,No
7470,56,Consumer,Standard,Monthly,7,68.21,Credit Card,1,1,2.0,31.2,No
7471,29,Consumer,Premium,Annual,20,116.55,Credit Card,1,2,4.0,58.3,No
7472,44,Consumer,Premium,Annual,14,131.33,Bank Transfer,1,0,4.0,100.0,No
7473,41,Small Business,Standard,Annual,29,78.74,Bank Transfer,3,2,,77.6,Yes
7474,50,Small Business,Basic,Monthly,58,45.47,Bank Transfer,3,3,2.0,46.7,No
7475,48,Consumer,Premium,Monthly,24,114.64,Direct Debit,0,0,4.0,62.7,No
7476,53,Consumer,Standard,Annual,62,76.41,Credit Card,1,1,3.0,68.8,No
7477,55,Consumer,Premium,Monthly,44,124.21,Digital Wallet,1,1,3.0,52.7,No
7478,43,Consumer,Standard,Monthly,24,71.53,Credit Card,1,0,5.0,65.9,No
7479,27,Consumer,Premium,Monthly,43,104.58,Credit Card,2,0,3.0,67.1,No
7480,35,Consumer,Standard,Monthly,63,59.73,Digital Wallet,3,0,4.0,72.6,No
7481,56,Consumer,Standard,Two-Year,22,70.0,Direct Debit,2,1,3.0,72.1,No
7482,30,Enterprise,Standard,Annual,22,76.71,Digital Wallet,0,0,4.0,39.4,No
7483,28,Consumer,Standard,Monthly,18,71.68,Credit Card,3,1,3.0,50.8,No
7484,53,Consumer,Basic,Annual,75,51.46,Bank Transfer,1,0,3.0,58.8,No
7485,42,Consumer,Standard,Monthly,16,77.68,Bank Transfer,2,2,2.0,55.7,No
7486,45,Consumer,Standard,Annual,74,63.05,Direct Debit,0,1,4.0,56.5,No
7487,39,Small Business,Basic,Annual,57,52.26,Direct Debit,1,0,5.0,43.3,No
7488,18,Consumer,Standard,Annual,18,74.31,Digital Wallet,0,0,3.0,55.2,No
7489,47,Small Business,Basic,Annual,22,47.91,Bank Transfer,1,1,4.0,54.0,No
7490,22,Consumer,Basic,Monthly,45,55.9,Credit Card,4,5,2.0,59.6,No
7491,18,Consumer,Premium,Monthly,32,103.24,Digital Wallet,3,2,2.0,76.0,No
7492,57,Enterprise,Basic,Annual,25,49.43,Credit Card,1,1,4.0,65.3,No
7493,51,Enterprise,Standard,Monthly,28,74.39,Digital Wallet,5,4,2.0,54.3,No
7494,27,Small Business,Basic,Annual,25,43.19,Direct Debit,1,2,3.0,68.3,No
7495,44,Consumer,Premium,Two-Year,7,125.09,Digital Wallet,1,2,4.0,85.3,No
7496,38,Consumer,Standard,Annual,37,52.7,Digital Wallet,0,0,5.0,61.4,No
7497,45,Consumer,Premium,Annual,7,114.95,Direct Debit,2,2,4.0,65.4,No
7498,48,Small Business,Premium,Monthly,49,113.66,Direct Debit,3,1,5.0,66.2,No
7499,48,Consumer,Standard,Monthly,38,58.23,Bank Transfer,2,1,5.0,45.5,No
7500,52,Small Business,Standard,Annual,37,52.84,Direct Debit,2,2,5.0,49.0,No
7501,57,Small Business,Standard,Monthly,32,63.66,Digital Wallet,5,1,3.0,64.9,No
7502,59,Small Business,Standard,Annual,13,59.64,Bank Transfer,0,0,4.0,46.5,No
7503,65,Small Business,Standard,Monthly,13,85.25,Digital Wallet,4,1,3.0,35.5,No
7504,77,Consumer,Standard,Monthly,25,76.28,Credit Card,4,0,3.0,37.9,No
7505,41,Enterprise,Standard,Annual,33,67.79,Credit Card,2,2,4.0,51.8,No
7506,58,Consumer,Standard,Annual,28,99.12,Credit Card,3,4,3.0,49.5,No
7507,39,Consumer,Standard,Monthly,51,78.26,Digital Wallet,3,2,4.0,23.6,Yes
7508,48,Enterprise,Premium,Annual,38,82.27,Bank Transfer,1,0,3.0,59.3,No
7509,50,Consumer,Premium,Monthly,11,79.5,Bank Transfer,4,1,3.0,57.6,Yes
7510,49,Consumer,Standard,Monthly,13,74.33,Credit Card,5,3,1.0,28.5,No
7511,28,Consumer,Standard,Annual,25,81.66,Direct Debit,4,0,3.0,66.3,No
7512,45,Consumer,Premium,Monthly,55,122.69,Digital Wallet,2,2,2.0,53.8,No
7513,19,Small Business,Standard,Annual,45,69.63,Bank Transfer,0,0,3.0,79.4,No
7514,20,Consumer,Basic,Monthly,27,46.27,Bank Transfer,3,1,2.0,71.7,No
7515,27,Consumer,Premium,Annual,32,122.74,Bank Transfer,0,1,3.0,65.0,No
7516,43,Consumer,Basic,Annual,34,38.62,Digital Wallet,2,1,3.0,55.8,No
7517,39,Enterprise,Standard,Monthly,37,83.61,Credit Card,5,1,4.0,64.0,No
7518,32,Enterprise,Standard,Monthly,33,67.62,Bank Transfer,4,3,2.0,62.8,No
7519,55,Small Business,Basic,Annual,37,40.63,Credit Card,1,0,2.0,66.0,No
7520,57,Consumer,Standard,Monthly,58,77.51,Digital Wallet,3,1,4.0,44.7,No
7521,25,Consumer,Standard,Monthly,36,74.83,Credit Card,4,4,3.0,39.6,No
7522,43,Small Business,Standard,Monthly,12,76.59,Credit Card,2,1,4.0,78.3,No
7523,33,Consumer,Standard,Annual,76,65.55,Bank Transfer,0,1,5.0,83.3,No
7524,55,Consumer,Standard,Monthly,27,68.65,Credit Card,3,1,3.0,34.0,No
7525,27,Consumer,Basic,Two-Year,38,48.8,Credit Card,2,0,,54.7,No
7526,19,Consumer,Premium,Monthly,12,132.57,Bank Transfer,4,0,3.0,70.0,No
7527,36,Consumer,Standard,Annual,22,62.26,Direct Debit,2,0,3.0,48.0,No
7528,51,Consumer,Basic,Annual,25,25.14,Credit Card,0,0,3.0,63.5,No
7529,25,Small Business,Standard,Monthly,10,76.74,Direct Debit,1,2,3.0,72.1,No
7530,52,Consumer,Premium,Monthly,42,122.33,Credit Card,2,1,3.0,72.7,No
7531,47,Enterprise,Basic,Annual,53,42.91,Digital Wallet,1,0,3.0,64.4,No
7532,39,Small Business,Basic,Monthly,42,46.45,Bank Transfer,1,0,4.0,41.1,No
7533,47,Consumer,Standard,Annual,3,92.98,Direct Debit,1,2,4.0,84.6,No
7534,58,Consumer,Basic,Annual,46,42.94,Bank Transfer,2,1,4.0,67.1,No
7535,35,Consumer,Basic,Two-Year,2,51.03,Direct Debit,0,0,4.0,66.8,No
7536,25,Consumer,Basic,Annual,9,58.05,Direct Debit,1,0,3.0,85.5,Yes
7537,34,Consumer,Standard,Monthly,61,64.43,Direct Debit,5,1,3.0,83.0,No
7538,22,Consumer,Basic,Monthly,27,35.39,Credit Card,3,2,2.0,60.0,No
7539,79,Small Business,Premium,Annual,82,140.78,Bank Transfer,1,0,2.0,94.0,No
7540,54,Small Business,Standard,Monthly,18,75.51,Credit Card,2,0,2.0,63.5,No
7541,52,Small Business,Standard,Monthly,25,70.13,Digital Wallet,1,1,4.0,40.0,No
7542,39,Consumer,Standard,Two-Year,68,76.69,Credit Card,2,0,4.0,42.6,No
7543,29,Consumer,Standard,Monthly,6,71.73,Digital Wallet,2,1,4.0,53.7,No
7544,25,Small Business,Standard,Annual,34,74.42,Digital Wallet,2,0,4.0,73.8,No
7545,53,Small Business,Standard,Annual,10,74.81,Direct Debit,1,0,5.0,94.4,No
7546,45,Consumer,Standard,Monthly,19,67.33,Credit Card,4,2,3.0,49.5,No
7547,29,Consumer,Basic,Annual,31,46.38,Credit Card,0,0,3.0,81.8,No
7548,23,Consumer,Basic,Monthly,17,45.14,Bank Transfer,2,0,3.0,63.9,No
7549,39,Consumer,Standard,Annual,11,62.09,Digital Wallet,2,2,4.0,38.7,No
7550,28,Consumer,Basic,Two-Year,6,45.43,Direct Debit,1,0,4.0,55.2,No
7551,40,Small Business,Standard,Monthly,60,85.35,Direct Debit,2,0,3.0,55.0,No
7552,58,Small Business,Basic,Monthly,19,40.28,Digital Wallet,2,1,2.0,43.1,No
7553,18,Small Business,Basic,Monthly,25,43.76,Digital Wallet,3,1,4.0,37.7,No
7554,39,Small Business,Premium,Monthly,40,147.33,Digital Wallet,4,0,3.0,52.0,No
7555,57,Small Business,Standard,Monthly,15,65.9,Digital Wallet,3,2,3.0,54.6,No
7556,46,Consumer,Premium,Monthly,41,112.08,Bank Transfer,1,2,3.0,70.9,No
7557,70,Consumer,Standard,Monthly,23,107.63,Direct Debit,2,0,4.0,62.6,Yes
7558,42,Consumer,Basic,Monthly,58,41.42,Credit Card,2,1,4.0,63.1,No
7559,64,Consumer,Basic,Monthly,52,42.57,Direct Debit,2,1,3.0,79.5,No
7560,48,Consumer,Standard,Monthly,20,71.55,Bank Transfer,2,2,3.0,83.5,No
7561,36,Consumer,Basic,Annual,35,40.81,Digital Wallet,0,0,3.0,73.6,No
7562,41,Consumer,Standard,Annual,72,76.94,Bank Transfer,3,0,3.0,70.7,No
7563,51,Consumer,Premium,Annual,21,115.56,Credit Card,0,0,5.0,64.4,No
7564,43,Small Business,Standard,Monthly,25,88.74,Bank Transfer,2,0,3.0,57.7,No
7565,50,Small Business,Standard,Annual,22,96.69,Bank Transfer,1,0,4.0,68.1,No
7566,25,Consumer,Basic,Two-Year,52,61.55,Direct Debit,5,2,3.0,42.9,No
7567,49,Consumer,Premium,Annual,26,100.84,Bank Transfer,0,1,4.0,66.4,No
7568,33,Consumer,Standard,Two-Year,13,45.78,Digital Wallet,1,1,3.0,63.0,No
7569,31,Consumer,Basic,Monthly,14,42.15,Direct Debit,1,1,3.0,58.5,No
7570,46,Small Business,Standard,Monthly,11,87.87,Bank Transfer,2,0,3.0,23.1,No
7571,31,Consumer,Standard,Annual,11,87.5,Bank Transfer,0,0,3.0,74.4,No
7572,64,Consumer,Standard,Monthly,23,74.94,Digital Wallet,6,1,2.0,38.2,No
7573,39,Consumer,Basic,Annual,26,36.33,Direct Debit,0,2,2.0,84.1,No
7574,24,Consumer,Basic,Monthly,17,52.29,Direct Debit,2,0,3.0,55.2,No
7575,18,Consumer,Standard,Monthly,72,82.86,Digital Wallet,3,3,2.0,37.8,No
7576,38,Consumer,Premium,Annual,30,94.67,Digital Wallet,1,0,3.0,55.3,No
7577,40,Small Business,Premium,Monthly,14,138.32,Digital Wallet,5,2,3.0,70.9,No
7578,25,Consumer,Basic,Annual,42,42.42,Bank Transfer,3,1,4.0,54.0,No
7579,45,Consumer,Basic,Monthly,34,42.18,Direct Debit,1,0,3.0,56.4,No
7580,39,Small Business,Standard,Annual,79,86.6,Direct Debit,5,5,1.0,56.6,No
7581,34,Consumer,Standard,Annual,24,54.09,Credit Card,4,1,2.0,52.8,No
7582,22,Consumer,Standard,Annual,13,69.06,Credit Card,1,1,4.0,59.6,No
7583,18,Small Business,Standard,Monthly,24,99.97,Digital Wallet,6,1,3.0,34.5,No
7584,39,Small Business,Standard,Annual,19,78.17,Direct Debit,0,1,4.0,70.4,No
7585,49,Small Business,Basic,Monthly,20,54.44,Direct Debit,1,0,2.0,65.0,No
7586,41,Small Business,Standard,Two-Year,46,68.14,Digital Wallet,0,1,4.0,67.6,No
7587,43,Small Business,Premium,Monthly,32,114.6,Credit Card,2,2,3.0,68.2,No
7588,32,Consumer,Standard,Annual,13,80.71,Bank Transfer,6,3,3.0,50.2,No
7589,39,Consumer,Basic,Two-Year,24,35.88,Bank Transfer,3,4,5.0,51.0,Yes
7590,18,Consumer,Standard,Monthly,24,75.68,Digital Wallet,1,1,3.0,58.3,No
7591,57,Consumer,Premium,Annual,40,104.81,Credit Card,1,0,3.0,91.2,No
7592,25,Small Business,Standard,Annual,32,77.23,Digital Wallet,1,2,4.0,100.0,No
7593,52,Consumer,Premium,Monthly,15,119.85,Digital Wallet,1,0,4.0,81.6,No
7594,44,Consumer,Standard,Annual,31,65.47,Credit Card,2,1,2.0,61.0,No
7595,31,Consumer,Standard,Two-Year,28,59.73,Credit Card,0,1,4.0,82.1,No
7596,49,Small Business,Basic,Annual,42,42.2,Direct Debit,0,1,5.0,58.7,No
7597,51,Consumer,Basic,Annual,10,46.42,Bank Transfer,2,2,4.0,68.0,No
7598,42,Consumer,Premium,Monthly,7,121.12,Bank Transfer,2,1,2.0,43.4,No
7599,32,Small Business,Standard,Monthly,44,66.91,Bank Transfer,1,2,4.0,55.3,No
7600,28,Small Business,Premium,Monthly,19,152.75,Digital Wallet,2,0,4.0,50.6,No
7601,22,Consumer,Premium,Monthly,40,130.59,Credit Card,5,2,4.0,69.2,No
7602,34,Enterprise,Premium,Monthly,39,131.71,Direct Debit,4,0,4.0,47.6,No
7603,41,Consumer,Standard,Annual,42,102.8,Digital Wallet,1,0,3.0,63.8,Yes
7604,50,Consumer,Basic,Monthly,15,49.56,Digital Wallet,3,1,3.0,79.3,No
7605,51,Enterprise,Premium,Monthly,10,101.44,Bank Transfer,3,1,3.0,73.1,No
7606,37,Consumer,Basic,Two-Year,5,36.75,Unknown,0,0,5.0,73.0,No
7607,40,Consumer,Basic,Two-Year,31,44.32,Digital Wallet,4,0,5.0,63.5,No
7608,48,Consumer,Standard,Monthly,26,73.19,Direct Debit,2,3,2.0,56.2,Yes
7609,31,Small Business,Premium,Monthly,18,96.28,Digital Wallet,1,0,4.0,85.8,No
7610,46,Consumer,Standard,Two-Year,26,61.02,Credit Card,0,1,3.0,50.4,No
7611,50,Small Business,Basic,Annual,70,28.51,Credit Card,3,0,3.0,36.5,No
7612,40,Consumer,Basic,Monthly,21,31.63,Direct Debit,3,2,2.0,41.4,No
7613,37,Consumer,Standard,Monthly,25,61.85,Credit Card,2,1,2.0,78.3,No
7614,61,Consumer,Standard,Annual,73,62.73,Direct Debit,2,1,4.0,65.6,No
7615,32,Consumer,Standard,Monthly,35,59.61,Bank Transfer,1,0,5.0,54.1,No
7616,38,Consumer,Premium,Monthly,8,97.15,Digital Wallet,4,1,4.0,60.4,No
7617,49,Consumer,Premium,Monthly,32,127.7,Direct Debit,0,2,5.0,60.0,No
7618,29,Consumer,Standard,Monthly,11,70.77,Bank Transfer,4,2,2.0,74.4,No
7619,28,Consumer,Basic,Monthly,50,46.78,Digital Wallet,4,4,2.0,40.5,No
7620,44,Enterprise,Standard,Annual,44,72.53,Credit Card,0,1,4.0,83.3,No
7621,34,Enterprise,Basic,Two-Year,18,45.66,Direct Debit,1,0,3.0,67.8,No
7622,61,Consumer,Standard,Two-Year,7,72.93,Credit Card,0,1,4.0,75.2,No
7623,59,Small Business,Basic,Annual,34,46.11,Bank Transfer,2,1,4.0,86.9,No
7624,38,Small Business,Standard,Two-Year,27,48.96,Bank Transfer,0,0,4.0,71.7,No
7625,47,Consumer,Basic,Monthly,25,43.55,Digital Wallet,1,0,2.0,54.5,No
7626,38,Consumer,Standard,Two-Year,57,74.19,Bank Transfer,0,1,4.0,69.8,No
7627,42,Consumer,Premium,Monthly,16,101.97,Digital Wallet,2,0,2.0,92.7,No
7628,57,Consumer,Standard,Monthly,25,75.22,Credit Card,5,3,4.0,73.0,No
7629,42,Consumer,Standard,Monthly,11,70.02,Digital Wallet,3,2,3.0,42.7,No
7630,36,Consumer,Basic,Monthly,15,50.29,Digital Wallet,1,0,3.0,51.0,No
7631,18,Small Business,Standard,Monthly,13,73.48,Direct Debit,1,1,4.0,50.9,No
7632,25,Consumer,Standard,Monthly,25,68.93,Credit Card,4,3,3.0,53.4,Yes
7633,61,Consumer,Basic,Monthly,20,45.9,Credit Card,6,4,4.0,28.3,No
7634,58,Consumer,Standard,Two-Year,38,95.27,Direct Debit,0,0,3.0,72.3,No
7635,27,Consumer,Standard,Monthly,14,65.45,Bank Transfer,3,0,2.0,40.5,No
7636,35,Small Business,Basic,Annual,9,40.89,Digital Wallet,1,0,4.0,65.3,Yes
7637,37,Consumer,Standard,Annual,22,58.37,Digital Wallet,2,4,2.0,83.1,No
7638,36,Enterprise,Basic,Monthly,38,51.9,Direct Debit,2,0,4.0,46.4,No
7639,27,Small Business,Standard,Annual,85,78.06,Digital Wallet,1,1,5.0,44.1,No
7640,29,Enterprise,Standard,Monthly,65,68.26,Bank Transfer,0,2,4.0,51.4,No
7641,39,Consumer,Premium,Two-Year,26,132.56,Bank Transfer,3,4,3.0,63.9,Yes
7642,42,Consumer,Premium,Annual,4,86.13,Credit Card,2,0,2.0,81.3,Yes
7643,20,Small Business,Standard,Annual,13,85.47,Credit Card,0,0,3.0,81.5,No
7644,61,Consumer,Basic,Monthly,31,49.42,Credit Card,1,0,4.0,76.1,No
7645,44,Consumer,Basic,Annual,41,29.38,Digital Wallet,4,1,2.0,58.2,No
7646,42,Consumer,Standard,Annual,26,91.6,Digital Wallet,1,0,4.0,57.7,No
7647,51,Consumer,Standard,Annual,15,69.29,Digital Wallet,3,0,4.0,61.5,No
7648,34,Enterprise,Premium,Annual,21,142.7,Bank Transfer,0,0,4.0,79.4,No
7649,24,Consumer,Basic,Two-Year,35,37.67,Credit Card,1,0,4.0,60.3,No
7650,19,Enterprise,Basic,Monthly,55,60.7,Digital Wallet,1,2,2.0,57.2,No
7651,51,Enterprise,Basic,Monthly,9,25.0,Credit Card,0,1,5.0,68.3,No
7652,50,Consumer,Standard,Monthly,5,72.72,Credit Card,3,0,3.0,43.9,No
7653,54,Small Business,Basic,Monthly,19,37.43,Direct Debit,2,3,4.0,67.1,No
7654,59,Small Business,Standard,Annual,31,92.53,Bank Transfer,3,2,4.0,50.1,Yes
7655,39,Consumer,Basic,Annual,24,41.68,Bank Transfer,2,1,5.0,60.7,No
7656,72,Small Business,Premium,Two-Year,9,110.08,Direct Debit,0,1,5.0,55.4,No
7657,35,Consumer,Standard,Monthly,13,72.54,Credit Card,3,3,4.0,23.7,No
7658,26,Enterprise,Basic,Monthly,35,62.33,Digital Wallet,4,2,3.0,62.8,No
7659,31,Consumer,Basic,Two-Year,56,46.32,Digital Wallet,4,2,1.0,54.8,No
7660,61,Consumer,Basic,Two-Year,13,51.47,Digital Wallet,4,2,2.0,70.6,No
7661,41,Consumer,Premium,Monthly,21,119.07,Direct Debit,2,2,3.0,81.6,No
7662,57,Consumer,Basic,Monthly,23,42.46,Bank Transfer,4,2,3.0,40.9,No
7663,60,Small Business,Basic,Monthly,24,36.87,Digital Wallet,2,0,3.0,65.6,No
7664,27,Consumer,Basic,Monthly,20,44.99,Digital Wallet,3,3,,42.5,Yes
7665,35,Consumer,Premium,Monthly,41,133.29,Bank Transfer,2,1,5.0,53.9,No
7666,29,Consumer,Basic,Monthly,36,47.71,Bank Transfer,6,4,3.0,46.7,No
7667,52,Small Business,Standard,Two-Year,44,72.12,Bank Transfer,3,2,3.0,37.6,No
7668,49,Consumer,Premium,Monthly,6,137.14,Bank Transfer,2,1,5.0,38.6,No
7669,48,Small Business,Basic,Annual,21,44.24,Digital Wallet,1,1,5.0,80.9,No
7670,29,Consumer,Standard,Annual,42,66.58,Credit Card,2,0,3.0,82.6,No
7671,51,Small Business,Premium,Monthly,44,129.09,Direct Debit,2,1,4.0,72.5,No
7672,37,Small Business,Basic,Monthly,54,38.9,Digital Wallet,3,2,3.0,45.5,No
7673,46,Consumer,Premium,Monthly,37,133.48,Digital Wallet,3,0,3.0,69.1,No
7674,39,Enterprise,Basic,Annual,16,46.7,Digital Wallet,0,0,3.0,58.5,No
7675,35,Consumer,Basic,Monthly,9,39.82,Direct Debit,4,3,4.0,31.6,No
7676,46,Consumer,Standard,Annual,35,78.87,Bank Transfer,1,4,3.0,68.2,No
7677,52,Small Business,Basic,Monthly,46,50.26,Digital Wallet,3,0,5.0,66.7,No
7678,56,Small Business,Basic,Monthly,9,51.87,Direct Debit,3,3,1.0,38.4,No
7679,24,Consumer,Basic,Monthly,8,41.65,Digital Wallet,1,2,4.0,47.6,No
7680,30,Consumer,Basic,Annual,15,63.33,Direct Debit,4,3,1.0,48.3,No
7681,28,Consumer,Premium,Monthly,49,100.13,Digital Wallet,1,0,2.0,52.3,No
7682,21,Consumer,Standard,Monthly,10,72.07,Direct Debit,0,1,3.0,66.3,No
7683,58,Consumer,Basic,Monthly,45,48.59,Direct Debit,2,2,3.0,30.1,No
7684,23,Small Business,Standard,Monthly,22,80.79,Bank Transfer,2,2,3.0,49.5,No
7685,30,Consumer,Standard,Two-Year,29,75.13,Direct Debit,3,1,2.0,55.6,No
7686,44,Consumer,Standard,Two-Year,34,75.39,Direct Debit,0,0,3.0,67.7,No
7687,39,Consumer,Premium,Two-Year,15,114.11,Direct Debit,6,1,1.0,49.4,No
7688,53,Consumer,Basic,Monthly,28,45.68,Bank Transfer,2,0,5.0,55.5,No
7689,48,Consumer,Standard,Annual,14,87.26,Bank Transfer,2,0,5.0,63.4,No
7690,59,Consumer,Standard,Monthly,32,83.63,Digital Wallet,2,0,3.0,82.3,No
7691,55,Consumer,Standard,Monthly,20,86.33,Bank Transfer,1,1,4.0,39.4,No
7692,40,Consumer,Standard,Two-Year,12,67.82,Direct Debit,2,0,2.0,58.8,No
7693,37,Consumer,Standard,Annual,6,79.67,Bank Transfer,0,1,4.0,56.5,No
7694,40,Consumer,Basic,Two-Year,45,37.97,Direct Debit,1,3,4.0,59.6,No
7695,28,Consumer,Standard,Annual,31,71.37,Direct Debit,1,0,5.0,78.3,No
7696,29,Consumer,Basic,Monthly,5,56.15,Credit Card,3,0,2.0,64.6,Yes
7697,38,Small Business,Basic,Two-Year,5,30.96,Credit Card,1,1,3.0,71.3,No
7698,18,Small Business,Standard,Annual,10,55.26,Digital Wallet,2,2,2.0,54.8,No
7699,41,Consumer,Standard,Two-Year,30,69.72,Direct Debit,0,0,2.0,77.0,No
7700,36,Consumer,Standard,Monthly,11,79.56,Credit Card,3,2,2.0,30.9,No
7701,42,Consumer,Premium,Monthly,16,99.56,Bank Transfer,4,2,2.0,79.8,No
7702,30,Consumer,Basic,Monthly,17,42.58,Bank Transfer,3,1,3.0,46.0,No
7703,44,Consumer,Standard,Monthly,39,70.11,Direct Debit,1,1,2.0,68.7,No
7704,24,Small Business,Basic,Annual,15,46.67,Direct Debit,1,0,3.0,48.9,No
7705,56,Small Business,Standard,Two-Year,47,80.87,Digital Wallet,1,1,3.0,59.8,No
7706,45,Small Business,Premium,Annual,29,118.95,Digital Wallet,1,3,3.0,71.2,No
7707,37,Consumer,Basic,Annual,29,39.33,Direct Debit,3,0,2.0,56.1,No
7708,51,Consumer,Standard,Monthly,52,73.97,Bank Transfer,0,0,2.0,61.8,No
7709,27,Enterprise,Basic,Monthly,34,42.46,Direct Debit,2,0,3.0,38.2,No
7710,55,Consumer,Standard,Monthly,10,71.35,Digital Wallet,3,2,5.0,63.0,No
7711,58,Consumer,Basic,Annual,45,49.41,Credit Card,1,2,2.0,35.7,No
7712,50,Small Business,Basic,Two-Year,48,48.63,Direct Debit,1,3,4.0,64.5,No
7713,18,Consumer,Basic,Annual,19,48.26,Bank Transfer,0,0,4.0,57.0,No
7714,40,Enterprise,Standard,Two-Year,40,93.88,Direct Debit,0,1,2.0,59.2,No
7715,26,Consumer,Standard,Annual,4,60.91,Direct Debit,1,1,5.0,68.2,No
7716,40,Enterprise,Standard,Monthly,39,86.74,Bank Transfer,0,2,4.0,46.4,No
7717,65,Consumer,Basic,Annual,28,33.97,Digital Wallet,2,4,3.0,48.5,No
7718,35,Consumer,Standard,Monthly,37,75.35,Digital Wallet,3,5,2.0,52.6,No
7719,28,Small Business,Standard,Annual,50,76.08,Direct Debit,1,0,2.0,54.5,No
7720,33,Consumer,Basic,Annual,13,43.94,Direct Debit,0,0,4.0,63.1,No
7721,33,Consumer,Standard,Monthly,39,77.0,Digital Wallet,1,1,3.0,57.1,No
7722,27,Consumer,Standard,Monthly,14,75.76,Credit Card,5,2,2.0,58.0,No
7723,30,Consumer,Standard,Monthly,13,63.38,Digital Wallet,1,1,2.0,29.4,No
7724,27,Small Business,Standard,Monthly,15,75.02,Bank Transfer,6,1,3.0,50.1,No
7725,31,Small Business,Standard,Two-Year,8,75.72,Direct Debit,1,1,3.0,68.2,No
7726,18,Consumer,Standard,Monthly,59,63.47,Digital Wallet,1,0,4.0,51.1,No
7727,54,Consumer,Standard,Monthly,44,85.84,Direct Debit,0,0,4.0,76.8,No
7728,47,Consumer,Standard,Monthly,5,96.53,Direct Debit,4,0,3.0,32.9,No
7729,62,Consumer,Basic,Monthly,11,38.14,Direct Debit,3,2,2.0,69.8,No
7730,40,Small Business,Standard,Monthly,10,68.92,Digital Wallet,1,0,5.0,66.1,No
7731,39,Consumer,Standard,Annual,50,97.22,Digital Wallet,1,1,2.0,50.1,No
7732,42,Enterprise,Basic,Annual,14,32.72,Bank Transfer,1,4,1.0,56.6,No
7733,33,Consumer,Basic,Monthly,16,41.87,Credit Card,3,3,3.0,56.0,Yes
7734,21,Consumer,Basic,Two-Year,28,57.33,Digital Wallet,3,2,2.0,70.8,No
7735,53,Consumer,Basic,Two-Year,25,48.31,Direct Debit,0,0,4.0,67.7,No
7736,44,Consumer,Standard,Monthly,18,90.8,Digital Wallet,2,1,4.0,34.0,No
7737,38,Consumer,Premium,Monthly,17,115.97,Digital Wallet,3,3,2.0,85.9,No
7738,39,Consumer,Basic,Monthly,14,42.48,Credit Card,2,1,5.0,56.5,No
7739,39,Small Business,Premium,Monthly,25,128.02,Bank Transfer,1,2,2.0,87.8,No
7740,52,Consumer,Standard,Monthly,36,60.9,Digital Wallet,3,1,1.0,61.7,No
7741,33,Consumer,Standard,Monthly,26,48.84,Bank Transfer,3,0,3.0,31.8,No
7742,29,Consumer,Standard,Monthly,18,62.72,Direct Debit,1,0,3.0,51.9,No
7743,40,Consumer,Standard,Monthly,13,82.98,Digital Wallet,1,0,4.0,55.2,No
7744,43,Small Business,Basic,Monthly,19,47.37,Bank Transfer,3,3,4.0,48.4,No
7745,41,Enterprise,Basic,Annual,20,55.61,Bank Transfer,0,2,3.0,70.3,No
7746,28,Enterprise,Basic,Annual,28,38.02,Digital Wallet,1,0,4.0,53.5,No
7747,25,Consumer,Standard,Monthly,34,90.4,Bank Transfer,4,3,2.0,35.4,No
7748,49,Consumer,Standard,Two-Year,55,61.36,Credit Card,5,0,1.0,48.0,No
7749,44,Consumer,Standard,Monthly,33,65.71,Bank Transfer,0,2,3.0,69.5,Yes
7750,43,Enterprise,Premium,Two-Year,28,97.0,Bank Transfer,2,1,3.0,91.9,No
7751,59,Enterprise,Standard,Two-Year,37,83.84,Digital Wallet,1,2,4.0,57.7,No
7752,35,Enterprise,Basic,Two-Year,54,41.77,Direct Debit,0,1,3.0,60.4,No
7753,47,Consumer,Standard,Monthly,26,77.09,Digital Wallet,4,0,2.0,75.9,Yes
7754,52,Small Business,Basic,Monthly,30,42.03,Credit Card,2,1,3.0,52.2,No
7755,45,Small Business,Basic,Monthly,77,50.9,Direct Debit,1,1,3.0,59.7,No
7756,41,Small Business,Basic,Monthly,32,45.75,Credit Card,0,1,1.0,80.5,Yes
7757,38,Small Business,Premium,Two-Year,31,114.1,Bank Transfer,0,0,4.0,72.1,No
7758,42,Small Business,Premium,Monthly,18,96.84,Bank Transfer,2,1,3.0,51.3,No
7759,30,Consumer,Basic,Annual,34,43.53,Credit Card,3,1,4.0,72.5,No
7760,45,Consumer,Standard,Monthly,15,74.63,Bank Transfer,2,1,4.0,46.9,No
7761,58,Small Business,Basic,Monthly,40,52.06,Bank Transfer,2,0,5.0,56.5,No
7762,23,Small Business,Standard,Two-Year,30,78.93,Credit Card,3,1,3.0,52.9,No
7763,65,Small Business,Basic,Annual,51,50.48,Digital Wallet,6,0,3.0,79.7,No
7764,18,Consumer,Basic,Annual,6,48.76,Direct Debit,1,1,4.0,67.5,No
7765,40,Consumer,Basic,Monthly,9,32.94,Digital Wallet,7,4,2.0,58.3,No
7766,46,Consumer,Premium,Monthly,12,112.37,Credit Card,2,4,2.0,81.6,No
7767,21,Consumer,Basic,Annual,18,55.67,Digital Wallet,2,3,3.0,72.1,No
7768,32,Small Business,Standard,Monthly,18,96.68,Direct Debit,5,5,4.0,37.8,No
7769,22,Small Business,Basic,Two-Year,11,47.34,Credit Card,2,1,4.0,35.4,No
7770,35,Consumer,Standard,Monthly,28,78.48,Credit Card,4,1,3.0,52.5,No
7771,50,Consumer,Basic,Two-Year,38,46.51,Credit Card,2,3,4.0,76.4,No
7772,59,Enterprise,Standard,Monthly,13,56.73,Bank Transfer,2,2,3.0,61.3,No
7773,35,Consumer,Standard,Monthly,5,77.53,Bank Transfer,2,1,3.0,71.8,No
7774,66,Small Business,Premium,Annual,14,115.2,Direct Debit,2,1,3.0,42.5,No
7775,24,Consumer,Basic,Monthly,23,43.29,Digital Wallet,1,2,5.0,59.4,No
7776,56,Consumer,Premium,Annual,35,105.56,Credit Card,3,3,2.0,64.4,No
7777,39,Enterprise,Premium,Annual,30,86.8,Digital Wallet,1,1,3.0,86.8,No
7778,35,Enterprise,Basic,Annual,21,60.1,Direct Debit,4,0,3.0,66.3,No
7779,51,Small Business,Standard,Annual,25,92.71,Credit Card,2,1,3.0,63.1,No
7780,55,Consumer,Standard,Monthly,13,96.89,Bank Transfer,4,2,3.0,51.1,No
7781,62,Consumer,Standard,Annual,14,69.62,Credit Card,2,0,3.0,32.7,No
7782,55,Consumer,Standard,Monthly,26,83.69,Bank Transfer,3,2,5.0,38.7,No
7783,41,Consumer,Premium,Monthly,29,103.94,Bank Transfer,0,1,4.0,88.0,No
7784,52,Consumer,Premium,Two-Year,65,94.02,Direct Debit,4,4,3.0,59.7,No
7785,37,Small Business,Basic,Monthly,17,49.3,Credit Card,1,2,2.0,82.8,No
7786,47,Enterprise,Premium,Monthly,29,105.2,Direct Debit,5,0,5.0,36.1,No
7787,27,Consumer,Standard,Annual,13,66.64,Credit Card,3,0,2.0,68.8,No
7788,18,Enterprise,Basic,Annual,49,31.1,Bank Transfer,2,1,4.0,59.6,No
7789,61,Consumer,Standard,Annual,7,85.16,Direct Debit,1,0,4.0,41.2,No
7790,52,Small Business,Standard,Monthly,96,71.68,Credit Card,0,0,4.0,72.1,No
7791,41,Enterprise,Basic,Annual,16,42.2,Direct Debit,3,0,3.0,53.8,No
7792,67,Consumer,Standard,Annual,50,102.73,Credit Card,4,1,3.0,55.9,No
7793,60,Consumer,Basic,Monthly,35,25.24,Bank Transfer,1,2,4.0,69.9,No
7794,41,Consumer,Basic,Monthly,34,49.01,Bank Transfer,3,1,4.0,48.1,No
7795,18,Consumer,Basic,Annual,5,40.12,Direct Debit,4,2,3.0,62.2,No
7796,30,Small Business,Premium,Monthly,26,94.97,Digital Wallet,3,1,3.0,78.9,No
7797,48,Small Business,Premium,Two-Year,39,121.53,Credit Card,2,1,3.0,54.4,No
7798,22,Consumer,Standard,Annual,34,67.95,Bank Transfer,4,1,3.0,51.0,No
7799,23,Small Business,Basic,Monthly,34,37.49,Bank Transfer,3,2,4.0,43.1,No
7800,42,Consumer,Basic,Monthly,29,42.37,Digital Wallet,1,1,4.0,43.4,Yes
7801,38,Small Business,Premium,Monthly,11,121.71,Bank Transfer,3,1,3.0,73.9,No
7802,49,Enterprise,Basic,Monthly,12,38.87,Credit Card,2,4,3.0,52.8,No
7803,58,Consumer,Standard,Monthly,27,62.87,Bank Transfer,5,1,1.0,69.5,No
7804,53,Small Business,Standard,Monthly,40,69.17,Credit Card,4,0,4.0,56.2,No
7805,30,Enterprise,Basic,Monthly,22,59.9,Bank Transfer,1,0,4.0,42.6,No
7806,62,Consumer,Standard,Monthly,50,62.35,Direct Debit,2,2,5.0,45.1,No
7807,44,Consumer,Premium,Monthly,14,137.1,Credit Card,1,1,4.0,53.9,No
7808,42,Consumer,Standard,Monthly,31,70.79,Digital Wallet,4,3,4.0,64.4,No
7809,57,Enterprise,Standard,Monthly,16,58.85,Digital Wallet,5,1,4.0,51.0,Yes
7810,23,Consumer,Standard,Annual,68,71.18,Direct Debit,3,2,2.0,65.5,No
7811,59,Consumer,Basic,Monthly,70,52.79,Bank Transfer,2,0,4.0,74.4,No
7812,33,Consumer,Standard,Annual,10,96.07,Digital Wallet,3,1,5.0,63.0,No
7813,53,Consumer,Premium,Annual,19,95.43,Digital Wallet,2,1,3.0,97.1,No
7814,44,Enterprise,Basic,Monthly,62,46.65,Bank Transfer,4,2,2.0,60.5,No
7815,43,Enterprise,Standard,Annual,6,88.75,Credit Card,1,0,4.0,80.2,No
7816,48,Small Business,Basic,Annual,32,41.76,Direct Debit,4,4,3.0,37.9,No
7817,25,Consumer,Standard,Monthly,4,62.23,Direct Debit,2,0,5.0,62.5,No
7818,40,Consumer,Premium,Annual,39,88.52,Direct Debit,1,2,3.0,77.0,No
7819,41,Consumer,Basic,Monthly,27,52.92,Direct Debit,1,0,3.0,59.7,No
7820,21,Consumer,Standard,Monthly,23,54.95,Bank Transfer,2,2,4.0,58.5,No
7821,40,Small Business,Standard,Monthly,19,75.89,Digital Wallet,2,1,5.0,60.5,No
7822,40,Consumer,Standard,Two-Year,30,92.16,Credit Card,0,0,4.0,58.0,No
7823,59,Consumer,Standard,Monthly,22,65.79,Credit Card,3,1,4.0,52.2,No
7824,45,Consumer,Standard,Monthly,4,80.14,Credit Card,7,4,4.0,43.5,No
7825,47,Consumer,Standard,Annual,7,103.96,Direct Debit,2,0,3.0,78.1,No
7826,60,Enterprise,Basic,Annual,17,51.49,Credit Card,3,1,2.0,55.5,No
7827,42,Enterprise,Standard,Monthly,27,83.4,Digital Wallet,0,0,2.0,59.7,No
7828,35,Enterprise,Basic,Two-Year,56,58.37,Digital Wallet,3,1,4.0,34.4,No
7829,43,Small Business,Standard,Monthly,3,91.47,Bank Transfer,1,0,3.0,100.0,No
7830,39,Consumer,Basic,Two-Year,34,32.35,Direct Debit,1,0,4.0,65.5,No
7831,35,Small Business,Basic,Annual,45,46.15,Bank Transfer,1,0,3.0,84.8,No
7832,45,Consumer,Premium,Monthly,36,110.79,Bank Transfer,5,2,4.0,78.1,No
7833,44,Small Business,Standard,Two-Year,18,66.83,Bank Transfer,1,0,3.0,86.2,No
7834,33,Small Business,Premium,Monthly,14,101.62,Digital Wallet,6,4,3.0,29.4,No
7835,71,Small Business,Basic,Annual,22,35.49,Bank Transfer,3,0,4.0,32.7,No
7836,46,Consumer,Basic,Annual,13,50.86,Credit Card,1,0,2.0,64.4,No
7837,45,Small Business,Basic,Monthly,19,68.59,Digital Wallet,2,1,2.0,69.6,No
7838,49,Consumer,Standard,Annual,34,95.75,Digital Wallet,1,2,3.0,54.0,No
7839,75,Small Business,Standard,Annual,39,58.42,Digital Wallet,2,2,5.0,47.7,No
7840,29,Consumer,Basic,Annual,30,39.17,Bank Transfer,2,1,3.0,38.6,No
7841,18,Enterprise,Basic,Monthly,8,47.48,Direct Debit,2,0,3.0,48.1,No
7842,52,Small Business,Basic,Annual,59,46.53,Bank Transfer,1,0,4.0,58.9,No
7843,58,Consumer,Basic,Two-Year,3,54.36,Direct Debit,2,2,4.0,55.9,No
7844,32,Consumer,Basic,Two-Year,40,32.35,Digital Wallet,2,0,5.0,47.0,No
7845,33,Consumer,Basic,Monthly,23,53.7,Digital Wallet,5,3,2.0,37.9,Yes
7846,31,Small Business,Premium,Annual,14,97.57,Direct Debit,1,0,2.0,57.1,No
7847,63,Consumer,Standard,Monthly,19,65.3,Bank Transfer,3,2,3.0,66.4,Yes
7848,50,Consumer,Basic,Annual,12,47.97,Direct Debit,2,2,2.0,63.1,Yes
7849,67,Consumer,Standard,Annual,14,45.45,Credit Card,2,4,5.0,71.9,No
7850,36,Consumer,Premium,Monthly,16,103.74,Credit Card,1,1,3.0,69.8,No
7851,49,Small Business,Standard,Monthly,24,79.51,Digital Wallet,2,1,4.0,39.9,No
7852,54,Small Business,Standard,Annual,27,77.26,Direct Debit,1,1,4.0,56.1,No
7853,45,Enterprise,Standard,Annual,32,66.5,Credit Card,3,1,3.0,42.5,No
7854,30,Enterprise,Standard,Annual,11,59.68,Credit Card,0,0,3.0,51.8,No
7855,69,Small Business,Basic,Monthly,18,50.61,Credit Card,3,2,3.0,58.1,No
7856,57,Small Business,Premium,Monthly,24,118.94,Bank Transfer,4,0,4.0,51.2,No
7857,51,Consumer,Premium,Annual,28,157.2,Digital Wallet,2,1,4.0,67.7,No
7858,48,Small Business,Standard,Two-Year,18,82.86,Bank Transfer,1,0,3.0,71.0,No
7859,66,Consumer,Premium,Monthly,23,88.1,Bank Transfer,6,2,3.0,36.2,No
7860,40,Consumer,Premium,Annual,24,117.59,Credit Card,3,2,2.0,60.4,No
7861,55,Consumer,Premium,Monthly,45,84.77,Credit Card,3,3,2.0,64.1,No
7862,42,Consumer,Standard,Annual,12,52.37,Credit Card,2,2,2.0,53.5,No
7863,18,Consumer,Standard,Monthly,10,65.36,Direct Debit,1,0,4.0,29.0,No
7864,29,Consumer,Standard,Annual,9,91.07,Credit Card,1,1,2.0,57.8,No
7865,40,Consumer,Standard,Two-Year,4,83.86,Bank Transfer,1,0,4.0,77.4,No
7866,40,Small Business,Basic,Monthly,27,40.09,Direct Debit,5,2,4.0,62.7,No
7867,26,Consumer,Standard,Annual,26,83.72,Bank Transfer,0,1,2.0,60.6,No
7868,38,Consumer,Premium,Monthly,17,123.96,Credit Card,3,1,4.0,67.7,No
7869,44,Consumer,Standard,Monthly,38,56.15,Digital Wallet,0,0,3.0,55.4,No
7870,63,Consumer,Standard,Monthly,41,62.84,Digital Wallet,1,1,3.0,53.7,No
7871,33,Consumer,Basic,Monthly,58,58.52,Bank Transfer,1,1,4.0,49.7,No
7872,33,Enterprise,Basic,Monthly,16,34.45,Direct Debit,2,0,4.0,34.7,No
7873,28,Consumer,Premium,Annual,41,82.31,Credit Card,2,0,2.0,83.1,No
7874,50,Consumer,Standard,Annual,27,71.88,Direct Debit,3,1,2.0,85.2,No
7875,57,Consumer,Basic,Two-Year,36,42.92,Credit Card,0,1,3.0,80.4,No
7876,61,Enterprise,Basic,Monthly,23,48.11,Credit Card,3,1,4.0,40.4,No
7877,47,Consumer,Standard,Two-Year,15,75.63,Digital Wallet,1,0,4.0,63.9,No
7878,49,Consumer,Standard,Monthly,39,69.88,Direct Debit,3,1,5.0,42.9,Yes
7879,35,Enterprise,Standard,Two-Year,75,81.01,Credit Card,2,2,4.0,48.8,No
7880,21,Enterprise,Basic,Two-Year,43,39.35,Direct Debit,3,1,1.0,62.1,No
7881,32,Consumer,Standard,Two-Year,24,104.08,Bank Transfer,5,0,2.0,61.1,No
7882,53,Small Business,Standard,Monthly,14,64.39,Bank Transfer,3,1,3.0,52.7,No
7883,46,Consumer,Premium,Annual,37,125.78,Direct Debit,0,0,4.0,71.2,No
7884,46,Small Business,Basic,Monthly,33,43.74,Credit Card,5,5,4.0,55.8,Yes
7885,61,Consumer,Standard,Monthly,41,84.98,Bank Transfer,4,3,4.0,49.8,No
7886,28,Enterprise,Basic,Monthly,14,58.78,Credit Card,3,1,4.0,69.8,No
7887,38,Consumer,Premium,Monthly,16,85.48,Bank Transfer,3,1,1.0,44.2,Yes
7888,18,Consumer,Basic,Monthly,42,56.73,Direct Debit,3,0,4.0,25.7,No
7889,18,Consumer,Basic,Monthly,28,48.87,Direct Debit,2,4,3.0,56.2,No
7890,32,Small Business,Standard,Two-Year,60,72.63,Bank Transfer,0,0,4.0,60.5,No
7891,61,Enterprise,Standard,Annual,48,88.0,Bank Transfer,6,4,3.0,47.1,No
7892,47,Consumer,Basic,Monthly,23,42.08,Direct Debit,1,1,4.0,80.9,No
7893,41,Consumer,Basic,Monthly,22,38.68,Digital Wallet,2,2,2.0,63.4,No
7894,45,Small Business,Standard,Monthly,9,65.5,Digital Wallet,3,1,4.0,59.0,No
7895,54,Consumer,Standard,Monthly,15,92.2,Bank Transfer,4,0,1.0,29.7,No
7896,47,Small Business,Standard,Annual,21,99.35,Bank Transfer,1,1,3.0,45.9,No
7897,45,Consumer,Premium,Monthly,28,128.12,Direct Debit,5,1,3.0,44.2,No
7898,34,Enterprise,Premium,Two-Year,17,98.85,Credit Card,2,0,4.0,51.9,No
7899,44,Consumer,Premium,Annual,76,121.38,Credit Card,0,0,5.0,71.2,No
7900,43,Consumer,Standard,Annual,14,85.05,Digital Wallet,1,2,3.0,64.7,Yes
7901,33,Consumer,Premium,Two-Year,10,126.88,Credit Card,2,0,,71.4,No
7902,39,Small Business,Premium,Monthly,70,135.54,Digital Wallet,2,0,3.0,64.4,No
7903,38,Consumer,Premium,Two-Year,49,118.73,Direct Debit,4,3,3.0,75.3,No
7904,56,Consumer,Standard,Monthly,37,66.63,Digital Wallet,3,1,1.0,54.2,No
7905,51,Consumer,Basic,Monthly,49,48.26,Direct Debit,5,4,3.0,23.7,No
7906,31,Small Business,Premium,Monthly,12,110.58,Credit Card,4,0,3.0,35.5,No
7907,36,Small Business,Standard,Two-Year,9,81.62,Credit Card,3,0,3.0,47.5,No
7908,38,Enterprise,Basic,Monthly,19,51.19,Digital Wallet,5,6,3.0,55.7,No
7909,46,Consumer,Standard,Monthly,43,65.83,Bank Transfer,2,0,4.0,57.9,No
7910,50,Small Business,Standard,Annual,31,75.84,Direct Debit,1,1,4.0,76.6,No
7911,29,Enterprise,Standard,Annual,41,77.97,Credit Card,1,0,5.0,89.7,No
7912,19,Enterprise,Basic,Annual,16,50.06,Credit Card,1,0,3.0,79.3,No
7913,55,Consumer,Standard,Monthly,39,72.46,Digital Wallet,1,0,5.0,65.1,No
7914,46,Enterprise,Standard,Annual,11,72.33,Credit Card,1,0,3.0,44.2,No
7915,32,Small Business,Basic,Two-Year,19,40.53,Digital Wallet,2,3,5.0,69.4,No
7916,37,Consumer,Standard,Monthly,18,106.02,Direct Debit,1,1,4.0,90.8,No
7917,44,Consumer,Standard,Monthly,36,78.47,Digital Wallet,2,2,3.0,43.6,No
7918,33,Enterprise,Basic,Annual,33,29.65,Digital Wallet,2,1,4.0,51.9,No
7919,40,Consumer,Premium,Monthly,37,107.27,Bank Transfer,4,2,3.0,46.2,No
7920,32,Consumer,Standard,Monthly,35,91.7,Credit Card,4,2,3.0,77.5,No
7921,50,Consumer,Basic,Monthly,13,58.33,Digital Wallet,2,0,4.0,57.7,No
7922,53,Consumer,Basic,Two-Year,41,36.09,Credit Card,1,2,4.0,55.9,No
7923,49,Small Business,Premium,Monthly,19,113.64,Credit Card,1,1,3.0,61.2,No
7924,53,Enterprise,Standard,Monthly,4,67.79,Credit Card,6,5,1.0,74.4,No
7925,19,Consumer,Standard,Monthly,7,90.55,Credit Card,2,4,1.0,30.8,No
7926,43,Consumer,Standard,Monthly,6,71.19,Bank Transfer,3,0,3.0,65.6,No
7927,49,Enterprise,Basic,Annual,27,37.41,Digital Wallet,1,1,3.0,66.2,No
7928,42,Consumer,Standard,Monthly,33,102.18,Direct Debit,0,0,4.0,67.7,No
7929,33,Small Business,Basic,Annual,9,30.81,Digital Wallet,0,0,4.0,58.6,No
7930,65,Consumer,Premium,Annual,41,87.85,Direct Debit,1,0,2.0,70.2,No
7931,54,Consumer,Standard,Monthly,41,53.67,Direct Debit,3,0,4.0,33.4,No
7932,37,Enterprise,Basic,Annual,14,46.42,Bank Transfer,1,0,5.0,79.9,No
7933,54,Enterprise,Premium,Two-Year,11,121.53,Direct Debit,0,1,4.0,100.0,No
7934,28,Enterprise,Standard,Monthly,17,75.34,Credit Card,0,0,3.0,60.8,No
7935,44,Consumer,Basic,Two-Year,26,41.51,Direct Debit,0,1,5.0,75.1,No
7936,20,Consumer,Standard,Monthly,15,61.4,Digital Wallet,4,1,2.0,33.5,Yes
7937,48,Enterprise,Basic,Two-Year,37,52.16,Bank Transfer,1,1,4.0,63.5,No
7938,18,Consumer,Standard,Two-Year,25,77.06,Digital Wallet,2,0,4.0,72.2,No
7939,44,Consumer,Basic,Monthly,37,41.72,Credit Card,3,1,2.0,68.2,Yes
7940,49,Small Business,Basic,Monthly,29,34.43,Digital Wallet,5,1,1.0,65.4,No
7941,67,Consumer,Standard,Two-Year,85,76.15,Credit Card,2,0,3.0,69.9,No
7942,28,Small Business,Premium,Two-Year,36,96.55,Bank Transfer,1,0,2.0,87.1,No
7943,46,Consumer,Basic,Annual,36,48.96,Credit Card,3,2,4.0,65.5,No
7944,18,Consumer,Premium,Monthly,18,97.06,Direct Debit,3,0,3.0,51.2,No
7945,62,Enterprise,Basic,Two-Year,32,43.78,Direct Debit,1,1,4.0,83.1,No
7946,60,Small Business,Basic,Two-Year,10,46.94,Digital Wallet,2,1,4.0,52.3,No
7947,31,Consumer,Premium,Two-Year,35,124.41,Bank Transfer,0,0,4.0,61.0,No
7948,24,Consumer,Premium,Monthly,50,147.28,Direct Debit,3,3,3.0,59.2,No
7949,37,Consumer,Basic,Monthly,19,45.69,Direct Debit,1,0,3.0,70.1,No
7950,53,Small Business,Standard,Annual,9,86.35,Direct Debit,1,0,5.0,73.7,No
7951,32,Small Business,Standard,Monthly,47,76.34,Bank Transfer,5,0,2.0,49.4,No
7952,24,Enterprise,Premium,Annual,35,98.85,Credit Card,1,2,4.0,73.9,No
7953,44,Enterprise,Basic,Monthly,7,32.92,Credit Card,2,2,5.0,49.3,No
7954,57,Consumer,Standard,Monthly,30,41.41,Bank Transfer,4,1,3.0,54.8,No
7955,62,Small Business,Standard,Two-Year,8,74.06,Bank Transfer,4,2,2.0,78.0,No
7956,34,Small Business,Premium,Monthly,12,95.17,Direct Debit,2,2,5.0,61.6,No
7957,27,Small Business,Basic,Monthly,14,52.74,Digital Wallet,4,4,3.0,56.2,No
7958,31,Consumer,Basic,Monthly,30,35.38,Bank Transfer,1,0,4.0,51.6,No
7959,59,Consumer,Premium,Annual,27,121.25,Digital Wallet,0,0,3.0,64.6,No
7960,39,Consumer,Standard,Monthly,13,66.56,Bank Transfer,2,1,2.0,44.0,No
7961,40,Small Business,Premium,Monthly,19,131.01,Digital Wallet,6,4,2.0,54.3,No
7962,35,Consumer,Basic,Annual,52,56.5,Bank Transfer,1,0,2.0,82.7,No
7963,18,Consumer,Basic,Monthly,70,42.75,Digital Wallet,1,1,4.0,52.6,No
7964,38,Consumer,Standard,Monthly,47,54.27,Digital Wallet,4,3,3.0,49.0,No
7965,40,Small Business,Standard,Monthly,34,55.03,Direct Debit,0,0,4.0,61.7,No
7966,52,Small Business,Standard,Monthly,6,61.72,Digital Wallet,0,0,4.0,65.8,No
7967,39,Small Business,Standard,Monthly,38,49.55,Bank Transfer,2,1,3.0,49.5,No
7968,45,Consumer,Standard,Monthly,10,59.5,Direct Debit,5,1,2.0,74.2,No
7969,37,Consumer,Premium,Monthly,6,144.1,Direct Debit,2,1,3.0,85.2,No
7970,54,Consumer,Premium,Monthly,12,119.81,Credit Card,2,1,5.0,80.7,No
7971,49,Small Business,Standard,Annual,26,58.97,Credit Card,2,0,4.0,87.8,No
7972,51,Small Business,Standard,Monthly,5,94.8,Digital Wallet,2,0,3.0,53.6,No
7973,28,Consumer,Basic,Monthly,23,49.16,Digital Wallet,2,2,3.0,35.1,Yes
7974,47,Consumer,Standard,Annual,25,79.78,Direct Debit,2,3,2.0,31.1,No
7975,46,Small Business,Standard,Monthly,3,68.95,Direct Debit,2,1,4.0,66.4,No
7976,40,Consumer,Standard,Monthly,30,74.61,Direct Debit,2,0,2.0,68.9,No
7977,30,Small Business,Basic,Monthly,27,45.09,Bank Transfer,3,1,3.0,59.2,No
7978,56,Consumer,Standard,Annual,94,76.03,Credit Card,2,0,2.0,54.7,No
7979,39,Enterprise,Standard,Monthly,19,59.39,Credit Card,4,0,3.0,37.6,No
7980,50,Consumer,Basic,Monthly,52,43.25,Direct Debit,2,1,2.0,86.5,Yes
7981,45,Small Business,Basic,Annual,32,56.39,Credit Card,1,1,4.0,82.5,No
7982,51,Consumer,Standard,Monthly,34,72.85,Direct Debit,0,1,3.0,68.4,No
7983,49,Enterprise,Standard,Monthly,51,78.58,Bank Transfer,0,0,4.0,96.6,No
7984,33,Consumer,Basic,Two-Year,17,42.76,Credit Card,1,1,4.0,59.7,No
7985,29,Enterprise,Basic,Monthly,11,50.83,Bank Transfer,6,3,3.0,43.6,No
7986,43,Consumer,Standard,Monthly,79,79.31,Credit Card,1,1,4.0,45.0,No
7987,41,Small Business,Basic,Monthly,43,34.63,Bank Transfer,1,0,3.0,66.9,No
7988,36,Small Business,Basic,Annual,16,55.14,Direct Debit,0,1,4.0,84.5,No
7989,53,Small Business,Premium,Monthly,59,138.33,Bank Transfer,2,1,2.0,85.9,No
7990,42,Consumer,Standard,Monthly,36,97.47,Credit Card,1,0,2.0,49.2,No
7991,66,Consumer,Standard,Monthly,12,93.82,Direct Debit,2,4,2.0,80.1,No
7992,61,Consumer,Standard,Two-Year,22,76.18,Digital Wallet,0,2,3.0,61.4,No
7993,68,Consumer,Basic,Annual,11,51.41,Digital Wallet,0,0,3.0,74.7,No
7994,41,Consumer,Basic,Monthly,41,40.96,Credit Card,4,3,2.0,60.4,No
7995,36,Consumer,Premium,Two-Year,38,134.43,Credit Card,4,0,2.0,56.3,No
7996,31,Consumer,Basic,Two-Year,9,37.56,Digital Wallet,4,3,4.0,42.1,No
7997,37,Consumer,Basic,Annual,61,42.04,Credit Card,1,2,4.0,57.1,No
7998,56,Consumer,Standard,Monthly,22,88.38,Direct Debit,5,6,2.0,43.2,No
7999,43,Small Business,Basic,Annual,14,41.54,Digital Wallet,1,0,3.0,46.5,No
8000,34,Consumer,Standard,Two-Year,46,78.76,Direct Debit,1,1,4.0,41.5,No
8001,76,Consumer,Basic,Two-Year,8,47.02,Bank Transfer,4,1,3.0,71.8,No
8002,50,Small Business,Premium,Annual,27,94.37,Bank Transfer,0,0,4.0,87.6,No
8003,31,Consumer,Premium,Annual,15,106.75,Credit Card,1,0,1.0,67.3,No
8004,37,Consumer,Standard,Monthly,9,85.67,Direct Debit,1,1,3.0,54.7,No
8005,33,Consumer,Standard,Monthly,23,70.56,Credit Card,4,5,3.0,46.0,Yes
8006,26,Consumer,Basic,Annual,20,47.0,Digital Wallet,1,0,4.0,64.1,No
8007,40,Consumer,Standard,Two-Year,48,54.58,Direct Debit,3,3,4.0,59.8,No
8008,26,Consumer,Basic,Annual,15,38.4,Direct Debit,3,2,3.0,69.5,No
8009,33,Enterprise,Premium,Two-Year,7,127.24,Bank Transfer,3,0,3.0,81.0,No
8010,21,Consumer,Standard,Monthly,27,84.35,Direct Debit,5,0,3.0,58.3,No
8011,49,Consumer,Standard,Annual,28,73.9,Bank Transfer,0,0,4.0,88.1,No
8012,54,Small Business,Standard,Two-Year,22,53.84,Direct Debit,2,2,3.0,65.0,No
8013,49,Small Business,Premium,Monthly,46,124.81,Direct Debit,2,2,4.0,47.8,No
8014,50,Small Business,Standard,Annual,19,85.1,Digital Wallet,0,0,3.0,58.8,No
8015,35,Small Business,Standard,Monthly,30,74.11,Direct Debit,2,4,3.0,39.3,No
8016,36,Enterprise,Standard,Monthly,81,79.48,Credit Card,4,5,2.0,34.1,No
8017,32,Consumer,Standard,Monthly,4,79.92,Direct Debit,2,1,3.0,64.4,No
8018,68,Enterprise,Standard,Two-Year,24,69.84,Digital Wallet,4,2,3.0,50.7,No
8019,32,Small Business,Basic,Monthly,32,31.88,Bank Transfer,5,2,3.0,52.5,No
8020,31,Enterprise,Basic,Two-Year,16,55.18,Direct Debit,2,0,5.0,51.6,No
8021,23,Consumer,Basic,Two-Year,27,40.9,Bank Transfer,0,0,4.0,58.8,No
8022,54,Small Business,Standard,Monthly,21,61.59,Direct Debit,2,1,4.0,65.8,No
8023,52,Consumer,Basic,Monthly,19,54.49,Bank Transfer,2,1,4.0,52.6,No
8024,26,Small Business,Basic,Monthly,25,56.75,Credit Card,0,0,4.0,61.9,No
8025,28,Enterprise,Basic,Monthly,62,44.92,Bank Transfer,1,0,4.0,56.1,No
8026,42,Small Business,Premium,Annual,36,123.44,Credit Card,1,2,3.0,74.3,No
8027,42,Consumer,Standard,Monthly,23,53.53,Digital Wallet,1,0,3.0,64.3,No
8028,22,Consumer,Standard,Annual,36,62.71,Bank Transfer,1,0,3.0,75.7,No
8029,54,Consumer,Basic,Annual,80,62.16,Direct Debit,1,0,4.0,46.8,No
8030,57,Enterprise,Premium,Annual,44,93.85,Direct Debit,2,0,4.0,73.0,No
8031,28,Consumer,Standard,Annual,14,63.88,Digital Wallet,0,2,4.0,58.5,No
8032,59,Consumer,Standard,Monthly,46,63.77,Credit Card,0,0,4.0,50.4,No
8033,41,Consumer,Basic,Monthly,49,47.04,Bank Transfer,3,0,3.0,41.1,No
8034,39,Enterprise,Premium,Monthly,7,101.84,Bank Transfer,1,1,5.0,64.3,No
8035,43,Consumer,Basic,Monthly,23,26.59,Direct Debit,2,5,4.0,72.0,No
8036,38,Small Business,Premium,Annual,1,102.89,Digital Wallet,1,0,4.0,75.4,No
8037,53,Consumer,Standard,Monthly,43,74.1,Credit Card,0,0,3.0,68.5,No
8038,69,Consumer,Basic,Monthly,12,45.75,Direct Debit,3,0,4.0,28.8,Yes
8039,24,Consumer,Standard,Monthly,49,51.44,Direct Debit,2,0,3.0,57.9,Yes
8040,42,Small Business,Basic,Monthly,11,45.54,Bank Transfer,1,1,4.0,72.0,No
8041,27,Consumer,Standard,Monthly,18,87.8,Digital Wallet,2,1,4.0,67.4,No
8042,28,Consumer,Basic,Annual,22,34.48,Credit Card,2,0,4.0,70.8,No
8043,31,Consumer,Basic,Monthly,57,42.32,Digital Wallet,3,4,2.0,52.6,No
8044,38,Consumer,Basic,Annual,43,55.0,Digital Wallet,2,3,3.0,76.1,No
8045,42,Consumer,Basic,Monthly,40,45.57,Digital Wallet,4,1,2.0,34.7,No
8046,37,Consumer,Standard,Monthly,17,68.44,Digital Wallet,0,0,3.0,58.6,Yes
8047,38,Consumer,Premium,Monthly,28,132.54,Bank Transfer,4,1,3.0,62.3,No
8048,24,Small Business,Standard,Monthly,15,66.37,Digital Wallet,3,0,2.0,68.7,No
8049,46,Small Business,Standard,Annual,44,83.54,Direct Debit,1,0,4.0,96.0,No
8050,45,Consumer,Basic,Two-Year,49,47.2,Digital Wallet,3,1,1.0,44.6,No
8051,46,Enterprise,Standard,Annual,17,78.1,Bank Transfer,0,0,5.0,53.2,No
8052,34,Consumer,Standard,Monthly,50,61.63,Digital Wallet,3,1,4.0,68.8,No
8053,21,Consumer,Premium,Monthly,17,119.0,Bank Transfer,2,1,2.0,54.9,No
8054,38,Consumer,Standard,Two-Year,23,83.47,Credit Card,0,0,5.0,67.1,No
8055,38,Small Business,Basic,Monthly,11,41.75,Credit Card,1,0,3.0,44.5,No
8056,20,Consumer,Standard,Monthly,13,69.42,Bank Transfer,4,2,3.0,63.6,No
8057,29,Consumer,Premium,Monthly,36,100.78,Bank Transfer,3,0,4.0,52.8,No
8058,63,Consumer,Standard,Annual,36,83.3,Digital Wallet,3,0,4.0,61.6,No
8059,45,Small Business,Standard,Two-Year,32,51.17,Digital Wallet,0,1,2.0,80.2,No
8060,42,Consumer,Standard,Monthly,31,80.92,Bank Transfer,4,2,2.0,56.5,No
8061,37,Small Business,Basic,Monthly,24,44.42,Bank Transfer,2,1,3.0,48.6,No
8062,24,Consumer,Basic,Annual,22,47.38,Bank Transfer,2,1,3.0,52.7,No
8063,43,Consumer,Premium,Monthly,65,71.16,Direct Debit,4,2,4.0,81.6,No
8064,18,Small Business,Standard,Monthly,22,68.46,Credit Card,4,1,4.0,63.5,No
8065,53,Small Business,Standard,Monthly,24,56.49,Direct Debit,2,1,3.0,62.9,No
8066,54,Consumer,Standard,Two-Year,29,80.77,Direct Debit,4,4,5.0,56.3,No
8067,51,Consumer,Basic,Monthly,24,25.14,Bank Transfer,0,0,3.0,47.3,No
8068,37,Consumer,Standard,Monthly,11,78.55,Bank Transfer,3,0,3.0,34.0,No
8069,41,Consumer,Basic,Annual,32,40.93,Digital Wallet,2,1,5.0,67.4,No
8070,45,Consumer,Standard,Annual,53,49.86,Digital Wallet,2,0,3.0,60.1,No
8071,69,Consumer,Premium,Annual,18,113.44,Direct Debit,2,0,4.0,45.3,No
8072,42,Consumer,Premium,Monthly,45,147.88,Bank Transfer,4,2,3.0,39.1,No
8073,36,Small Business,Standard,Monthly,12,77.21,Direct Debit,1,0,3.0,50.4,No
8074,38,Consumer,Premium,Monthly,39,106.2,Bank Transfer,4,1,2.0,80.3,Yes
8075,46,Small Business,Standard,Monthly,27,83.58,Digital Wallet,2,1,2.0,66.8,No
8076,44,Enterprise,Standard,Annual,58,95.01,Credit Card,1,0,4.0,56.4,No
8077,38,Consumer,Premium,Monthly,14,81.59,Digital Wallet,0,0,5.0,63.4,No
8078,67,Small Business,Premium,Monthly,35,99.45,Direct Debit,5,1,1.0,57.4,No
8079,34,Enterprise,Standard,Monthly,24,105.84,Bank Transfer,4,1,4.0,70.6,No
8080,46,Consumer,Standard,Two-Year,13,68.02,Digital Wallet,3,0,3.0,79.9,No
8081,50,Small Business,Standard,Monthly,43,56.18,Bank Transfer,2,1,3.0,88.4,No
8082,45,Consumer,Basic,Monthly,9,57.46,Digital Wallet,7,5,2.0,10.4,No
8083,44,Consumer,Premium,Monthly,16,108.65,Digital Wallet,1,1,4.0,78.9,No
8084,43,Consumer,Basic,Monthly,21,39.06,Bank Transfer,4,3,2.0,59.4,No
8085,50,Consumer,Premium,Annual,36,87.72,Bank Transfer,3,1,3.0,79.7,No
8086,49,Consumer,Basic,Annual,11,42.74,Credit Card,1,0,5.0,59.4,No
8087,39,Consumer,Basic,Monthly,22,47.93,Bank Transfer,1,0,3.0,65.3,No
8088,23,Consumer,Standard,Annual,17,63.95,Digital Wallet,1,0,4.0,51.6,No
8089,30,Small Business,Standard,Monthly,43,87.89,Digital Wallet,2,1,3.0,72.2,No
8090,58,Small Business,Basic,Monthly,19,51.19,Credit Card,2,2,5.0,57.1,Yes
8091,63,Consumer,Standard,Two-Year,41,84.87,Digital Wallet,0,1,4.0,80.1,No
8092,27,Consumer,Basic,Monthly,37,58.24,Digital Wallet,1,1,,49.0,No
8093,24,Consumer,Premium,Annual,43,125.87,Credit Card,1,0,3.0,62.6,No
8094,53,Enterprise,Standard,Annual,51,61.99,Digital Wallet,0,1,4.0,64.7,No
8095,36,Consumer,Premium,Monthly,9,123.63,Bank Transfer,5,1,2.0,62.7,No
8096,39,Consumer,Standard,Monthly,33,78.07,Credit Card,2,0,3.0,28.1,No
8097,19,Consumer,Standard,Monthly,57,62.84,Direct Debit,0,0,4.0,33.8,No
8098,18,Small Business,Basic,Two-Year,28,55.39,Direct Debit,0,2,4.0,62.1,No
8099,53,Consumer,Standard,Monthly,14,74.17,Direct Debit,5,2,3.0,40.6,Yes
8100,37,Consumer,Standard,Monthly,32,79.94,Digital Wallet,4,1,3.0,26.9,No
8101,52,Consumer,Basic,Monthly,6,45.41,Digital Wallet,3,1,4.0,65.2,No
8102,55,Small Business,Premium,Monthly,48,98.51,Direct Debit,6,3,2.0,94.5,No
8103,34,Small Business,Basic,Annual,34,38.3,Bank Transfer,4,0,4.0,55.5,No
8104,34,Consumer,Basic,Annual,42,54.11,Credit Card,2,2,3.0,64.5,No
8105,38,Consumer,Premium,Two-Year,10,116.87,Direct Debit,0,0,4.0,76.9,No
8106,52,Consumer,Premium,Two-Year,17,83.87,Digital Wallet,1,0,3.0,44.9,No
8107,31,Small Business,Standard,Monthly,5,67.79,Digital Wallet,4,2,2.0,31.0,No
8108,25,Enterprise,Standard,Two-Year,38,77.87,Bank Transfer,4,0,2.0,59.5,No
8109,42,Consumer,Standard,Monthly,30,96.94,Digital Wallet,2,0,4.0,62.6,No
8110,60,Consumer,Standard,Monthly,23,72.21,Digital Wallet,4,1,3.0,59.8,No
8111,68,Small Business,Basic,Monthly,25,35.93,Direct Debit,1,0,3.0,46.2,Yes
8112,47,Consumer,Premium,Monthly,32,105.03,Credit Card,3,0,2.0,62.1,No
8113,19,Small Business,Standard,Annual,60,87.38,Direct Debit,2,1,4.0,86.3,No
8114,39,Consumer,Standard,Annual,24,78.5,Digital Wallet,1,2,4.0,54.6,No
8115,47,Small Business,Standard,Monthly,19,107.69,Direct Debit,5,2,3.0,40.7,Yes
8116,29,Enterprise,Premium,Two-Year,12,122.51,Direct Debit,2,1,4.0,64.8,No
8117,55,Enterprise,Standard,Two-Year,6,81.34,Digital Wallet,1,0,5.0,80.6,No
8118,29,Small Business,Basic,Monthly,59,52.93,Bank Transfer,1,1,4.0,62.2,No
8119,44,Small Business,Standard,Annual,44,80.69,Digital Wallet,1,1,3.0,38.8,No
8120,54,Consumer,Basic,Monthly,20,63.78,Digital Wallet,2,0,2.0,35.5,No
8121,39,Small Business,Basic,Two-Year,3,52.23,Digital Wallet,2,1,3.0,66.0,No
8122,29,Enterprise,Standard,Annual,32,64.98,Digital Wallet,2,2,3.0,47.7,No
8123,52,Small Business,Standard,Monthly,15,40.16,Credit Card,2,1,5.0,43.5,No
8124,41,Consumer,Premium,Monthly,30,115.97,Credit Card,4,3,4.0,72.0,No
8125,47,Consumer,Standard,Monthly,40,70.89,Direct Debit,5,2,2.0,33.4,No
8126,35,Consumer,Basic,Annual,15,56.39,Credit Card,2,0,,67.7,No
8127,19,Small Business,Basic,Monthly,28,50.72,Bank Transfer,2,0,2.0,50.1,No
8128,43,Small Business,Basic,Monthly,34,42.53,Digital Wallet,3,3,3.0,51.2,No
8129,41,Consumer,Standard,Annual,26,75.63,Digital Wallet,0,1,5.0,71.0,No
8130,22,Consumer,Standard,Annual,17,90.11,Direct Debit,1,0,3.0,71.6,No
8131,64,Consumer,Standard,Monthly,22,80.29,Bank Transfer,2,1,2.0,63.4,No
8132,51,Consumer,Basic,Monthly,13,47.07,Bank Transfer,2,0,3.0,81.1,No
8133,31,Consumer,Premium,Monthly,55,83.11,Direct Debit,2,0,3.0,60.0,No
8134,56,Consumer,Standard,Monthly,36,94.28,Digital Wallet,5,5,3.0,73.1,No
8135,18,Consumer,Standard,Annual,17,86.62,Credit Card,0,1,3.0,76.0,No
8136,55,Consumer,Standard,Monthly,67,81.74,Digital Wallet,3,1,4.0,47.4,No
8137,35,Consumer,Standard,Two-Year,39,48.97,Bank Transfer,1,1,3.0,17.4,No
8138,32,Enterprise,Premium,Monthly,10,122.19,Bank Transfer,6,3,3.0,98.2,No
8139,35,Consumer,Premium,Monthly,12,119.76,Bank Transfer,5,3,2.0,55.6,No
8140,33,Consumer,Standard,Monthly,28,63.96,Direct Debit,2,1,2.0,48.8,No
8141,48,Enterprise,Premium,Monthly,46,88.21,Digital Wallet,1,0,3.0,92.6,No
8142,49,Small Business,Basic,Monthly,24,41.27,Digital Wallet,4,2,3.0,53.0,Yes
8143,19,Consumer,Standard,Annual,51,82.09,Direct Debit,1,2,2.0,69.5,No
8144,44,Consumer,Premium,Annual,29,120.45,Credit Card,1,0,4.0,55.9,No
8145,39,Consumer,Standard,Annual,18,75.03,Digital Wallet,3,1,4.0,30.9,No
8146,52,Consumer,Premium,Monthly,89,97.4,Bank Transfer,1,1,2.0,75.6,No
8147,33,Consumer,Basic,Annual,12,37.0,Credit Card,2,1,5.0,59.3,No
8148,32,Small Business,Standard,Annual,28,91.95,Digital Wallet,1,1,4.0,65.4,No
8149,47,Enterprise,Standard,Monthly,30,100.82,Direct Debit,1,1,5.0,71.7,No
8150,31,Consumer,Standard,Monthly,13,90.38,Digital Wallet,4,2,2.0,60.2,No
8151,54,Consumer,Standard,Monthly,94,69.12,Credit Card,3,3,3.0,70.9,No
8152,30,Consumer,Standard,Monthly,17,76.72,Digital Wallet,1,0,4.0,73.9,No
8153,37,Consumer,Basic,Annual,28,51.89,Bank Transfer,1,0,3.0,43.2,No
8154,61,Small Business,Basic,Monthly,38,29.64,Bank Transfer,1,2,3.0,61.0,Yes
8155,30,Enterprise,Basic,Annual,39,54.67,Direct Debit,3,1,3.0,42.3,No
8156,47,Enterprise,Basic,Annual,39,26.59,Digital Wallet,2,0,3.0,29.7,No
8157,47,Consumer,Basic,Monthly,56,27.42,Bank Transfer,3,2,2.0,57.7,No
8158,47,Consumer,Basic,Annual,9,47.57,Credit Card,3,1,3.0,55.3,Yes
8159,36,Enterprise,Basic,Monthly,13,59.26,Bank Transfer,3,0,2.0,51.2,Yes
8160,65,Consumer,Standard,Two-Year,61,71.51,Digital Wallet,2,0,4.0,81.9,No
8161,48,Consumer,Premium,Two-Year,70,107.7,Bank Transfer,3,1,3.0,44.3,No
8162,33,Consumer,Standard,Annual,20,58.92,Digital Wallet,2,0,3.0,76.0,No
8163,31,Consumer,Standard,Two-Year,21,45.76,Direct Debit,1,1,2.0,62.5,No
8164,30,Consumer,Basic,Monthly,22,34.77,Direct Debit,1,1,3.0,61.3,No
8165,49,Consumer,Premium,Annual,14,116.15,Credit Card,2,1,4.0,49.8,No
8166,50,Enterprise,Standard,Monthly,25,75.14,Digital Wallet,3,3,2.0,64.2,No
8167,41,Enterprise,Standard,Two-Year,47,83.35,Bank Transfer,3,2,4.0,60.8,No
8168,35,Small Business,Basic,Monthly,16,42.01,Digital Wallet,0,1,3.0,64.4,No
8169,18,Small Business,Standard,Two-Year,15,64.01,Digital Wallet,1,2,3.0,81.5,No
8170,26,Consumer,Standard,Monthly,30,78.57,Digital Wallet,5,1,3.0,32.8,No
8171,61,Consumer,Basic,Monthly,41,38.9,Digital Wallet,1,0,1.0,67.9,No
8172,35,Consumer,Standard,Monthly,14,64.58,Digital Wallet,3,2,4.0,54.7,No
8173,29,Consumer,Basic,Monthly,16,39.6,Bank Transfer,5,2,2.0,57.0,Yes
8174,43,Consumer,Basic,Monthly,26,49.28,Digital Wallet,3,3,3.0,46.9,No
8175,47,Small Business,Standard,Annual,23,93.71,Credit Card,1,3,3.0,65.5,No
8176,29,Small Business,Premium,Annual,60,99.56,Credit Card,2,2,4.0,86.0,No
8177,47,Consumer,Standard,Annual,9,92.78,Direct Debit,0,2,5.0,63.6,No
8178,55,Small Business,Premium,Monthly,17,94.91,Digital Wallet,4,2,3.0,56.4,No
8179,54,Small Business,Basic,Monthly,16,37.58,Digital Wallet,3,2,3.0,40.2,No
8180,39,Small Business,Standard,Monthly,36,85.42,Credit Card,2,1,5.0,70.0,No
8181,43,Enterprise,Standard,Monthly,23,77.78,Credit Card,2,0,4.0,68.4,No
8182,27,Consumer,Premium,Monthly,42,114.27,Bank Transfer,1,0,3.0,70.6,No
8183,34,Consumer,Standard,Annual,26,63.41,Digital Wallet,1,1,3.0,61.8,No
8184,68,Small Business,Standard,Monthly,65,85.17,Direct Debit,1,1,3.0,71.1,No
8185,27,Small Business,Standard,Monthly,41,59.66,Digital Wallet,4,3,3.0,59.4,No
8186,18,Consumer,Standard,Monthly,48,82.14,Direct Debit,1,2,4.0,60.4,No
8187,56,Consumer,Premium,Monthly,8,135.07,Digital Wallet,3,2,4.0,59.0,No
8188,32,Consumer,Basic,Annual,44,46.37,Credit Card,2,0,2.0,58.5,No
8189,43,Consumer,Standard,Annual,33,90.85,Digital Wallet,2,0,4.0,58.0,No
8190,19,Small Business,Standard,Monthly,52,82.64,Credit Card,3,0,3.0,57.5,No
8191,39,Small Business,Basic,Monthly,35,50.27,Digital Wallet,2,1,4.0,62.5,No
8192,43,Consumer,Basic,Two-Year,26,35.1,Credit Card,2,1,3.0,60.1,No
8193,44,Consumer,Standard,Monthly,22,46.51,Digital Wallet,1,0,3.0,55.8,No
8194,55,Consumer,Standard,Monthly,61,75.48,Direct Debit,4,1,4.0,74.5,No
8195,36,Consumer,Premium,Monthly,23,145.31,Direct Debit,2,1,3.0,78.2,No
8196,33,Consumer,Standard,Monthly,10,84.89,Digital Wallet,3,1,4.0,53.8,No
8197,42,Consumer,Standard,Monthly,40,75.01,Credit Card,4,0,3.0,52.8,No
8198,44,Small Business,Basic,Annual,6,55.19,Bank Transfer,3,1,3.0,62.5,No
8199,44,Consumer,Basic,Monthly,27,34.97,Digital Wallet,2,3,3.0,36.0,No
8200,24,Consumer,Standard,Two-Year,26,68.7,Credit Card,2,2,3.0,52.0,No
8201,61,Small Business,Standard,Monthly,31,67.21,Direct Debit,1,1,3.0,35.3,No
8202,66,Consumer,Standard,Monthly,35,100.64,Bank Transfer,2,0,3.0,56.6,No
8203,74,Consumer,Basic,Two-Year,35,38.5,Credit Card,0,0,4.0,74.2,No
8204,51,Small Business,Basic,Monthly,15,44.62,Digital Wallet,2,0,2.0,63.8,No
8205,29,Small Business,Standard,Annual,51,63.85,Direct Debit,3,0,3.0,43.9,No
8206,49,Small Business,Basic,Monthly,1,55.86,Digital Wallet,2,1,3.0,22.3,No
8207,34,Consumer,Standard,Two-Year,30,67.37,Bank Transfer,0,0,5.0,71.2,No
8208,55,Consumer,Basic,Annual,12,41.77,Digital Wallet,0,1,4.0,79.1,No
8209,47,Small Business,Standard,Monthly,78,79.3,Credit Card,2,1,4.0,55.9,No
8210,33,Consumer,Basic,Two-Year,24,46.73,Bank Transfer,1,0,4.0,57.9,No
8211,50,Consumer,Premium,Monthly,65,88.35,Credit Card,1,0,4.0,51.8,No
8212,61,Enterprise,Basic,Monthly,41,45.03,Credit Card,0,0,3.0,81.7,No
8213,25,Consumer,Standard,Annual,13,81.63,Direct Debit,1,3,4.0,54.0,No
8214,32,Small Business,Basic,Two-Year,4,30.84,Direct Debit,2,0,3.0,79.6,No
8215,54,Consumer,Standard,Annual,10,78.46,Credit Card,2,1,3.0,45.5,No
8216,34,Enterprise,Standard,Monthly,5,75.45,Digital Wallet,4,2,2.0,40.7,No
8217,18,Consumer,Basic,Annual,6,45.2,Digital Wallet,0,0,5.0,75.4,No
8218,22,Consumer,Premium,Monthly,19,113.78,Credit Card,2,2,4.0,56.7,No
8219,59,Consumer,Basic,Monthly,18,50.54,Credit Card,7,0,2.0,33.7,No
8220,54,Consumer,Standard,Annual,32,56.1,Credit Card,2,2,2.0,61.0,No
8221,31,Consumer,Standard,Monthly,54,39.49,Credit Card,2,1,3.0,79.0,No
8222,29,Consumer,Standard,Monthly,26,81.9,Bank Transfer,3,2,3.0,61.7,No
8223,52,Small Business,Basic,Annual,21,50.22,Digital Wallet,2,0,3.0,57.6,No
8224,20,Consumer,Standard,Monthly,14,74.42,Bank Transfer,1,0,4.0,46.4,No
8225,57,Consumer,Standard,Annual,22,58.91,Direct Debit,0,0,3.0,58.9,No
8226,43,Consumer,Premium,Monthly,22,96.33,Direct Debit,2,0,3.0,76.3,No
8227,33,Consumer,Basic,Annual,23,41.73,Digital Wallet,0,1,4.0,54.9,No
8228,52,Consumer,Premium,Monthly,19,107.82,Bank Transfer,2,1,3.0,75.4,No
8229,41,Small Business,Premium,Monthly,28,91.37,Credit Card,4,1,3.0,40.2,No
8230,32,Consumer,Premium,Monthly,3,101.34,Digital Wallet,2,1,4.0,53.6,No
8231,41,Enterprise,Basic,Monthly,43,31.01,Direct Debit,5,1,2.0,46.1,No
8232,60,Consumer,Basic,Monthly,17,47.24,Bank Transfer,3,0,4.0,75.8,No
8233,23,Small Business,Basic,Monthly,21,37.54,Digital Wallet,2,1,3.0,82.8,No
8234,22,Consumer,Standard,Annual,27,79.34,Direct Debit,1,1,2.0,29.4,No
8235,50,Small Business,Standard,Annual,49,86.82,Digital Wallet,1,1,3.0,60.1,No
8236,62,Consumer,Premium,Monthly,12,108.98,Credit Card,1,0,2.0,75.0,No
8237,39,Consumer,Basic,Monthly,6,62.63,Credit Card,4,2,2.0,59.2,No
8238,64,Consumer,Standard,Monthly,7,46.14,Credit Card,1,1,4.0,57.6,No
8239,34,Consumer,Standard,Monthly,30,72.55,Bank Transfer,3,3,2.0,69.6,No
8240,25,Small Business,Basic,Annual,25,44.89,Digital Wallet,3,4,2.0,73.5,Yes
8241,56,Consumer,Standard,Monthly,22,90.88,Direct Debit,3,1,3.0,56.8,No
8242,30,Small Business,Standard,Two-Year,4,83.19,Direct Debit,6,0,3.0,42.4,No
8243,31,Consumer,Standard,Annual,2,58.09,Digital Wallet,1,0,4.0,64.7,No
8244,51,Consumer,Standard,Monthly,18,74.81,Digital Wallet,2,2,4.0,62.4,Yes
8245,33,Consumer,Standard,Annual,12,67.88,Bank Transfer,2,1,5.0,55.7,No
8246,55,Small Business,Basic,Monthly,19,47.86,Bank Transfer,3,0,4.0,52.3,No
8247,32,Consumer,Standard,Two-Year,24,82.11,Credit Card,3,1,4.0,60.3,No
8248,51,Consumer,Basic,Annual,7,42.15,Digital Wallet,1,0,2.0,60.5,No
8249,60,Consumer,Premium,Monthly,5,88.59,Bank Transfer,2,1,3.0,60.7,No
8250,42,Consumer,Standard,Annual,37,81.88,Bank Transfer,0,0,3.0,58.3,No
8251,32,Consumer,Premium,Monthly,21,106.71,Credit Card,2,0,3.0,52.9,No
8252,24,Consumer,Standard,Annual,46,73.96,Bank Transfer,1,2,4.0,64.5,No
8253,57,Consumer,Standard,Two-Year,4,78.28,Credit Card,2,0,3.0,49.3,No
8254,29,Small Business,Basic,Monthly,71,40.55,Credit Card,2,0,3.0,51.1,Yes
8255,19,Consumer,Standard,Monthly,16,68.56,Credit Card,4,1,2.0,22.2,No
8256,59,Consumer,Standard,Monthly,22,91.83,Credit Card,5,2,1.0,55.0,No
8257,28,Enterprise,Standard,Annual,39,77.52,Digital Wallet,1,0,5.0,48.2,No
8258,73,Enterprise,Premium,Monthly,96,102.5,Digital Wallet,4,1,2.0,69.3,No
8259,28,Consumer,Basic,Annual,12,60.74,Bank Transfer,1,0,3.0,55.8,No
8260,46,Consumer,Basic,Annual,39,44.05,Digital Wallet,1,1,3.0,59.7,No
8261,42,Small Business,Premium,Monthly,35,133.59,Bank Transfer,2,0,4.0,59.2,No
8262,42,Consumer,Basic,Annual,76,51.15,Bank Transfer,1,0,4.0,72.3,No
8263,58,Consumer,Standard,Monthly,28,92.77,Bank Transfer,7,3,4.0,69.0,No
8264,24,Consumer,Basic,Annual,21,45.63,Credit Card,5,1,4.0,74.9,No
8265,53,Consumer,Basic,Monthly,19,43.19,Bank Transfer,1,0,2.0,63.9,No
8266,32,Consumer,Standard,Monthly,39,92.04,Credit Card,4,2,3.0,60.0,No
8267,54,Enterprise,Basic,Annual,40,32.96,Credit Card,3,3,5.0,72.8,No
8268,43,Consumer,Basic,Two-Year,27,39.14,Digital Wallet,2,1,5.0,86.1,No
8269,67,Consumer,Basic,Monthly,28,55.42,Credit Card,3,3,3.0,78.1,No
8270,33,Small Business,Basic,Monthly,42,39.21,Direct Debit,1,0,4.0,49.3,No
8271,58,Consumer,Premium,Monthly,5,112.17,Digital Wallet,2,0,3.0,85.8,No
8272,34,Consumer,Standard,Monthly,65,58.57,Direct Debit,3,0,3.0,71.1,No
8273,36,Consumer,Basic,Monthly,90,47.81,Credit Card,2,1,5.0,43.1,No
8274,37,Consumer,Standard,Monthly,25,79.04,Bank Transfer,2,0,4.0,76.7,No
8275,62,Consumer,Standard,Two-Year,17,59.67,Digital Wallet,3,3,2.0,50.7,No
8276,62,Consumer,Basic,Monthly,28,52.91,Digital Wallet,2,0,3.0,53.2,No
8277,46,Small Business,Basic,Monthly,13,42.61,Bank Transfer,0,1,4.0,62.7,No
8278,28,Consumer,Basic,Monthly,5,29.01,Digital Wallet,2,0,2.0,57.4,No
8279,62,Small Business,Basic,Annual,19,54.16,Bank Transfer,1,3,4.0,62.2,No
8280,51,Consumer,Basic,Annual,41,40.21,Direct Debit,1,0,3.0,71.6,Yes
8281,33,Enterprise,Premium,Monthly,58,127.06,Credit Card,3,0,3.0,57.3,No
8282,40,Small Business,Premium,Monthly,25,108.09,Direct Debit,2,1,3.0,54.7,No
8283,30,Consumer,Basic,Monthly,3,41.18,Direct Debit,1,0,4.0,69.5,No
8284,27,Consumer,Standard,Annual,9,84.51,Digital Wallet,1,0,3.0,72.4,No
8285,51,Consumer,Standard,Annual,45,89.56,Bank Transfer,1,0,4.0,77.7,No
8286,25,Consumer,Basic,Monthly,57,33.41,Digital Wallet,2,3,2.0,47.1,No
8287,36,Consumer,Standard,Two-Year,21,74.39,Digital Wallet,3,0,5.0,61.3,No
8288,40,Consumer,Standard,Monthly,15,77.73,Digital Wallet,2,1,3.0,28.0,No
8289,66,Consumer,Basic,Monthly,6,37.78,Credit Card,4,1,3.0,52.8,Yes
8290,43,Consumer,Standard,Annual,28,88.31,Bank Transfer,2,0,3.0,73.9,No
8291,42,Consumer,Premium,Monthly,18,98.35,Direct Debit,2,0,2.0,64.6,No
8292,50,Consumer,Basic,Monthly,30,40.77,Direct Debit,6,1,2.0,67.2,No
8293,36,Small Business,Premium,Monthly,9,84.84,Bank Transfer,3,0,3.0,77.0,No
8294,27,Consumer,Standard,Monthly,23,57.47,Credit Card,5,6,2.0,49.0,No
8295,35,Consumer,Standard,Two-Year,41,89.01,Bank Transfer,3,0,2.0,55.6,No
8296,43,Consumer,Basic,Monthly,21,51.01,Bank Transfer,2,2,3.0,50.1,No
8297,34,Small Business,Premium,Annual,6,126.02,Credit Card,4,2,4.0,58.5,No
8298,45,Consumer,Basic,Annual,17,50.85,Credit Card,0,1,2.0,55.3,No
8299,79,Small Business,Premium,Two-Year,23,113.1,Credit Card,1,2,3.0,87.6,No
8300,28,Small Business,Premium,Two-Year,51,83.49,Bank Transfer,2,2,2.0,44.8,No
8301,36,Consumer,Standard,Annual,35,46.57,Bank Transfer,1,1,1.0,37.0,Yes
8302,28,Consumer,Standard,Monthly,31,80.37,Bank Transfer,1,1,4.0,52.8,Yes
8303,60,Consumer,Standard,Two-Year,28,73.73,Direct Debit,2,0,3.0,68.4,No
8304,39,Consumer,Standard,Two-Year,15,65.31,Digital Wallet,2,1,2.0,55.3,No
8305,39,Consumer,Basic,Monthly,24,44.15,Direct Debit,0,1,5.0,70.0,Yes
8306,42,Consumer,Standard,Monthly,24,61.53,Digital Wallet,2,1,4.0,54.9,No
8307,37,Consumer,Basic,Monthly,4,53.39,Credit Card,6,3,2.0,45.7,Yes
8308,32,Consumer,Premium,Annual,16,137.42,Bank Transfer,2,0,3.0,80.7,No
8309,52,Small Business,Premium,Monthly,51,114.5,Bank Transfer,3,1,3.0,77.6,No
8310,30,Consumer,Basic,Annual,14,43.67,Credit Card,0,0,3.0,66.5,No
8311,65,Enterprise,Premium,Monthly,11,103.87,Direct Debit,4,5,2.0,57.1,No
8312,29,Consumer,Standard,Two-Year,21,66.24,Digital Wallet,1,0,4.0,39.6,No
8313,31,Consumer,Basic,Annual,9,61.86,Bank Transfer,2,2,2.0,59.4,No
8314,50,Consumer,Standard,Monthly,22,74.64,Digital Wallet,2,1,2.0,54.4,No
8315,52,Small Business,Standard,Monthly,15,79.22,Credit Card,6,0,2.0,46.2,No
8316,39,Consumer,Basic,Two-Year,30,41.91,Bank Transfer,1,0,3.0,45.1,No
8317,53,Consumer,Standard,Annual,21,70.76,Direct Debit,1,1,4.0,65.3,No
8318,24,Small Business,Basic,Monthly,41,42.64,Credit Card,4,3,4.0,49.9,No
8319,29,Consumer,Standard,Annual,48,90.42,Direct Debit,2,3,3.0,35.0,No
8320,51,Small Business,Basic,Annual,19,35.12,Credit Card,3,1,4.0,36.3,No
8321,49,Small Business,Premium,Monthly,22,103.62,Direct Debit,1,0,2.0,60.8,No
8322,43,Small Business,Standard,Monthly,32,68.27,Credit Card,1,1,4.0,75.3,No
8323,60,Small Business,Standard,Annual,41,95.73,Direct Debit,2,3,5.0,54.0,No
8324,41,Consumer,Standard,Monthly,15,98.6,Credit Card,1,0,4.0,59.7,No
8325,18,Small Business,Standard,Two-Year,10,68.11,Credit Card,3,0,3.0,69.7,No
8326,76,Small Business,Standard,Monthly,38,66.69,Bank Transfer,5,1,2.0,49.5,No
8327,48,Small Business,Standard,Monthly,93,85.91,Digital Wallet,3,1,1.0,48.5,Yes
8328,39,Consumer,Basic,Annual,8,34.34,Bank Transfer,1,0,3.0,59.1,No
8329,48,Enterprise,Basic,Monthly,12,53.45,Direct Debit,5,1,1.0,55.3,No
8330,30,Consumer,Basic,Monthly,40,39.36,Digital Wallet,1,0,3.0,64.5,No
8331,59,Enterprise,Basic,Annual,34,35.36,Direct Debit,1,0,4.0,69.2,No
8332,32,Enterprise,Standard,Annual,8,65.17,Direct Debit,2,0,4.0,66.1,No
8333,40,Small Business,Premium,Monthly,28,92.93,Digital Wallet,3,4,1.0,92.3,No
8334,36,Small Business,Standard,Two-Year,32,69.79,Bank Transfer,0,1,4.0,81.8,No
8335,42,Consumer,Basic,Monthly,18,43.01,Bank Transfer,1,1,3.0,49.8,No
8336,26,Small Business,Premium,Two-Year,28,87.46,Credit Card,1,2,3.0,75.5,No
8337,28,Consumer,Standard,Annual,37,71.05,Direct Debit,1,2,5.0,66.4,No
8338,36,Enterprise,Standard,Monthly,49,71.47,Bank Transfer,2,0,3.0,52.8,No
8339,37,Consumer,Standard,Annual,15,84.9,Direct Debit,3,2,3.0,74.6,No
8340,41,Small Business,Basic,Monthly,23,43.01,Bank Transfer,2,2,2.0,60.7,No
8341,36,Consumer,Standard,Monthly,61,92.46,Direct Debit,2,1,4.0,72.3,No
8342,29,Consumer,Basic,Monthly,24,53.19,Credit Card,3,0,4.0,45.3,No
8343,56,Small Business,Standard,Annual,26,82.67,Direct Debit,0,1,4.0,64.6,No
8344,34,Consumer,Basic,Annual,3,36.74,Credit Card,0,0,5.0,75.6,No
8345,68,Enterprise,Basic,Annual,62,48.3,Bank Transfer,0,0,5.0,81.9,No
8346,40,Small Business,Standard,Monthly,77,79.35,Bank Transfer,1,0,3.0,77.4,No
8347,48,Small Business,Premium,Monthly,70,160.77,Digital Wallet,3,2,3.0,73.4,No
8348,27,Consumer,Standard,Monthly,8,46.96,Bank Transfer,2,0,3.0,18.7,No
8349,54,Small Business,Basic,Two-Year,34,53.12,Digital Wallet,1,0,4.0,61.3,No
8350,37,Consumer,Standard,Monthly,13,70.65,Digital Wallet,1,2,2.0,50.6,No
8351,50,Consumer,Basic,Monthly,16,41.77,Credit Card,2,0,4.0,45.1,No
8352,37,Small Business,Standard,Monthly,51,60.96,Bank Transfer,3,1,3.0,42.7,No
8353,43,Small Business,Standard,Monthly,24,53.9,Digital Wallet,2,0,3.0,49.5,Yes
8354,39,Consumer,Standard,Monthly,41,71.85,Digital Wallet,2,0,4.0,57.6,No
8355,36,Consumer,Basic,Monthly,20,55.73,Direct Debit,3,1,3.0,33.9,No
8356,45,Small Business,Standard,Monthly,8,85.25,Bank Transfer,5,2,1.0,54.6,Yes
8357,59,Small Business,Basic,Annual,33,43.62,Bank Transfer,0,0,5.0,62.5,No
8358,60,Small Business,Basic,Annual,60,30.11,Bank Transfer,2,4,2.0,69.7,No
8359,44,Small Business,Premium,Two-Year,67,98.97,Credit Card,1,0,4.0,81.4,No
8360,42,Consumer,Standard,Monthly,45,52.93,Credit Card,3,0,2.0,64.7,No
8361,38,Small Business,Basic,Two-Year,27,40.93,Digital Wallet,1,1,2.0,64.8,No
8362,49,Consumer,Premium,Annual,42,121.16,Bank Transfer,2,0,3.0,57.0,No
8363,30,Consumer,Standard,Monthly,10,72.12,Direct Debit,2,1,3.0,81.1,Yes
8364,43,Consumer,Basic,Annual,13,46.82,Direct Debit,0,2,5.0,55.2,No
8365,47,Consumer,Basic,Monthly,69,42.68,Digital Wallet,4,2,3.0,53.7,No
8366,44,Small Business,Standard,Two-Year,20,86.63,Direct Debit,1,0,4.0,37.4,No
8367,45,Consumer,Basic,Annual,20,43.88,Direct Debit,1,0,1.0,61.1,No
8368,57,Consumer,Premium,Two-Year,26,84.97,Digital Wallet,0,0,5.0,84.9,No
8369,29,Consumer,Basic,Monthly,12,53.95,Bank Transfer,3,0,4.0,60.1,No
8370,33,Consumer,Standard,Monthly,64,75.74,Direct Debit,1,0,4.0,64.1,No
8371,48,Consumer,Basic,Annual,96,50.31,Credit Card,0,0,3.0,68.3,No
8372,34,Enterprise,Basic,Monthly,22,32.8,Direct Debit,3,1,4.0,61.0,No
8373,55,Small Business,Standard,Annual,15,74.36,Bank Transfer,1,1,5.0,50.7,Yes
8374,41,Consumer,Basic,Monthly,12,37.42,Digital Wallet,2,0,4.0,62.5,No
8375,39,Consumer,Premium,Monthly,51,142.67,Direct Debit,1,0,3.0,72.3,No
8376,19,Enterprise,Standard,Monthly,47,70.57,Direct Debit,4,0,4.0,56.9,No
8377,53,Consumer,Premium,Annual,26,121.78,Bank Transfer,3,1,4.0,53.9,No
8378,33,Consumer,Premium,Monthly,36,103.76,Direct Debit,7,5,3.0,58.6,No
8379,25,Small Business,Standard,Two-Year,92,63.99,Bank Transfer,2,0,1.0,61.2,No
8380,37,Consumer,Standard,Annual,14,82.98,Digital Wallet,2,0,4.0,68.8,No
8381,34,Consumer,Basic,Monthly,38,36.55,Credit Card,7,1,2.0,45.5,No
8382,18,Consumer,Standard,Monthly,37,60.06,Digital Wallet,3,2,2.0,68.4,No
8383,49,Enterprise,Standard,Two-Year,47,69.17,Digital Wallet,3,3,4.0,41.5,No
8384,53,Consumer,Standard,Monthly,13,75.4,Digital Wallet,1,0,4.0,82.9,No
8385,70,Small Business,Basic,Monthly,64,52.51,Digital Wallet,3,2,3.0,44.4,No
8386,61,Small Business,Standard,Monthly,19,81.94,Credit Card,5,0,5.0,64.3,No
8387,56,Consumer,Standard,Monthly,34,80.51,Direct Debit,2,2,4.0,72.8,No
8388,45,Consumer,Basic,Monthly,50,47.8,Digital Wallet,2,0,4.0,19.9,No
8389,57,Enterprise,Premium,Monthly,18,114.77,Direct Debit,4,0,3.0,50.0,No
8390,39,Consumer,Basic,Monthly,27,37.25,Direct Debit,2,1,3.0,56.6,No
8391,38,Consumer,Premium,Monthly,69,103.31,Credit Card,2,1,3.0,67.5,No
8392,54,Enterprise,Premium,Annual,10,132.16,Digital Wallet,2,1,2.0,64.6,No
8393,46,Enterprise,Basic,Monthly,35,38.58,Credit Card,4,2,3.0,32.1,No
8394,37,Small Business,Basic,Monthly,11,37.2,Credit Card,5,1,4.0,63.0,No
8395,71,Consumer,Standard,Two-Year,20,89.64,Bank Transfer,6,2,3.0,59.7,No
8396,18,Consumer,Premium,Monthly,11,100.78,Digital Wallet,2,0,3.0,67.2,No
8397,41,Small Business,Standard,Monthly,44,87.92,Credit Card,1,2,2.0,51.0,No
8398,48,Consumer,Premium,Annual,69,105.71,Credit Card,1,0,3.0,100.0,No
8399,56,Small Business,Basic,Monthly,21,56.41,Bank Transfer,5,0,2.0,49.6,No
8400,51,Consumer,Basic,Monthly,18,50.03,Direct Debit,3,0,3.0,58.5,No
8401,46,Consumer,Premium,Annual,53,138.23,Credit Card,1,1,5.0,71.2,No
8402,51,Small Business,Standard,Annual,12,81.68,Digital Wallet,3,1,3.0,74.1,No
8403,28,Small Business,Standard,Annual,7,67.52,Bank Transfer,2,0,4.0,62.4,No
8404,36,Small Business,Standard,Annual,17,64.64,Digital Wallet,1,0,3.0,81.7,No
8405,39,Consumer,Basic,Annual,11,43.16,Bank Transfer,4,1,4.0,42.9,No
8406,37,Small Business,Standard,Annual,16,72.15,Direct Debit,2,0,3.0,86.6,No
8407,56,Small Business,Premium,Monthly,45,110.95,Credit Card,1,0,2.0,85.7,No
8408,54,Small Business,Standard,Annual,23,80.42,Direct Debit,1,0,5.0,80.3,No
8409,53,Consumer,Premium,Two-Year,24,128.05,Bank Transfer,2,2,3.0,57.3,No
8410,49,Small Business,Basic,Monthly,24,41.32,Direct Debit,1,1,4.0,70.7,No
8411,45,Consumer,Basic,Monthly,42,40.85,Bank Transfer,1,1,3.0,55.3,Yes
8412,52,Enterprise,Standard,Annual,61,84.17,Credit Card,2,2,5.0,87.9,No
8413,40,Consumer,Standard,Two-Year,36,79.47,Bank Transfer,3,0,4.0,32.5,Yes
8414,40,Consumer,Premium,Annual,47,117.89,Credit Card,2,1,3.0,77.0,No
8415,44,Consumer,Basic,Monthly,26,42.55,Bank Transfer,4,2,2.0,55.0,No
8416,40,Consumer,Basic,Monthly,29,39.75,Credit Card,2,3,4.0,77.2,No
8417,38,Small Business,Basic,Annual,10,40.12,Direct Debit,2,2,2.0,69.9,No
8418,33,Consumer,Premium,Monthly,51,97.15,Digital Wallet,7,0,2.0,37.2,No
8419,29,Enterprise,Basic,Two-Year,33,50.44,Direct Debit,0,2,5.0,62.8,No
8420,35,Small Business,Standard,Annual,76,64.81,Bank Transfer,2,2,4.0,63.2,No
8421,38,Consumer,Premium,Monthly,16,93.84,Direct Debit,1,1,3.0,59.0,No
8422,37,Enterprise,Standard,Two-Year,20,85.3,Digital Wallet,3,0,4.0,64.9,No
8423,33,Consumer,Standard,Annual,37,96.86,Bank Transfer,4,1,4.0,63.0,No
8424,53,Consumer,Standard,Monthly,19,68.87,Direct Debit,6,0,3.0,74.8,No
8425,44,Consumer,Standard,Monthly,12,92.02,Credit Card,1,1,3.0,25.0,No
8426,55,Small Business,Basic,Monthly,8,60.24,Credit Card,2,2,3.0,47.3,No
8427,62,Consumer,Standard,Monthly,30,73.81,Bank Transfer,7,2,2.0,53.5,No
8428,29,Consumer,Standard,Two-Year,23,87.13,Bank Transfer,2,2,3.0,56.1,No
8429,39,Consumer,Standard,Monthly,19,80.07,Digital Wallet,2,0,3.0,81.9,No
8430,53,Consumer,Standard,Monthly,44,71.84,Credit Card,2,1,2.0,47.7,No
8431,26,Consumer,Standard,Annual,7,52.28,Bank Transfer,0,0,4.0,60.0,No
8432,44,Consumer,Basic,Annual,41,33.1,Credit Card,3,0,3.0,40.4,No
8433,41,Consumer,Basic,Monthly,9,53.95,Digital Wallet,1,1,3.0,57.3,No
8434,46,Consumer,Basic,Monthly,8,41.7,Credit Card,2,1,2.0,69.4,No
8435,18,Enterprise,Basic,Two-Year,48,45.68,Digital Wallet,2,2,3.0,78.4,No
8436,71,Consumer,Basic,Annual,39,29.14,Direct Debit,3,2,4.0,63.4,Yes
8437,41,Small Business,Basic,Annual,66,46.39,Digital Wallet,3,1,5.0,57.5,No
8438,23,Consumer,Premium,Monthly,20,117.99,Bank Transfer,2,2,3.0,70.3,No
8439,48,Consumer,Premium,Annual,25,122.09,Digital Wallet,0,0,1.0,57.4,No
8440,38,Consumer,Premium,Annual,56,107.67,Credit Card,4,3,5.0,73.8,No
8441,20,Enterprise,Standard,Monthly,33,81.24,Direct Debit,0,1,3.0,40.9,Yes
8442,63,Small Business,Basic,Annual,10,35.55,Bank Transfer,2,1,3.0,54.0,No
8443,46,Enterprise,Standard,Monthly,49,51.84,Direct Debit,0,0,3.0,63.4,Yes
8444,38,Consumer,Basic,Monthly,39,53.48,Direct Debit,3,1,2.0,45.5,No
8445,41,Consumer,Basic,Monthly,25,36.62,Direct Debit,2,2,4.0,62.7,No
8446,45,Enterprise,Standard,Monthly,45,101.45,Bank Transfer,1,1,2.0,59.8,No
8447,27,Consumer,Premium,Annual,39,111.55,Digital Wallet,1,2,4.0,69.6,No
8448,49,Consumer,Standard,Annual,6,84.5,Bank Transfer,1,3,3.0,56.3,No
8449,42,Small Business,Premium,Two-Year,57,112.46,Digital Wallet,2,0,3.0,57.8,No
8450,30,Small Business,Standard,Annual,30,82.36,Bank Transfer,1,2,3.0,46.1,No
8451,73,Consumer,Basic,Monthly,6,47.65,Direct Debit,1,0,3.0,57.8,No
8452,32,Consumer,Standard,Monthly,35,82.11,Direct Debit,6,3,1.0,50.7,No
8453,53,Consumer,Standard,Two-Year,53,78.39,Credit Card,2,1,2.0,54.5,No
8454,52,Consumer,Premium,Monthly,33,114.14,Credit Card,4,1,2.0,74.5,No
8455,39,Consumer,Basic,Annual,16,44.48,Direct Debit,3,0,2.0,59.3,No
8456,48,Enterprise,Premium,Two-Year,11,134.11,Direct Debit,0,1,4.0,75.3,No
8457,44,Consumer,Basic,Monthly,33,57.16,Bank Transfer,3,1,5.0,56.3,No
8458,30,Consumer,Standard,Annual,61,70.97,Direct Debit,1,0,3.0,59.0,No
8459,48,Consumer,Premium,Monthly,24,107.77,Digital Wallet,1,0,4.0,60.3,No
8460,34,Consumer,Premium,Monthly,7,94.79,Credit Card,3,0,4.0,53.0,No
8461,32,Enterprise,Standard,Monthly,78,81.65,Credit Card,2,1,3.0,57.0,No
8462,39,Small Business,Basic,Monthly,58,49.04,Direct Debit,3,0,3.0,52.1,No
8463,51,Small Business,Basic,Two-Year,19,53.38,Unknown,0,0,4.0,59.4,No
8464,46,Consumer,Premium,Monthly,5,128.83,Bank Transfer,2,1,4.0,51.8,No
8465,51,Small Business,Standard,Two-Year,4,85.65,Direct Debit,1,0,3.0,20.4,No
8466,75,Consumer,Standard,Annual,26,74.05,Digital Wallet,4,1,2.0,62.4,No
8467,40,Consumer,Standard,Annual,29,83.27,Bank Transfer,4,3,2.0,35.1,No
8468,46,Small Business,Standard,Monthly,39,86.73,Bank Transfer,5,0,2.0,30.3,Yes
8469,42,Consumer,Standard,Annual,66,89.26,Digital Wallet,1,0,4.0,80.2,No
8470,37,Consumer,Standard,Monthly,20,80.91,Credit Card,0,1,3.0,45.4,No
8471,40,Small Business,Standard,Two-Year,11,57.39,Bank Transfer,2,2,4.0,66.5,No
8472,30,Consumer,Premium,Monthly,46,139.62,Bank Transfer,2,1,3.0,65.0,No
8473,39,Consumer,Standard,Monthly,42,78.59,Bank Transfer,4,1,3.0,65.9,No
8474,32,Small Business,Standard,Annual,18,87.27,Direct Debit,1,0,4.0,57.1,No
8475,21,Consumer,Standard,Monthly,35,63.69,Credit Card,3,1,2.0,47.4,No
8476,40,Small Business,Standard,Monthly,63,61.48,Credit Card,3,0,2.0,44.6,No
8477,18,Consumer,Standard,Two-Year,13,85.33,Bank Transfer,2,1,2.0,77.0,No
8478,52,Consumer,Standard,Annual,48,71.04,Credit Card,1,0,3.0,60.1,No
8479,38,Small Business,Basic,Annual,24,47.78,Credit Card,2,0,4.0,37.7,No
8480,43,Small Business,Standard,Monthly,6,75.42,Direct Debit,2,4,3.0,24.6,No
8481,30,Small Business,Standard,Monthly,26,86.87,Bank Transfer,0,0,3.0,41.3,No
8482,47,Small Business,Standard,Annual,20,88.32,Bank Transfer,3,1,3.0,60.3,No
8483,31,Consumer,Premium,Monthly,21,140.91,Direct Debit,4,0,2.0,53.6,No
8484,43,Consumer,Premium,Two-Year,13,156.93,Bank Transfer,2,0,2.0,68.5,No
8485,29,Consumer,Standard,Annual,56,61.27,Digital Wallet,3,3,3.0,36.8,No
8486,34,Consumer,Basic,Annual,29,47.32,Digital Wallet,2,0,2.0,66.7,No
8487,44,Consumer,Standard,Monthly,19,93.19,Direct Debit,0,1,5.0,88.0,No
8488,50,Consumer,Basic,Annual,19,45.92,Direct Debit,1,0,4.0,66.9,No
8489,21,Small Business,Basic,Monthly,45,45.68,Digital Wallet,5,0,2.0,44.3,Yes
8490,44,Consumer,Premium,Monthly,18,110.91,Direct Debit,1,1,4.0,61.6,No
8491,38,Consumer,Standard,Monthly,21,86.54,Digital Wallet,2,0,3.0,63.4,No
8492,33,Consumer,Premium,Two-Year,63,117.06,Direct Debit,2,2,2.0,77.5,No
8493,59,Consumer,Premium,Monthly,8,118.54,Digital Wallet,6,3,4.0,66.4,Yes
8494,49,Enterprise,Basic,Annual,33,61.04,Bank Transfer,3,1,4.0,42.6,No
8495,47,Small Business,Standard,Monthly,16,90.58,Direct Debit,1,4,4.0,78.5,No
8496,25,Consumer,Standard,Monthly,30,90.41,Credit Card,3,1,3.0,40.7,No
8497,59,Consumer,Standard,Monthly,78,70.54,Bank Transfer,3,1,2.0,57.0,No
8498,42,Consumer,Basic,Monthly,33,59.57,Digital Wallet,4,1,3.0,46.4,No
8499,30,Consumer,Standard,Monthly,14,89.14,Bank Transfer,1,1,4.0,58.8,No
8500,35,Small Business,Standard,Monthly,14,62.64,Digital Wallet,4,3,3.0,51.5,No
8501,62,Consumer,Premium,Two-Year,5,141.52,Digital Wallet,0,0,4.0,83.6,No
8502,61,Consumer,Standard,Annual,28,98.71,Credit Card,3,1,2.0,65.8,No
8503,60,Consumer,Standard,Monthly,44,94.42,Credit Card,3,2,3.0,39.9,No
8504,35,Small Business,Premium,Annual,17,145.14,Direct Debit,0,1,3.0,83.4,No
8505,44,Consumer,Basic,Monthly,62,44.82,Bank Transfer,1,2,3.0,55.6,No
8506,26,Consumer,Standard,Monthly,28,81.09,Bank Transfer,3,1,2.0,56.7,Yes
8507,42,Enterprise,Standard,Monthly,36,59.01,Credit Card,3,0,2.0,34.8,No
8508,26,Consumer,Basic,Annual,9,44.5,Direct Debit,4,1,2.0,64.8,No
8509,49,Consumer,Basic,Annual,54,42.16,Direct Debit,2,2,3.0,83.2,No
8510,49,Small Business,Standard,Annual,41,94.51,Bank Transfer,0,1,3.0,73.4,No
8511,31,Small Business,Standard,Monthly,12,71.94,Direct Debit,1,1,4.0,64.7,No
8512,40,Consumer,Premium,Two-Year,62,148.35,Credit Card,0,0,4.0,58.0,No
8513,34,Small Business,Premium,Annual,27,142.82,Bank Transfer,2,0,3.0,55.9,No
8514,27,Consumer,Standard,Monthly,96,82.15,Bank Transfer,1,0,4.0,65.4,No
8515,59,Consumer,Standard,Annual,8,84.27,Digital Wallet,5,1,3.0,37.5,No
8516,29,Enterprise,Standard,Monthly,10,84.07,Digital Wallet,2,0,4.0,57.9,No
8517,45,Consumer,Basic,Two-Year,12,54.18,Digital Wallet,3,2,2.0,40.9,No
8518,57,Small Business,Standard,Monthly,25,57.32,Digital Wallet,0,2,4.0,42.8,No
8519,34,Consumer,Premium,Monthly,26,98.78,Bank Transfer,4,2,2.0,43.1,No
8520,37,Consumer,Premium,Annual,40,142.37,Digital Wallet,2,1,5.0,84.4,No
8521,50,Consumer,Basic,Monthly,28,29.67,Credit Card,2,3,2.0,65.6,No
8522,61,Consumer,Premium,Monthly,20,95.5,Direct Debit,2,1,4.0,82.4,No
8523,28,Consumer,Basic,Monthly,22,58.59,Digital Wallet,7,3,3.0,47.6,No
8524,49,Enterprise,Basic,Monthly,13,52.16,Direct Debit,1,1,3.0,56.3,No
8525,45,Small Business,Standard,Annual,54,97.64,Digital Wallet,4,1,4.0,42.8,No
8526,53,Consumer,Basic,Monthly,34,41.17,Credit Card,1,1,5.0,100.0,No
8527,38,Small Business,Standard,Monthly,19,57.92,Direct Debit,2,0,3.0,45.1,No
8528,54,Consumer,Premium,Monthly,55,116.09,Direct Debit,1,0,2.0,41.0,No
8529,72,Consumer,Basic,Annual,25,45.99,Bank Transfer,3,0,3.0,72.5,No
8530,51,Consumer,Basic,Two-Year,35,37.99,Credit Card,1,1,4.0,74.7,No
8531,29,Small Business,Basic,Monthly,22,39.39,Bank Transfer,1,1,4.0,53.2,No
8532,44,Consumer,Standard,Annual,46,57.85,Direct Debit,0,0,4.0,71.0,No
8533,57,Small Business,Standard,Annual,11,90.86,Direct Debit,1,1,4.0,67.8,No
8534,34,Consumer,Standard,Monthly,9,69.94,Digital Wallet,2,0,3.0,68.1,No
8535,33,Consumer,Premium,Monthly,10,87.32,Digital Wallet,2,1,2.0,69.4,No
8536,43,Small Business,Premium,Annual,15,128.88,Credit Card,0,0,4.0,91.5,No
8537,42,Consumer,Basic,Annual,27,39.56,Credit Card,4,1,4.0,46.7,No
8538,76,Consumer,Basic,Annual,58,52.15,Bank Transfer,0,1,2.0,71.6,No
8539,43,Consumer,Standard,Monthly,49,85.21,Digital Wallet,1,3,3.0,51.9,No
8540,35,Small Business,Basic,Two-Year,19,51.37,Credit Card,0,1,5.0,97.3,No
8541,53,Consumer,Standard,Annual,11,62.89,Bank Transfer,2,1,3.0,56.3,No
8542,23,Consumer,Standard,Monthly,19,92.09,Credit Card,3,2,4.0,68.0,No
8543,44,Consumer,Premium,Monthly,56,150.66,Credit Card,3,0,3.0,45.8,No
8544,35,Consumer,Premium,Annual,24,123.26,Credit Card,2,1,4.0,35.7,No
8545,46,Consumer,Premium,Monthly,20,145.48,Direct Debit,3,3,4.0,56.5,Yes
8546,30,Small Business,Standard,Annual,29,64.85,Digital Wallet,1,1,5.0,52.7,No
8547,52,Consumer,Basic,Annual,28,44.49,Digital Wallet,3,3,4.0,47.7,No
8548,55,Enterprise,Standard,Two-Year,9,71.48,Credit Card,2,1,5.0,54.5,No
8549,44,Consumer,Standard,Monthly,32,65.37,Digital Wallet,0,2,5.0,24.1,No
8550,21,Consumer,Premium,Monthly,32,120.37,Credit Card,2,1,5.0,66.9,No
8551,62,Small Business,Standard,Monthly,16,71.38,Direct Debit,2,0,5.0,54.3,No
8552,39,Consumer,Premium,Annual,10,102.5,Digital Wallet,1,0,4.0,80.6,No
8553,48,Small Business,Basic,Monthly,53,54.45,Direct Debit,0,0,3.0,58.2,No
8554,49,Consumer,Standard,Annual,52,72.75,Bank Transfer,2,0,5.0,62.6,No
8555,40,Consumer,Standard,Monthly,29,56.01,Direct Debit,1,1,4.0,46.9,No
8556,42,Consumer,Standard,Monthly,21,63.6,Direct Debit,1,1,3.0,64.3,No
8557,33,Consumer,Basic,Monthly,10,51.24,Credit Card,4,2,3.0,41.4,Yes
8558,27,Small Business,Standard,Monthly,21,73.59,Bank Transfer,4,1,4.0,47.5,No
8559,31,Consumer,Standard,Monthly,18,89.77,Bank Transfer,0,0,3.0,86.6,No
8560,47,Consumer,Standard,Monthly,42,85.69,Direct Debit,3,2,3.0,64.2,Yes
8561,58,Consumer,Standard,Monthly,11,95.46,Direct Debit,5,4,4.0,63.1,Yes
8562,47,Consumer,Premium,Monthly,22,143.83,Digital Wallet,2,0,5.0,47.8,No
8563,64,Consumer,Basic,Monthly,14,47.52,Credit Card,2,1,3.0,66.6,Yes
8564,52,Enterprise,Premium,Annual,14,114.44,Credit Card,2,0,4.0,68.0,No
8565,47,Consumer,Basic,Monthly,57,50.65,Direct Debit,3,3,4.0,51.9,No
8566,57,Consumer,Standard,Annual,32,70.63,Direct Debit,4,2,4.0,66.3,No
8567,41,Small Business,Standard,Monthly,29,73.12,Direct Debit,4,1,2.0,33.4,Yes
8568,53,Consumer,Premium,Monthly,29,86.2,Credit Card,2,0,3.0,56.2,No
8569,43,Enterprise,Standard,Annual,29,92.31,Direct Debit,0,0,4.0,75.8,No
8570,46,Consumer,Basic,Monthly,27,38.33,Direct Debit,2,0,1.0,48.1,No
8571,47,Consumer,Basic,Monthly,45,38.88,Direct Debit,2,2,4.0,26.3,No
8572,32,Consumer,Standard,Monthly,18,78.51,Credit Card,6,2,3.0,42.2,No
8573,36,Consumer,Standard,Annual,52,88.1,Credit Card,2,1,2.0,55.4,No
8574,64,Consumer,Basic,Annual,55,62.78,Direct Debit,3,0,4.0,74.0,No
8575,18,Consumer,Basic,Annual,34,35.97,Credit Card,3,2,4.0,73.7,No
8576,32,Small Business,Premium,Two-Year,21,120.98,Credit Card,0,0,4.0,46.5,No
8577,63,Consumer,Premium,Two-Year,19,114.37,Direct Debit,1,0,3.0,71.6,No
8578,30,Consumer,Premium,Annual,12,130.21,Direct Debit,0,1,3.0,83.5,No
8579,55,Consumer,Standard,Monthly,21,68.55,Credit Card,2,0,5.0,34.9,No
8580,35,Consumer,Premium,Two-Year,42,114.55,Credit Card,2,1,3.0,69.2,No
8581,59,Small Business,Standard,Monthly,37,74.76,Bank Transfer,3,0,4.0,32.4,No
8582,53,Small Business,Basic,Annual,25,44.29,Digital Wallet,1,0,4.0,74.3,No
8583,52,Consumer,Basic,Two-Year,35,69.07,Digital Wallet,3,1,3.0,44.5,No
8584,45,Small Business,Standard,Annual,14,88.69,Credit Card,0,0,3.0,73.7,No
8585,44,Small Business,Standard,Monthly,47,63.69,Digital Wallet,2,0,5.0,70.4,No
8586,28,Consumer,Basic,Monthly,20,43.43,Digital Wallet,3,1,4.0,33.8,No
8587,38,Consumer,Basic,Monthly,54,42.91,Credit Card,3,1,3.0,59.5,No
8588,19,Consumer,Standard,Monthly,24,68.57,Digital Wallet,3,1,2.0,32.1,No
8589,35,Enterprise,Premium,Annual,13,124.32,Digital Wallet,6,0,3.0,61.3,No
8590,52,Small Business,Basic,Annual,19,47.01,Digital Wallet,0,0,4.0,54.1,No
8591,52,Small Business,Premium,Annual,44,111.39,Digital Wallet,1,0,4.0,71.4,No
8592,20,Small Business,Premium,Monthly,67,123.34,Credit Card,2,1,4.0,51.6,No
8593,42,Consumer,Premium,Annual,14,118.29,Credit Card,0,0,3.0,51.2,No
8594,51,Enterprise,Basic,Two-Year,64,56.48,Direct Debit,3,1,5.0,66.1,No
8595,23,Consumer,Basic,Annual,12,46.19,Credit Card,2,1,2.0,64.6,No
8596,56,Consumer,Basic,Two-Year,41,44.27,Credit Card,0,0,4.0,48.4,No
8597,44,Small Business,Premium,Monthly,47,121.7,Credit Card,5,0,2.0,57.8,No
8598,53,Consumer,Premium,Two-Year,22,127.77,Credit Card,1,0,5.0,51.9,No
8599,41,Enterprise,Premium,Two-Year,26,142.86,Digital Wallet,2,1,5.0,63.6,No
8600,32,Consumer,Basic,Two-Year,44,43.8,Bank Transfer,0,1,4.0,48.2,No
8601,30,Small Business,Basic,Two-Year,54,43.09,Direct Debit,5,3,2.0,64.7,Yes
8602,40,Consumer,Basic,Monthly,5,62.39,Digital Wallet,2,3,3.0,39.9,No
8603,58,Consumer,Standard,Annual,17,72.31,Credit Card,1,0,4.0,81.4,No
8604,64,Consumer,Premium,Annual,47,138.98,Credit Card,0,2,5.0,65.0,No
8605,38,Small Business,Basic,Annual,11,47.9,Bank Transfer,1,0,4.0,63.5,No
8606,61,Consumer,Standard,Monthly,46,67.64,Digital Wallet,3,0,1.0,36.8,No
8607,57,Consumer,Standard,Two-Year,16,73.23,Bank Transfer,2,0,3.0,50.2,No
8608,43,Small Business,Standard,Monthly,5,55.39,Credit Card,2,0,3.0,65.0,No
8609,50,Consumer,Premium,Two-Year,28,115.99,Direct Debit,0,0,4.0,81.4,No
8610,32,Consumer,Standard,Monthly,42,75.64,Direct Debit,2,2,4.0,64.5,No
8611,48,Consumer,Premium,Annual,48,90.46,Bank Transfer,1,1,4.0,59.0,No
8612,66,Small Business,Standard,Annual,37,60.84,Direct Debit,4,2,3.0,54.7,No
8613,35,Consumer,Basic,Monthly,22,48.76,Credit Card,2,3,3.0,54.9,No
8614,32,Consumer,Basic,Monthly,13,37.5,Direct Debit,4,0,2.0,44.3,No
8615,47,Consumer,Standard,Monthly,11,84.2,Direct Debit,1,0,4.0,54.9,No
8616,52,Small Business,Standard,Annual,23,62.17,Digital Wallet,0,0,4.0,73.7,No
8617,54,Consumer,Standard,Monthly,40,62.27,Direct Debit,3,2,5.0,44.8,No
8618,24,Consumer,Basic,Annual,23,37.02,Digital Wallet,1,2,3.0,42.6,No
8619,20,Consumer,Standard,Monthly,23,71.42,Direct Debit,0,2,5.0,54.4,No
8620,24,Small Business,Premium,Monthly,10,127.25,Bank Transfer,2,0,3.0,59.6,No
8621,48,Consumer,Basic,Monthly,17,47.56,Direct Debit,1,1,5.0,41.5,No
8622,46,Consumer,Standard,Annual,35,90.24,Bank Transfer,0,1,3.0,72.8,No
8623,27,Consumer,Premium,Monthly,7,123.89,Digital Wallet,3,2,3.0,70.2,No
8624,34,Small Business,Basic,Monthly,29,52.4,Digital Wallet,2,2,3.0,68.0,No
8625,31,Consumer,Standard,Annual,28,58.59,Credit Card,0,0,5.0,73.9,No
8626,63,Consumer,Premium,Two-Year,17,107.75,Digital Wallet,1,1,3.0,73.9,No
8627,48,Consumer,Basic,Monthly,23,37.31,Direct Debit,3,4,1.0,89.9,No
8628,31,Consumer,Basic,Monthly,52,45.4,Direct Debit,3,0,3.0,63.4,No
8629,51,Consumer,Basic,Two-Year,34,39.01,Digital Wallet,1,1,3.0,61.9,No
8630,57,Consumer,Basic,Monthly,21,47.63,Digital Wallet,3,0,2.0,57.9,No
8631,31,Consumer,Premium,Annual,17,121.31,Bank Transfer,3,0,4.0,72.1,No
8632,26,Consumer,Basic,Monthly,15,29.89,Digital Wallet,1,1,5.0,56.2,No
8633,44,Consumer,Standard,Two-Year,16,82.26,Direct Debit,0,0,3.0,63.3,No
8634,25,Consumer,Standard,Two-Year,52,73.99,Bank Transfer,2,3,4.0,60.2,No
8635,36,Consumer,Standard,Monthly,9,86.27,Digital Wallet,3,0,4.0,30.1,No
8636,36,Small Business,Standard,Monthly,15,76.52,Credit Card,2,0,3.0,80.3,No
8637,40,Consumer,Standard,Two-Year,60,90.21,Bank Transfer,2,1,2.0,70.0,No
8638,46,Small Business,Premium,Monthly,30,151.37,Digital Wallet,1,1,3.0,69.5,No
8639,49,Consumer,Premium,Monthly,10,105.18,Bank Transfer,3,0,1.0,71.0,No
8640,57,Enterprise,Standard,Monthly,34,89.59,Direct Debit,3,1,2.0,63.4,No
8641,36,Small Business,Premium,Two-Year,27,121.61,Direct Debit,1,1,3.0,59.7,No
8642,32,Small Business,Basic,Two-Year,96,45.89,Direct Debit,0,0,3.0,59.9,No
8643,41,Consumer,Basic,Monthly,7,32.45,Direct Debit,3,2,2.0,47.7,No
8644,22,Small Business,Basic,Annual,19,40.75,Bank Transfer,1,0,4.0,67.5,No
8645,56,Consumer,Basic,Monthly,20,35.83,Bank Transfer,2,2,3.0,64.0,No
8646,44,Enterprise,Basic,Annual,24,49.65,Direct Debit,2,0,4.0,46.8,No
8647,45,Consumer,Standard,Annual,44,79.41,Direct Debit,3,0,4.0,53.9,No
8648,22,Consumer,Premium,Monthly,46,115.9,Bank Transfer,1,3,4.0,59.6,No
8649,27,Consumer,Standard,Annual,5,80.43,Digital Wallet,1,1,4.0,55.3,No
8650,31,Consumer,Standard,Annual,8,96.24,Direct Debit,2,0,5.0,42.5,No
8651,64,Consumer,Basic,Monthly,19,29.88,Bank Transfer,3,3,2.0,66.3,No
8652,47,Small Business,Basic,Monthly,33,50.31,Bank Transfer,2,2,3.0,54.9,No
8653,51,Consumer,Standard,Monthly,26,58.12,Credit Card,4,1,4.0,51.8,No
8654,33,Small Business,Standard,Monthly,50,41.22,Digital Wallet,3,0,2.0,58.1,No
8655,53,Enterprise,Basic,Monthly,18,50.88,Direct Debit,1,1,3.0,53.8,No
8656,39,Consumer,Basic,Monthly,9,44.79,Digital Wallet,2,0,3.0,78.9,No
8657,41,Small Business,Premium,Monthly,14,103.71,Digital Wallet,2,1,4.0,49.0,No
8658,47,Enterprise,Standard,Annual,18,86.05,Digital Wallet,1,2,4.0,71.0,No
8659,57,Enterprise,Basic,Annual,62,41.59,Bank Transfer,1,0,5.0,82.5,No
8660,49,Small Business,Standard,Monthly,22,101.54,Credit Card,1,0,4.0,59.6,No
8661,66,Consumer,Basic,Monthly,22,32.19,Digital Wallet,4,3,2.0,33.1,No
8662,64,Consumer,Standard,Monthly,48,70.89,Digital Wallet,2,0,5.0,48.9,No
8663,57,Consumer,Premium,Monthly,44,121.26,Digital Wallet,5,5,1.0,57.5,No
8664,44,Consumer,Premium,Two-Year,37,125.12,Digital Wallet,2,2,5.0,83.1,No
8665,61,Consumer,Premium,Annual,19,98.53,Direct Debit,1,1,4.0,78.2,No
8666,30,Consumer,Premium,Monthly,36,70.43,Digital Wallet,3,3,3.0,58.4,No
8667,18,Consumer,Basic,Monthly,34,41.69,Direct Debit,3,1,4.0,68.5,No
8668,49,Enterprise,Basic,Monthly,12,28.29,Direct Debit,7,3,2.0,21.3,Yes
8669,57,Consumer,Premium,Monthly,55,101.99,Direct Debit,2,3,,52.3,No
8670,28,Enterprise,Standard,Annual,44,84.05,Digital Wallet,1,1,5.0,73.9,No
8671,29,Consumer,Standard,Monthly,26,74.26,Digital Wallet,2,0,4.0,53.7,No
8672,51,Consumer,Basic,Annual,51,44.94,Digital Wallet,2,0,2.0,53.3,No
8673,44,Consumer,Standard,Monthly,39,90.53,Digital Wallet,2,1,3.0,42.1,No
8674,43,Consumer,Basic,Monthly,53,37.53,Direct Debit,2,1,4.0,62.7,No
8675,48,Consumer,Standard,Monthly,28,88.92,Bank Transfer,3,1,3.0,72.6,No
8676,58,Consumer,Standard,Annual,27,72.4,Credit Card,0,0,1.0,51.9,No
8677,35,Enterprise,Premium,Monthly,38,148.59,Bank Transfer,0,1,3.0,73.7,No
8678,38,Consumer,Premium,Monthly,49,116.05,Bank Transfer,3,1,3.0,50.4,No
8679,45,Enterprise,Basic,Monthly,38,44.65,Bank Transfer,1,1,4.0,30.3,No
8680,34,Small Business,Standard,Two-Year,38,77.85,Bank Transfer,2,2,4.0,47.9,No
8681,26,Small Business,Basic,Monthly,10,44.69,Digital Wallet,5,1,4.0,31.3,No
8682,47,Small Business,Standard,Two-Year,43,73.2,Direct Debit,2,1,4.0,54.3,No
8683,18,Consumer,Standard,Monthly,1,78.49,Digital Wallet,4,2,3.0,86.1,No
8684,38,Consumer,Standard,Two-Year,47,76.1,Bank Transfer,2,0,5.0,66.1,No
8685,38,Consumer,Basic,Monthly,58,43.51,Bank Transfer,4,2,2.0,61.9,No
8686,40,Consumer,Basic,Monthly,33,63.7,Digital Wallet,1,0,4.0,65.1,No
8687,21,Enterprise,Standard,Two-Year,12,66.21,Bank Transfer,5,2,3.0,84.3,No
8688,36,Small Business,Standard,Monthly,65,64.83,Digital Wallet,3,2,3.0,58.1,No
8689,40,Small Business,Basic,Monthly,14,32.45,Digital Wallet,10,1,3.0,50.2,No
8690,44,Consumer,Basic,Monthly,41,48.61,Digital Wallet,1,0,3.0,41.2,No
8691,41,Consumer,Basic,Monthly,25,55.19,Bank Transfer,2,0,2.0,58.1,No
8692,44,Small Business,Basic,Monthly,54,58.62,Credit Card,3,1,2.0,31.6,No
8693,32,Consumer,Standard,Annual,57,76.35,Bank Transfer,2,1,3.0,96.4,No
8694,31,Small Business,Standard,Monthly,49,68.44,Credit Card,3,3,3.0,79.4,No
8695,29,Consumer,Premium,Monthly,32,112.04,Direct Debit,1,0,3.0,69.5,No
8696,43,Small Business,Basic,Monthly,38,53.48,Bank Transfer,1,2,3.0,68.4,Yes
8697,58,Enterprise,Standard,Monthly,11,79.44,Digital Wallet,3,5,1.0,43.4,Yes
8698,18,Consumer,Standard,Monthly,71,99.66,Bank Transfer,2,0,3.0,50.9,No
8699,58,Small Business,Premium,Two-Year,23,130.76,Bank Transfer,0,0,3.0,72.0,No
8700,62,Enterprise,Standard,Annual,38,45.42,Credit Card,3,0,3.0,79.3,No
8701,18,Consumer,Standard,Two-Year,11,77.93,Bank Transfer,1,1,3.0,59.4,No
8702,57,Consumer,Standard,Monthly,25,86.49,Digital Wallet,2,2,3.0,70.5,No
8703,48,Consumer,Standard,Monthly,15,79.88,Direct Debit,4,1,4.0,67.2,No
8704,47,Consumer,Basic,Monthly,31,43.84,Bank Transfer,6,1,1.0,39.6,No
8705,49,Consumer,Standard,Annual,76,92.0,Direct Debit,1,1,4.0,58.2,No
8706,22,Small Business,Premium,Two-Year,36,115.59,Bank Transfer,0,1,4.0,100.0,No
8707,39,Consumer,Basic,Monthly,37,48.11,Bank Transfer,4,4,3.0,45.8,No
8708,26,Consumer,Standard,Annual,47,63.44,Credit Card,0,0,4.0,64.6,No
8709,44,Small Business,Premium,Monthly,25,108.16,Bank Transfer,3,2,5.0,73.7,No
8710,18,Consumer,Basic,Monthly,32,56.47,Bank Transfer,0,1,4.0,67.0,No
8711,48,Consumer,Standard,Annual,24,93.23,Digital Wallet,0,0,4.0,47.8,No
8712,49,Consumer,Premium,Two-Year,15,85.35,Direct Debit,1,1,4.0,60.9,No
8713,47,Consumer,Standard,Monthly,62,73.21,Credit Card,1,0,3.0,53.4,No
8714,19,Consumer,Basic,Monthly,16,49.34,Credit Card,2,0,4.0,56.7,No
8715,41,Consumer,Standard,Monthly,5,60.39,Digital Wallet,7,3,2.0,47.9,No
8716,32,Small Business,Standard,Annual,20,76.81,Direct Debit,3,2,3.0,55.8,No
8717,41,Consumer,Basic,Monthly,4,39.02,Credit Card,3,2,4.0,52.1,No
8718,22,Consumer,Standard,Annual,8,93.91,Bank Transfer,3,1,3.0,54.3,No
8719,46,Consumer,Standard,Two-Year,21,68.14,Digital Wallet,2,2,3.0,80.4,No
8720,18,Consumer,Standard,Monthly,82,70.69,Digital Wallet,4,1,2.0,49.2,No
8721,60,Small Business,Standard,Monthly,36,71.69,Credit Card,3,1,3.0,64.6,No
8722,40,Consumer,Standard,Monthly,23,58.38,Bank Transfer,2,1,3.0,42.9,No
8723,46,Consumer,Standard,Annual,13,74.46,Direct Debit,2,1,4.0,72.9,No
8724,52,Consumer,Basic,Annual,28,59.66,Bank Transfer,1,1,5.0,56.8,No
8725,44,Consumer,Standard,Monthly,49,67.36,Credit Card,4,1,3.0,14.0,No
8726,57,Consumer,Basic,Two-Year,15,59.64,Direct Debit,1,2,3.0,75.0,No
8727,45,Small Business,Standard,Annual,33,93.34,Credit Card,2,0,4.0,72.9,No
8728,63,Consumer,Premium,Monthly,57,126.04,Digital Wallet,2,0,3.0,73.5,No
8729,38,Consumer,Basic,Monthly,15,51.56,Digital Wallet,5,2,4.0,57.5,No
8730,29,Small Business,Basic,Two-Year,32,50.06,Credit Card,1,0,4.0,60.2,No
8731,46,Enterprise,Standard,Monthly,4,77.46,Bank Transfer,3,1,3.0,58.1,No
8732,52,Small Business,Standard,Annual,46,81.52,Digital Wallet,0,0,5.0,41.3,No
8733,30,Consumer,Standard,Monthly,22,67.78,Digital Wallet,1,0,4.0,22.9,No
8734,29,Consumer,Standard,Monthly,57,73.64,Direct Debit,2,0,2.0,65.9,No
8735,18,Consumer,Basic,Two-Year,18,42.63,Credit Card,2,0,4.0,71.7,No
8736,53,Small Business,Premium,Annual,59,107.18,Digital Wallet,2,2,5.0,53.0,No
8737,48,Small Business,Standard,Two-Year,55,88.58,Digital Wallet,4,2,4.0,44.5,No
8738,26,Small Business,Basic,Two-Year,28,46.46,Direct Debit,4,0,5.0,39.3,No
8739,31,Small Business,Premium,Monthly,65,100.97,Direct Debit,1,1,2.0,57.1,No
8740,43,Consumer,Standard,Annual,32,62.96,Digital Wallet,2,2,3.0,35.2,No
8741,44,Consumer,Standard,Monthly,11,74.7,Digital Wallet,2,0,3.0,26.1,No
8742,60,Consumer,Standard,Annual,44,91.36,Direct Debit,3,2,2.0,44.9,No
8743,46,Consumer,Premium,Two-Year,7,129.29,Bank Transfer,2,1,3.0,79.1,No
8744,44,Enterprise,Basic,Annual,23,44.17,Credit Card,1,2,4.0,75.8,No
8745,24,Small Business,Premium,Monthly,41,115.08,Direct Debit,1,1,3.0,77.1,No
8746,34,Small Business,Premium,Two-Year,14,119.82,Digital Wallet,3,0,4.0,61.4,No
8747,57,Consumer,Premium,Monthly,9,108.37,Credit Card,3,2,2.0,95.8,No
8748,28,Small Business,Standard,Annual,31,55.15,Bank Transfer,0,0,3.0,83.8,No
8749,50,Small Business,Premium,Monthly,14,129.33,Bank Transfer,2,0,4.0,75.9,No
8750,39,Consumer,Standard,Two-Year,28,76.76,Bank Transfer,1,0,5.0,43.0,No
8751,39,Enterprise,Standard,Monthly,81,80.31,Digital Wallet,3,3,2.0,41.8,No
8752,27,Small Business,Basic,Monthly,23,42.42,Credit Card,2,1,3.0,83.2,No
8753,37,Consumer,Basic,Monthly,46,43.96,Credit Card,3,1,2.0,67.5,No
8754,40,Consumer,Premium,Monthly,8,111.09,Digital Wallet,3,3,2.0,54.2,Yes
8755,21,Consumer,Basic,Annual,44,41.58,Credit Card,1,1,3.0,36.5,No
8756,18,Consumer,Standard,Annual,15,66.29,Credit Card,3,2,2.0,69.7,No
8757,38,Consumer,Premium,Monthly,14,140.14,Bank Transfer,6,1,2.0,57.0,No
8758,30,Consumer,Basic,Monthly,15,44.83,Credit Card,1,2,3.0,40.5,Yes
8759,38,Consumer,Standard,Monthly,13,87.55,Credit Card,3,3,3.0,58.0,No
8760,30,Consumer,Standard,Annual,42,97.87,Digital Wallet,1,0,3.0,61.8,No
8761,40,Enterprise,Standard,Annual,26,59.1,Credit Card,2,3,1.0,49.8,No
8762,32,Consumer,Standard,Monthly,31,59.79,Direct Debit,4,2,3.0,51.5,No
8763,20,Small Business,Basic,Monthly,26,52.05,Direct Debit,2,2,3.0,36.4,No
8764,45,Consumer,Premium,Annual,24,112.4,Bank Transfer,2,1,3.0,62.3,No
8765,24,Consumer,Basic,Monthly,14,47.67,Direct Debit,2,3,4.0,50.4,No
8766,54,Small Business,Standard,Monthly,13,83.02,Direct Debit,1,1,5.0,45.3,No
8767,40,Small Business,Premium,Monthly,38,145.49,Credit Card,2,2,4.0,45.9,No
8768,61,Consumer,Premium,Annual,14,104.39,Digital Wallet,1,0,5.0,52.7,No
8769,64,Small Business,Premium,Monthly,32,111.63,Digital Wallet,1,2,3.0,100.0,No
8770,18,Consumer,Basic,Monthly,21,43.72,Digital Wallet,3,0,3.0,43.5,No
8771,24,Small Business,Premium,Monthly,11,109.0,Bank Transfer,1,0,3.0,54.6,No
8772,37,Small Business,Standard,Monthly,79,70.08,Credit Card,2,1,3.0,74.3,No
8773,47,Small Business,Premium,Two-Year,16,132.22,Bank Transfer,0,1,5.0,66.3,No
8774,60,Consumer,Standard,Monthly,14,85.6,Digital Wallet,3,3,4.0,60.2,No
8775,59,Consumer,Premium,Monthly,38,140.63,Credit Card,1,0,4.0,76.4,No
8776,36,Enterprise,Basic,Monthly,53,49.87,Digital Wallet,0,0,3.0,42.5,No
8777,36,Small Business,Premium,Two-Year,46,154.69,Bank Transfer,1,2,3.0,59.3,No
8778,34,Enterprise,Basic,Monthly,5,47.24,Digital Wallet,3,0,5.0,59.5,No
8779,29,Enterprise,Standard,Annual,16,93.08,Direct Debit,0,0,3.0,84.1,No
8780,20,Consumer,Standard,Two-Year,24,62.84,Credit Card,0,3,5.0,50.4,No
8781,35,Consumer,Basic,Annual,68,56.77,Digital Wallet,2,1,3.0,55.3,No
8782,45,Consumer,Standard,Monthly,28,75.33,Direct Debit,2,1,3.0,78.8,No
8783,58,Consumer,Standard,Monthly,13,84.13,Bank Transfer,5,1,3.0,48.9,No
8784,35,Consumer,Standard,Monthly,15,54.11,Credit Card,2,0,3.0,42.3,No
8785,38,Enterprise,Premium,Annual,32,134.8,Bank Transfer,3,0,2.0,86.0,No
8786,56,Consumer,Standard,Monthly,39,85.07,Digital Wallet,2,0,3.0,74.8,No
8787,47,Consumer,Basic,Monthly,24,31.34,Direct Debit,4,1,2.0,66.7,No
8788,41,Consumer,Standard,Annual,26,96.9,Credit Card,2,0,3.0,71.2,No
8789,27,Consumer,Premium,Annual,38,129.8,Bank Transfer,3,2,3.0,59.5,No
8790,47,Consumer,Standard,Annual,13,70.83,Credit Card,3,2,5.0,49.5,No
8791,46,Small Business,Standard,Annual,39,68.37,Direct Debit,1,1,4.0,59.0,No
8792,40,Small Business,Standard,Monthly,8,71.93,Bank Transfer,2,0,4.0,64.4,No
8793,41,Consumer,Basic,Monthly,30,51.59,Digital Wallet,3,2,3.0,51.2,Yes
8794,22,Consumer,Standard,Two-Year,22,72.27,Credit Card,1,1,4.0,72.6,No
8795,32,Consumer,Standard,Annual,58,97.33,Digital Wallet,1,0,3.0,78.4,No
8796,73,Small Business,Basic,Two-Year,23,54.6,Direct Debit,1,2,3.0,93.1,No
8797,48,Consumer,Premium,Two-Year,22,114.25,Digital Wallet,1,2,4.0,77.5,No
8798,46,Consumer,Premium,Monthly,26,118.16,Digital Wallet,2,0,4.0,83.5,No
8799,55,Small Business,Standard,Two-Year,15,74.6,Direct Debit,1,1,3.0,67.7,No
8800,40,Enterprise,Standard,Monthly,21,78.2,Bank Transfer,2,2,5.0,55.2,Yes
8801,50,Consumer,Standard,Annual,26,74.85,Bank Transfer,1,3,4.0,53.2,No
8802,52,Consumer,Basic,Monthly,11,57.96,Bank Transfer,2,2,5.0,41.9,No
8803,68,Consumer,Standard,Annual,66,64.21,Digital Wallet,1,1,4.0,44.6,No
8804,37,Enterprise,Standard,Monthly,26,60.3,Direct Debit,1,4,5.0,52.1,No
8805,54,Consumer,Basic,Monthly,16,61.61,Credit Card,1,2,3.0,41.0,No
8806,39,Consumer,Standard,Monthly,35,71.13,Direct Debit,3,0,1.0,66.3,No
8807,30,Small Business,Premium,Monthly,7,110.49,Credit Card,2,2,4.0,64.9,No
8808,47,Small Business,Basic,Monthly,46,35.31,Bank Transfer,4,2,3.0,60.6,Yes
8809,68,Consumer,Standard,Two-Year,22,85.47,Credit Card,3,1,4.0,70.4,No
8810,33,Small Business,Standard,Two-Year,12,74.92,Bank Transfer,3,1,4.0,68.3,No
8811,42,Consumer,Standard,Monthly,29,94.58,Digital Wallet,2,2,3.0,57.6,No
8812,50,Enterprise,Premium,Monthly,42,143.98,Direct Debit,1,0,3.0,84.0,No
8813,46,Small Business,Standard,Monthly,24,87.92,Direct Debit,1,2,4.0,60.9,No
8814,58,Consumer,Standard,Two-Year,2,62.12,Credit Card,1,0,4.0,74.1,No
8815,34,Consumer,Standard,Monthly,4,77.27,Digital Wallet,1,0,5.0,28.8,Yes
8816,29,Consumer,Standard,Monthly,22,60.87,Digital Wallet,0,0,4.0,80.2,No
8817,55,Consumer,Basic,Monthly,40,62.57,Bank Transfer,5,0,1.0,53.4,No
8818,44,Enterprise,Basic,Monthly,52,43.87,Credit Card,3,2,3.0,44.7,No
8819,33,Consumer,Basic,Monthly,83,37.77,Direct Debit,7,1,2.0,42.4,No
8820,69,Small Business,Basic,Annual,29,25.35,Credit Card,4,1,2.0,71.9,No
8821,42,Small Business,Standard,Two-Year,24,70.93,Digital Wallet,1,0,3.0,69.1,No
8822,53,Consumer,Standard,Two-Year,13,74.11,Direct Debit,2,0,5.0,56.4,Yes
8823,42,Consumer,Premium,Two-Year,37,116.51,Digital Wallet,2,1,3.0,74.4,No
8824,38,Consumer,Premium,Monthly,17,111.11,Credit Card,2,1,3.0,57.1,No
8825,28,Small Business,Premium,Two-Year,26,95.35,Bank Transfer,2,1,4.0,74.5,No
8826,51,Consumer,Basic,Annual,37,43.58,Direct Debit,4,1,4.0,58.4,No
8827,41,Consumer,Basic,Two-Year,16,57.28,Direct Debit,1,0,4.0,88.6,No
8828,39,Consumer,Premium,Monthly,31,75.3,Credit Card,3,3,4.0,82.4,No
8829,44,Enterprise,Basic,Monthly,96,43.09,Digital Wallet,3,1,3.0,59.3,No
8830,44,Consumer,Premium,Monthly,30,125.89,Bank Transfer,3,3,3.0,64.2,No
8831,41,Small Business,Standard,Monthly,28,62.74,Bank Transfer,2,1,4.0,52.4,No
8832,41,Small Business,Basic,Monthly,18,38.66,Direct Debit,3,0,4.0,74.7,No
8833,42,Small Business,Standard,Annual,72,73.55,Direct Debit,3,2,2.0,53.3,No
8834,52,Enterprise,Basic,Two-Year,18,33.28,Bank Transfer,2,1,3.0,87.6,No
8835,45,Small Business,Premium,Monthly,49,110.43,Bank Transfer,3,3,1.0,77.7,No
8836,20,Consumer,Basic,Two-Year,18,37.81,Direct Debit,0,0,4.0,92.5,No
8837,40,Enterprise,Standard,Monthly,17,58.63,Bank Transfer,1,1,5.0,65.3,No
8838,47,Small Business,Standard,Annual,36,38.11,Bank Transfer,2,1,4.0,69.9,No
8839,54,Consumer,Standard,Monthly,19,100.77,Digital Wallet,1,3,4.0,69.4,No
8840,42,Consumer,Standard,Monthly,28,84.45,Credit Card,0,0,3.0,67.1,No
8841,60,Enterprise,Basic,Monthly,28,48.19,Direct Debit,2,3,3.0,55.4,Yes
8842,23,Consumer,Basic,Annual,22,44.51,Digital Wallet,1,0,4.0,61.3,No
8843,35,Enterprise,Basic,Annual,33,34.34,Credit Card,2,0,3.0,45.3,No
8844,48,Consumer,Standard,Two-Year,20,76.09,Digital Wallet,2,2,4.0,73.4,No
8845,19,Consumer,Basic,Annual,23,29.3,Bank Transfer,2,2,3.0,54.7,No
8846,33,Consumer,Premium,Two-Year,23,82.35,Credit Card,0,1,5.0,80.2,No
8847,39,Consumer,Standard,Monthly,31,76.65,Digital Wallet,3,1,3.0,45.7,No
8848,40,Consumer,Standard,Monthly,20,61.23,Credit Card,3,1,2.0,61.3,No
8849,55,Small Business,Standard,Annual,12,61.56,Direct Debit,0,1,5.0,44.4,No
8850,50,Consumer,Premium,Annual,23,120.11,Direct Debit,4,2,3.0,49.1,No
8851,38,Consumer,Basic,Two-Year,23,38.99,Direct Debit,4,3,2.0,56.3,No
8852,20,Consumer,Basic,Monthly,18,50.68,Digital Wallet,0,1,4.0,85.9,No
8853,34,Consumer,Basic,Monthly,12,47.81,Bank Transfer,6,2,2.0,45.8,No
8854,47,Enterprise,Standard,Annual,56,63.32,Direct Debit,1,1,3.0,70.8,No
8855,44,Small Business,Standard,Monthly,38,97.75,Direct Debit,3,2,2.0,68.7,No
8856,42,Small Business,Standard,Annual,13,75.96,Digital Wallet,1,1,3.0,62.5,No
8857,54,Small Business,Standard,Monthly,21,67.88,Credit Card,5,0,3.0,63.6,Yes
8858,54,Consumer,Standard,Two-Year,3,67.16,Credit Card,2,5,3.0,37.8,No
8859,49,Consumer,Premium,Monthly,25,111.5,Digital Wallet,1,0,5.0,73.2,No
8860,65,Consumer,Premium,Monthly,17,99.55,Bank Transfer,4,3,3.0,42.5,No
8861,24,Consumer,Premium,Monthly,15,126.15,Direct Debit,3,0,3.0,59.1,No
8862,37,Consumer,Standard,Two-Year,31,75.17,Bank Transfer,1,1,4.0,48.7,No
8863,24,Small Business,Basic,Annual,12,44.17,Digital Wallet,0,0,5.0,55.3,No
8864,54,Consumer,Standard,Annual,29,114.09,Bank Transfer,0,0,3.0,50.1,No
8865,42,Consumer,Standard,Annual,22,70.87,Credit Card,2,2,4.0,80.7,No
8866,36,Consumer,Premium,Monthly,13,122.18,Digital Wallet,4,0,2.0,36.2,No
8867,42,Consumer,Premium,Monthly,25,136.19,Direct Debit,3,1,4.0,61.7,No
8868,24,Small Business,Standard,Annual,26,100.28,Digital Wallet,0,0,5.0,84.1,No
8869,65,Consumer,Basic,Two-Year,10,35.15,Bank Transfer,0,0,5.0,82.3,No
8870,56,Consumer,Basic,Monthly,22,46.85,Digital Wallet,3,2,5.0,45.8,No
8871,18,Small Business,Standard,Monthly,24,68.59,Direct Debit,3,2,3.0,60.6,No
8872,51,Consumer,Standard,Two-Year,70,89.5,Digital Wallet,0,0,4.0,50.3,No
8873,41,Consumer,Standard,Monthly,26,86.18,Credit Card,2,1,2.0,34.0,No
8874,44,Small Business,Basic,Monthly,18,39.13,Bank Transfer,2,1,2.0,56.4,No
8875,54,Consumer,Basic,Monthly,12,44.1,Credit Card,3,1,4.0,69.9,No
8876,36,Consumer,Standard,Annual,7,77.07,Digital Wallet,0,1,3.0,66.2,No
8877,59,Consumer,Basic,Annual,77,43.85,Bank Transfer,1,1,3.0,64.6,No
8878,31,Small Business,Basic,Monthly,17,41.47,Digital Wallet,1,0,2.0,60.9,No
8879,35,Small Business,Standard,Monthly,16,69.1,Digital Wallet,4,5,3.0,36.6,Yes
8880,52,Consumer,Basic,Annual,27,41.74,Credit Card,3,1,4.0,64.7,No
8881,52,Small Business,Standard,Monthly,48,81.61,Digital Wallet,1,2,4.0,67.7,No
8882,21,Enterprise,Basic,Annual,46,38.64,Digital Wallet,1,0,5.0,75.4,No
8883,47,Consumer,Premium,Annual,14,99.8,Direct Debit,3,3,4.0,69.7,No
8884,52,Small Business,Premium,Monthly,4,118.99,Bank Transfer,3,0,3.0,89.6,No
8885,44,Small Business,Premium,Monthly,24,107.24,Direct Debit,1,0,2.0,67.0,No
8886,28,Small Business,Basic,Two-Year,7,46.28,Bank Transfer,0,0,5.0,58.9,No
8887,48,Small Business,Standard,Annual,7,90.89,Credit Card,2,0,4.0,48.6,No
8888,18,Small Business,Basic,Two-Year,24,44.71,Bank Transfer,1,0,2.0,60.6,No
8889,39,Consumer,Standard,Annual,9,82.1,Direct Debit,2,0,2.0,60.4,No
8890,37,Consumer,Basic,Monthly,19,42.32,Credit Card,3,2,2.0,41.6,No
8891,29,Consumer,Standard,Monthly,47,75.39,Credit Card,4,2,3.0,48.7,No
8892,43,Consumer,Standard,Monthly,31,72.03,Digital Wallet,2,1,2.0,61.5,No
8893,39,Consumer,Standard,Annual,64,54.82,Bank Transfer,0,0,3.0,86.3,No
8894,56,Consumer,Standard,Monthly,15,84.47,Credit Card,1,0,3.0,54.0,No
8895,22,Consumer,Standard,Annual,11,67.62,Direct Debit,1,0,4.0,41.0,No
8896,48,Small Business,Standard,Annual,34,53.51,Digital Wallet,0,0,4.0,85.8,No
8897,38,Small Business,Standard,Monthly,15,57.87,Direct Debit,2,1,3.0,81.3,No
8898,66,Consumer,Standard,Monthly,14,51.87,Credit Card,1,1,4.0,41.5,No
8899,18,Small Business,Basic,Monthly,14,44.88,Digital Wallet,1,1,3.0,65.6,Yes
8900,32,Consumer,Basic,Monthly,33,39.98,Digital Wallet,3,1,2.0,55.9,No
8901,37,Enterprise,Premium,Two-Year,12,117.54,Bank Transfer,0,0,3.0,62.3,No
8902,24,Small Business,Standard,Two-Year,13,74.68,Credit Card,5,0,2.0,66.6,No
8903,39,Consumer,Standard,Two-Year,66,60.35,Bank Transfer,1,0,4.0,56.5,Yes
8904,53,Small Business,Premium,Monthly,31,91.2,Direct Debit,1,0,2.0,93.7,No
8905,44,Consumer,Premium,Annual,49,114.75,Digital Wallet,2,0,4.0,65.4,No
8906,50,Small Business,Standard,Two-Year,42,82.21,Credit Card,6,3,2.0,55.4,No
8907,38,Consumer,Basic,Annual,8,45.55,Direct Debit,3,0,4.0,37.4,No
8908,38,Small Business,Basic,Annual,44,45.42,Direct Debit,4,1,4.0,38.7,No
8909,18,Consumer,Standard,Monthly,16,60.19,Direct Debit,3,4,2.0,50.9,No
8910,34,Small Business,Standard,Monthly,36,82.42,Bank Transfer,2,1,3.0,40.2,No
8911,48,Consumer,Standard,Monthly,48,88.1,Credit Card,2,3,4.0,56.5,No
8912,41,Enterprise,Premium,Two-Year,12,72.47,Digital Wallet,3,2,4.0,67.8,No
8913,65,Consumer,Standard,Two-Year,7,75.28,Direct Debit,1,1,2.0,83.4,No
8914,44,Consumer,Standard,Monthly,28,59.47,Direct Debit,2,1,3.0,56.2,No
8915,65,Small Business,Standard,Two-Year,36,82.63,Direct Debit,2,0,4.0,59.6,No
8916,39,Consumer,Basic,Monthly,32,50.98,Bank Transfer,4,2,3.0,66.5,No
8917,42,Consumer,Standard,Two-Year,20,53.16,Digital Wallet,1,0,2.0,50.5,No
8918,42,Consumer,Standard,Annual,19,85.13,Bank Transfer,3,4,4.0,54.6,No
8919,42,Consumer,Standard,Monthly,34,64.43,Credit Card,0,1,5.0,81.2,Yes
8920,41,Enterprise,Basic,Annual,32,55.79,Credit Card,0,0,3.0,74.1,No
8921,42,Consumer,Basic,Annual,5,32.18,Bank Transfer,1,0,4.0,56.4,No
8922,42,Consumer,Basic,Monthly,12,66.6,Bank Transfer,1,0,3.0,68.6,Yes
8923,62,Small Business,Standard,Monthly,28,86.36,Direct Debit,1,0,4.0,46.3,No
8924,22,Small Business,Standard,Monthly,28,77.34,Digital Wallet,4,1,5.0,39.8,Yes
8925,23,Small Business,Basic,Monthly,46,30.29,Digital Wallet,3,3,2.0,49.7,No
8926,54,Consumer,Premium,Two-Year,15,135.05,Credit Card,3,0,3.0,61.9,No
8927,52,Small Business,Basic,Annual,9,33.59,Credit Card,0,0,2.0,71.7,No
8928,31,Small Business,Standard,Monthly,6,70.2,Credit Card,8,5,1.0,42.1,Yes
8929,40,Consumer,Standard,Annual,22,80.25,Credit Card,1,2,3.0,80.3,No
8930,33,Small Business,Standard,Monthly,24,82.89,Credit Card,3,1,5.0,65.3,No
8931,24,Enterprise,Basic,Monthly,41,47.6,Bank Transfer,0,1,4.0,75.0,No
8932,46,Small Business,Standard,Annual,19,70.05,Bank Transfer,2,1,3.0,60.7,No
8933,39,Consumer,Basic,Monthly,65,45.94,Credit Card,4,1,1.0,61.9,No
8934,47,Consumer,Basic,Annual,40,52.83,Digital Wallet,1,1,3.0,62.8,No
8935,43,Small Business,Premium,Annual,16,101.9,Digital Wallet,4,2,4.0,78.1,Yes
8936,80,Small Business,Standard,Monthly,37,87.07,Digital Wallet,1,2,3.0,44.1,No
8937,56,Consumer,Premium,Monthly,27,72.28,Credit Card,2,3,1.0,66.3,No
8938,54,Consumer,Basic,Annual,15,59.29,Bank Transfer,2,0,3.0,70.3,No
8939,66,Consumer,Basic,Two-Year,25,34.47,Credit Card,2,1,4.0,57.1,No
8940,42,Consumer,Basic,Two-Year,20,52.93,Bank Transfer,2,2,2.0,88.6,No
8941,63,Small Business,Basic,Monthly,10,51.15,Credit Card,3,0,1.0,43.8,Yes
8942,46,Consumer,Basic,Monthly,34,54.37,Digital Wallet,4,2,2.0,35.8,No
8943,44,Consumer,Basic,Monthly,4,40.81,Direct Debit,3,1,3.0,53.6,No
8944,57,Small Business,Premium,Annual,30,118.73,Digital Wallet,1,1,4.0,63.2,No
8945,36,Consumer,Basic,Annual,17,40.95,Credit Card,1,1,3.0,72.0,No
8946,47,Enterprise,Standard,Two-Year,83,75.67,Direct Debit,2,0,5.0,47.8,No
8947,29,Small Business,Standard,Two-Year,30,61.03,Credit Card,0,2,5.0,55.2,No
8948,67,Enterprise,Basic,Monthly,4,49.91,Credit Card,1,0,3.0,63.4,No
8949,59,Consumer,Basic,Annual,96,49.74,Credit Card,1,2,4.0,58.3,No
8950,28,Consumer,Standard,Monthly,16,80.64,Bank Transfer,3,2,3.0,75.2,No
8951,24,Consumer,Basic,Monthly,5,33.92,Digital Wallet,3,3,3.0,53.7,No
8952,62,Enterprise,Premium,Monthly,9,95.55,Bank Transfer,4,2,3.0,52.5,No
8953,18,Consumer,Basic,Annual,96,42.34,Digital Wallet,4,1,3.0,73.6,No
8954,69,Consumer,Standard,Annual,8,95.29,Bank Transfer,4,0,3.0,50.3,No
8955,43,Small Business,Standard,Two-Year,18,70.25,Direct Debit,2,0,5.0,59.4,No
8956,43,Consumer,Standard,Monthly,40,51.61,Credit Card,2,3,3.0,39.6,Yes
8957,38,Consumer,Standard,Annual,5,94.04,Digital Wallet,1,1,3.0,50.4,No
8958,41,Consumer,Standard,Annual,10,85.82,Credit Card,1,0,3.0,80.6,No
8959,54,Small Business,Standard,Monthly,15,96.46,Bank Transfer,6,2,2.0,48.9,No
8960,34,Consumer,Standard,Monthly,21,76.23,Direct Debit,4,0,1.0,62.3,No
8961,46,Consumer,Premium,Annual,95,124.18,Direct Debit,1,1,3.0,50.1,No
8962,56,Consumer,Premium,Monthly,9,92.34,Bank Transfer,3,1,2.0,65.6,Yes
8963,31,Consumer,Standard,Monthly,33,78.48,Direct Debit,2,2,3.0,68.2,Yes
8964,49,Enterprise,Standard,Monthly,51,67.27,Credit Card,2,0,3.0,37.9,No
8965,36,Consumer,Standard,Annual,12,74.29,Direct Debit,2,1,5.0,52.4,No
8966,62,Enterprise,Standard,Annual,44,54.86,Digital Wallet,3,2,4.0,53.5,No
8967,29,Consumer,Standard,Two-Year,21,100.42,Credit Card,1,1,3.0,74.4,No
8968,59,Enterprise,Standard,Monthly,8,75.86,Bank Transfer,2,4,4.0,34.3,No
8969,37,Small Business,Standard,Monthly,10,85.74,Direct Debit,6,1,3.0,73.1,No
8970,51,Consumer,Basic,Monthly,59,42.51,Credit Card,7,1,2.0,74.4,No
8971,22,Consumer,Basic,Annual,33,26.98,Bank Transfer,3,1,3.0,54.8,No
8972,26,Enterprise,Standard,Annual,26,77.25,Credit Card,0,0,4.0,62.3,No
8973,31,Consumer,Standard,Annual,6,54.32,Bank Transfer,0,0,3.0,43.6,No
8974,22,Small Business,Basic,Annual,35,54.04,Bank Transfer,3,1,4.0,48.0,No
8975,18,Consumer,Standard,Monthly,10,63.28,Digital Wallet,6,1,1.0,32.2,No
8976,55,Consumer,Standard,Two-Year,26,81.34,Bank Transfer,0,0,4.0,69.8,No
8977,52,Consumer,Standard,Monthly,58,74.82,Credit Card,3,2,5.0,45.1,No
8978,18,Consumer,Premium,Monthly,16,105.58,Bank Transfer,2,1,3.0,86.9,No
8979,24,Consumer,Basic,Monthly,32,53.04,Direct Debit,3,0,4.0,35.3,No
8980,68,Consumer,Standard,Monthly,19,59.37,Credit Card,2,3,4.0,71.4,No
8981,31,Consumer,Basic,Two-Year,85,47.25,Credit Card,1,0,4.0,58.6,Yes
8982,45,Consumer,Standard,Annual,39,81.57,Bank Transfer,1,2,4.0,96.7,No
8983,37,Consumer,Basic,Monthly,20,35.28,Credit Card,0,0,3.0,73.1,No
8984,26,Small Business,Basic,Monthly,20,46.42,Digital Wallet,2,1,3.0,54.4,Yes
8985,39,Enterprise,Basic,Monthly,21,35.57,Credit Card,1,1,3.0,81.5,No
8986,56,Small Business,Standard,Monthly,2,70.5,Credit Card,2,2,4.0,63.1,No
8987,36,Consumer,Standard,Annual,11,81.47,Credit Card,0,0,5.0,64.6,No
8988,37,Consumer,Standard,Monthly,40,81.03,Direct Debit,1,1,5.0,72.2,No
8989,64,Enterprise,Standard,Monthly,13,69.12,Bank Transfer,3,3,4.0,51.2,No
8990,35,Small Business,Basic,Annual,16,27.03,Digital Wallet,2,0,5.0,49.5,No
8991,43,Consumer,Basic,Two-Year,34,30.9,Bank Transfer,1,2,4.0,66.9,No
8992,42,Consumer,Basic,Annual,14,51.75,Credit Card,3,0,3.0,39.0,No
8993,42,Consumer,Standard,Annual,6,84.56,Digital Wallet,0,0,4.0,59.7,No
8994,34,Consumer,Premium,Two-Year,66,134.9,Credit Card,2,1,4.0,57.5,No
8995,76,Small Business,Basic,Monthly,27,36.15,Credit Card,1,1,3.0,56.7,No
8996,52,Consumer,Basic,Monthly,29,52.34,Bank Transfer,3,1,2.0,56.8,No
8997,67,Consumer,Basic,Two-Year,49,41.09,Direct Debit,5,1,2.0,54.2,No
8998,26,Consumer,Standard,Annual,33,95.75,Credit Card,1,0,4.0,61.4,No
8999,46,Small Business,Standard,Monthly,7,64.04,Digital Wallet,0,1,4.0,81.8,No
9000,55,Consumer,Standard,Annual,57,75.02,Bank Transfer,1,0,3.0,68.7,No
9001,32,Small Business,Basic,Monthly,15,47.74,Bank Transfer,1,1,3.0,61.6,No
9002,44,Enterprise,Basic,Annual,42,44.77,Digital Wallet,0,0,2.0,64.5,No
9003,46,Small Business,Basic,Annual,5,71.23,Digital Wallet,3,1,3.0,55.6,No
9004,53,Small Business,Basic,Two-Year,8,51.11,Direct Debit,0,0,5.0,58.4,No
9005,47,Consumer,Premium,Annual,23,109.75,Credit Card,3,0,4.0,35.3,No
9006,58,Consumer,Standard,Annual,63,70.4,Credit Card,2,2,2.0,67.6,No
9007,52,Consumer,Premium,Two-Year,10,141.88,Digital Wallet,2,1,4.0,71.0,No
9008,18,Small Business,Standard,Monthly,19,55.84,Direct Debit,1,2,3.0,22.5,No
9009,62,Consumer,Standard,Monthly,12,85.51,Bank Transfer,3,0,4.0,57.8,Yes
9010,32,Small Business,Standard,Two-Year,81,83.33,Credit Card,0,0,3.0,43.9,No
9011,44,Enterprise,Standard,Monthly,15,77.92,Direct Debit,1,0,3.0,56.8,No
9012,40,Consumer,Standard,Annual,28,88.89,Credit Card,4,1,3.0,51.5,No
9013,41,Small Business,Premium,Annual,30,84.25,Credit Card,4,4,5.0,65.6,No
9014,42,Enterprise,Basic,Two-Year,44,48.72,Bank Transfer,1,1,4.0,58.6,No
9015,40,Consumer,Standard,Monthly,38,76.46,Bank Transfer,1,0,3.0,46.9,No
9016,53,Consumer,Basic,Monthly,27,50.42,Direct Debit,2,0,4.0,58.9,No
9017,29,Small Business,Basic,Monthly,16,46.66,Direct Debit,1,0,4.0,74.2,No
9018,33,Consumer,Standard,Monthly,30,81.17,Credit Card,3,1,4.0,46.3,No
9019,48,Small Business,Standard,Monthly,46,76.49,Direct Debit,3,0,4.0,51.7,No
9020,25,Consumer,Basic,Monthly,16,42.66,Direct Debit,4,1,3.0,34.6,Yes
9021,70,Small Business,Basic,Monthly,21,48.57,Direct Debit,5,3,2.0,52.9,No
9022,38,Consumer,Basic,Two-Year,70,58.43,Credit Card,4,2,3.0,62.8,No
9023,61,Consumer,Standard,Annual,46,79.17,Digital Wallet,3,1,3.0,73.6,No
9024,40,Enterprise,Premium,Two-Year,21,97.61,Bank Transfer,2,0,1.0,71.8,No
9025,30,Enterprise,Basic,Monthly,9,35.92,Digital Wallet,1,0,5.0,53.7,No
9026,44,Enterprise,Premium,Monthly,31,137.55,Bank Transfer,2,1,3.0,59.3,No
9027,49,Consumer,Premium,Two-Year,82,106.57,Credit Card,1,1,4.0,93.3,No
9028,37,Consumer,Standard,Annual,28,89.12,Bank Transfer,2,1,3.0,38.5,No
9029,18,Consumer,Standard,Annual,31,81.05,Digital Wallet,4,2,2.0,41.5,No
9030,40,Consumer,Basic,Monthly,29,40.56,Credit Card,1,0,2.0,77.1,Yes
9031,40,Consumer,Standard,Annual,39,74.45,Direct Debit,3,2,3.0,52.3,No
9032,27,Consumer,Standard,Monthly,28,66.9,Credit Card,3,0,3.0,30.3,No
9033,61,Consumer,Basic,Monthly,35,40.86,Direct Debit,3,2,2.0,48.9,No
9034,44,Consumer,Standard,Monthly,39,72.5,Digital Wallet,0,0,3.0,67.1,No
9035,56,Consumer,Basic,Two-Year,46,34.1,Bank Transfer,1,1,3.0,97.7,No
9036,52,Consumer,Standard,Monthly,37,106.66,Credit Card,4,2,3.0,42.4,No
9037,28,Consumer,Basic,Annual,12,43.16,Credit Card,4,1,1.0,39.8,No
9038,25,Consumer,Standard,Two-Year,14,82.81,Credit Card,0,1,4.0,58.8,No
9039,32,Consumer,Premium,Monthly,18,118.56,Digital Wallet,0,1,4.0,64.0,No
9040,49,Consumer,Standard,Annual,35,76.28,Credit Card,2,0,3.0,100.0,No
9041,51,Consumer,Standard,Annual,35,71.38,Digital Wallet,2,0,3.0,52.0,No
9042,64,Consumer,Standard,Monthly,29,73.48,Direct Debit,3,3,2.0,38.3,Yes
9043,46,Consumer,Premium,Monthly,30,114.06,Direct Debit,3,2,3.0,63.4,No
9044,47,Consumer,Standard,Annual,40,71.29,Direct Debit,0,1,3.0,63.5,No
9045,31,Small Business,Standard,Annual,22,80.62,Direct Debit,4,0,5.0,50.3,No
9046,19,Consumer,Standard,Monthly,6,81.15,Credit Card,0,1,3.0,67.7,No
9047,49,Enterprise,Basic,Monthly,10,40.81,Credit Card,3,4,4.0,35.1,No
9048,22,Enterprise,Basic,Two-Year,34,35.95,Credit Card,2,1,5.0,67.3,No
9049,53,Consumer,Standard,Monthly,11,92.59,Bank Transfer,2,0,2.0,46.9,No
9050,56,Enterprise,Standard,Two-Year,33,54.06,Digital Wallet,3,0,3.0,47.4,No
9051,48,Consumer,Standard,Monthly,16,76.2,Credit Card,3,0,1.0,61.1,No
9052,38,Small Business,Basic,Monthly,17,61.31,Digital Wallet,3,0,2.0,61.0,No
9053,37,Consumer,Basic,Annual,32,44.33,Digital Wallet,1,0,3.0,57.6,No
9054,39,Small Business,Basic,Two-Year,8,63.94,Bank Transfer,0,1,4.0,89.1,No
9055,65,Small Business,Standard,Annual,48,61.38,Credit Card,2,1,5.0,67.9,No
9056,51,Consumer,Standard,Annual,31,74.66,Credit Card,0,0,4.0,52.9,No
9057,51,Consumer,Premium,Monthly,46,104.93,Direct Debit,3,1,3.0,48.7,No
9058,42,Consumer,Standard,Monthly,6,74.77,Credit Card,0,1,4.0,72.4,Yes
9059,57,Consumer,Basic,Monthly,20,31.85,Credit Card,3,0,5.0,68.3,No
9060,23,Small Business,Basic,Monthly,15,44.7,Bank Transfer,2,0,4.0,68.0,No
9061,31,Consumer,Standard,Monthly,63,70.9,Credit Card,1,0,3.0,48.6,No
9062,41,Enterprise,Standard,Monthly,12,64.73,Direct Debit,1,0,5.0,58.8,No
9063,45,Consumer,Basic,Annual,23,27.16,Direct Debit,1,0,2.0,48.0,No
9064,48,Enterprise,Standard,Monthly,68,85.8,Digital Wallet,3,2,3.0,67.3,No
9065,30,Enterprise,Standard,Annual,16,79.13,Bank Transfer,1,2,3.0,79.2,No
9066,25,Small Business,Basic,Monthly,29,49.17,Bank Transfer,1,1,4.0,53.1,No
9067,26,Consumer,Basic,Two-Year,16,54.31,Credit Card,1,0,5.0,65.3,No
9068,43,Consumer,Standard,Monthly,40,61.68,Bank Transfer,3,0,3.0,49.9,No
9069,30,Consumer,Basic,Annual,14,42.9,Bank Transfer,2,0,4.0,76.3,No
9070,25,Consumer,Basic,Annual,41,48.61,Digital Wallet,1,1,4.0,58.7,No
9071,28,Consumer,Basic,Two-Year,17,54.74,Bank Transfer,3,2,4.0,34.6,No
9072,53,Consumer,Basic,Annual,22,33.18,Credit Card,1,1,2.0,35.3,No
9073,33,Enterprise,Standard,Monthly,47,85.23,Bank Transfer,4,2,3.0,45.9,No
9074,68,Enterprise,Premium,Two-Year,50,139.85,Digital Wallet,0,0,5.0,61.1,No
9075,65,Consumer,Basic,Monthly,9,49.0,Direct Debit,2,2,3.0,51.5,No
9076,39,Consumer,Basic,Annual,9,31.93,Direct Debit,0,1,3.0,86.7,No
9077,37,Consumer,Basic,Monthly,25,45.79,Bank Transfer,6,2,4.0,34.4,No
9078,51,Consumer,Premium,Monthly,30,99.43,Bank Transfer,0,0,3.0,52.1,No
9079,41,Consumer,Basic,Monthly,19,42.08,Bank Transfer,3,2,2.0,60.3,No
9080,44,Small Business,Standard,Monthly,30,85.51,Credit Card,3,1,2.0,63.2,Yes
9081,38,Consumer,Standard,Monthly,13,70.16,Digital Wallet,2,1,3.0,73.5,No
9082,24,Consumer,Basic,Two-Year,63,41.61,Digital Wallet,0,0,5.0,63.6,No
9083,50,Consumer,Standard,Monthly,35,75.64,Direct Debit,1,1,5.0,37.5,No
9084,49,Consumer,Premium,Annual,14,131.66,Direct Debit,2,2,1.0,40.1,No
9085,52,Small Business,Standard,Annual,12,76.57,Credit Card,2,1,4.0,56.6,No
9086,51,Enterprise,Premium,Monthly,16,143.4,Digital Wallet,2,0,2.0,49.7,No
9087,29,Consumer,Standard,Two-Year,24,63.59,Direct Debit,3,3,2.0,72.6,No
9088,51,Enterprise,Premium,Monthly,29,94.15,Digital Wallet,2,1,4.0,59.2,No
9089,40,Consumer,Basic,Two-Year,29,34.74,Digital Wallet,3,1,3.0,75.7,No
9090,52,Consumer,Standard,Monthly,55,71.0,Bank Transfer,4,2,4.0,46.7,No
9091,33,Consumer,Premium,Monthly,16,95.2,Bank Transfer,0,0,3.0,68.7,No
9092,62,Consumer,Basic,Annual,55,26.01,Credit Card,1,2,3.0,40.0,No
9093,65,Consumer,Standard,Annual,22,59.57,Direct Debit,0,0,4.0,71.2,No
9094,34,Consumer,Premium,Annual,11,153.34,Digital Wallet,3,3,1.0,76.1,No
9095,43,Consumer,Premium,Annual,14,120.73,Direct Debit,3,0,4.0,73.7,No
9096,45,Consumer,Standard,Monthly,23,68.3,Digital Wallet,3,0,1.0,49.7,No
9097,43,Consumer,Premium,Two-Year,23,114.86,Digital Wallet,3,0,5.0,59.6,No
9098,31,Small Business,Basic,Monthly,14,41.34,Credit Card,6,1,4.0,54.9,No
9099,19,Small Business,Standard,Annual,22,62.76,Credit Card,3,2,3.0,65.6,No
9100,45,Consumer,Basic,Annual,27,69.98,Bank Transfer,0,1,3.0,60.6,No
9101,34,Small Business,Standard,Annual,26,62.14,Credit Card,0,0,1.0,53.7,No
9102,46,Consumer,Standard,Two-Year,14,97.11,Credit Card,1,1,5.0,73.7,No
9103,40,Enterprise,Premium,Two-Year,20,101.4,Credit Card,2,4,3.0,77.9,No
9104,71,Consumer,Premium,Monthly,40,98.84,Bank Transfer,2,1,4.0,72.0,No
9105,40,Consumer,Standard,Monthly,2,80.51,Digital Wallet,1,1,3.0,65.9,No
9106,60,Consumer,Standard,Monthly,28,75.23,Bank Transfer,3,0,3.0,50.1,No
9107,30,Consumer,Basic,Two-Year,19,26.94,Credit Card,1,1,4.0,61.8,No
9108,54,Consumer,Standard,Two-Year,14,68.67,Digital Wallet,1,0,4.0,51.2,No
9109,44,Enterprise,Standard,Monthly,78,94.62,Credit Card,3,0,3.0,51.9,No
9110,40,Consumer,Basic,Two-Year,22,57.58,Bank Transfer,1,0,2.0,46.1,No
9111,36,Consumer,Basic,Two-Year,39,36.66,Bank Transfer,1,0,5.0,68.8,No
9112,51,Consumer,Premium,Monthly,40,113.83,Digital Wallet,6,4,1.0,48.5,No
9113,54,Enterprise,Premium,Monthly,12,112.43,Bank Transfer,1,0,3.0,65.0,No
9114,44,Consumer,Premium,Two-Year,56,145.69,Bank Transfer,2,1,2.0,82.3,No
9115,49,Consumer,Standard,Monthly,57,73.59,Digital Wallet,3,2,5.0,50.2,No
9116,54,Enterprise,Standard,Two-Year,41,77.14,Credit Card,2,2,4.0,66.0,No
9117,73,Consumer,Basic,Annual,42,36.57,Direct Debit,2,3,3.0,57.9,No
9118,68,Small Business,Basic,Two-Year,39,56.54,Credit Card,0,0,3.0,77.2,No
9119,34,Small Business,Premium,Monthly,18,133.37,Digital Wallet,2,1,3.0,68.2,No
9120,47,Small Business,Basic,Monthly,21,49.81,Bank Transfer,3,4,2.0,68.6,No
9121,49,Consumer,Basic,Monthly,61,54.58,Credit Card,1,0,3.0,27.9,No
9122,43,Small Business,Standard,Monthly,39,65.5,Direct Debit,3,4,4.0,50.6,No
9123,47,Small Business,Standard,Two-Year,47,80.88,Credit Card,1,0,3.0,73.7,No
9124,29,Consumer,Standard,Monthly,19,55.53,Bank Transfer,6,5,3.0,59.3,No
9125,18,Consumer,Premium,Monthly,15,138.13,Digital Wallet,3,0,3.0,57.7,No
9126,51,Small Business,Standard,Two-Year,29,73.18,Digital Wallet,5,2,3.0,71.3,No
9127,60,Small Business,Basic,Two-Year,12,50.4,Bank Transfer,3,2,2.0,62.0,No
9128,25,Consumer,Standard,Two-Year,6,93.76,Credit Card,2,1,4.0,79.9,No
9129,23,Consumer,Basic,Annual,36,50.7,Bank Transfer,2,1,3.0,46.8,No
9130,51,Small Business,Basic,Monthly,13,31.62,Digital Wallet,2,0,3.0,68.5,No
9131,34,Consumer,Basic,Monthly,22,44.22,Credit Card,4,1,4.0,45.0,No
9132,27,Small Business,Standard,Annual,32,76.22,Direct Debit,1,0,3.0,54.5,Yes
9133,44,Small Business,Standard,Monthly,52,82.27,Bank Transfer,1,0,3.0,32.3,No
9134,47,Small Business,Standard,Annual,62,104.38,Bank Transfer,0,0,3.0,55.6,No
9135,57,Small Business,Standard,Monthly,60,51.97,Direct Debit,3,1,3.0,53.5,No
9136,42,Enterprise,Standard,Monthly,29,72.25,Direct Debit,4,2,5.0,44.5,No
9137,39,Consumer,Basic,Annual,26,39.62,Unknown,1,1,4.0,76.0,No
9138,46,Consumer,Standard,Two-Year,19,60.8,Bank Transfer,2,0,4.0,59.8,No
9139,53,Small Business,Premium,Monthly,4,127.53,Digital Wallet,2,0,3.0,65.8,No
9140,38,Consumer,Basic,Monthly,20,42.14,Credit Card,4,2,3.0,48.1,Yes
9141,55,Consumer,Premium,Annual,43,104.64,Digital Wallet,1,1,5.0,100.0,No
9142,31,Consumer,Basic,Monthly,43,42.56,Digital Wallet,5,0,3.0,65.0,No
9143,18,Consumer,Basic,Monthly,3,39.94,Bank Transfer,6,0,2.0,63.3,No
9144,41,Consumer,Basic,Monthly,44,34.36,Credit Card,0,0,3.0,64.3,No
9145,37,Small Business,Standard,Monthly,24,87.61,Credit Card,5,1,2.0,42.1,No
9146,36,Consumer,Standard,Monthly,48,71.22,Direct Debit,1,1,2.0,59.6,No
9147,61,Small Business,Basic,Monthly,21,57.02,Credit Card,0,0,5.0,59.9,No
9148,53,Enterprise,Standard,Annual,41,73.15,Digital Wallet,0,0,4.0,62.4,No
9149,20,Consumer,Standard,Monthly,22,59.81,Digital Wallet,5,3,2.0,51.4,Yes
9150,36,Enterprise,Basic,Monthly,6,41.12,Digital Wallet,4,0,3.0,51.4,No
9151,47,Consumer,Standard,Monthly,6,87.6,Digital Wallet,3,1,2.0,51.1,No
9152,33,Enterprise,Standard,Monthly,35,75.34,Direct Debit,4,3,2.0,71.3,No
9153,18,Consumer,Standard,Annual,9,63.79,Bank Transfer,2,1,4.0,94.9,No
9154,41,Small Business,Standard,Monthly,44,64.95,Digital Wallet,3,2,4.0,63.4,No
9155,60,Enterprise,Premium,Two-Year,81,106.27,Digital Wallet,0,0,4.0,72.6,No
9156,54,Consumer,Basic,Annual,18,38.81,Bank Transfer,1,0,4.0,59.3,No
9157,35,Consumer,Basic,Monthly,39,40.77,Digital Wallet,4,1,4.0,48.1,No
9158,52,Consumer,Standard,Monthly,27,83.09,Digital Wallet,2,0,2.0,58.4,Yes
9159,54,Consumer,Basic,Monthly,23,39.11,Direct Debit,1,1,3.0,40.3,No
9160,54,Consumer,Basic,Annual,30,56.15,Direct Debit,2,1,2.0,72.7,No
9161,59,Consumer,Basic,Two-Year,20,43.61,Bank Transfer,3,2,3.0,50.5,No
9162,28,Consumer,Basic,Two-Year,42,46.7,Bank Transfer,4,1,3.0,74.8,Yes
9163,36,Consumer,Basic,Two-Year,24,40.65,Digital Wallet,2,2,4.0,85.3,No
9164,42,Consumer,Standard,Monthly,17,63.97,Digital Wallet,2,2,3.0,40.0,No
9165,30,Small Business,Basic,Two-Year,30,38.52,Digital Wallet,2,1,4.0,35.8,No
9166,32,Small Business,Basic,Monthly,16,41.03,Bank Transfer,3,5,3.0,40.9,No
9167,53,Consumer,Premium,Monthly,13,119.43,Digital Wallet,0,1,4.0,63.1,No
9168,64,Consumer,Standard,Annual,38,79.65,Digital Wallet,4,1,4.0,58.7,No
9169,34,Consumer,Standard,Annual,29,81.17,Credit Card,1,0,4.0,68.4,No
9170,40,Enterprise,Basic,Two-Year,46,58.02,Credit Card,1,3,3.0,40.4,No
9171,47,Small Business,Standard,Annual,64,81.3,Bank Transfer,1,2,4.0,56.0,No
9172,40,Consumer,Standard,Monthly,14,82.84,Digital Wallet,1,0,2.0,41.2,No
9173,46,Small Business,Basic,Monthly,37,40.35,Bank Transfer,3,1,3.0,66.5,No
9174,44,Consumer,Standard,Annual,23,61.58,Direct Debit,2,1,2.0,67.6,No
9175,39,Consumer,Basic,Annual,28,28.45,Direct Debit,1,2,3.0,90.4,No
9176,24,Small Business,Standard,Monthly,9,73.67,Bank Transfer,2,1,3.0,64.9,No
9177,49,Consumer,Standard,Annual,35,72.47,Direct Debit,3,1,4.0,39.8,No
9178,47,Consumer,Standard,Annual,35,86.3,Direct Debit,1,0,4.0,49.7,No
9179,62,Consumer,Standard,Two-Year,78,61.68,Bank Transfer,3,1,2.0,73.6,No
9180,47,Consumer,Basic,Monthly,42,50.08,Direct Debit,2,0,4.0,65.2,No
9181,54,Small Business,Premium,Monthly,26,106.9,Digital Wallet,3,0,3.0,57.1,No
9182,18,Consumer,Premium,Monthly,53,131.04,Direct Debit,0,1,4.0,60.6,No
9183,46,Small Business,Premium,Annual,34,115.55,Credit Card,1,0,4.0,73.2,No
9184,18,Enterprise,Premium,Two-Year,42,133.29,Digital Wallet,2,1,2.0,89.9,No
9185,46,Small Business,Premium,Monthly,49,110.97,Credit Card,3,0,2.0,45.7,No
9186,39,Consumer,Premium,Monthly,54,79.25,Bank Transfer,3,4,3.0,61.9,No
9187,47,Consumer,Standard,Monthly,3,74.09,Bank Transfer,5,1,4.0,41.7,No
9188,50,Small Business,Premium,Monthly,18,107.77,Direct Debit,3,0,3.0,49.3,No
9189,46,Enterprise,Standard,Monthly,31,73.16,Direct Debit,2,0,2.0,45.1,No
9190,29,Consumer,Standard,Monthly,26,69.07,Direct Debit,1,0,4.0,49.7,No
9191,40,Consumer,Basic,Monthly,19,58.41,Credit Card,2,2,2.0,84.9,No
9192,31,Small Business,Basic,Monthly,65,41.9,Credit Card,2,1,3.0,92.7,No
9193,50,Small Business,Premium,Monthly,7,108.28,Bank Transfer,1,1,3.0,73.3,No
9194,52,Consumer,Standard,Monthly,10,77.63,Credit Card,3,2,3.0,46.6,No
9195,50,Enterprise,Basic,Annual,10,53.69,Digital Wallet,0,1,4.0,61.4,No
9196,49,Enterprise,Standard,Annual,20,63.09,Digital Wallet,1,0,4.0,45.4,No
9197,43,Small Business,Basic,Monthly,35,49.18,Credit Card,0,1,3.0,67.1,No
9198,36,Consumer,Basic,Monthly,22,44.15,Bank Transfer,2,1,3.0,55.1,No
9199,33,Consumer,Standard,Monthly,33,77.05,Credit Card,3,1,3.0,39.1,No
9200,22,Consumer,Basic,Two-Year,15,47.67,Credit Card,0,0,,72.4,No
9201,35,Consumer,Basic,Two-Year,32,37.17,Direct Debit,5,3,3.0,18.1,No
9202,36,Consumer,Basic,Monthly,18,40.55,Direct Debit,4,1,2.0,49.5,No
9203,34,Small Business,Standard,Monthly,15,41.94,Direct Debit,3,1,2.0,76.3,No
9204,52,Consumer,Basic,Monthly,25,31.64,Digital Wallet,1,2,5.0,68.4,No
9205,47,Consumer,Standard,Monthly,43,75.55,Credit Card,1,1,3.0,57.7,No
9206,44,Small Business,Standard,Monthly,45,69.44,Direct Debit,2,3,2.0,65.9,No
9207,47,Small Business,Standard,Annual,17,83.83,Digital Wallet,0,0,4.0,93.1,No
9208,48,Consumer,Standard,Annual,28,44.54,Credit Card,0,0,3.0,57.4,No
9209,55,Consumer,Basic,Two-Year,62,35.13,Credit Card,0,0,4.0,65.0,No
9210,30,Enterprise,Standard,Monthly,96,82.31,Digital Wallet,4,2,2.0,42.3,No
9211,18,Enterprise,Standard,Two-Year,27,86.01,Digital Wallet,2,0,3.0,47.7,No
9212,52,Small Business,Basic,Annual,35,49.07,Credit Card,3,2,3.0,52.7,No
9213,33,Small Business,Basic,Monthly,51,48.62,Digital Wallet,4,2,3.0,35.6,No
9214,41,Small Business,Standard,Monthly,18,73.63,Credit Card,2,1,4.0,51.3,No
9215,73,Consumer,Basic,Annual,39,45.57,Direct Debit,0,0,4.0,71.6,No
9216,77,Enterprise,Standard,Monthly,15,56.62,Bank Transfer,1,0,4.0,66.1,No
9217,49,Consumer,Standard,Monthly,8,94.51,Digital Wallet,3,1,3.0,61.6,No
9218,56,Small Business,Premium,Annual,17,105.22,Bank Transfer,1,0,2.0,59.6,No
9219,57,Consumer,Standard,Annual,5,75.1,Bank Transfer,2,2,3.0,86.1,No
9220,25,Consumer,Standard,Monthly,6,60.6,Digital Wallet,3,1,3.0,64.7,Yes
9221,44,Small Business,Premium,Two-Year,28,133.54,Bank Transfer,1,4,3.0,80.9,No
9222,51,Small Business,Basic,Two-Year,8,50.94,Digital Wallet,2,2,3.0,50.3,No
9223,49,Consumer,Standard,Monthly,45,73.04,Credit Card,2,1,5.0,57.2,No
9224,46,Small Business,Basic,Monthly,34,38.75,Direct Debit,3,0,5.0,40.7,No
9225,62,Small Business,Standard,Monthly,19,65.3,Credit Card,1,0,3.0,47.1,No
9226,52,Consumer,Standard,Monthly,26,64.96,Direct Debit,1,2,5.0,83.3,No
9227,18,Consumer,Basic,Monthly,40,37.32,Credit Card,2,1,3.0,40.6,Yes
9228,49,Small Business,Basic,Monthly,19,42.89,Digital Wallet,5,2,4.0,35.5,No
9229,34,Small Business,Standard,Monthly,9,83.52,Bank Transfer,1,1,5.0,45.6,No
9230,35,Consumer,Basic,Monthly,61,37.59,Bank Transfer,3,3,3.0,53.6,No
9231,67,Small Business,Basic,Monthly,20,40.91,Credit Card,3,3,3.0,59.0,No
9232,34,Consumer,Basic,Monthly,30,51.81,Digital Wallet,1,1,5.0,26.3,No
9233,39,Consumer,Basic,Annual,37,34.33,Digital Wallet,0,1,3.0,79.6,No
9234,18,Small Business,Standard,Monthly,26,82.58,Direct Debit,5,2,4.0,37.2,No
9235,37,Consumer,Standard,Monthly,40,77.38,Direct Debit,5,2,1.0,29.0,No
9236,34,Small Business,Premium,Two-Year,26,137.46,Digital Wallet,2,2,4.0,52.8,No
9237,70,Small Business,Basic,Monthly,19,33.98,Credit Card,4,1,4.0,75.3,No
9238,68,Consumer,Premium,Monthly,31,94.35,Direct Debit,4,2,2.0,44.6,No
9239,32,Consumer,Premium,Two-Year,15,89.21,Direct Debit,2,1,4.0,75.6,No
9240,63,Consumer,Standard,Monthly,18,81.46,Digital Wallet,1,0,2.0,57.3,No
9241,43,Small Business,Basic,Monthly,48,39.26,Bank Transfer,9,2,1.0,38.5,No
9242,31,Consumer,Standard,Monthly,10,66.19,Bank Transfer,3,0,3.0,62.5,No
9243,39,Consumer,Basic,Monthly,15,35.37,Direct Debit,4,3,2.0,43.0,No
9244,32,Enterprise,Basic,Monthly,78,36.95,Bank Transfer,0,0,1.0,78.3,No
9245,27,Consumer,Premium,Annual,31,95.87,Digital Wallet,4,0,3.0,67.6,No
9246,41,Consumer,Basic,Annual,52,47.58,Credit Card,1,0,1.0,78.1,No
9247,43,Small Business,Basic,Annual,58,54.61,Bank Transfer,1,0,3.0,63.2,No
9248,38,Consumer,Basic,Two-Year,16,50.9,Bank Transfer,0,0,5.0,86.7,No
9249,59,Small Business,Standard,Annual,13,102.53,Digital Wallet,1,1,4.0,71.5,No
9250,33,Small Business,Basic,Annual,9,37.15,Direct Debit,1,0,5.0,88.2,Yes
9251,44,Consumer,Premium,Annual,10,94.69,Credit Card,5,2,4.0,74.3,No
9252,63,Consumer,Standard,Monthly,38,103.58,Digital Wallet,1,2,3.0,40.5,No
9253,43,Small Business,Basic,Monthly,20,56.49,Direct Debit,4,6,3.0,78.6,No
9254,36,Consumer,Standard,Annual,49,65.91,Credit Card,1,1,4.0,95.6,No
9255,71,Enterprise,Standard,Monthly,4,72.13,Credit Card,2,0,4.0,56.7,No
9256,53,Consumer,Basic,Monthly,19,31.0,Bank Transfer,3,1,3.0,70.5,No
9257,26,Consumer,Standard,Monthly,23,65.78,Digital Wallet,2,3,3.0,71.4,No
9258,37,Consumer,Premium,Monthly,1,116.06,Digital Wallet,4,2,4.0,71.5,No
9259,49,Small Business,Standard,Monthly,14,46.44,Bank Transfer,2,1,2.0,73.7,No
9260,27,Consumer,Standard,Monthly,26,84.94,Direct Debit,1,1,2.0,61.1,No
9261,54,Consumer,Standard,Two-Year,65,73.97,Bank Transfer,2,0,4.0,59.4,No
9262,47,Consumer,Premium,Annual,13,106.99,Digital Wallet,1,1,3.0,97.9,No
9263,53,Consumer,Standard,Annual,14,63.72,Digital Wallet,4,4,1.0,53.6,No
9264,38,Small Business,Basic,Monthly,19,40.1,Direct Debit,2,0,4.0,55.4,No
9265,34,Small Business,Premium,Annual,25,109.13,Direct Debit,3,0,2.0,59.9,No
9266,37,Consumer,Standard,Monthly,56,90.55,Bank Transfer,5,2,1.0,63.1,No
9267,37,Consumer,Basic,Monthly,10,59.39,Digital Wallet,3,3,4.0,57.5,No
9268,49,Small Business,Standard,Monthly,21,77.57,Digital Wallet,2,0,3.0,51.1,No
9269,32,Small Business,Standard,Monthly,31,89.78,Bank Transfer,2,3,4.0,38.0,No
9270,18,Consumer,Standard,Annual,53,100.44,Direct Debit,2,3,,66.0,No
9271,19,Enterprise,Basic,Annual,37,43.72,Bank Transfer,1,0,5.0,46.8,No
9272,59,Consumer,Premium,Monthly,19,90.41,Digital Wallet,3,1,3.0,80.4,No
9273,48,Consumer,Basic,Annual,16,43.09,Bank Transfer,0,0,4.0,75.9,No
9274,18,Consumer,Basic,Annual,18,48.96,Digital Wallet,3,0,4.0,43.5,No
9275,52,Consumer,Basic,Annual,38,42.73,Bank Transfer,3,2,3.0,62.4,No
9276,44,Small Business,Basic,Monthly,34,26.88,Digital Wallet,5,2,2.0,37.3,No
9277,38,Small Business,Basic,Annual,46,55.26,Bank Transfer,1,1,3.0,69.6,No
9278,69,Consumer,Standard,Monthly,16,85.82,Direct Debit,5,1,2.0,71.5,No
9279,35,Consumer,Basic,Monthly,14,37.75,Credit Card,3,3,2.0,29.8,No
9280,55,Small Business,Basic,Monthly,7,32.73,Direct Debit,2,1,4.0,70.7,No
9281,72,Consumer,Standard,Annual,39,73.45,Bank Transfer,3,1,3.0,79.0,No
9282,42,Small Business,Standard,Monthly,58,79.62,Digital Wallet,7,2,1.0,46.0,Yes
9283,42,Consumer,Standard,Monthly,11,78.58,Bank Transfer,2,1,3.0,50.6,No
9284,37,Enterprise,Standard,Monthly,43,77.75,Digital Wallet,5,0,2.0,36.6,No
9285,41,Consumer,Standard,Monthly,1,69.09,Bank Transfer,4,1,2.0,71.2,No
9286,29,Consumer,Basic,Annual,14,46.76,Bank Transfer,0,0,4.0,65.4,No
9287,38,Consumer,Basic,Annual,9,48.08,Direct Debit,3,2,3.0,54.2,No
9288,38,Consumer,Standard,Monthly,52,78.74,Credit Card,3,3,3.0,70.5,No
9289,50,Consumer,Standard,Annual,25,80.6,Digital Wallet,1,0,5.0,53.7,No
9290,39,Consumer,Basic,Two-Year,10,43.45,Digital Wallet,0,2,4.0,63.3,No
9291,41,Consumer,Standard,Monthly,22,78.09,Direct Debit,4,1,3.0,53.0,No
9292,49,Small Business,Basic,Annual,34,41.86,Credit Card,2,1,4.0,73.7,No
9293,48,Small Business,Basic,Monthly,21,38.32,Direct Debit,4,1,2.0,57.9,No
9294,40,Small Business,Basic,Two-Year,17,35.16,Credit Card,0,0,3.0,51.2,No
9295,18,Consumer,Standard,Monthly,28,80.85,Direct Debit,3,2,2.0,53.7,No
9296,65,Small Business,Standard,Annual,4,85.08,Bank Transfer,0,1,1.0,76.6,No
9297,55,Small Business,Basic,Monthly,24,41.06,Direct Debit,2,1,3.0,71.5,No
9298,54,Consumer,Standard,Monthly,96,71.35,Bank Transfer,3,1,2.0,64.5,No
9299,43,Consumer,Premium,Two-Year,38,127.3,Bank Transfer,2,1,4.0,54.2,No
9300,56,Small Business,Standard,Monthly,33,71.96,Digital Wallet,2,1,3.0,37.7,No
9301,57,Small Business,Basic,Monthly,54,45.28,Direct Debit,0,0,3.0,74.0,No
9302,33,Enterprise,Basic,Annual,23,40.1,Bank Transfer,3,2,3.0,29.4,No
9303,38,Consumer,Basic,Monthly,96,39.33,Credit Card,5,2,3.0,33.8,No
9304,44,Consumer,Premium,Monthly,4,123.7,Digital Wallet,2,1,4.0,66.8,No
9305,45,Consumer,Standard,Monthly,26,70.65,Digital Wallet,2,1,3.0,35.8,No
9306,31,Consumer,Basic,Two-Year,13,62.85,Bank Transfer,1,0,4.0,63.7,No
9307,35,Enterprise,Standard,Two-Year,36,91.39,Digital Wallet,2,0,5.0,42.7,No
9308,53,Small Business,Basic,Annual,6,36.5,Digital Wallet,4,2,4.0,70.1,No
9309,18,Consumer,Basic,Monthly,24,32.94,Credit Card,4,1,3.0,46.6,Yes
9310,38,Small Business,Basic,Annual,26,47.83,Digital Wallet,2,2,4.0,61.5,No
9311,43,Small Business,Basic,Two-Year,25,52.8,Credit Card,0,0,4.0,60.8,No
9312,37,Consumer,Standard,Annual,96,68.81,Unknown,2,0,5.0,61.5,No
9313,43,Consumer,Premium,Monthly,57,106.67,Credit Card,0,0,4.0,65.8,No
9314,35,Small Business,Basic,Annual,41,45.81,Digital Wallet,2,0,4.0,67.1,No
9315,53,Small Business,Standard,Annual,38,79.19,Digital Wallet,0,0,5.0,57.0,No
9316,66,Consumer,Basic,Monthly,38,48.71,Direct Debit,3,1,4.0,42.1,No
9317,55,Consumer,Basic,Monthly,14,48.21,Credit Card,2,3,4.0,62.8,No
9318,62,Small Business,Standard,Annual,62,61.91,Credit Card,1,1,3.0,75.6,No
9319,34,Consumer,Standard,Annual,17,72.0,Bank Transfer,0,0,5.0,73.3,No
9320,36,Consumer,Basic,Monthly,23,33.66,Bank Transfer,3,0,3.0,50.2,No
9321,33,Small Business,Standard,Two-Year,21,83.33,Digital Wallet,1,0,4.0,52.8,No
9322,56,Consumer,Standard,Monthly,45,66.69,Digital Wallet,1,1,5.0,77.8,No
9323,35,Consumer,Standard,Monthly,25,85.57,Direct Debit,5,4,3.0,48.8,No
9324,48,Consumer,Standard,Annual,45,66.17,Bank Transfer,2,1,2.0,61.3,No
9325,51,Enterprise,Standard,Monthly,14,63.11,Bank Transfer,4,4,2.0,40.3,No
9326,42,Consumer,Basic,Two-Year,45,46.88,Direct Debit,1,0,3.0,55.8,No
9327,52,Consumer,Basic,Two-Year,24,49.96,Digital Wallet,0,0,4.0,48.3,No
9328,40,Small Business,Standard,Monthly,5,72.91,Credit Card,3,1,3.0,80.6,Yes
9329,64,Consumer,Basic,Two-Year,9,50.31,Direct Debit,1,2,2.0,32.6,No
9330,55,Small Business,Basic,Monthly,29,40.71,Direct Debit,5,1,3.0,55.2,No
9331,41,Consumer,Standard,Monthly,28,81.44,Digital Wallet,5,2,3.0,64.2,No
9332,44,Consumer,Premium,Monthly,15,115.78,Direct Debit,1,2,1.0,63.5,No
9333,18,Small Business,Basic,Monthly,26,49.62,Credit Card,5,1,4.0,34.5,No
9334,47,Enterprise,Standard,Monthly,32,72.49,Bank Transfer,1,0,3.0,68.4,No
9335,18,Consumer,Basic,Monthly,38,32.15,Digital Wallet,4,2,1.0,45.2,No
9336,31,Enterprise,Standard,Monthly,41,88.55,Bank Transfer,3,1,3.0,84.2,No
9337,58,Consumer,Standard,Monthly,32,68.93,Direct Debit,3,3,4.0,44.7,No
9338,49,Consumer,Premium,Monthly,22,124.96,Direct Debit,3,1,3.0,88.5,No
9339,46,Consumer,Basic,Two-Year,24,49.43,Bank Transfer,4,2,3.0,37.8,No
9340,40,Consumer,Premium,Monthly,14,116.78,Credit Card,0,1,3.0,62.6,No
9341,31,Consumer,Standard,Monthly,14,72.53,Digital Wallet,5,3,3.0,73.0,No
9342,29,Consumer,Basic,Monthly,61,42.35,Direct Debit,3,1,3.0,42.6,No
9343,47,Consumer,Basic,Monthly,37,38.05,Digital Wallet,3,2,3.0,63.0,No
9344,28,Consumer,Standard,Monthly,36,64.05,Credit Card,0,0,2.0,55.8,No
9345,43,Consumer,Standard,Two-Year,19,88.18,Bank Transfer,2,1,4.0,95.2,No
9346,44,Consumer,Standard,Annual,35,76.8,Direct Debit,4,1,2.0,51.9,No
9347,39,Consumer,Premium,Monthly,13,181.31,Digital Wallet,4,4,3.0,86.9,No
9348,32,Consumer,Basic,Monthly,36,44.99,Direct Debit,3,1,3.0,59.0,No
9349,44,Consumer,Basic,Two-Year,67,49.6,Digital Wallet,1,0,2.0,78.3,No
9350,32,Small Business,Basic,Two-Year,4,44.76,Direct Debit,1,0,4.0,59.3,No
9351,44,Consumer,Premium,Two-Year,32,102.29,Bank Transfer,0,1,4.0,74.4,Yes
9352,43,Small Business,Standard,Monthly,23,67.79,Credit Card,3,1,2.0,31.3,No
9353,68,Consumer,Standard,Two-Year,38,70.15,Credit Card,0,0,3.0,63.0,No
9354,51,Enterprise,Premium,Annual,46,112.74,Direct Debit,2,0,4.0,61.5,No
9355,29,Small Business,Basic,Monthly,17,40.54,Direct Debit,3,0,4.0,58.1,No
9356,55,Consumer,Standard,Monthly,47,81.9,Direct Debit,3,1,2.0,60.6,No
9357,31,Consumer,Basic,Monthly,12,46.49,Digital Wallet,3,0,4.0,52.4,No
9358,67,Consumer,Standard,Annual,33,80.19,Bank Transfer,1,0,4.0,74.8,No
9359,37,Enterprise,Basic,Two-Year,45,27.23,Direct Debit,1,1,4.0,59.6,No
9360,66,Small Business,Standard,Annual,16,74.85,Direct Debit,4,1,3.0,71.3,No
9361,45,Small Business,Standard,Monthly,19,65.76,Credit Card,1,1,4.0,56.5,No
9362,32,Consumer,Basic,Monthly,13,45.5,Credit Card,3,3,2.0,67.4,No
9363,31,Consumer,Standard,Monthly,33,71.59,Credit Card,6,2,2.0,42.1,No
9364,58,Consumer,Basic,Monthly,28,45.02,Digital Wallet,3,2,3.0,21.9,Yes
9365,43,Consumer,Standard,Annual,12,68.42,Bank Transfer,4,2,4.0,58.9,No
9366,35,Small Business,Standard,Two-Year,54,86.04,Bank Transfer,0,0,4.0,97.8,No
9367,46,Consumer,Premium,Monthly,5,115.59,Direct Debit,2,1,3.0,47.5,No
9368,56,Consumer,Standard,Two-Year,54,69.29,Bank Transfer,1,0,4.0,55.4,No
9369,56,Small Business,Premium,Monthly,25,120.13,Credit Card,2,0,3.0,65.8,No
9370,64,Small Business,Basic,Monthly,16,44.21,Bank Transfer,3,1,4.0,48.8,No
9371,63,Consumer,Standard,Monthly,23,67.51,Direct Debit,2,0,3.0,45.5,No
9372,55,Enterprise,Standard,Monthly,55,81.08,Direct Debit,4,2,4.0,50.8,No
9373,42,Small Business,Standard,Monthly,32,96.92,Credit Card,2,0,2.0,73.0,No
9374,40,Consumer,Premium,Monthly,38,120.03,Credit Card,1,1,4.0,44.4,No
9375,18,Consumer,Premium,Annual,15,98.45,Bank Transfer,1,1,3.0,70.7,No
9376,64,Consumer,Standard,Monthly,19,80.9,Digital Wallet,2,0,3.0,61.8,No
9377,29,Consumer,Standard,Monthly,41,76.31,Digital Wallet,3,1,4.0,50.2,No
9378,57,Consumer,Standard,Annual,52,59.08,Bank Transfer,2,0,4.0,39.0,No
9379,48,Consumer,Basic,Monthly,27,56.7,Direct Debit,1,0,4.0,59.2,No
9380,51,Consumer,Basic,Monthly,6,38.68,Direct Debit,0,0,4.0,86.1,Yes
9381,57,Consumer,Basic,Monthly,14,48.71,Digital Wallet,1,2,2.0,49.1,No
9382,33,Small Business,Standard,Monthly,7,76.2,Direct Debit,2,2,3.0,75.3,No
9383,33,Small Business,Basic,Monthly,45,59.2,Direct Debit,8,4,3.0,16.7,No
9384,44,Consumer,Premium,Two-Year,13,132.92,Credit Card,1,0,4.0,86.6,No
9385,45,Enterprise,Basic,Two-Year,15,35.58,Credit Card,3,1,3.0,55.7,No
9386,49,Small Business,Basic,Monthly,66,49.29,Bank Transfer,1,0,3.0,39.5,No
9387,46,Enterprise,Premium,Annual,5,140.94,Direct Debit,1,1,4.0,34.1,No
9388,35,Consumer,Standard,Monthly,11,89.36,Credit Card,5,2,3.0,62.0,No
9389,46,Enterprise,Premium,Two-Year,8,81.32,Bank Transfer,1,1,3.0,86.0,No
9390,49,Enterprise,Standard,Monthly,20,72.56,Credit Card,2,2,3.0,41.0,No
9391,60,Small Business,Standard,Monthly,14,74.82,Credit Card,2,0,3.0,48.3,Yes
9392,62,Small Business,Basic,Annual,12,43.58,Direct Debit,2,3,5.0,44.8,No
9393,41,Consumer,Standard,Annual,71,62.12,Digital Wallet,0,2,4.0,61.1,No
9394,53,Consumer,Standard,Two-Year,4,75.12,Direct Debit,1,0,3.0,71.5,No
9395,64,Small Business,Basic,Monthly,4,37.72,Direct Debit,2,0,4.0,53.3,No
9396,39,Consumer,Premium,Monthly,33,84.06,Credit Card,4,0,3.0,60.5,No
9397,33,Small Business,Premium,Annual,13,104.87,Direct Debit,0,0,3.0,78.5,No
9398,39,Consumer,Premium,Monthly,40,106.11,Digital Wallet,1,0,2.0,75.8,No
9399,37,Small Business,Premium,Monthly,17,93.35,Digital Wallet,0,0,5.0,49.8,No
9400,58,Consumer,Standard,Monthly,4,69.33,Direct Debit,3,3,3.0,53.2,No
9401,60,Small Business,Standard,Annual,5,69.74,Credit Card,0,1,3.0,46.0,No
9402,66,Consumer,Basic,Annual,49,28.96,Direct Debit,1,2,3.0,52.0,No
9403,49,Consumer,Basic,Monthly,24,33.78,Digital Wallet,1,0,4.0,57.7,Yes
9404,57,Small Business,Standard,Annual,23,91.04,Credit Card,1,1,4.0,48.0,No
9405,47,Consumer,Standard,Two-Year,20,86.7,Credit Card,2,2,3.0,46.9,No
9406,71,Consumer,Basic,Two-Year,46,53.57,Credit Card,1,2,4.0,56.1,No
9407,58,Small Business,Basic,Two-Year,14,32.12,Bank Transfer,1,0,4.0,86.6,No
9408,52,Consumer,Basic,Annual,58,34.98,Bank Transfer,2,3,3.0,42.6,No
9409,47,Consumer,Standard,Annual,18,59.52,Direct Debit,1,0,3.0,69.3,No
9410,49,Enterprise,Premium,Monthly,38,112.41,Credit Card,2,3,4.0,82.1,No
9411,51,Consumer,Basic,Annual,16,43.16,Credit Card,2,1,4.0,71.4,No
9412,32,Consumer,Basic,Annual,31,43.22,Direct Debit,2,3,4.0,52.3,No
9413,25,Enterprise,Basic,Monthly,68,63.09,Bank Transfer,3,1,4.0,38.8,No
9414,67,Consumer,Basic,Monthly,29,45.33,Credit Card,4,4,3.0,63.0,No
9415,39,Consumer,Basic,Monthly,31,51.62,Digital Wallet,2,0,3.0,41.2,No
9416,39,Consumer,Basic,Two-Year,50,59.66,Direct Debit,4,1,2.0,52.0,No
9417,38,Consumer,Standard,Annual,50,69.46,Bank Transfer,3,2,3.0,72.7,No
9418,54,Small Business,Premium,Two-Year,39,87.45,Bank Transfer,0,0,3.0,83.6,No
9419,33,Consumer,Premium,Annual,23,116.54,Digital Wallet,3,0,3.0,51.3,No
9420,28,Consumer,Premium,Annual,3,149.07,Credit Card,2,0,2.0,72.0,No
9421,43,Consumer,Standard,Annual,38,77.63,Digital Wallet,0,0,5.0,47.1,No
9422,29,Enterprise,Standard,Monthly,9,71.27,Digital Wallet,1,1,3.0,69.6,No
9423,42,Consumer,Standard,Annual,7,64.28,Credit Card,0,4,5.0,53.6,No
9424,36,Enterprise,Basic,Annual,14,37.83,Digital Wallet,3,0,4.0,76.3,No
9425,54,Consumer,Standard,Monthly,11,77.74,Bank Transfer,2,1,4.0,37.3,No
9426,53,Consumer,Basic,Annual,6,46.87,Digital Wallet,3,1,3.0,62.6,No
9427,18,Consumer,Standard,Monthly,21,69.49,Direct Debit,0,0,4.0,64.3,No
9428,47,Consumer,Basic,Monthly,31,62.22,Bank Transfer,4,2,,37.4,No
9429,18,Enterprise,Basic,Monthly,24,45.78,Credit Card,3,2,2.0,26.7,No
9430,54,Consumer,Basic,Monthly,90,44.4,Digital Wallet,4,1,2.0,61.0,No
9431,47,Consumer,Standard,Two-Year,69,101.47,Bank Transfer,0,0,3.0,72.6,No
9432,66,Consumer,Standard,Annual,8,76.56,Digital Wallet,2,1,2.0,54.6,No
9433,70,Consumer,Premium,Monthly,12,84.81,Direct Debit,2,0,3.0,66.6,No
9434,38,Consumer,Standard,Monthly,23,65.93,Bank Transfer,3,1,2.0,73.6,No
9435,42,Consumer,Standard,Monthly,15,96.76,Bank Transfer,4,0,4.0,52.3,No
9436,38,Consumer,Standard,Monthly,9,63.13,Direct Debit,4,3,2.0,50.2,No
9437,72,Small Business,Basic,Two-Year,59,44.28,Digital Wallet,1,1,3.0,49.4,No
9438,55,Consumer,Standard,Annual,12,70.27,Direct Debit,0,0,3.0,62.6,No
9439,48,Consumer,Standard,Two-Year,16,88.97,Credit Card,1,1,4.0,62.0,No
9440,33,Small Business,Standard,Monthly,95,85.62,Direct Debit,3,0,4.0,88.2,No
9441,28,Enterprise,Standard,Monthly,23,79.79,Bank Transfer,3,1,4.0,41.1,No
9442,44,Small Business,Basic,Two-Year,23,47.24,Direct Debit,1,0,3.0,49.4,No
9443,57,Consumer,Standard,Two-Year,10,67.24,Digital Wallet,3,0,5.0,43.8,No
9444,42,Consumer,Premium,Annual,51,104.23,Bank Transfer,2,0,5.0,59.4,No
9445,33,Enterprise,Standard,Monthly,56,82.82,Credit Card,2,2,4.0,40.8,No
9446,60,Small Business,Standard,Monthly,48,84.07,Direct Debit,2,1,3.0,75.5,No
9447,43,Enterprise,Premium,Two-Year,60,103.34,Credit Card,2,2,4.0,58.2,No
9448,52,Consumer,Standard,Annual,57,83.77,Digital Wallet,0,0,5.0,72.9,No
9449,56,Consumer,Basic,Annual,25,40.93,Bank Transfer,1,0,1.0,70.5,No
9450,52,Consumer,Basic,Annual,32,41.97,Bank Transfer,2,0,3.0,64.0,No
9451,29,Consumer,Basic,Two-Year,21,54.42,Credit Card,2,1,3.0,74.3,No
9452,51,Consumer,Basic,Monthly,31,56.59,Unknown,2,1,1.0,54.8,No
9453,18,Consumer,Standard,Monthly,35,72.91,Credit Card,0,0,4.0,46.5,No
9454,43,Enterprise,Basic,Monthly,26,38.38,Bank Transfer,1,3,5.0,62.0,No
9455,55,Consumer,Standard,Monthly,17,99.76,Digital Wallet,2,4,3.0,74.7,No
9456,37,Consumer,Basic,Monthly,15,32.1,Direct Debit,2,0,4.0,89.9,No
9457,42,Enterprise,Standard,Annual,42,67.55,Digital Wallet,0,1,4.0,54.8,No
9458,47,Consumer,Basic,Annual,37,37.68,Digital Wallet,2,1,4.0,83.7,No
9459,38,Consumer,Premium,Monthly,15,85.14,Credit Card,2,0,4.0,65.4,No
9460,30,Consumer,Standard,Annual,21,77.89,Credit Card,2,2,4.0,68.5,No
9461,18,Consumer,Standard,Monthly,17,73.58,Credit Card,3,1,4.0,68.0,No
9462,72,Enterprise,Standard,Annual,41,64.78,Digital Wallet,2,2,2.0,25.5,Yes
9463,42,Small Business,Standard,Monthly,59,81.27,Direct Debit,1,2,4.0,67.2,No
9464,48,Consumer,Standard,Monthly,23,74.56,Bank Transfer,4,0,4.0,59.5,No
9465,43,Small Business,Basic,Two-Year,10,43.05,Digital Wallet,2,1,4.0,24.2,No
9466,31,Consumer,Standard,Monthly,9,68.84,Bank Transfer,3,0,3.0,49.8,No
9467,36,Small Business,Basic,Monthly,32,56.01,Bank Transfer,1,0,4.0,72.8,No
9468,40,Consumer,Standard,Annual,42,78.16,Digital Wallet,6,1,4.0,45.4,No
9469,62,Consumer,Basic,Annual,14,37.44,Digital Wallet,2,1,3.0,82.1,No
9470,50,Consumer,Standard,Monthly,25,76.3,Credit Card,4,0,3.0,49.0,No
9471,34,Small Business,Basic,Monthly,26,42.13,Credit Card,1,1,4.0,68.6,No
9472,34,Small Business,Standard,Monthly,11,70.85,Credit Card,1,1,3.0,51.1,Yes
9473,56,Consumer,Basic,Two-Year,30,42.19,Digital Wallet,2,0,4.0,74.2,No
9474,31,Consumer,Standard,Annual,52,88.97,Direct Debit,1,1,4.0,47.2,No
9475,53,Consumer,Premium,Two-Year,27,118.38,Credit Card,0,0,3.0,85.8,No
9476,42,Consumer,Standard,Monthly,73,68.5,Digital Wallet,5,3,3.0,78.5,No
9477,41,Consumer,Basic,Annual,23,33.21,Credit Card,2,3,4.0,48.9,Yes
9478,26,Consumer,Premium,Monthly,60,146.49,Bank Transfer,3,5,2.0,71.2,No
9479,52,Consumer,Standard,Annual,28,82.81,Credit Card,1,2,3.0,40.1,No
9480,56,Consumer,Basic,Annual,44,32.96,Bank Transfer,0,1,4.0,61.0,No
9481,18,Enterprise,Basic,Monthly,22,41.71,Direct Debit,0,1,2.0,55.5,No
9482,66,Small Business,Basic,Monthly,36,56.03,Digital Wallet,3,1,2.0,38.7,No
9483,41,Consumer,Standard,Monthly,13,86.32,Credit Card,5,3,3.0,63.3,No
9484,58,Consumer,Basic,Monthly,44,43.48,Credit Card,6,3,3.0,62.5,No
9485,47,Enterprise,Basic,Monthly,15,43.03,Credit Card,0,0,3.0,52.8,No
9486,62,Consumer,Standard,Monthly,27,58.47,Direct Debit,0,2,3.0,60.2,No
9487,79,Small Business,Basic,Monthly,49,32.58,Digital Wallet,1,0,3.0,48.9,No
9488,45,Small Business,Standard,Monthly,24,77.96,Direct Debit,1,0,5.0,49.6,No
9489,62,Enterprise,Standard,Monthly,54,73.11,Digital Wallet,4,0,3.0,70.0,No
9490,47,Consumer,Standard,Monthly,45,76.89,Direct Debit,3,1,2.0,47.8,No
9491,53,Enterprise,Basic,Monthly,15,52.33,Direct Debit,5,3,3.0,41.1,No
9492,21,Consumer,Basic,Annual,34,54.86,Credit Card,3,0,4.0,56.6,No
9493,45,Enterprise,Basic,Monthly,16,47.44,Credit Card,2,0,4.0,50.1,No
9494,42,Small Business,Basic,Monthly,45,49.26,Credit Card,2,1,4.0,80.8,No
9495,38,Small Business,Basic,Annual,25,39.04,Credit Card,0,0,5.0,55.1,No
9496,43,Consumer,Standard,Annual,9,80.86,Direct Debit,0,0,4.0,90.7,No
9497,45,Consumer,Premium,Monthly,37,142.06,Digital Wallet,1,0,2.0,71.4,No
9498,38,Consumer,Premium,Monthly,19,102.17,Bank Transfer,2,1,3.0,59.6,No
9499,48,Enterprise,Premium,Monthly,23,105.31,Credit Card,3,0,5.0,58.0,No
9500,35,Small Business,Basic,Monthly,35,53.57,Bank Transfer,1,1,4.0,25.4,No
9501,18,Consumer,Standard,Two-Year,7,53.92,Credit Card,0,1,4.0,69.6,No
9502,27,Consumer,Standard,Monthly,25,71.96,Bank Transfer,4,2,4.0,65.6,No
9503,18,Consumer,Basic,Monthly,18,60.46,Direct Debit,1,0,4.0,66.9,No
9504,31,Consumer,Basic,Monthly,30,44.31,Credit Card,4,1,2.0,49.4,No
9505,54,Small Business,Standard,Monthly,96,84.59,Credit Card,1,0,3.0,40.0,No
9506,48,Small Business,Premium,Monthly,20,117.09,Credit Card,2,1,4.0,54.5,No
9507,47,Enterprise,Standard,Two-Year,25,51.93,Digital Wallet,3,0,4.0,51.5,No
9508,58,Enterprise,Basic,Annual,6,40.19,Credit Card,0,0,4.0,61.0,No
9509,28,Consumer,Basic,Two-Year,30,52.83,Digital Wallet,0,0,2.0,53.8,No
9510,37,Consumer,Basic,Monthly,24,40.39,Bank Transfer,2,0,3.0,72.2,No
9511,58,Consumer,Standard,Two-Year,42,72.42,Direct Debit,2,1,4.0,51.4,No
9512,33,Enterprise,Basic,Two-Year,9,52.75,Bank Transfer,1,1,2.0,46.1,No
9513,57,Small Business,Standard,Annual,8,77.39,Direct Debit,1,0,3.0,52.6,No
9514,47,Consumer,Premium,Annual,28,108.41,Digital Wallet,2,1,4.0,77.5,No
9515,39,Consumer,Standard,Monthly,31,71.71,Direct Debit,2,0,5.0,15.3,No
9516,43,Small Business,Standard,Annual,31,81.06,Credit Card,1,2,3.0,40.9,No
9517,40,Small Business,Basic,Annual,34,40.44,Direct Debit,1,0,4.0,40.5,No
9518,38,Small Business,Basic,Annual,24,43.04,Direct Debit,4,2,4.0,29.9,No
9519,37,Consumer,Standard,Two-Year,28,83.16,Direct Debit,1,0,3.0,59.8,No
9520,48,Consumer,Premium,Annual,20,110.11,Bank Transfer,1,1,5.0,55.1,No
9521,54,Consumer,Basic,Monthly,28,37.06,Credit Card,2,1,4.0,38.6,No
9522,40,Consumer,Standard,Monthly,9,87.96,Digital Wallet,3,0,3.0,44.7,No
9523,47,Consumer,Basic,Monthly,38,40.96,Direct Debit,1,0,2.0,50.0,No
9524,41,Consumer,Basic,Two-Year,3,54.57,Credit Card,1,2,4.0,63.1,No
9525,52,Consumer,Basic,Monthly,15,41.01,Bank Transfer,2,1,2.0,31.2,Yes
9526,36,Consumer,Standard,Annual,22,107.07,Direct Debit,1,0,3.0,62.1,No
9527,34,Consumer,Basic,Annual,51,43.34,Bank Transfer,0,1,4.0,78.7,No
9528,56,Small Business,Standard,Annual,8,66.43,Digital Wallet,1,0,2.0,47.7,No
9529,51,Consumer,Standard,Annual,9,66.68,Credit Card,1,2,4.0,71.2,No
9530,51,Consumer,Basic,Monthly,27,52.88,Bank Transfer,4,4,5.0,57.7,No
9531,54,Consumer,Standard,Annual,24,84.66,Digital Wallet,1,0,4.0,48.3,No
9532,36,Consumer,Standard,Annual,11,62.74,Bank Transfer,2,1,4.0,60.3,No
9533,50,Small Business,Basic,Monthly,15,53.49,Digital Wallet,3,0,3.0,43.4,No
9534,60,Consumer,Standard,Monthly,19,65.55,Digital Wallet,1,0,2.0,61.0,No
9535,71,Small Business,Basic,Monthly,31,33.27,Credit Card,1,1,3.0,41.9,No
9536,50,Small Business,Standard,Monthly,46,76.65,Digital Wallet,2,0,3.0,89.8,No
9537,43,Consumer,Premium,Two-Year,18,85.21,Credit Card,2,0,4.0,77.8,No
9538,47,Enterprise,Basic,Monthly,35,44.82,Bank Transfer,5,1,3.0,27.4,No
9539,32,Consumer,Standard,Annual,36,80.93,Bank Transfer,0,0,2.0,55.8,Yes
9540,42,Consumer,Basic,Monthly,19,36.77,Digital Wallet,4,1,3.0,45.7,No
9541,24,Consumer,Standard,Annual,11,85.74,Bank Transfer,1,0,4.0,73.9,No
9542,23,Consumer,Basic,Monthly,22,40.51,Digital Wallet,0,0,5.0,71.8,No
9543,59,Small Business,Standard,Two-Year,14,73.72,Direct Debit,0,0,4.0,53.3,No
9544,27,Consumer,Basic,Monthly,15,35.85,Digital Wallet,2,0,2.0,72.4,No
9545,28,Consumer,Basic,Annual,44,43.38,Digital Wallet,1,0,2.0,88.4,No
9546,44,Consumer,Standard,Annual,49,79.59,Bank Transfer,4,2,4.0,30.4,No
9547,57,Consumer,Standard,Monthly,54,84.04,Bank Transfer,2,2,3.0,65.4,No
9548,34,Consumer,Premium,Annual,7,120.53,Credit Card,3,0,1.0,53.2,No
9549,22,Small Business,Premium,Monthly,23,90.22,Direct Debit,0,0,5.0,63.8,No
9550,46,Consumer,Basic,Monthly,38,56.02,Credit Card,3,1,3.0,70.8,No
9551,69,Consumer,Premium,Two-Year,20,138.79,Bank Transfer,1,0,5.0,96.5,No
9552,18,Consumer,Premium,Annual,22,86.73,Credit Card,0,0,4.0,92.5,No
9553,18,Enterprise,Standard,Monthly,19,71.17,Credit Card,2,1,2.0,55.7,No
9554,38,Consumer,Basic,Two-Year,6,52.57,Credit Card,1,1,3.0,65.7,No
9555,72,Consumer,Standard,Monthly,31,78.63,Credit Card,4,1,1.0,52.8,No
9556,27,Enterprise,Standard,Monthly,32,89.93,Credit Card,3,1,2.0,55.6,No
9557,30,Consumer,Standard,Annual,36,72.28,Bank Transfer,0,0,3.0,73.6,No
9558,50,Consumer,Basic,Monthly,56,43.98,Direct Debit,2,1,3.0,44.4,No
9559,57,Consumer,Standard,Monthly,20,75.41,Direct Debit,2,0,2.0,24.2,Yes
9560,40,Enterprise,Standard,Monthly,40,78.94,Bank Transfer,2,2,5.0,46.5,No
9561,75,Consumer,Basic,Two-Year,55,55.25,Direct Debit,0,1,3.0,70.2,No
9562,50,Consumer,Standard,Annual,35,81.04,Digital Wallet,1,1,3.0,70.0,No
9563,29,Consumer,Basic,Two-Year,13,49.61,Digital Wallet,1,0,3.0,60.6,Yes
9564,46,Consumer,Standard,Monthly,4,86.95,Digital Wallet,3,2,2.0,31.9,No
9565,35,Small Business,Standard,Annual,23,82.19,Direct Debit,2,1,4.0,69.8,No
9566,49,Consumer,Standard,Annual,22,55.91,Digital Wallet,0,0,4.0,66.0,No
9567,46,Consumer,Premium,Annual,46,95.42,Direct Debit,1,0,4.0,55.6,No
9568,45,Consumer,Standard,Monthly,5,69.52,Digital Wallet,5,1,3.0,49.1,No
9569,21,Consumer,Standard,Monthly,19,84.1,Bank Transfer,6,0,3.0,69.4,Yes
9570,61,Consumer,Standard,Annual,37,81.15,Digital Wallet,1,2,5.0,72.5,No
9571,51,Small Business,Standard,Monthly,13,105.31,Bank Transfer,3,1,4.0,70.2,No
9572,21,Consumer,Standard,Monthly,6,91.17,Digital Wallet,2,4,3.0,53.1,No
9573,63,Consumer,Premium,Annual,34,127.23,Credit Card,0,1,3.0,75.7,No
9574,42,Small Business,Basic,Annual,26,47.48,Bank Transfer,2,0,1.0,72.9,No
9575,18,Consumer,Basic,Monthly,16,31.46,Bank Transfer,2,0,5.0,57.9,No
9576,53,Consumer,Standard,Monthly,18,62.81,Credit Card,3,0,5.0,38.7,No
9577,71,Small Business,Standard,Monthly,32,55.52,Direct Debit,3,1,,34.8,No
9578,45,Consumer,Standard,Monthly,11,91.33,Bank Transfer,1,0,4.0,72.9,No
9579,62,Small Business,Standard,Annual,18,73.9,Bank Transfer,5,0,4.0,42.2,No
9580,43,Consumer,Standard,Monthly,49,79.62,Direct Debit,0,2,2.0,86.7,No
9581,29,Consumer,Basic,Two-Year,20,41.11,Digital Wallet,2,2,3.0,44.9,No
9582,65,Consumer,Standard,Annual,14,67.06,Digital Wallet,4,2,2.0,77.0,No
9583,42,Small Business,Standard,Annual,29,67.88,Credit Card,4,3,4.0,47.1,No
9584,38,Small Business,Basic,Annual,26,46.34,Digital Wallet,3,1,3.0,71.3,No
9585,36,Consumer,Basic,Monthly,36,44.48,Credit Card,7,1,2.0,62.7,No
9586,51,Consumer,Premium,Monthly,25,90.38,Direct Debit,3,1,2.0,48.5,No
9587,50,Small Business,Basic,Annual,32,29.87,Credit Card,0,1,3.0,95.8,No
9588,45,Small Business,Premium,Monthly,73,127.41,Bank Transfer,7,3,2.0,51.9,No
9589,54,Enterprise,Basic,Monthly,61,41.98,Bank Transfer,5,2,3.0,44.4,No
9590,43,Consumer,Premium,Monthly,27,109.75,Digital Wallet,2,1,4.0,27.6,No
9591,31,Consumer,Premium,Monthly,11,115.91,Direct Debit,3,1,3.0,76.6,No
9592,34,Small Business,Standard,Two-Year,54,67.23,Digital Wallet,2,1,3.0,64.8,No
9593,50,Small Business,Basic,Annual,9,39.58,Bank Transfer,3,0,3.0,59.0,No
9594,39,Consumer,Standard,Annual,6,72.25,Direct Debit,0,0,5.0,99.2,No
9595,33,Consumer,Standard,Two-Year,39,58.67,Bank Transfer,2,1,5.0,75.3,No
9596,43,Consumer,Standard,Monthly,59,66.72,Bank Transfer,7,0,2.0,83.4,No
9597,60,Small Business,Basic,Monthly,58,51.0,Direct Debit,2,2,4.0,60.2,No
9598,20,Small Business,Standard,Two-Year,19,80.7,Credit Card,3,3,2.0,97.8,No
9599,62,Consumer,Basic,Two-Year,15,49.77,Bank Transfer,2,1,4.0,58.5,No
9600,24,Consumer,Basic,Monthly,61,33.85,Digital Wallet,2,1,2.0,51.4,No
9601,39,Small Business,Basic,Two-Year,29,30.4,Digital Wallet,1,0,4.0,55.3,No
9602,56,Enterprise,Standard,Annual,33,99.54,Credit Card,2,5,3.0,86.1,No
9603,46,Small Business,Standard,Annual,63,66.53,Bank Transfer,1,0,5.0,75.9,No
9604,33,Enterprise,Standard,Monthly,48,80.15,Digital Wallet,4,3,2.0,47.3,No
9605,46,Consumer,Standard,Monthly,33,74.49,Credit Card,3,2,2.0,62.9,No
9606,37,Consumer,Basic,Two-Year,13,60.43,Direct Debit,2,1,3.0,43.0,No
9607,46,Small Business,Standard,Annual,19,72.89,Direct Debit,2,0,4.0,54.3,No
9608,53,Consumer,Standard,Monthly,48,66.57,Bank Transfer,2,0,4.0,71.5,No
9609,45,Consumer,Premium,Annual,17,130.25,Direct Debit,1,1,4.0,78.6,Yes
9610,36,Consumer,Standard,Monthly,23,78.76,Bank Transfer,4,0,4.0,55.3,No
9611,23,Consumer,Premium,Annual,14,122.86,Direct Debit,2,0,4.0,74.5,No
9612,40,Small Business,Basic,Monthly,12,48.58,Direct Debit,2,1,4.0,62.4,No
9613,58,Enterprise,Standard,Annual,26,77.1,Credit Card,2,2,2.0,42.5,No
9614,51,Consumer,Standard,Monthly,51,77.98,Digital Wallet,1,1,1.0,100.0,No
9615,44,Consumer,Basic,Annual,20,45.83,Credit Card,1,0,5.0,73.0,No
9616,60,Enterprise,Basic,Monthly,79,42.14,Bank Transfer,4,6,5.0,38.8,No
9617,46,Consumer,Standard,Annual,31,74.71,Bank Transfer,2,2,4.0,35.2,No
9618,23,Small Business,Premium,Monthly,29,118.84,Bank Transfer,1,1,3.0,49.9,No
9619,35,Small Business,Premium,Annual,21,112.86,Direct Debit,4,1,3.0,61.3,No
9620,42,Small Business,Standard,Annual,14,81.01,Bank Transfer,2,2,2.0,63.5,No
9621,56,Consumer,Basic,Monthly,23,55.44,Credit Card,1,0,4.0,61.4,No
9622,32,Consumer,Standard,Monthly,50,88.51,Digital Wallet,2,1,2.0,52.7,Yes
9623,38,Consumer,Premium,Annual,19,133.21,Digital Wallet,3,3,1.0,88.9,No
9624,41,Consumer,Standard,Annual,50,54.02,Digital Wallet,0,1,4.0,80.9,No
9625,49,Small Business,Standard,Annual,19,73.64,Direct Debit,3,4,2.0,78.6,No
9626,39,Enterprise,Basic,Annual,34,55.14,Digital Wallet,1,1,4.0,70.0,No
9627,33,Enterprise,Basic,Annual,22,51.13,Digital Wallet,3,3,5.0,55.0,No
9628,51,Consumer,Basic,Monthly,30,47.11,Direct Debit,1,0,2.0,71.8,No
9629,58,Enterprise,Standard,Monthly,29,82.81,Credit Card,3,0,3.0,31.1,No
9630,50,Consumer,Basic,Annual,49,34.48,Credit Card,3,7,3.0,84.0,No
9631,50,Consumer,Standard,Two-Year,19,89.22,Credit Card,0,0,5.0,43.4,No
9632,52,Consumer,Standard,Two-Year,9,92.27,Direct Debit,1,1,3.0,62.2,No
9633,60,Consumer,Premium,Monthly,64,129.92,Direct Debit,1,0,4.0,73.7,No
9634,37,Small Business,Standard,Two-Year,11,79.98,Direct Debit,5,2,3.0,48.3,No
9635,76,Small Business,Standard,Monthly,10,87.06,Direct Debit,3,2,4.0,37.6,No
9636,48,Small Business,Standard,Annual,33,68.25,Bank Transfer,2,1,4.0,67.3,No
9637,34,Consumer,Standard,Annual,74,47.32,Direct Debit,0,0,4.0,63.9,No
9638,54,Enterprise,Basic,Monthly,9,29.42,Credit Card,2,3,3.0,59.4,No
9639,51,Enterprise,Standard,Annual,27,76.25,Bank Transfer,0,0,2.0,82.6,No
9640,42,Consumer,Premium,Monthly,17,102.59,Credit Card,0,1,2.0,85.9,No
9641,55,Consumer,Standard,Two-Year,46,75.8,Bank Transfer,1,0,3.0,64.1,No
9642,51,Enterprise,Basic,Monthly,35,58.98,Credit Card,3,0,5.0,51.5,No
9643,29,Consumer,Basic,Annual,12,45.1,Direct Debit,2,0,1.0,56.8,No
9644,46,Enterprise,Basic,Monthly,32,41.12,Credit Card,5,1,3.0,47.3,No
9645,34,Enterprise,Standard,Monthly,29,78.9,Bank Transfer,1,0,3.0,63.4,No
9646,33,Consumer,Basic,Monthly,23,36.12,Direct Debit,1,0,3.0,65.2,No
9647,20,Small Business,Standard,Monthly,17,81.84,Direct Debit,1,0,4.0,61.9,No
9648,35,Small Business,Basic,Monthly,5,51.07,Credit Card,8,6,2.0,48.1,No
9649,35,Consumer,Basic,Monthly,49,45.51,Credit Card,2,3,3.0,40.4,No
9650,47,Small Business,Standard,Monthly,42,72.34,Credit Card,0,0,4.0,75.3,No
9651,45,Consumer,Basic,Monthly,28,46.64,Credit Card,4,2,2.0,42.1,Yes
9652,36,Consumer,Premium,Monthly,34,102.17,Digital Wallet,3,0,3.0,67.2,No
9653,59,Enterprise,Premium,Annual,20,84.27,Digital Wallet,0,0,5.0,50.9,No
9654,27,Consumer,Basic,Two-Year,28,63.31,Digital Wallet,2,0,5.0,72.7,No
9655,39,Enterprise,Premium,Monthly,93,116.19,Digital Wallet,2,1,3.0,42.8,No
9656,36,Small Business,Premium,Annual,87,142.51,Digital Wallet,3,2,3.0,63.1,No
9657,41,Consumer,Basic,Annual,28,61.11,Direct Debit,0,1,5.0,86.6,No
9658,38,Consumer,Basic,Two-Year,10,48.23,Digital Wallet,3,2,3.0,79.2,No
9659,26,Enterprise,Basic,Monthly,19,45.33,Credit Card,3,0,3.0,29.6,No
9660,35,Small Business,Premium,Annual,43,87.38,Bank Transfer,3,0,4.0,79.4,No
9661,27,Small Business,Premium,Two-Year,53,131.8,Direct Debit,3,2,5.0,53.1,No
9662,64,Consumer,Standard,Annual,16,60.66,Direct Debit,1,0,4.0,48.8,No
9663,37,Consumer,Standard,Monthly,15,71.51,Bank Transfer,4,2,4.0,58.0,Yes
9664,30,Consumer,Basic,Monthly,29,40.31,Direct Debit,4,2,3.0,50.1,No
9665,67,Small Business,Standard,Monthly,64,59.98,Credit Card,6,4,2.0,65.2,No
9666,59,Consumer,Premium,Two-Year,54,133.98,Credit Card,0,0,4.0,77.0,No
9667,36,Consumer,Basic,Monthly,43,48.6,Direct Debit,6,2,2.0,77.0,No
9668,32,Enterprise,Premium,Annual,5,143.8,Bank Transfer,0,1,3.0,67.9,No
9669,58,Consumer,Standard,Monthly,6,79.54,Direct Debit,3,1,4.0,55.0,No
9670,41,Consumer,Standard,Two-Year,24,65.89,Digital Wallet,1,0,2.0,74.6,No
9671,26,Consumer,Premium,Annual,31,113.22,Credit Card,4,0,3.0,63.0,No
9672,56,Small Business,Basic,Two-Year,29,49.62,Digital Wallet,4,0,4.0,44.3,No
9673,34,Consumer,Premium,Annual,9,77.99,Bank Transfer,2,3,3.0,91.9,No
9674,41,Enterprise,Standard,Monthly,9,65.66,Bank Transfer,0,1,5.0,54.7,No
9675,53,Consumer,Standard,Annual,9,93.79,Credit Card,1,1,4.0,32.0,No
9676,45,Consumer,Premium,Annual,13,105.27,Unknown,2,0,2.0,77.5,No
9677,40,Consumer,Premium,Monthly,57,136.91,Digital Wallet,1,1,3.0,97.3,No
9678,48,Consumer,Standard,Monthly,14,63.77,Digital Wallet,2,1,3.0,48.2,Yes
9679,29,Enterprise,Premium,Monthly,22,96.73,Bank Transfer,2,2,5.0,37.2,No
9680,45,Small Business,Standard,Annual,18,63.41,Bank Transfer,1,0,4.0,75.3,No
9681,29,Consumer,Basic,Monthly,14,42.3,Direct Debit,3,0,3.0,59.7,No
9682,18,Consumer,Basic,Annual,62,28.52,Digital Wallet,1,1,3.0,68.2,No
9683,32,Consumer,Basic,Monthly,78,38.73,Digital Wallet,1,4,3.0,60.3,No
9684,39,Enterprise,Premium,Annual,75,110.23,Digital Wallet,1,2,3.0,56.3,No
9685,40,Enterprise,Standard,Monthly,37,66.07,Credit Card,3,3,5.0,66.0,No
9686,38,Consumer,Basic,Monthly,38,62.01,Digital Wallet,1,0,4.0,44.7,No
9687,19,Consumer,Basic,Annual,33,44.17,Direct Debit,3,0,2.0,45.5,No
9688,59,Small Business,Basic,Annual,23,52.88,Bank Transfer,2,0,4.0,65.9,No
9689,52,Consumer,Standard,Two-Year,25,98.94,Credit Card,0,2,4.0,66.7,No
9690,60,Consumer,Standard,Monthly,28,91.76,Digital Wallet,4,1,3.0,54.1,No
9691,55,Small Business,Standard,Monthly,12,81.99,Credit Card,4,1,3.0,39.1,No
9692,45,Consumer,Basic,Annual,37,49.45,Direct Debit,1,0,,66.8,No
9693,36,Consumer,Basic,Monthly,5,41.87,Digital Wallet,2,0,1.0,18.3,No
9694,27,Consumer,Basic,Annual,5,38.79,Credit Card,1,0,3.0,59.8,No
9695,58,Consumer,Basic,Annual,15,52.77,Credit Card,2,1,4.0,68.7,No
9696,36,Enterprise,Premium,Monthly,10,87.97,Credit Card,8,7,2.0,47.0,No
9697,52,Consumer,Standard,Monthly,2,89.62,Bank Transfer,2,1,3.0,55.8,No
9698,40,Consumer,Premium,Annual,21,98.19,Direct Debit,3,1,2.0,57.3,No
9699,39,Consumer,Basic,Monthly,41,32.51,Direct Debit,3,2,3.0,48.7,No
9700,37,Consumer,Premium,Monthly,40,118.62,Credit Card,4,0,2.0,48.5,No
9701,50,Small Business,Standard,Two-Year,6,78.1,Bank Transfer,2,0,4.0,48.9,No
9702,51,Consumer,Standard,Monthly,54,79.2,Bank Transfer,4,1,3.0,59.9,No
9703,41,Consumer,Basic,Two-Year,34,43.71,Credit Card,2,1,3.0,51.8,No
9704,45,Consumer,Basic,Annual,29,52.31,Bank Transfer,1,2,3.0,65.3,No
9705,54,Consumer,Basic,Monthly,30,34.69,Credit Card,2,1,3.0,48.5,No
9706,18,Consumer,Basic,Annual,32,48.1,Bank Transfer,1,0,5.0,67.1,No
9707,32,Consumer,Basic,Monthly,19,35.7,Direct Debit,4,3,4.0,23.5,Yes
9708,47,Consumer,Basic,Monthly,38,47.29,Direct Debit,2,1,3.0,73.1,No
9709,32,Enterprise,Standard,Monthly,6,72.41,Credit Card,4,2,2.0,47.2,No
9710,47,Enterprise,Basic,Monthly,21,37.16,Credit Card,2,0,2.0,60.9,No
9711,37,Consumer,Standard,Monthly,22,66.97,Direct Debit,2,4,3.0,42.1,No
9712,32,Consumer,Premium,Monthly,96,101.5,Direct Debit,0,1,3.0,60.5,No
9713,43,Consumer,Standard,Annual,15,89.56,Credit Card,1,0,2.0,66.2,No
9714,43,Consumer,Standard,Monthly,23,82.24,Digital Wallet,1,0,4.0,53.3,No
9715,50,Small Business,Standard,Monthly,24,58.6,Credit Card,6,3,2.0,19.6,No
9716,51,Small Business,Standard,Monthly,28,66.67,Direct Debit,3,2,3.0,56.1,No
9717,39,Consumer,Basic,Monthly,29,32.94,Digital Wallet,2,1,3.0,51.0,No
9718,47,Enterprise,Basic,Annual,5,57.05,Bank Transfer,2,1,3.0,60.6,No
9719,29,Consumer,Basic,Two-Year,9,51.07,Digital Wallet,2,0,3.0,67.4,No
9720,35,Consumer,Basic,Monthly,45,36.37,Credit Card,3,0,2.0,51.6,Yes
9721,65,Consumer,Basic,Monthly,59,49.5,Direct Debit,2,1,2.0,47.4,No
9722,77,Consumer,Standard,Annual,60,86.5,Credit Card,3,1,3.0,41.6,No
9723,36,Small Business,Standard,Two-Year,11,73.14,Bank Transfer,0,0,3.0,70.5,No
9724,71,Enterprise,Standard,Monthly,35,62.77,Bank Transfer,3,2,4.0,54.3,No
9725,21,Consumer,Basic,Monthly,81,50.37,Bank Transfer,1,1,3.0,47.9,No
9726,30,Consumer,Basic,Annual,9,47.1,Credit Card,1,0,4.0,81.3,No
9727,58,Small Business,Standard,Monthly,22,80.92,Unknown,2,1,4.0,34.0,No
9728,43,Consumer,Standard,Annual,72,68.32,Credit Card,0,1,2.0,51.0,No
9729,54,Consumer,Premium,Monthly,20,120.79,Direct Debit,2,0,1.0,69.7,No
9730,49,Consumer,Basic,Monthly,46,33.09,Digital Wallet,2,2,3.0,46.6,No
9731,37,Consumer,Standard,Annual,6,78.95,Credit Card,1,1,3.0,71.6,No
9732,38,Enterprise,Standard,Annual,17,62.56,Bank Transfer,3,0,4.0,66.4,Yes
9733,51,Consumer,Basic,Annual,34,49.09,Digital Wallet,1,0,4.0,65.0,No
9734,36,Consumer,Standard,Annual,23,69.82,Digital Wallet,1,0,5.0,79.0,No
9735,46,Consumer,Standard,Two-Year,25,82.56,Direct Debit,1,0,4.0,66.7,No
9736,18,Enterprise,Standard,Annual,26,86.3,Credit Card,1,1,3.0,62.3,No
9737,33,Consumer,Standard,Annual,35,62.57,Bank Transfer,1,0,2.0,48.8,No
9738,27,Consumer,Standard,Monthly,5,45.87,Direct Debit,1,0,4.0,31.8,No
9739,30,Consumer,Basic,Monthly,17,42.78,Digital Wallet,7,3,3.0,52.6,No
9740,39,Consumer,Standard,Monthly,12,76.38,Digital Wallet,6,4,2.0,78.6,No
9741,35,Enterprise,Premium,Monthly,7,106.61,Direct Debit,3,0,3.0,33.8,Yes
9742,46,Small Business,Premium,Two-Year,35,103.77,Bank Transfer,2,0,4.0,56.7,No
9743,60,Small Business,Basic,Annual,6,43.66,Credit Card,2,0,3.0,21.9,No
9744,33,Small Business,Standard,Two-Year,39,88.81,Digital Wallet,0,0,4.0,66.3,No
9745,43,Small Business,Standard,Monthly,11,81.61,Credit Card,2,2,3.0,61.0,Yes
9746,26,Consumer,Basic,Monthly,12,52.86,Direct Debit,2,1,3.0,52.9,No
9747,51,Small Business,Standard,Monthly,41,69.24,Bank Transfer,4,2,3.0,52.0,No
9748,35,Small Business,Premium,Annual,21,94.89,Digital Wallet,1,0,4.0,83.9,No
9749,40,Enterprise,Standard,Two-Year,20,73.57,Bank Transfer,2,2,2.0,56.8,No
9750,23,Consumer,Standard,Two-Year,24,72.19,Credit Card,1,1,3.0,72.7,No
9751,43,Small Business,Standard,Monthly,19,81.44,Credit Card,1,0,3.0,46.4,No
9752,25,Small Business,Basic,Two-Year,20,43.73,Direct Debit,2,1,4.0,58.4,No
9753,18,Consumer,Premium,Monthly,12,123.47,Digital Wallet,4,1,3.0,51.7,No
9754,56,Consumer,Standard,Monthly,13,75.94,Credit Card,6,3,4.0,34.5,No
9755,26,Small Business,Basic,Annual,18,55.27,Bank Transfer,1,0,5.0,78.8,No
9756,30,Consumer,Basic,Monthly,13,44.59,Direct Debit,5,5,3.0,54.4,Yes
9757,45,Enterprise,Standard,Monthly,51,69.58,Direct Debit,0,1,2.0,55.2,Yes
9758,36,Consumer,Basic,Annual,24,46.29,Direct Debit,2,3,4.0,79.1,No
9759,23,Consumer,Premium,Monthly,9,152.92,Digital Wallet,1,0,3.0,71.1,No
9760,48,Enterprise,Standard,Monthly,12,55.89,Credit Card,4,2,2.0,31.1,No
9761,28,Consumer,Premium,Monthly,55,104.27,Bank Transfer,2,1,3.0,78.0,No
9762,36,Consumer,Standard,Monthly,20,66.08,Direct Debit,3,1,5.0,67.9,No
9763,39,Consumer,Standard,Two-Year,27,72.2,Credit Card,2,1,3.0,84.9,No
9764,43,Consumer,Basic,Monthly,7,45.91,Credit Card,0,0,2.0,73.3,Yes
9765,46,Small Business,Basic,Monthly,34,55.22,Credit Card,5,1,3.0,32.2,No
9766,55,Consumer,Standard,Annual,46,88.29,Credit Card,1,0,5.0,42.2,No
9767,57,Consumer,Standard,Annual,28,80.74,Bank Transfer,1,0,5.0,43.7,No
9768,38,Small Business,Standard,Annual,35,75.37,Direct Debit,1,0,3.0,69.3,No
9769,55,Consumer,Standard,Monthly,19,64.13,Direct Debit,2,0,2.0,36.3,No
9770,45,Consumer,Standard,Monthly,7,91.83,Direct Debit,3,1,2.0,62.1,No
9771,39,Consumer,Basic,Two-Year,15,44.93,Bank Transfer,3,2,4.0,40.6,No
9772,34,Consumer,Basic,Monthly,60,60.34,Direct Debit,1,0,3.0,40.6,No
9773,47,Consumer,Basic,Monthly,50,37.78,Bank Transfer,2,1,4.0,51.1,No
9774,41,Small Business,Standard,Two-Year,13,48.74,Digital Wallet,2,0,4.0,81.4,No
9775,29,Enterprise,Standard,Monthly,30,102.54,Credit Card,6,2,5.0,27.4,No
9776,18,Consumer,Basic,Annual,22,51.01,Digital Wallet,3,1,1.0,50.9,No
9777,62,Consumer,Standard,Monthly,61,82.38,Credit Card,1,1,3.0,42.0,No
9778,18,Small Business,Basic,Two-Year,43,54.75,Credit Card,3,1,2.0,77.2,No
9779,65,Consumer,Standard,Annual,33,67.86,Direct Debit,4,0,3.0,56.0,No
9780,50,Small Business,Standard,Annual,9,86.19,Direct Debit,3,3,2.0,45.2,No
9781,36,Small Business,Basic,Monthly,32,48.92,Credit Card,3,1,2.0,59.6,No
9782,59,Enterprise,Basic,Monthly,28,44.72,Direct Debit,3,2,4.0,35.9,No
9783,62,Small Business,Standard,Two-Year,60,71.31,Credit Card,2,1,4.0,38.1,No
9784,59,Consumer,Basic,Monthly,38,50.64,Bank Transfer,1,1,3.0,71.2,No
9785,32,Consumer,Basic,Monthly,16,51.48,Credit Card,4,1,2.0,58.7,No
9786,44,Consumer,Standard,Monthly,26,91.55,Direct Debit,8,4,3.0,61.6,No
9787,31,Enterprise,Standard,Annual,41,63.21,Credit Card,1,2,4.0,44.2,No
9788,50,Small Business,Basic,Monthly,68,25.0,Credit Card,3,1,,44.6,No
9789,40,Consumer,Standard,Annual,25,72.82,Direct Debit,0,1,4.0,49.7,No
9790,38,Consumer,Basic,Monthly,39,42.79,Credit Card,4,0,3.0,30.0,Yes
9791,24,Consumer,Basic,Monthly,20,40.33,Direct Debit,0,0,3.0,71.2,No
9792,52,Consumer,Standard,Monthly,19,86.76,Digital Wallet,2,0,3.0,45.4,No
9793,64,Small Business,Premium,Monthly,22,113.88,Credit Card,1,0,5.0,63.4,No
9794,47,Small Business,Standard,Annual,28,80.51,Credit Card,0,0,5.0,75.8,No
9795,46,Small Business,Standard,Monthly,44,76.33,Bank Transfer,4,1,1.0,50.7,No
9796,50,Consumer,Standard,Monthly,32,81.6,Bank Transfer,1,1,3.0,61.2,No
9797,72,Small Business,Premium,Two-Year,19,128.94,Direct Debit,3,3,4.0,59.2,No
9798,74,Consumer,Standard,Monthly,24,76.06,Digital Wallet,2,0,5.0,60.8,No
9799,51,Small Business,Basic,Monthly,30,51.55,Direct Debit,2,0,4.0,68.8,No
9800,32,Consumer,Basic,Monthly,13,57.19,Credit Card,1,0,3.0,50.5,No
9801,31,Consumer,Standard,Monthly,25,73.48,Direct Debit,1,0,3.0,68.1,No
9802,47,Enterprise,Standard,Monthly,27,51.98,Direct Debit,2,0,2.0,47.5,No
9803,57,Consumer,Premium,Monthly,21,126.21,Direct Debit,2,1,4.0,69.8,No
9804,48,Consumer,Basic,Monthly,26,48.72,Credit Card,0,1,4.0,20.2,No
9805,54,Enterprise,Basic,Monthly,44,45.38,Credit Card,2,2,3.0,44.0,No
9806,51,Small Business,Basic,Annual,42,44.37,Bank Transfer,1,3,5.0,45.4,No
9807,19,Consumer,Basic,Annual,28,29.22,Bank Transfer,0,0,4.0,68.4,No
9808,24,Consumer,Standard,Monthly,34,40.99,Digital Wallet,3,0,1.0,71.0,No
9809,24,Consumer,Basic,Annual,25,39.85,Unknown,1,0,3.0,62.0,No
9810,31,Consumer,Standard,Monthly,11,80.94,Bank Transfer,1,3,4.0,79.9,No
9811,56,Consumer,Premium,Monthly,70,131.28,Credit Card,1,0,5.0,82.3,No
9812,34,Consumer,Basic,Monthly,32,58.95,Credit Card,1,0,2.0,60.5,Yes
9813,37,Enterprise,Basic,Monthly,52,46.93,Bank Transfer,4,0,3.0,44.6,No
9814,39,Enterprise,Standard,Monthly,68,43.84,Digital Wallet,2,0,3.0,53.2,No
9815,44,Consumer,Premium,Annual,26,144.0,Direct Debit,2,0,3.0,87.8,No
9816,35,Consumer,Standard,Monthly,22,102.48,Direct Debit,3,1,3.0,74.3,No
9817,36,Consumer,Basic,Monthly,9,46.59,Bank Transfer,4,1,3.0,45.2,Yes
9818,53,Consumer,Standard,Monthly,8,63.75,Digital Wallet,2,1,4.0,68.9,No
9819,41,Consumer,Premium,Two-Year,6,143.67,Credit Card,1,1,4.0,75.1,No
9820,38,Consumer,Basic,Annual,30,49.82,Digital Wallet,1,0,4.0,52.3,No
9821,44,Consumer,Basic,Monthly,13,48.83,Credit Card,1,0,4.0,80.7,No
9822,51,Enterprise,Basic,Monthly,19,48.54,Digital Wallet,0,0,5.0,56.5,No
9823,58,Consumer,Standard,Monthly,60,60.78,Bank Transfer,2,2,4.0,75.3,No
9824,40,Consumer,Standard,Annual,17,67.48,Direct Debit,2,0,3.0,62.2,Yes
9825,49,Consumer,Basic,Two-Year,21,44.77,Digital Wallet,3,2,5.0,64.6,No
9826,33,Consumer,Basic,Monthly,11,52.52,Digital Wallet,4,0,3.0,43.7,No
9827,29,Small Business,Basic,Two-Year,29,31.23,Bank Transfer,0,0,4.0,62.5,No
9828,39,Consumer,Premium,Annual,8,113.99,Digital Wallet,4,0,3.0,68.4,No
9829,44,Consumer,Standard,Annual,10,70.69,Bank Transfer,1,2,3.0,71.0,No
9830,56,Consumer,Basic,Two-Year,42,56.81,Credit Card,5,3,3.0,60.7,No
9831,59,Small Business,Standard,Monthly,43,70.91,Direct Debit,2,1,3.0,45.4,No
9832,44,Enterprise,Standard,Monthly,8,86.76,Bank Transfer,4,4,2.0,42.4,No
9833,42,Enterprise,Basic,Monthly,43,37.74,Credit Card,1,0,4.0,44.8,No
9834,45,Enterprise,Standard,Monthly,68,81.47,Digital Wallet,2,3,3.0,42.6,No
9835,36,Consumer,Standard,Monthly,79,71.5,Bank Transfer,3,3,3.0,66.9,No
9836,37,Consumer,Basic,Two-Year,27,31.77,Bank Transfer,0,1,4.0,70.8,No
9837,50,Enterprise,Basic,Monthly,57,58.0,Credit Card,0,1,2.0,70.8,No
9838,51,Consumer,Standard,Monthly,25,80.13,Direct Debit,3,1,3.0,39.6,No
9839,42,Consumer,Premium,Monthly,30,112.49,Digital Wallet,1,1,4.0,62.1,No
9840,57,Consumer,Standard,Monthly,24,56.99,Credit Card,3,3,3.0,67.8,No
9841,44,Small Business,Basic,Monthly,24,47.76,Bank Transfer,5,0,3.0,82.0,No
9842,36,Consumer,Standard,Monthly,31,71.23,Credit Card,1,1,4.0,62.6,No
9843,44,Consumer,Basic,Monthly,7,45.07,Credit Card,2,1,3.0,34.3,No
9844,64,Enterprise,Standard,Two-Year,32,58.7,Bank Transfer,0,0,3.0,55.1,No
9845,39,Small Business,Standard,Monthly,19,69.71,Digital Wallet,2,0,4.0,49.5,No
9846,39,Enterprise,Basic,Two-Year,32,28.74,Direct Debit,2,0,3.0,57.5,No
9847,37,Consumer,Basic,Monthly,45,42.36,Direct Debit,2,0,5.0,47.6,No
9848,39,Consumer,Basic,Annual,10,45.37,Direct Debit,6,5,1.0,61.9,No
9849,40,Enterprise,Basic,Annual,19,41.39,Bank Transfer,0,2,4.0,86.2,No
9850,45,Consumer,Basic,Monthly,27,52.28,Direct Debit,1,3,2.0,47.1,No
9851,48,Small Business,Standard,Monthly,8,67.97,Bank Transfer,2,3,4.0,79.1,No
9852,43,Consumer,Premium,Monthly,44,82.34,Bank Transfer,5,3,3.0,14.2,No
9853,60,Consumer,Standard,Annual,17,76.3,Direct Debit,2,1,2.0,81.2,No
9854,30,Consumer,Standard,Monthly,14,84.51,Bank Transfer,5,3,2.0,75.1,No
9855,52,Consumer,Standard,Monthly,3,79.84,Credit Card,1,0,3.0,79.3,No
9856,53,Enterprise,Premium,Annual,30,106.59,Digital Wallet,1,1,2.0,41.0,No
9857,65,Consumer,Basic,Two-Year,27,32.54,Bank Transfer,1,2,3.0,93.6,No
9858,60,Consumer,Basic,Annual,33,39.85,Bank Transfer,2,0,5.0,65.3,No
9859,56,Small Business,Standard,Two-Year,22,68.11,Credit Card,1,0,5.0,71.1,No
9860,28,Small Business,Basic,Annual,8,37.89,Credit Card,2,1,5.0,84.7,No
9861,52,Small Business,Standard,Monthly,29,91.85,Digital Wallet,5,1,4.0,25.6,No
9862,27,Consumer,Standard,Monthly,29,103.53,Credit Card,1,1,4.0,54.2,No
9863,25,Small Business,Premium,Monthly,41,108.83,Direct Debit,2,1,4.0,67.4,No
9864,42,Consumer,Standard,Monthly,17,67.2,Credit Card,5,3,4.0,59.4,Yes
9865,23,Consumer,Standard,Monthly,96,67.01,Credit Card,3,1,2.0,45.2,No
9866,24,Consumer,Standard,Monthly,23,41.99,Credit Card,2,1,2.0,61.7,No
9867,40,Small Business,Basic,Monthly,13,51.39,Bank Transfer,2,3,4.0,53.3,Yes
9868,39,Small Business,Standard,Annual,42,68.24,Bank Transfer,0,0,3.0,88.2,No
9869,37,Consumer,Basic,Monthly,67,35.78,Digital Wallet,3,3,4.0,35.5,No
9870,22,Consumer,Basic,Monthly,4,39.73,Direct Debit,4,0,3.0,47.4,No
9871,38,Consumer,Premium,Monthly,30,108.61,Credit Card,4,2,4.0,80.7,No
9872,57,Enterprise,Standard,Annual,10,105.41,Direct Debit,1,1,5.0,43.1,No
9873,39,Small Business,Standard,Annual,14,41.97,Digital Wallet,3,2,2.0,63.3,No
9874,56,Consumer,Standard,Monthly,11,86.91,Direct Debit,2,1,4.0,41.0,No
9875,69,Small Business,Standard,Annual,30,52.23,Direct Debit,1,0,5.0,80.7,No
9876,55,Consumer,Standard,Monthly,34,67.95,Direct Debit,3,1,3.0,60.7,No
9877,51,Enterprise,Premium,Annual,48,125.41,Bank Transfer,1,1,3.0,57.2,No
9878,47,Small Business,Premium,Two-Year,9,113.29,Credit Card,0,0,3.0,88.5,No
9879,38,Consumer,Premium,Two-Year,25,88.53,Credit Card,1,0,3.0,72.4,No
9880,48,Small Business,Standard,Monthly,38,75.15,Digital Wallet,4,0,2.0,49.0,No
9881,39,Consumer,Standard,Monthly,24,81.84,Credit Card,3,1,3.0,70.8,No
9882,63,Consumer,Standard,Monthly,47,74.32,Digital Wallet,6,1,3.0,68.1,No
9883,46,Consumer,Basic,Monthly,61,49.98,Direct Debit,4,1,1.0,66.3,No
9884,45,Small Business,Standard,Monthly,26,60.85,Bank Transfer,1,0,3.0,60.7,No
9885,45,Small Business,Basic,Monthly,54,29.84,Credit Card,0,0,4.0,60.7,No
9886,42,Consumer,Premium,Annual,22,118.69,Digital Wallet,1,1,5.0,70.9,No
9887,22,Consumer,Premium,Monthly,25,119.67,Direct Debit,1,1,4.0,67.9,No
9888,59,Consumer,Premium,Monthly,17,121.83,Bank Transfer,1,2,3.0,64.6,No
9889,18,Enterprise,Premium,Monthly,26,109.83,Bank Transfer,3,0,3.0,73.3,No
9890,40,Consumer,Premium,Monthly,13,108.1,Credit Card,3,1,3.0,42.5,No
9891,40,Consumer,Standard,Monthly,58,59.04,Bank Transfer,3,1,3.0,48.6,No
9892,42,Enterprise,Standard,Monthly,31,54.94,Digital Wallet,0,0,3.0,71.8,No
9893,18,Consumer,Premium,Two-Year,20,121.06,Credit Card,1,0,2.0,63.4,No
9894,54,Enterprise,Basic,Annual,25,58.64,Direct Debit,1,0,5.0,75.7,No
9895,48,Consumer,Basic,Monthly,35,41.31,Bank Transfer,8,3,1.0,40.0,No
9896,47,Enterprise,Standard,Annual,21,64.14,Credit Card,4,0,2.0,66.3,No
9897,35,Small Business,Standard,Monthly,32,87.45,Direct Debit,0,0,3.0,60.6,No
9898,53,Consumer,Standard,Annual,24,59.48,Digital Wallet,1,0,4.0,48.7,No
9899,20,Small Business,Standard,Monthly,35,49.5,Credit Card,3,2,4.0,42.0,No
9900,57,Consumer,Basic,Two-Year,13,43.24,Digital Wallet,4,1,2.0,66.2,No
9901,64,Consumer,Basic,Monthly,15,35.82,Bank Transfer,4,4,2.0,61.4,Yes
9902,61,Consumer,Basic,Monthly,41,56.79,Direct Debit,2,1,2.0,49.5,Yes
9903,39,Consumer,Standard,Monthly,28,99.12,Credit Card,3,1,2.0,35.7,No
9904,57,Enterprise,Standard,Monthly,11,89.51,Digital Wallet,3,1,5.0,49.6,No
9905,52,Small Business,Standard,Annual,44,60.93,Digital Wallet,1,0,4.0,69.2,No
9906,18,Consumer,Basic,Monthly,26,44.76,Direct Debit,4,0,2.0,59.3,No
9907,36,Consumer,Basic,Monthly,41,61.43,Digital Wallet,5,4,3.0,41.4,No
9908,58,Consumer,Basic,Two-Year,68,31.0,Digital Wallet,1,1,4.0,43.7,No
9909,32,Consumer,Premium,Annual,19,94.17,Direct Debit,0,2,3.0,66.0,No
9910,35,Small Business,Standard,Two-Year,31,65.81,Bank Transfer,2,2,2.0,30.0,No
9911,42,Consumer,Standard,Monthly,18,78.94,Credit Card,1,1,3.0,50.0,No
9912,55,Consumer,Standard,Monthly,21,60.54,Credit Card,4,1,2.0,76.4,No
9913,61,Consumer,Premium,Annual,6,121.18,Digital Wallet,2,0,4.0,75.1,No
9914,32,Consumer,Standard,Annual,13,58.86,Direct Debit,2,1,5.0,62.0,No
9915,42,Small Business,Standard,Annual,39,76.13,Credit Card,5,3,3.0,70.4,No
9916,45,Consumer,Standard,Monthly,4,77.64,Bank Transfer,3,3,5.0,57.2,No
9917,32,Small Business,Standard,Monthly,12,63.53,Direct Debit,2,1,4.0,36.6,No
9918,49,Small Business,Standard,Monthly,18,71.05,Direct Debit,1,1,3.0,52.1,No
9919,59,Small Business,Premium,Monthly,11,115.69,Bank Transfer,1,0,3.0,64.3,No
9920,44,Consumer,Basic,Annual,12,36.56,Bank Transfer,2,0,3.0,55.9,No
9921,24,Consumer,Basic,Monthly,27,35.04,Credit Card,3,0,4.0,39.0,No
9922,32,Consumer,Standard,Monthly,29,65.05,Credit Card,4,1,3.0,53.5,Yes
9923,47,Consumer,Standard,Annual,96,48.65,Digital Wallet,4,3,2.0,44.0,No
9924,43,Small Business,Premium,Two-Year,78,124.45,Digital Wallet,1,1,3.0,63.7,No
9925,37,Enterprise,Basic,Annual,35,51.25,Bank Transfer,1,3,,77.1,No
9926,31,Consumer,Basic,Monthly,34,55.57,Credit Card,2,1,3.0,65.7,No
9927,45,Consumer,Standard,Monthly,67,63.92,Direct Debit,4,0,3.0,61.4,No
9928,28,Small Business,Premium,Two-Year,12,124.43,Bank Transfer,1,0,4.0,62.7,No
9929,52,Consumer,Basic,Monthly,26,46.52,Direct Debit,1,1,5.0,66.4,No
9930,42,Enterprise,Standard,Monthly,37,84.32,Digital Wallet,2,1,2.0,51.6,No
9931,43,Consumer,Premium,Monthly,96,111.66,Digital Wallet,2,3,5.0,71.1,No
9932,62,Consumer,Basic,Two-Year,15,43.12,Digital Wallet,2,2,3.0,56.5,No
9933,45,Consumer,Standard,Monthly,27,88.61,Direct Debit,5,0,3.0,52.9,No
9934,66,Small Business,Basic,Monthly,46,31.8,Credit Card,7,7,3.0,47.7,No
9935,35,Small Business,Standard,Annual,81,91.36,Bank Transfer,3,2,3.0,44.6,No
9936,31,Consumer,Standard,Monthly,17,69.22,Credit Card,4,2,3.0,47.5,No
9937,31,Consumer,Standard,Monthly,39,57.72,Bank Transfer,1,1,4.0,54.4,No
9938,54,Enterprise,Standard,Monthly,3,69.73,Digital Wallet,3,2,3.0,45.4,No
9939,52,Enterprise,Basic,Monthly,13,54.97,Digital Wallet,2,0,3.0,71.8,No
9940,53,Consumer,Basic,Monthly,10,49.78,Unknown,0,0,5.0,56.7,No
9941,35,Small Business,Standard,Annual,14,83.08,Bank Transfer,2,0,4.0,70.3,No
9942,18,Consumer,Standard,Monthly,41,87.83,Credit Card,1,2,4.0,62.6,No
9943,54,Consumer,Standard,Two-Year,25,63.48,Credit Card,3,1,4.0,40.5,No
9944,32,Small Business,Standard,Two-Year,34,99.14,Credit Card,0,1,3.0,52.7,No
9945,35,Enterprise,Standard,Monthly,11,87.36,Direct Debit,2,1,2.0,63.9,No
9946,21,Consumer,Standard,Annual,61,78.11,Digital Wallet,0,0,5.0,92.0,No
9947,43,Consumer,Standard,Monthly,30,79.22,Digital Wallet,5,2,1.0,35.8,No
9948,18,Consumer,Basic,Monthly,37,48.05,Direct Debit,1,1,4.0,52.2,No
9949,33,Consumer,Standard,Monthly,22,60.17,Direct Debit,2,2,3.0,96.2,No
9950,49,Small Business,Premium,Two-Year,16,137.96,Credit Card,3,0,3.0,57.2,No
9951,38,Consumer,Premium,Monthly,12,117.87,Credit Card,1,1,3.0,79.6,No
9952,26,Small Business,Standard,Annual,51,75.95,Credit Card,1,0,3.0,71.5,No
9953,35,Consumer,Basic,Monthly,62,30.75,Bank Transfer,3,0,3.0,58.4,No
9954,50,Consumer,Standard,Two-Year,9,68.39,Digital Wallet,0,0,3.0,59.9,No
9955,38,Consumer,Basic,Monthly,21,40.12,Bank Transfer,1,1,3.0,84.0,No
9956,48,Consumer,Basic,Monthly,41,45.04,Credit Card,1,1,4.0,44.1,No
9957,27,Consumer,Premium,Monthly,35,101.18,Bank Transfer,0,0,4.0,60.2,No
9958,46,Consumer,Standard,Monthly,43,79.85,Digital Wallet,1,1,3.0,52.3,No
9959,53,Consumer,Premium,Monthly,10,123.28,Digital Wallet,4,2,2.0,47.4,No
9960,44,Consumer,Basic,Monthly,45,42.41,Credit Card,5,4,3.0,57.2,No
9961,49,Consumer,Premium,Monthly,16,126.48,Digital Wallet,1,1,3.0,76.0,No
9962,37,Small Business,Standard,Monthly,14,75.28,Direct Debit,1,1,3.0,62.6,No
9963,45,Consumer,Basic,Two-Year,40,46.61,Credit Card,4,4,3.0,61.7,No
9964,64,Small Business,Premium,Two-Year,34,110.86,Direct Debit,1,1,2.0,83.0,No
9965,43,Consumer,Basic,Monthly,8,42.67,Bank Transfer,3,1,3.0,63.5,No
9966,35,Consumer,Premium,Monthly,9,108.18,Digital Wallet,1,1,5.0,59.9,No
9967,62,Enterprise,Standard,Annual,22,66.76,Digital Wallet,4,3,3.0,58.7,No
9968,60,Small Business,Basic,Monthly,11,50.87,Credit Card,4,1,2.0,57.3,Yes
9969,43,Consumer,Basic,Monthly,15,53.67,Bank Transfer,4,3,3.0,35.7,No
9970,36,Consumer,Standard,Monthly,25,82.0,Digital Wallet,2,1,3.0,56.0,Yes
9971,41,Enterprise,Standard,Monthly,13,74.91,Digital Wallet,2,4,4.0,49.8,No
9972,60,Consumer,Basic,Monthly,47,55.0,Bank Transfer,3,1,2.0,76.5,Yes
9973,33,Consumer,Basic,Two-Year,53,37.18,Digital Wallet,0,0,3.0,65.8,No
9974,71,Enterprise,Standard,Annual,19,74.54,Credit Card,1,2,4.0,35.5,No
9975,31,Consumer,Basic,Two-Year,14,49.73,Digital Wallet,3,2,3.0,35.1,No
9976,34,Small Business,Standard,Monthly,36,78.71,Digital Wallet,3,3,4.0,53.9,No
9977,29,Consumer,Basic,Monthly,11,51.07,Direct Debit,0,0,3.0,60.1,Yes
9978,38,Small Business,Premium,Annual,6,101.7,Direct Debit,1,2,3.0,79.5,No
9979,66,Enterprise,Standard,Annual,19,47.55,Credit Card,1,1,3.0,68.3,No
9980,34,Enterprise,Standard,Annual,68,92.18,Digital Wallet,2,1,3.0,56.8,No
9981,44,Consumer,Standard,Monthly,76,65.36,Bank Transfer,2,1,3.0,90.1,No
9982,61,Small Business,Standard,Monthly,19,76.73,Direct Debit,2,3,3.0,37.2,No
9983,61,Consumer,Premium,Annual,8,122.97,Direct Debit,1,0,4.0,63.1,No
9984,32,Consumer,Premium,Annual,41,114.64,Digital Wallet,3,1,4.0,75.1,No
9985,36,Small Business,Standard,Two-Year,38,101.56,Digital Wallet,1,1,2.0,40.3,No
9986,65,Consumer,Standard,Monthly,25,62.25,Digital Wallet,2,0,4.0,33.9,No
9987,31,Small Business,Standard,Two-Year,72,84.61,Credit Card,1,0,4.0,70.5,No
9988,69,Small Business,Standard,Monthly,37,66.39,Direct Debit,0,1,2.0,54.2,No
9989,23,Consumer,Basic,Monthly,13,49.4,Bank Transfer,4,3,1.0,47.9,No
9990,36,Small Business,Premium,Annual,16,133.47,Bank Transfer,1,2,4.0,78.6,No
9991,24,Enterprise,Basic,Two-Year,28,45.88,Credit Card,0,1,2.0,52.9,No
9992,80,Small Business,Premium,Monthly,37,121.8,Direct Debit,4,1,4.0,82.0,No
9993,41,Small Business,Standard,Monthly,6,55.04,Digital Wallet,3,1,5.0,63.6,No
9994,36,Consumer,Premium,Annual,11,88.76,Bank Transfer,2,2,5.0,84.5,No
9995,77,Consumer,Standard,Two-Year,19,86.1,Digital Wallet,1,2,4.0,38.8,No
9996,53,Consumer,Basic,Two-Year,13,47.12,Digital Wallet,5,2,1.0,79.2,No
9997,46,Consumer,Basic,Monthly,25,59.56,Credit Card,4,2,1.0,56.2,No
9998,58,Consumer,Premium,Monthly,41,131.42,Digital Wallet,4,1,3.0,57.0,No
9999,53,Consumer,Basic,Monthly,44,50.97,Digital Wallet,3,1,2.0,51.0,No
10000,62,Consumer,Standard,Annual,51,86.59,Credit Card,2,0,3.0,55.1,No
10001,37,Enterprise,Basic,Monthly,57,33.31,Digital Wallet,2,1,1.0,64.8,No
10002,38,Enterprise,Premium,Monthly,17,99.15,Digital Wallet,1,0,5.0,86.2,Yes
10003,57,Consumer,Basic,Annual,3,53.43,Digital Wallet,4,0,4.0,41.2,No
10004,33,Consumer,Standard,Monthly,22,104.59,Bank Transfer,0,0,5.0,52.0,No
10005,44,Consumer,Standard,Annual,19,73.47,Digital Wallet,0,1,4.0,63.6,No
10006,55,Consumer,Premium,Two-Year,16,110.22,Bank Transfer,0,0,2.0,58.9,No
10007,57,Consumer,Basic,Monthly,24,53.23,Digital Wallet,2,2,4.0,44.4,No
10008,66,Small Business,Basic,Annual,7,56.41,Digital Wallet,1,0,4.0,63.9,No
10009,59,Consumer,Basic,Annual,2,49.54,Digital Wallet,1,2,4.0,38.9,No
10010,44,Consumer,Basic,Annual,8,42.17,Direct Debit,0,1,3.0,63.6,No
10011,40,Small Business,Standard,Monthly,16,82.92,Direct Debit,1,1,3.0,61.6,No
10012,31,Consumer,Basic,Annual,71,45.3,Direct Debit,2,1,3.0,69.9,No
10013,49,Small Business,Basic,Annual,33,43.59,Credit Card,2,0,3.0,51.5,No
10014,42,Small Business,Premium,Monthly,17,101.05,Credit Card,0,0,3.0,54.5,No
10015,64,Small Business,Premium,Two-Year,63,95.55,Digital Wallet,4,0,4.0,82.2,No
10016,46,Small Business,Standard,Annual,1,67.98,Credit Card,7,3,3.0,33.3,No
10017,45,Consumer,Standard,Annual,30,76.41,Credit Card,2,0,3.0,69.8,No
10018,30,Consumer,Basic,Annual,11,48.97,Digital Wallet,4,2,3.0,59.2,No
10019,23,Small Business,Standard,Annual,54,81.23,Bank Transfer,2,0,3.0,46.8,No
10020,32,Small Business,Basic,Two-Year,27,33.27,Credit Card,1,1,4.0,72.7,No
10021,30,Small Business,Basic,Two-Year,6,34.6,Direct Debit,2,2,3.0,60.1,No
10022,39,Consumer,Standard,Annual,36,77.35,Credit Card,2,0,3.0,54.6,No
10023,56,Consumer,Standard,Monthly,21,80.14,Digital Wallet,1,2,3.0,75.0,No
10024,61,Small Business,Basic,Two-Year,24,47.74,Bank Transfer,1,1,5.0,94.2,No
10025,49,Consumer,Basic,Monthly,89,44.69,Direct Debit,1,0,3.0,38.6,No
10026,47,Consumer,Premium,Monthly,24,98.64,Bank Transfer,2,2,4.0,49.2,No
10027,20,Small Business,Premium,Monthly,38,128.6,Direct Debit,3,1,3.0,64.1,No
10028,35,Consumer,Standard,Annual,7,89.96,Digital Wallet,0,1,2.0,36.1,No
10029,51,Consumer,Basic,Annual,24,36.43,Direct Debit,3,1,3.0,61.8,No
10030,53,Consumer,Basic,Two-Year,53,28.35,Digital Wallet,1,1,4.0,37.3,No
10031,24,Enterprise,Standard,Annual,13,76.27,Unknown,2,4,5.0,84.4,No
10032,34,Enterprise,Premium,Monthly,13,127.5,Direct Debit,4,2,2.0,79.1,Yes
10033,44,Consumer,Standard,Monthly,16,93.84,Credit Card,3,0,4.0,76.5,Yes
10034,21,Enterprise,Premium,Monthly,15,124.1,Bank Transfer,2,0,4.0,44.1,No
10035,32,Consumer,Basic,Monthly,8,57.1,Credit Card,2,0,5.0,71.0,No
10036,73,Consumer,Standard,Monthly,38,72.58,Credit Card,7,3,1.0,29.4,No
10037,68,Consumer,Basic,Annual,44,52.02,Digital Wallet,2,0,4.0,62.9,No
10038,37,Consumer,Standard,Monthly,31,77.08,Direct Debit,2,0,5.0,65.9,No
10039,53,Consumer,Basic,Monthly,45,46.18,Digital Wallet,3,2,3.0,56.1,No
10040,46,Consumer,Basic,Annual,74,50.43,Digital Wallet,1,0,4.0,64.2,No
10041,45,Small Business,Standard,Annual,32,87.77,Bank Transfer,2,1,4.0,79.3,No
10042,38,Enterprise,Basic,Monthly,52,51.42,Direct Debit,0,0,4.0,37.5,No
10043,35,Consumer,Basic,Two-Year,36,45.09,Digital Wallet,0,2,4.0,51.3,No
10044,32,Consumer,Standard,Monthly,18,78.41,Direct Debit,1,1,2.0,76.3,No
10045,46,Consumer,Basic,Annual,61,45.05,Digital Wallet,3,0,3.0,57.2,No
10046,49,Consumer,Standard,Monthly,65,75.69,Direct Debit,2,1,2.0,64.7,No
10047,53,Consumer,Standard,Monthly,15,55.48,Digital Wallet,2,1,4.0,66.1,No
10048,71,Small Business,Basic,Monthly,12,30.52,Credit Card,2,1,3.0,41.8,No
10049,72,Consumer,Standard,Monthly,32,70.33,Digital Wallet,2,3,2.0,28.9,No
10050,50,Consumer,Standard,Monthly,17,63.42,Digital Wallet,4,3,4.0,58.1,Yes
10051,18,Small Business,Basic,Annual,36,53.94,Bank Transfer,4,0,4.0,48.5,No
10052,18,Consumer,Standard,Monthly,40,73.18,Credit Card,2,0,3.0,52.5,No
10053,45,Consumer,Premium,Annual,11,128.61,Credit Card,4,1,4.0,53.8,No
10054,53,Small Business,Basic,Monthly,22,49.03,Digital Wallet,1,0,4.0,40.5,No
10055,50,Consumer,Standard,Monthly,17,63.84,Digital Wallet,5,1,3.0,30.0,No
10056,18,Small Business,Standard,Monthly,14,75.6,Digital Wallet,2,0,3.0,31.8,No
10057,37,Small Business,Premium,Monthly,31,117.16,Unknown,4,3,3.0,40.0,No
10058,39,Consumer,Standard,Monthly,64,77.14,Bank Transfer,2,0,2.0,76.7,No
10059,50,Consumer,Premium,Monthly,11,137.68,Digital Wallet,2,1,3.0,45.1,No
10060,44,Consumer,Premium,Annual,41,113.39,Digital Wallet,0,0,4.0,100.0,No
10061,54,Consumer,Premium,Monthly,16,119.58,Direct Debit,4,1,2.0,60.5,No
10062,57,Consumer,Standard,Monthly,41,91.43,Bank Transfer,2,0,4.0,68.2,No
10063,29,Consumer,Standard,Monthly,96,62.43,Digital Wallet,1,0,5.0,65.1,No
10064,23,Small Business,Basic,Monthly,70,39.94,Bank Transfer,4,2,3.0,64.7,No
10065,30,Consumer,Basic,Monthly,14,40.61,Credit Card,3,4,3.0,74.8,Yes
10066,32,Small Business,Basic,Monthly,85,55.59,Credit Card,1,1,3.0,59.0,No
10067,47,Consumer,Premium,Monthly,39,110.84,Credit Card,3,4,,50.3,No
10068,51,Enterprise,Standard,Monthly,41,90.83,Direct Debit,2,1,3.0,35.9,Yes
10069,60,Enterprise,Standard,Monthly,17,67.85,Digital Wallet,4,1,3.0,48.7,No
10070,38,Consumer,Basic,Monthly,73,68.34,Digital Wallet,1,2,3.0,67.1,No
10071,28,Consumer,Premium,Monthly,6,92.28,Direct Debit,1,0,4.0,53.3,No
10072,48,Small Business,Basic,Annual,7,39.36,Bank Transfer,2,0,4.0,62.3,No
10073,24,Enterprise,Basic,Monthly,71,43.21,Bank Transfer,1,1,3.0,71.2,No
10074,43,Consumer,Standard,Annual,13,74.8,Direct Debit,1,2,3.0,76.2,No
10075,56,Small Business,Standard,Monthly,31,80.3,Digital Wallet,3,1,2.0,57.1,Yes
10076,35,Small Business,Standard,Two-Year,12,83.76,Credit Card,0,0,3.0,54.0,No
10077,23,Consumer,Standard,Monthly,28,78.92,Digital Wallet,2,1,4.0,59.2,No
10078,65,Consumer,Standard,Two-Year,14,83.84,Credit Card,0,0,4.0,70.4,No
10079,51,Consumer,Premium,Monthly,81,113.17,Direct Debit,2,2,3.0,53.3,No
10080,36,Small Business,Standard,Monthly,35,71.75,Bank Transfer,4,2,4.0,59.2,No
10081,64,Consumer,Standard,Monthly,27,74.76,Bank Transfer,3,2,5.0,63.4,No
10082,21,Consumer,Standard,Two-Year,22,60.84,Direct Debit,0,0,2.0,95.1,No
10083,68,Small Business,Standard,Two-Year,45,73.27,Digital Wallet,1,1,3.0,63.8,No
10084,40,Enterprise,Basic,Annual,15,39.49,Credit Card,1,2,3.0,87.1,No
10085,34,Consumer,Premium,Monthly,20,108.47,Direct Debit,2,0,4.0,93.1,No
10086,21,Consumer,Standard,Annual,14,71.99,Digital Wallet,1,1,4.0,67.1,No
10087,39,Consumer,Standard,Monthly,16,81.48,Credit Card,1,1,4.0,51.5,No
10088,54,Small Business,Basic,Annual,44,37.38,Bank Transfer,1,1,4.0,67.6,No
10089,47,Small Business,Basic,Monthly,33,53.21,Credit Card,4,3,2.0,45.6,Yes
10090,58,Consumer,Basic,Monthly,33,42.89,Digital Wallet,3,2,4.0,71.5,No
10091,42,Consumer,Premium,Annual,33,92.81,Digital Wallet,1,0,4.0,43.9,No
10092,51,Consumer,Standard,Monthly,40,81.66,Bank Transfer,4,1,2.0,55.8,No
10093,51,Consumer,Standard,Two-Year,54,69.56,Direct Debit,2,0,5.0,87.3,No
10094,22,Small Business,Premium,Two-Year,10,140.17,Bank Transfer,5,4,4.0,43.3,No
10095,50,Enterprise,Premium,Monthly,43,107.58,Direct Debit,3,0,4.0,66.3,No
10096,53,Consumer,Standard,Monthly,13,68.78,Credit Card,1,1,3.0,57.8,No
10097,46,Consumer,Premium,Annual,20,125.77,Credit Card,2,2,3.0,73.5,No
10098,42,Consumer,Standard,Monthly,13,66.86,Digital Wallet,5,1,3.0,36.6,No
10099,26,Enterprise,Standard,Monthly,46,63.16,Credit Card,7,4,3.0,40.3,Yes
10100,43,Enterprise,Premium,Two-Year,36,119.5,Bank Transfer,4,2,3.0,54.9,No
10101,19,Consumer,Standard,Annual,16,75.12,Direct Debit,1,1,4.0,78.3,No
10102,22,Consumer,Premium,Monthly,36,123.43,Direct Debit,2,2,2.0,76.0,No
10103,40,Consumer,Basic,Annual,30,47.16,Credit Card,1,0,5.0,61.2,No
10104,31,Small Business,Basic,Monthly,8,44.28,Bank Transfer,1,1,3.0,54.1,No
10105,42,Consumer,Premium,Annual,35,105.43,Bank Transfer,4,2,4.0,74.3,No
10106,51,Consumer,Basic,Two-Year,12,46.65,Bank Transfer,1,0,5.0,38.9,No
10107,40,Consumer,Basic,Annual,8,53.95,Direct Debit,0,0,3.0,77.7,No
10108,32,Small Business,Standard,Annual,41,62.23,Direct Debit,2,3,4.0,63.6,No
10109,49,Consumer,Standard,Monthly,36,73.19,Digital Wallet,4,3,2.0,75.8,No
10110,46,Small Business,Basic,Annual,19,54.03,Direct Debit,1,0,3.0,72.3,No
10111,30,Small Business,Standard,Monthly,33,73.83,Bank Transfer,1,1,4.0,52.8,No
10112,24,Consumer,Premium,Monthly,22,117.4,Bank Transfer,5,2,3.0,57.5,No
10113,33,Enterprise,Standard,Monthly,10,87.36,Direct Debit,6,3,3.0,53.4,No
10114,49,Consumer,Basic,Annual,8,41.82,Direct Debit,1,0,3.0,50.1,No
10115,49,Consumer,Basic,Monthly,6,43.85,Bank Transfer,1,0,3.0,36.7,No
10116,48,Small Business,Basic,Annual,15,58.77,Direct Debit,1,0,4.0,45.6,No
10117,43,Enterprise,Basic,Monthly,36,49.06,Credit Card,2,1,5.0,63.8,No
10118,42,Enterprise,Premium,Monthly,18,120.16,Direct Debit,1,0,3.0,72.8,No
10119,26,Enterprise,Basic,Annual,30,38.02,Direct Debit,2,0,4.0,57.1,No
10120,47,Consumer,Basic,Annual,58,52.25,Digital Wallet,1,3,3.0,56.1,No
10121,51,Enterprise,Standard,Monthly,33,63.39,Digital Wallet,3,0,4.0,59.7,No
10122,18,Enterprise,Standard,Annual,92,82.04,Direct Debit,1,3,2.0,64.4,No
10123,38,Consumer,Standard,Monthly,10,71.59,Bank Transfer,3,0,3.0,47.9,No
10124,45,Consumer,Premium,Annual,4,124.45,Digital Wallet,2,2,4.0,59.0,No
10125,41,Consumer,Basic,Monthly,33,46.22,Credit Card,3,1,2.0,46.7,No
10126,29,Consumer,Standard,Two-Year,38,65.84,Credit Card,1,0,5.0,61.6,No
10127,18,Small Business,Basic,Annual,28,41.63,Digital Wallet,3,0,2.0,69.4,No
10128,57,Consumer,Premium,Annual,40,98.34,Credit Card,1,0,5.0,71.2,No
10129,40,Consumer,Standard,Monthly,48,73.92,Credit Card,3,2,3.0,55.8,No
10130,38,Small Business,Standard,Two-Year,23,70.0,Digital Wallet,1,3,3.0,53.5,No
10131,35,Enterprise,Basic,Two-Year,39,38.48,Credit Card,4,5,3.0,63.2,No
10132,56,Small Business,Premium,Two-Year,20,132.09,Bank Transfer,1,0,5.0,75.9,No
10133,76,Consumer,Basic,Monthly,42,47.68,Digital Wallet,7,4,3.0,41.5,No
10134,57,Small Business,Standard,Two-Year,32,92.64,Direct Debit,1,1,4.0,73.5,No
10135,22,Small Business,Standard,Annual,25,66.3,Credit Card,1,0,4.0,83.5,No
10136,43,Consumer,Premium,Monthly,20,112.64,Bank Transfer,4,3,3.0,95.1,No
10137,40,Small Business,Basic,Monthly,47,47.5,Bank Transfer,2,0,4.0,35.5,No
10138,25,Consumer,Standard,Annual,47,82.38,Direct Debit,0,0,5.0,77.6,No
10139,44,Enterprise,Standard,Monthly,27,81.66,Digital Wallet,5,0,3.0,46.2,No
10140,65,Consumer,Standard,Annual,21,68.0,Credit Card,3,0,3.0,70.7,No
10141,50,Enterprise,Basic,Annual,40,39.53,Bank Transfer,2,1,3.0,62.4,No
10142,48,Small Business,Standard,Monthly,42,70.67,Bank Transfer,3,0,3.0,59.8,No
10143,37,Consumer,Basic,Monthly,26,45.38,Direct Debit,3,2,3.0,55.1,No
10144,32,Small Business,Premium,Two-Year,14,99.61,Direct Debit,3,0,4.0,84.6,No
10145,40,Consumer,Standard,Two-Year,32,57.92,Credit Card,3,0,3.0,71.6,No
10146,53,Consumer,Standard,Monthly,39,98.88,Bank Transfer,2,2,4.0,57.1,No
10147,40,Consumer,Basic,Two-Year,37,46.39,Bank Transfer,2,0,2.0,58.5,No
10148,41,Consumer,Standard,Monthly,49,64.53,Direct Debit,1,0,4.0,70.7,No
10149,42,Consumer,Basic,Monthly,45,53.22,Credit Card,3,2,3.0,46.5,No
10150,52,Enterprise,Standard,Monthly,48,80.79,Digital Wallet,2,0,3.0,44.6,No
10151,30,Consumer,Premium,Two-Year,96,88.44,Digital Wallet,2,1,5.0,79.4,No
10152,39,Small Business,Standard,Monthly,21,47.83,Bank Transfer,3,7,2.0,57.7,No
10153,40,Consumer,Basic,Annual,21,51.35,Digital Wallet,3,1,3.0,58.8,No
10154,35,Small Business,Standard,Annual,38,69.59,Direct Debit,0,1,4.0,54.6,No
10155,37,Small Business,Basic,Monthly,20,51.58,Credit Card,2,1,1.0,68.6,No
10156,35,Enterprise,Basic,Monthly,17,43.27,Direct Debit,2,0,2.0,16.2,No
10157,50,Consumer,Premium,Two-Year,10,83.01,Direct Debit,4,0,2.0,59.8,No
10158,31,Small Business,Basic,Two-Year,63,25.0,Credit Card,3,1,3.0,53.5,No
10159,38,Consumer,Premium,Monthly,31,115.54,Direct Debit,5,0,3.0,50.5,No
10160,18,Consumer,Standard,Annual,31,82.16,Bank Transfer,2,1,3.0,63.8,No
10161,30,Consumer,Basic,Annual,49,36.63,Credit Card,1,1,3.0,77.3,No
10162,61,Small Business,Standard,Monthly,30,83.34,Direct Debit,2,1,2.0,70.9,No
10163,36,Consumer,Standard,Monthly,19,77.87,Direct Debit,1,0,4.0,73.5,No
10164,80,Enterprise,Standard,Monthly,19,51.62,Direct Debit,3,0,3.0,45.7,Yes
10165,32,Small Business,Standard,Monthly,18,89.39,Direct Debit,5,1,3.0,35.5,No
10166,61,Consumer,Standard,Annual,20,97.64,Digital Wallet,1,0,2.0,41.6,No
10167,45,Consumer,Premium,Annual,16,124.54,Credit Card,2,0,4.0,79.5,No
10168,38,Enterprise,Premium,Annual,30,101.94,Digital Wallet,3,2,1.0,69.4,No
10169,46,Small Business,Basic,Monthly,17,38.92,Direct Debit,1,0,4.0,72.0,No
10170,59,Consumer,Basic,Monthly,10,51.78,Unknown,1,0,4.0,68.8,No
10171,52,Consumer,Standard,Monthly,40,73.45,Credit Card,3,1,4.0,39.7,No
10172,48,Consumer,Premium,Monthly,35,88.96,Credit Card,2,1,4.0,61.7,No
10173,23,Consumer,Premium,Two-Year,33,121.97,Direct Debit,1,0,3.0,89.1,No
10174,21,Consumer,Premium,Monthly,5,135.79,Digital Wallet,1,0,4.0,55.6,No
10175,53,Enterprise,Basic,Annual,63,52.4,Credit Card,2,2,3.0,64.0,No
10176,18,Enterprise,Standard,Monthly,34,88.11,Direct Debit,1,0,5.0,78.9,No
10177,43,Small Business,Standard,Annual,13,66.21,Digital Wallet,1,0,3.0,57.1,No
10178,36,Enterprise,Basic,Annual,35,42.03,Digital Wallet,3,4,3.0,47.9,No
10179,44,Small Business,Premium,Monthly,26,126.16,Direct Debit,3,0,3.0,62.5,No
10180,50,Small Business,Basic,Monthly,34,38.58,Credit Card,2,2,3.0,69.1,No
10181,33,Consumer,Premium,Monthly,16,140.47,Credit Card,4,3,3.0,45.3,No
10182,32,Enterprise,Basic,Annual,23,38.21,Bank Transfer,1,0,5.0,66.3,No
10183,44,Consumer,Standard,Monthly,40,56.89,Digital Wallet,2,2,5.0,53.7,No
10184,46,Consumer,Standard,Monthly,64,80.65,Direct Debit,3,1,2.0,62.3,No
10185,51,Consumer,Basic,Annual,18,43.22,Credit Card,2,1,4.0,65.4,No
10186,42,Consumer,Standard,Monthly,3,67.46,Credit Card,2,0,2.0,73.4,No
10187,34,Small Business,Basic,Annual,14,25.69,Digital Wallet,2,2,3.0,50.1,No
10188,47,Consumer,Basic,Annual,17,42.67,Bank Transfer,3,2,4.0,71.6,Yes
10189,42,Enterprise,Premium,Monthly,20,112.69,Digital Wallet,2,2,1.0,40.5,No
10190,37,Consumer,Standard,Monthly,48,92.54,Direct Debit,2,0,3.0,56.3,No
10191,21,Enterprise,Basic,Monthly,15,56.14,Digital Wallet,5,2,4.0,46.2,No
10192,50,Consumer,Premium,Annual,32,103.07,Credit Card,0,0,5.0,89.8,No
10193,30,Consumer,Basic,Annual,34,39.22,Bank Transfer,1,2,4.0,65.3,No
10194,58,Consumer,Standard,Annual,8,65.21,Bank Transfer,0,1,5.0,79.4,Yes
10195,56,Consumer,Standard,Monthly,10,83.54,Credit Card,0,0,2.0,65.1,No
10196,55,Consumer,Premium,Annual,25,103.74,Digital Wallet,2,0,2.0,65.8,No
10197,55,Small Business,Basic,Monthly,57,49.01,Credit Card,0,1,4.0,75.4,No
10198,27,Consumer,Standard,Annual,39,69.22,Credit Card,3,0,5.0,60.2,No
10199,45,Consumer,Basic,Two-Year,29,43.73,Direct Debit,3,1,5.0,51.6,No
10200,34,Enterprise,Basic,Monthly,22,46.17,Digital Wallet,1,0,3.0,38.1,No
10201,43,Small Business,Basic,Monthly,24,48.88,Digital Wallet,1,1,4.0,72.2,No
10202,45,Small Business,Basic,Annual,17,52.81,Bank Transfer,2,0,4.0,70.1,No
10203,53,Enterprise,Standard,Monthly,42,95.82,Credit Card,3,2,2.0,60.0,No
10204,41,Consumer,Standard,Annual,24,91.39,Credit Card,1,0,3.0,60.5,No
10205,63,Enterprise,Basic,Annual,19,40.21,Digital Wallet,3,4,5.0,79.1,No
10206,18,Consumer,Premium,Monthly,42,118.35,Direct Debit,4,2,3.0,68.2,No
10207,18,Enterprise,Basic,Monthly,10,36.14,Digital Wallet,2,1,3.0,81.3,No
10208,37,Consumer,Basic,Annual,8,41.85,Digital Wallet,2,1,5.0,52.1,No
10209,31,Small Business,Standard,Annual,46,74.96,Credit Card,1,1,4.0,68.5,No
10210,61,Consumer,Premium,Monthly,17,121.55,Digital Wallet,6,0,3.0,50.1,No
10211,40,Enterprise,Standard,Monthly,54,90.13,Credit Card,4,5,3.0,45.9,No
10212,50,Consumer,Standard,Annual,20,74.0,Bank Transfer,1,2,2.0,71.3,No
10213,37,Consumer,Standard,Monthly,38,77.4,Credit Card,8,6,2.0,57.6,No
10214,37,Enterprise,Standard,Monthly,35,92.88,Direct Debit,2,1,4.0,56.4,No
10215,37,Consumer,Basic,Monthly,16,52.09,Digital Wallet,3,0,4.0,58.0,No
10216,32,Consumer,Basic,Two-Year,33,55.65,Digital Wallet,4,2,4.0,32.7,Yes
10217,44,Consumer,Standard,Annual,12,64.87,Credit Card,0,0,4.0,73.1,No
10218,36,Enterprise,Premium,Annual,40,96.61,Credit Card,1,2,2.0,65.1,No
10219,23,Enterprise,Premium,Monthly,62,105.38,Unknown,2,1,4.0,79.4,No
10220,25,Consumer,Basic,Annual,26,42.27,Bank Transfer,0,0,4.0,63.6,No
10221,33,Small Business,Standard,Annual,30,77.2,Bank Transfer,6,2,3.0,57.6,No
10222,56,Small Business,Basic,Annual,34,53.76,Credit Card,1,1,5.0,78.6,No
10223,40,Small Business,Standard,Annual,51,61.44,Bank Transfer,0,0,4.0,78.8,No
10224,53,Consumer,Standard,Annual,24,80.69,Direct Debit,2,0,3.0,49.2,No
10225,39,Enterprise,Basic,Annual,25,52.2,Direct Debit,1,3,4.0,100.0,No
10226,39,Consumer,Standard,Annual,23,88.34,Bank Transfer,1,0,2.0,76.3,No
10227,53,Enterprise,Basic,Annual,18,58.25,Digital Wallet,1,2,3.0,59.4,No
10228,23,Consumer,Premium,Monthly,16,88.53,Digital Wallet,2,1,3.0,43.4,No
10229,33,Enterprise,Standard,Monthly,17,70.64,Bank Transfer,2,3,2.0,50.0,No
10230,18,Enterprise,Basic,Annual,25,52.79,Bank Transfer,3,1,2.0,70.9,No
10231,31,Consumer,Premium,Monthly,7,90.97,Credit Card,0,0,4.0,70.4,No
10232,48,Consumer,Standard,Annual,5,76.85,Bank Transfer,0,2,2.0,59.9,Yes
10233,46,Consumer,Premium,Annual,10,79.56,Credit Card,1,0,3.0,57.9,No
10234,62,Enterprise,Premium,Monthly,36,134.9,Direct Debit,2,2,3.0,66.3,No
10235,39,Consumer,Standard,Monthly,7,71.09,Bank Transfer,0,0,3.0,57.9,No
10236,60,Consumer,Standard,Monthly,24,90.85,Direct Debit,1,2,4.0,55.0,No
10237,46,Consumer,Basic,Annual,45,30.32,Bank Transfer,1,1,5.0,76.1,No
10238,33,Small Business,Standard,Monthly,8,80.84,Direct Debit,5,1,4.0,28.6,No
10239,28,Consumer,Standard,Monthly,14,72.97,Credit Card,3,1,3.0,60.9,Yes
10240,63,Small Business,Premium,Monthly,10,159.98,Bank Transfer,3,1,3.0,76.0,No
10241,43,Consumer,Standard,Monthly,30,82.01,Bank Transfer,6,4,3.0,40.6,No
10242,34,Small Business,Basic,Two-Year,13,35.4,Direct Debit,2,0,3.0,67.6,No
10243,33,Consumer,Standard,Monthly,10,82.84,Bank Transfer,0,0,2.0,63.7,No
10244,62,Consumer,Basic,Monthly,7,49.34,Direct Debit,4,1,3.0,51.5,No
10245,44,Enterprise,Basic,Annual,18,36.59,Direct Debit,2,1,5.0,65.9,No
10246,30,Consumer,Standard,Monthly,15,76.81,Direct Debit,2,0,5.0,67.7,No
10247,32,Small Business,Premium,Monthly,22,123.58,Digital Wallet,4,2,2.0,65.4,No
10248,31,Consumer,Basic,Annual,22,44.78,Bank Transfer,1,0,4.0,59.6,No
10249,42,Consumer,Standard,Monthly,9,87.03,Direct Debit,1,0,4.0,56.9,No
10250,63,Enterprise,Standard,Monthly,5,81.76,Bank Transfer,4,2,2.0,36.2,No
10251,23,Consumer,Standard,Monthly,7,63.36,Digital Wallet,2,0,3.0,49.6,No
10252,40,Consumer,Premium,Monthly,33,105.31,Credit Card,2,1,3.0,37.5,No
10253,58,Small Business,Standard,Monthly,11,65.01,Direct Debit,5,3,4.0,33.4,No
10254,40,Consumer,Standard,Monthly,22,69.08,Bank Transfer,1,0,2.0,42.3,Yes
10255,48,Consumer,Basic,Annual,12,48.4,Credit Card,3,1,2.0,47.9,No
10256,45,Small Business,Standard,Monthly,24,61.81,Digital Wallet,1,1,5.0,64.6,No
10257,18,Consumer,Standard,Two-Year,23,103.85,Digital Wallet,2,1,3.0,49.8,Yes
10258,39,Consumer,Standard,Annual,79,88.92,Bank Transfer,4,1,3.0,55.8,No
10259,30,Small Business,Standard,Monthly,2,79.11,Credit Card,4,2,4.0,57.5,Yes
10260,55,Consumer,Standard,Monthly,24,71.35,Bank Transfer,4,2,2.0,81.4,No
10261,59,Consumer,Standard,Monthly,12,78.97,Digital Wallet,2,0,4.0,43.5,No
10262,48,Small Business,Basic,Two-Year,18,44.66,Digital Wallet,1,0,5.0,46.4,No
10263,52,Consumer,Standard,Monthly,47,50.71,Bank Transfer,1,1,3.0,33.7,No
10264,35,Small Business,Basic,Monthly,26,31.32,Bank Transfer,2,0,2.0,59.8,No
10265,60,Enterprise,Premium,Two-Year,25,101.98,Direct Debit,1,1,2.0,69.6,No
10266,50,Consumer,Basic,Monthly,31,40.98,Bank Transfer,1,2,,69.8,No
10267,32,Small Business,Basic,Annual,17,42.05,Direct Debit,5,2,2.0,63.4,No
10268,18,Consumer,Premium,Annual,8,106.26,Bank Transfer,4,1,4.0,63.2,No
10269,59,Consumer,Basic,Monthly,4,48.36,Digital Wallet,1,3,3.0,57.4,No
10270,27,Small Business,Premium,Annual,13,95.56,Credit Card,1,0,4.0,61.3,No
10271,50,Consumer,Standard,Annual,15,86.3,Unknown,1,1,4.0,77.3,No
10272,53,Consumer,Basic,Two-Year,9,54.54,Bank Transfer,1,2,4.0,100.0,No
10273,31,Enterprise,Basic,Monthly,14,45.43,Credit Card,2,3,5.0,58.0,No
10274,68,Consumer,Basic,Monthly,38,46.12,Digital Wallet,1,0,4.0,65.8,No
10275,33,Consumer,Standard,Two-Year,48,67.02,Credit Card,3,0,5.0,51.2,No
10276,33,Consumer,Basic,Monthly,9,50.69,Direct Debit,4,2,3.0,53.2,No
10277,42,Consumer,Standard,Monthly,2,77.98,Digital Wallet,5,1,3.0,55.1,No
10278,40,Consumer,Standard,Monthly,39,76.56,Digital Wallet,1,0,3.0,77.7,No
10279,34,Consumer,Standard,Monthly,49,79.02,Bank Transfer,0,0,3.0,63.9,No
10280,40,Consumer,Standard,Monthly,27,78.48,Direct Debit,1,1,4.0,73.2,Yes
10281,52,Consumer,Basic,Two-Year,18,46.57,Direct Debit,3,1,4.0,45.0,No
10282,35,Consumer,Standard,Monthly,18,67.86,Direct Debit,3,3,2.0,51.6,Yes
10283,36,Small Business,Standard,Monthly,15,76.42,Direct Debit,1,0,3.0,35.4,No
10284,18,Consumer,Standard,Annual,31,86.16,Digital Wallet,2,0,3.0,69.4,No
10285,28,Consumer,Standard,Monthly,26,84.72,Digital Wallet,1,0,2.0,69.1,No
10286,22,Consumer,Basic,Annual,12,41.1,Bank Transfer,1,0,4.0,57.0,No
10287,55,Small Business,Basic,Monthly,23,43.36,Bank Transfer,4,0,3.0,43.5,No
10288,47,Consumer,Standard,Monthly,37,66.13,Direct Debit,2,0,2.0,68.2,No
10289,45,Enterprise,Basic,Monthly,7,64.56,Credit Card,8,1,2.0,7.9,Yes
10290,40,Enterprise,Basic,Monthly,11,61.38,Digital Wallet,6,5,1.0,48.4,No
10291,46,Small Business,Basic,Two-Year,75,44.18,Digital Wallet,3,1,5.0,44.2,No
10292,56,Consumer,Basic,Monthly,29,53.07,Credit Card,5,1,3.0,22.1,No
10293,52,Consumer,Standard,Annual,16,70.18,Credit Card,2,1,2.0,75.5,No
10294,31,Consumer,Standard,Annual,11,59.08,Digital Wallet,1,0,5.0,66.5,No
10295,19,Small Business,Basic,Annual,27,56.9,Bank Transfer,4,5,4.0,21.1,No
10296,30,Small Business,Premium,Two-Year,67,96.78,Bank Transfer,1,0,4.0,68.1,No
10297,30,Consumer,Standard,Monthly,44,89.85,Digital Wallet,6,2,3.0,47.6,No
10298,53,Small Business,Standard,Monthly,24,93.37,Credit Card,0,0,5.0,82.5,No
10299,53,Consumer,Standard,Annual,25,88.01,Direct Debit,1,0,3.0,72.5,No
10300,73,Consumer,Basic,Two-Year,26,50.81,Credit Card,1,0,3.0,77.1,No
10301,27,Consumer,Standard,Monthly,34,68.07,Digital Wallet,2,1,2.0,55.2,No
10302,44,Small Business,Basic,Monthly,9,40.39,Credit Card,1,2,3.0,59.2,No
10303,54,Consumer,Basic,Monthly,5,47.37,Bank Transfer,4,1,4.0,45.7,No
10304,53,Small Business,Basic,Annual,32,40.42,Bank Transfer,4,2,3.0,70.0,No
10305,24,Small Business,Standard,Annual,22,63.69,Credit Card,3,2,3.0,35.3,No
10306,53,Consumer,Premium,Monthly,37,107.03,Credit Card,1,0,2.0,66.1,No
10307,46,Small Business,Standard,Monthly,43,74.4,Digital Wallet,4,4,2.0,46.9,Yes
10308,46,Enterprise,Basic,Monthly,20,31.51,Bank Transfer,2,1,4.0,51.0,Yes
10309,58,Consumer,Premium,Monthly,20,129.42,Direct Debit,2,0,4.0,47.6,No
10310,30,Small Business,Basic,Monthly,43,50.23,Credit Card,1,1,5.0,79.3,No
10311,42,Small Business,Premium,Annual,51,99.24,Direct Debit,1,1,4.0,83.3,No
10312,23,Small Business,Basic,Monthly,38,45.14,Digital Wallet,5,1,5.0,59.4,No
10313,53,Small Business,Premium,Annual,39,114.46,Digital Wallet,3,1,4.0,73.0,No
10314,34,Consumer,Premium,Two-Year,66,86.71,Direct Debit,1,2,4.0,52.0,No
10315,30,Small Business,Standard,Monthly,77,61.42,Credit Card,1,2,4.0,47.0,No
10316,23,Small Business,Standard,Two-Year,32,57.35,Digital Wallet,2,3,4.0,35.9,No
10317,55,Consumer,Basic,Monthly,6,43.88,Bank Transfer,2,0,4.0,55.3,No
10318,46,Consumer,Standard,Annual,46,80.2,Bank Transfer,1,0,4.0,64.2,No
10319,62,Consumer,Standard,Annual,42,81.53,Credit Card,0,1,3.0,59.5,No
10320,63,Consumer,Basic,Annual,15,61.27,Digital Wallet,0,0,4.0,82.4,No
10321,53,Consumer,Standard,Monthly,41,82.29,Credit Card,5,2,2.0,52.0,No
10322,29,Small Business,Standard,Annual,29,64.99,Digital Wallet,4,2,3.0,58.9,No
10323,37,Enterprise,Basic,Monthly,16,42.66,Digital Wallet,7,3,3.0,59.3,No
10324,43,Consumer,Standard,Monthly,12,85.42,Bank Transfer,0,1,4.0,89.5,No
10325,58,Consumer,Standard,Annual,5,84.39,Digital Wallet,3,0,4.0,54.7,Yes
10326,74,Consumer,Standard,Monthly,5,67.5,Bank Transfer,1,2,5.0,49.7,No
10327,48,Consumer,Premium,Monthly,31,113.29,Bank Transfer,3,4,3.0,54.8,No
10328,28,Consumer,Basic,Monthly,29,42.94,Direct Debit,2,1,3.0,54.4,No
10329,53,Consumer,Standard,Annual,2,72.96,Bank Transfer,1,2,4.0,59.8,No
10330,52,Small Business,Basic,Two-Year,25,42.12,Bank Transfer,1,1,3.0,75.4,No
10331,37,Small Business,Premium,Annual,14,99.23,Direct Debit,2,2,4.0,24.0,No
10332,51,Consumer,Premium,Monthly,17,84.84,Credit Card,4,1,2.0,53.9,Yes
10333,30,Small Business,Premium,Two-Year,35,120.3,Bank Transfer,1,2,4.0,68.0,No
10334,29,Consumer,Premium,Monthly,39,96.41,Digital Wallet,1,1,3.0,80.0,No
10335,63,Consumer,Standard,Annual,14,60.05,Digital Wallet,1,0,5.0,55.0,No
10336,44,Small Business,Basic,Monthly,9,52.11,Digital Wallet,1,1,5.0,40.8,No
10337,63,Consumer,Basic,Monthly,39,55.15,Bank Transfer,0,0,5.0,92.2,No
10338,39,Enterprise,Standard,Monthly,33,56.27,Credit Card,4,3,3.0,40.4,No
10339,43,Consumer,Premium,Monthly,18,72.37,Digital Wallet,2,2,3.0,77.1,No
10340,57,Consumer,Standard,Annual,7,75.32,Digital Wallet,1,2,2.0,42.5,No
10341,23,Small Business,Basic,Monthly,17,33.56,Bank Transfer,0,1,4.0,73.3,No
10342,48,Small Business,Premium,Monthly,29,103.92,Credit Card,2,0,3.0,78.5,No
10343,39,Consumer,Standard,Annual,11,93.05,Direct Debit,1,2,3.0,57.4,No
10344,31,Consumer,Premium,Monthly,45,143.34,Credit Card,2,2,4.0,75.4,No
10345,35,Consumer,Basic,Annual,15,55.75,Credit Card,0,0,3.0,82.2,No
10346,47,Consumer,Standard,Monthly,50,78.16,Bank Transfer,1,1,3.0,70.7,No
10347,56,Small Business,Premium,Annual,13,103.34,Direct Debit,2,0,4.0,60.6,No
10348,64,Consumer,Premium,Monthly,10,86.7,Digital Wallet,2,0,2.0,76.1,No
10349,42,Consumer,Basic,Monthly,5,39.46,Digital Wallet,2,1,3.0,52.6,No
10350,54,Consumer,Basic,Annual,15,37.52,Bank Transfer,1,0,4.0,68.1,No
10351,70,Consumer,Standard,Monthly,43,78.66,Direct Debit,3,2,3.0,42.3,No
10352,48,Consumer,Standard,Annual,31,80.19,Credit Card,1,4,2.0,76.8,No
10353,58,Enterprise,Premium,Monthly,37,115.96,Digital Wallet,6,2,2.0,58.2,No
10354,44,Consumer,Standard,Monthly,12,87.38,Bank Transfer,1,1,4.0,46.2,No
10355,73,Enterprise,Standard,Two-Year,58,85.48,Credit Card,2,0,3.0,66.4,No
10356,48,Consumer,Basic,Two-Year,34,62.52,Direct Debit,1,1,3.0,81.8,No
10357,26,Consumer,Basic,Annual,13,34.25,Credit Card,1,1,4.0,59.6,No
10358,61,Small Business,Basic,Monthly,32,46.7,Credit Card,9,4,3.0,50.0,Yes
10359,59,Consumer,Basic,Annual,47,45.56,Direct Debit,0,0,3.0,71.2,No
10360,63,Small Business,Standard,Two-Year,32,53.96,Direct Debit,3,1,4.0,66.1,No
10361,30,Consumer,Standard,Monthly,65,77.16,Bank Transfer,3,1,2.0,54.5,No
10362,44,Consumer,Standard,Annual,7,75.87,Digital Wallet,2,1,4.0,46.1,No
10363,25,Consumer,Basic,Monthly,35,41.1,Direct Debit,0,1,4.0,83.9,Yes
10364,18,Small Business,Standard,Monthly,16,81.46,Direct Debit,5,3,4.0,61.7,No
10365,40,Consumer,Standard,Monthly,5,88.38,Bank Transfer,2,1,3.0,65.8,No
10366,45,Small Business,Basic,Monthly,68,38.86,Bank Transfer,1,0,5.0,79.2,No
10367,39,Consumer,Basic,Monthly,45,43.62,Bank Transfer,0,0,3.0,75.6,No
10368,46,Consumer,Premium,Monthly,15,92.67,Bank Transfer,1,0,2.0,79.2,No
10369,52,Enterprise,Basic,Annual,64,45.64,Bank Transfer,1,1,3.0,60.6,No
10370,76,Small Business,Basic,Monthly,25,41.33,Direct Debit,4,2,3.0,47.9,No
10371,42,Small Business,Standard,Two-Year,63,79.81,Credit Card,3,1,4.0,39.3,No
10372,18,Consumer,Basic,Monthly,21,50.48,Direct Debit,3,3,2.0,54.5,Yes
10373,23,Consumer,Standard,Annual,18,84.37,Digital Wallet,1,0,3.0,80.9,Yes
10374,42,Consumer,Standard,Annual,14,91.2,Direct Debit,1,2,4.0,56.4,No
10375,41,Small Business,Basic,Monthly,9,29.41,Credit Card,1,1,3.0,55.6,No
10376,39,Consumer,Basic,Monthly,25,51.43,Digital Wallet,0,1,4.0,34.0,No
10377,71,Consumer,Standard,Monthly,28,84.48,Credit Card,5,0,1.0,38.9,No
10378,36,Small Business,Basic,Monthly,19,41.75,Direct Debit,4,2,2.0,64.6,No
10379,40,Enterprise,Basic,Annual,26,54.8,Digital Wallet,1,2,4.0,79.2,No
10380,51,Enterprise,Basic,Monthly,12,40.13,Digital Wallet,2,2,4.0,48.4,No
10381,31,Consumer,Premium,Monthly,30,115.65,Bank Transfer,2,2,2.0,69.3,No
10382,33,Enterprise,Standard,Monthly,45,70.15,Digital Wallet,2,0,3.0,51.3,No
10383,57,Consumer,Premium,Annual,82,118.85,Digital Wallet,3,2,2.0,61.5,No
10384,47,Small Business,Standard,Two-Year,4,72.32,Direct Debit,1,0,4.0,75.0,Yes
10385,46,Consumer,Standard,Monthly,96,66.34,Bank Transfer,3,0,2.0,58.3,No
10386,26,Consumer,Premium,Two-Year,21,114.07,Bank Transfer,6,1,3.0,87.0,No
10387,67,Consumer,Basic,Monthly,16,40.35,Bank Transfer,3,0,2.0,60.2,No
10388,74,Consumer,Basic,Monthly,14,44.15,Direct Debit,2,2,3.0,44.9,No
10389,18,Small Business,Premium,Monthly,61,138.25,Digital Wallet,1,1,4.0,66.2,No
10390,36,Consumer,Basic,Two-Year,70,42.24,Direct Debit,2,0,3.0,70.5,No
10391,34,Consumer,Standard,Monthly,29,79.85,Bank Transfer,2,0,4.0,78.4,No
10392,38,Consumer,Standard,Monthly,30,64.41,Bank Transfer,3,2,3.0,73.1,No
10393,37,Consumer,Premium,Annual,21,127.12,Credit Card,2,2,3.0,77.8,No
10394,27,Enterprise,Basic,Annual,22,45.6,Credit Card,0,0,5.0,92.7,No
10395,39,Consumer,Standard,Monthly,39,83.04,Bank Transfer,3,1,,79.2,No
10396,27,Consumer,Standard,Monthly,9,70.64,Bank Transfer,0,0,3.0,48.3,No
10397,33,Enterprise,Basic,Annual,47,56.36,Direct Debit,3,1,3.0,41.4,No
10398,50,Small Business,Premium,Monthly,8,103.45,Credit Card,5,3,4.0,45.5,No
10399,28,Consumer,Standard,Monthly,27,70.7,Digital Wallet,6,3,4.0,24.4,No
10400,44,Enterprise,Standard,Monthly,51,57.56,Direct Debit,1,1,3.0,65.6,No
10401,59,Small Business,Standard,Monthly,7,71.33,Credit Card,3,2,5.0,37.3,No
10402,42,Consumer,Basic,Monthly,3,58.74,Credit Card,5,1,3.0,53.6,No
10403,46,Consumer,Standard,Monthly,7,61.16,Digital Wallet,3,2,4.0,50.8,No
10404,53,Small Business,Standard,Monthly,18,67.69,Digital Wallet,2,0,3.0,95.5,No
10405,44,Consumer,Premium,Monthly,16,111.91,Bank Transfer,4,0,1.0,62.1,Yes
10406,36,Enterprise,Standard,Annual,43,63.02,Digital Wallet,0,3,4.0,67.2,No
10407,49,Consumer,Premium,Monthly,34,124.79,Direct Debit,4,1,2.0,67.7,Yes
10408,35,Consumer,Basic,Annual,10,42.7,Bank Transfer,1,1,3.0,63.1,No
10409,26,Enterprise,Standard,Monthly,42,54.82,Credit Card,2,1,2.0,64.4,No
10410,50,Consumer,Basic,Two-Year,24,46.73,Digital Wallet,0,0,3.0,79.8,No
10411,42,Consumer,Standard,Annual,20,70.02,Bank Transfer,3,0,2.0,59.0,No
10412,35,Small Business,Premium,Monthly,11,106.43,Credit Card,1,1,4.0,72.7,No
10413,62,Consumer,Standard,Monthly,71,78.73,Credit Card,4,2,2.0,59.3,No
10414,47,Consumer,Standard,Annual,27,74.67,Bank Transfer,1,0,3.0,76.7,No
10415,54,Consumer,Standard,Monthly,60,79.73,Credit Card,2,1,4.0,66.1,No
10416,45,Consumer,Premium,Annual,61,129.99,Bank Transfer,3,2,3.0,76.0,No
10417,55,Consumer,Basic,Monthly,44,54.1,Credit Card,5,5,2.0,45.7,No
10418,36,Consumer,Premium,Monthly,15,154.29,Credit Card,2,0,3.0,82.8,Yes
10419,24,Consumer,Basic,Monthly,53,64.45,Direct Debit,7,4,1.0,38.8,No
10420,35,Small Business,Standard,Annual,19,58.55,Direct Debit,3,2,3.0,64.5,No
10421,54,Consumer,Basic,Monthly,29,33.47,Credit Card,2,1,5.0,47.1,No
10422,25,Consumer,Basic,Annual,13,45.09,Credit Card,3,1,5.0,64.4,No
10423,45,Small Business,Standard,Monthly,41,60.23,Bank Transfer,2,2,4.0,43.0,No
10424,48,Consumer,Basic,Monthly,14,47.41,Direct Debit,2,1,3.0,59.2,No
10425,60,Consumer,Standard,Monthly,54,60.68,Credit Card,1,2,4.0,53.0,No
10426,57,Consumer,Premium,Monthly,41,101.06,Bank Transfer,0,0,5.0,64.5,No
10427,32,Consumer,Standard,Annual,18,73.44,Credit Card,2,1,3.0,57.4,No
10428,31,Consumer,Standard,Annual,17,87.44,Direct Debit,1,0,,61.7,No
10429,76,Small Business,Premium,Monthly,53,121.28,Direct Debit,3,0,4.0,64.4,No
10430,71,Consumer,Basic,Annual,68,37.75,Direct Debit,1,2,3.0,75.4,No
10431,28,Small Business,Premium,Annual,35,110.01,Direct Debit,3,1,3.0,72.4,No
10432,33,Small Business,Standard,Monthly,20,83.95,Direct Debit,3,2,3.0,43.7,No
10433,53,Consumer,Basic,Monthly,28,40.82,Digital Wallet,4,2,2.0,51.5,No
10434,23,Consumer,Standard,Annual,4,88.4,Bank Transfer,0,0,5.0,60.3,No
10435,39,Enterprise,Basic,Monthly,25,49.09,Digital Wallet,5,1,3.0,39.6,No
10436,41,Consumer,Standard,Monthly,50,81.7,Credit Card,2,2,5.0,71.0,No
10437,48,Small Business,Premium,Annual,22,101.72,Bank Transfer,1,1,5.0,63.6,No
10438,57,Consumer,Premium,Monthly,14,130.34,Direct Debit,3,1,3.0,60.0,No
10439,63,Small Business,Basic,Annual,34,48.09,Direct Debit,1,0,4.0,59.8,No
10440,36,Small Business,Premium,Two-Year,32,99.54,Bank Transfer,4,2,4.0,62.2,No
10441,36,Consumer,Premium,Monthly,17,141.57,Digital Wallet,2,2,4.0,71.6,No
10442,53,Small Business,Standard,Annual,34,72.91,Direct Debit,1,0,4.0,54.4,No
10443,61,Small Business,Premium,Monthly,22,123.12,Digital Wallet,1,1,1.0,88.9,No
10444,46,Consumer,Premium,Annual,26,122.16,Digital Wallet,2,2,2.0,53.1,No
10445,59,Small Business,Premium,Annual,55,117.23,Direct Debit,2,0,3.0,66.9,No
10446,47,Enterprise,Standard,Monthly,31,74.95,Bank Transfer,0,0,4.0,57.4,No
10447,47,Consumer,Standard,Annual,26,51.55,Direct Debit,3,1,3.0,50.3,No
10448,39,Small Business,Basic,Annual,33,38.77,Direct Debit,1,0,4.0,56.5,No
10449,29,Consumer,Basic,Annual,16,53.54,Credit Card,1,1,5.0,88.2,No
10450,30,Consumer,Premium,Two-Year,36,109.8,Bank Transfer,3,2,3.0,64.4,No
10451,35,Small Business,Standard,Annual,82,67.59,Credit Card,0,2,2.0,87.8,No
10452,50,Consumer,Basic,Annual,8,62.42,Digital Wallet,1,1,3.0,33.8,No
10453,51,Consumer,Standard,Two-Year,49,73.93,Bank Transfer,2,1,4.0,74.9,No
10454,44,Consumer,Standard,Monthly,19,72.03,Direct Debit,5,1,2.0,53.3,Yes
10455,33,Small Business,Basic,Monthly,33,42.75,Direct Debit,2,1,3.0,47.3,No
10456,46,Consumer,Standard,Monthly,15,73.38,Direct Debit,5,3,3.0,69.0,No
10457,31,Consumer,Standard,Annual,59,52.86,Credit Card,1,0,4.0,70.2,No
10458,36,Consumer,Standard,Monthly,9,83.88,Credit Card,4,1,2.0,26.2,No
10459,41,Consumer,Premium,Two-Year,49,99.03,Direct Debit,0,1,3.0,79.1,No
10460,40,Small Business,Standard,Annual,23,75.17,Digital Wallet,3,1,,36.2,No
10461,26,Consumer,Basic,Monthly,36,43.67,Bank Transfer,3,2,4.0,43.1,No
10462,43,Consumer,Standard,Monthly,22,83.3,Digital Wallet,3,0,3.0,74.7,No
10463,40,Enterprise,Standard,Monthly,14,71.87,Bank Transfer,0,1,4.0,72.8,No
10464,57,Consumer,Standard,Annual,17,53.65,Credit Card,2,1,3.0,44.4,No
10465,34,Consumer,Standard,Monthly,41,63.1,Direct Debit,3,2,2.0,47.5,No
10466,55,Consumer,Standard,Monthly,32,68.1,Direct Debit,2,0,3.0,40.7,No
10467,62,Consumer,Standard,Monthly,26,57.91,Bank Transfer,1,3,4.0,57.6,No
10468,38,Enterprise,Standard,Monthly,19,71.33,Digital Wallet,2,0,4.0,33.6,No
10469,50,Consumer,Standard,Two-Year,7,66.94,Direct Debit,1,0,4.0,61.9,No
10470,65,Small Business,Basic,Monthly,21,41.12,Bank Transfer,5,0,2.0,46.4,No
10471,18,Consumer,Standard,Annual,33,70.18,Credit Card,2,1,3.0,51.8,No
10472,36,Consumer,Standard,Two-Year,60,83.13,Direct Debit,4,1,3.0,55.3,No
10473,71,Enterprise,Premium,Monthly,44,121.2,Credit Card,5,3,3.0,64.4,No
10474,49,Consumer,Premium,Monthly,40,136.18,Bank Transfer,3,1,3.0,33.9,No
10475,51,Small Business,Basic,Two-Year,42,56.16,Digital Wallet,1,0,3.0,42.6,No
10476,25,Consumer,Basic,Monthly,12,72.56,Bank Transfer,2,1,4.0,51.5,No
10477,46,Small Business,Standard,Monthly,46,78.33,Direct Debit,3,0,2.0,48.1,Yes
10478,46,Consumer,Standard,Monthly,13,65.55,Bank Transfer,2,3,2.0,56.3,Yes
10479,35,Small Business,Standard,Monthly,21,92.44,Direct Debit,4,2,2.0,35.4,No
10480,45,Consumer,Basic,Annual,5,39.61,Credit Card,2,1,2.0,66.8,No
10481,18,Consumer,Basic,Monthly,6,46.61,Direct Debit,1,1,3.0,70.9,No
10482,60,Consumer,Basic,Monthly,8,54.01,Bank Transfer,2,2,3.0,82.1,No
10483,64,Small Business,Standard,Monthly,41,72.83,Direct Debit,3,0,3.0,40.5,No
10484,26,Consumer,Standard,Annual,46,65.3,Bank Transfer,2,1,3.0,24.4,No
10485,45,Consumer,Standard,Monthly,30,76.05,Digital Wallet,2,0,4.0,64.0,No
10486,31,Consumer,Standard,Monthly,9,66.93,Bank Transfer,1,2,2.0,59.8,Yes
10487,48,Consumer,Standard,Annual,69,85.3,Digital Wallet,2,2,3.0,57.6,No
10488,42,Small Business,Standard,Annual,10,80.16,Credit Card,3,1,3.0,51.2,No
10489,39,Small Business,Basic,Monthly,30,43.6,Credit Card,0,0,2.0,61.5,No
10490,54,Small Business,Standard,Monthly,6,85.81,Credit Card,3,0,3.0,61.0,No
10491,56,Consumer,Premium,Monthly,38,121.3,Direct Debit,2,1,1.0,72.9,No
10492,23,Consumer,Standard,Monthly,29,69.43,Direct Debit,2,0,3.0,64.4,No
10493,61,Enterprise,Standard,Monthly,15,59.72,Digital Wallet,4,6,1.0,54.5,No
10494,48,Consumer,Premium,Annual,21,116.72,Digital Wallet,2,2,4.0,57.1,No
10495,28,Consumer,Standard,Monthly,11,78.8,Bank Transfer,2,0,3.0,48.3,No
10496,43,Enterprise,Premium,Monthly,33,92.16,Direct Debit,1,1,4.0,67.0,Yes
10497,38,Consumer,Basic,Annual,32,44.4,Bank Transfer,0,0,3.0,55.3,No
10498,44,Enterprise,Basic,Monthly,42,53.62,Credit Card,1,0,4.0,40.1,No
10499,41,Consumer,Basic,Monthly,28,41.17,Credit Card,4,0,2.0,75.2,No
10500,32,Consumer,Basic,Monthly,55,33.28,Credit Card,3,3,3.0,50.4,No
10501,30,Enterprise,Standard,Two-Year,4,77.69,Credit Card,2,3,3.0,82.4,Yes
10502,34,Consumer,Standard,Monthly,96,65.19,Credit Card,2,1,4.0,38.9,No
10503,29,Small Business,Premium,Annual,30,129.22,Direct Debit,0,1,4.0,53.7,No
10504,59,Consumer,Standard,Two-Year,3,57.45,Digital Wallet,4,3,5.0,81.1,No
10505,39,Consumer,Basic,Annual,30,46.02,Digital Wallet,1,1,3.0,70.0,No
10506,41,Consumer,Basic,Monthly,35,58.36,Unknown,2,4,3.0,44.8,No
10507,51,Consumer,Basic,Monthly,14,41.31,Credit Card,4,5,5.0,47.4,Yes
10508,63,Consumer,Standard,Monthly,15,65.4,Credit Card,4,2,3.0,8.8,No
10509,41,Consumer,Premium,Monthly,58,139.48,Digital Wallet,1,1,5.0,67.2,No
10510,52,Enterprise,Standard,Monthly,26,65.44,Digital Wallet,4,3,3.0,26.4,No
10511,44,Enterprise,Premium,Annual,20,148.4,Credit Card,2,1,4.0,61.5,No
10512,46,Consumer,Standard,Monthly,52,66.04,Credit Card,1,0,1.0,40.9,No
10513,38,Enterprise,Standard,Monthly,7,64.06,Credit Card,1,1,3.0,92.6,No
10514,40,Small Business,Standard,Annual,21,73.82,Bank Transfer,4,2,3.0,53.3,No
10515,53,Consumer,Standard,Annual,23,78.13,Direct Debit,4,1,4.0,48.0,No
10516,42,Enterprise,Standard,Monthly,49,72.64,Digital Wallet,0,0,3.0,86.9,No
10517,33,Consumer,Basic,Annual,20,47.02,Credit Card,2,1,3.0,87.6,No
10518,42,Consumer,Standard,Monthly,5,70.5,Bank Transfer,6,2,3.0,54.1,No
10519,36,Consumer,Basic,Monthly,2,38.24,Bank Transfer,2,3,2.0,61.1,No
10520,50,Small Business,Basic,Monthly,18,50.75,Direct Debit,2,0,5.0,50.4,No
10521,22,Consumer,Standard,Monthly,13,98.03,Bank Transfer,1,2,3.0,72.9,No
10522,51,Consumer,Basic,Monthly,8,47.37,Direct Debit,3,2,4.0,97.9,No
10523,51,Small Business,Premium,Two-Year,38,141.56,Credit Card,2,2,2.0,93.2,No
10524,50,Consumer,Standard,Annual,32,69.29,Credit Card,2,1,3.0,61.0,No
10525,32,Consumer,Basic,Monthly,16,25.0,Bank Transfer,2,0,4.0,50.1,No
10526,40,Small Business,Standard,Annual,56,80.22,Credit Card,1,0,3.0,57.3,No
10527,48,Small Business,Basic,Annual,53,46.14,Bank Transfer,2,1,4.0,50.5,No
10528,31,Small Business,Premium,Monthly,28,116.52,Digital Wallet,3,1,5.0,89.6,No
10529,28,Consumer,Basic,Two-Year,12,38.39,Direct Debit,2,3,1.0,67.9,No
10530,42,Consumer,Basic,Annual,19,33.19,Bank Transfer,2,1,3.0,59.7,No
10531,43,Consumer,Premium,Annual,15,58.66,Digital Wallet,4,2,3.0,73.8,No
10532,51,Consumer,Basic,Monthly,19,33.11,Bank Transfer,3,2,4.0,51.3,No
10533,45,Consumer,Premium,Annual,16,77.08,Direct Debit,2,0,4.0,65.1,No
10534,18,Consumer,Standard,Annual,15,74.12,Bank Transfer,6,2,2.0,60.2,No
10535,36,Small Business,Premium,Annual,46,130.95,Direct Debit,1,1,3.0,62.0,No
10536,48,Consumer,Standard,Monthly,64,72.3,Direct Debit,4,0,2.0,54.8,Yes
10537,33,Small Business,Premium,Annual,37,121.54,Direct Debit,0,0,4.0,100.0,No
10538,47,Small Business,Premium,Monthly,45,126.08,Digital Wallet,5,0,3.0,52.4,No
10539,30,Consumer,Standard,Monthly,14,83.17,Bank Transfer,3,1,4.0,54.3,No
10540,40,Enterprise,Basic,Annual,41,52.24,Bank Transfer,3,3,4.0,47.7,No
10541,46,Consumer,Basic,Monthly,14,45.96,Digital Wallet,1,1,4.0,60.6,No
10542,64,Small Business,Premium,Monthly,49,126.39,Bank Transfer,1,0,3.0,33.5,No
10543,39,Consumer,Standard,Two-Year,21,91.7,Direct Debit,0,1,3.0,51.5,No
10544,47,Consumer,Premium,Monthly,27,83.46,Digital Wallet,1,2,3.0,88.5,No
10545,36,Enterprise,Standard,Annual,20,70.37,Bank Transfer,0,1,3.0,79.3,No
10546,30,Enterprise,Standard,Annual,72,77.89,Bank Transfer,2,0,1.0,70.6,No
10547,37,Consumer,Standard,Monthly,42,104.02,Credit Card,2,3,5.0,63.4,No
10548,37,Consumer,Standard,Monthly,9,70.99,Direct Debit,4,0,2.0,45.8,No
10549,37,Consumer,Standard,Monthly,24,79.71,Direct Debit,5,1,3.0,43.1,No
10550,44,Small Business,Standard,Monthly,38,79.43,Bank Transfer,4,0,3.0,56.1,No
10551,38,Consumer,Standard,Monthly,35,60.93,Direct Debit,5,2,3.0,37.8,Yes
10552,26,Consumer,Standard,Annual,13,96.78,Digital Wallet,0,0,4.0,57.9,No
10553,39,Consumer,Premium,Annual,16,117.06,Direct Debit,2,0,3.0,77.7,No
10554,51,Enterprise,Standard,Two-Year,10,81.51,Digital Wallet,2,0,4.0,49.9,No
10555,57,Consumer,Premium,Monthly,24,104.55,Credit Card,1,0,3.0,56.0,No
10556,52,Consumer,Standard,Monthly,27,65.38,Bank Transfer,0,1,2.0,72.6,No
10557,48,Consumer,Premium,Monthly,40,129.05,Digital Wallet,3,3,3.0,62.6,No
10558,39,Small Business,Basic,Annual,21,48.59,Digital Wallet,3,4,4.0,66.7,No
10559,18,Consumer,Standard,Monthly,40,81.81,Direct Debit,2,3,3.0,65.8,No
10560,27,Enterprise,Premium,Annual,24,134.89,Digital Wallet,3,0,3.0,42.2,No
10561,51,Consumer,Standard,Monthly,16,77.9,Direct Debit,2,1,4.0,40.9,No
10562,65,Consumer,Standard,Monthly,19,73.99,Direct Debit,6,3,2.0,53.1,No
10563,31,Consumer,Basic,Monthly,16,40.04,Bank Transfer,2,1,3.0,63.7,No
10564,54,Consumer,Basic,Monthly,14,46.1,Bank Transfer,0,1,4.0,42.4,No
10565,34,Enterprise,Standard,Monthly,21,88.84,Direct Debit,1,0,5.0,65.6,No
10566,33,Consumer,Basic,Monthly,20,56.46,Credit Card,3,2,,36.9,No
10567,48,Consumer,Basic,Monthly,58,44.46,Direct Debit,3,2,4.0,36.6,Yes
10568,35,Small Business,Basic,Monthly,37,44.3,Digital Wallet,2,1,5.0,52.5,No
10569,24,Consumer,Standard,Monthly,32,79.31,Direct Debit,2,1,3.0,50.9,No
10570,38,Small Business,Standard,Monthly,22,70.99,Bank Transfer,3,4,3.0,52.3,No
10571,38,Enterprise,Basic,Monthly,15,46.26,Digital Wallet,7,5,2.0,36.8,No
10572,23,Small Business,Standard,Monthly,49,88.66,Credit Card,5,3,3.0,68.2,No
10573,60,Small Business,Standard,Annual,29,69.52,Digital Wallet,1,0,3.0,69.4,No
10574,47,Consumer,Premium,Two-Year,44,93.93,Bank Transfer,2,0,4.0,47.0,No
10575,35,Consumer,Basic,Two-Year,47,39.65,Digital Wallet,2,0,4.0,76.6,No
10576,30,Consumer,Premium,Annual,9,65.52,Direct Debit,1,2,3.0,54.1,No
10577,42,Consumer,Standard,Monthly,6,68.18,Credit Card,3,2,3.0,61.6,No
10578,29,Consumer,Standard,Monthly,49,89.97,Digital Wallet,3,0,3.0,49.7,No
10579,43,Enterprise,Basic,Monthly,13,51.05,Credit Card,2,1,3.0,52.9,No
10580,18,Consumer,Standard,Annual,39,65.32,Digital Wallet,3,0,4.0,64.3,No
10581,37,Small Business,Standard,Monthly,36,110.42,Credit Card,4,2,2.0,20.1,No
10582,72,Small Business,Standard,Two-Year,4,72.2,Credit Card,2,2,4.0,38.3,No
10583,42,Consumer,Basic,Monthly,19,42.99,Bank Transfer,0,0,4.0,70.0,No
10584,19,Consumer,Standard,Monthly,14,76.27,Bank Transfer,3,0,2.0,45.9,No
10585,61,Consumer,Standard,Two-Year,29,97.08,Direct Debit,0,1,3.0,53.9,No
10586,50,Consumer,Basic,Monthly,50,41.67,Credit Card,1,0,3.0,61.3,No
10587,38,Consumer,Standard,Monthly,17,62.55,Credit Card,2,1,3.0,78.6,No
10588,53,Small Business,Basic,Monthly,52,42.22,Credit Card,3,3,2.0,44.2,No
10589,21,Enterprise,Basic,Monthly,10,30.76,Credit Card,5,1,2.0,55.5,No
10590,34,Consumer,Basic,Monthly,12,41.88,Digital Wallet,3,0,4.0,49.4,No
10591,49,Consumer,Standard,Monthly,69,73.92,Direct Debit,2,0,3.0,67.9,No
10592,61,Consumer,Basic,Annual,29,54.86,Digital Wallet,3,0,3.0,49.4,No
10593,24,Consumer,Premium,Annual,31,108.48,Digital Wallet,1,0,4.0,62.2,No
10594,18,Consumer,Standard,Monthly,19,64.67,Credit Card,0,1,5.0,50.4,No
10595,47,Small Business,Basic,Two-Year,42,41.06,Digital Wallet,1,2,5.0,51.9,No
10596,45,Consumer,Premium,Annual,29,123.13,Credit Card,3,3,4.0,64.8,No
10597,30,Small Business,Premium,Annual,7,120.66,Direct Debit,2,0,4.0,58.5,No
10598,46,Consumer,Basic,Monthly,30,41.27,Digital Wallet,0,0,5.0,40.3,No
10599,46,Small Business,Basic,Monthly,19,37.1,Direct Debit,6,1,3.0,34.2,Yes
10600,54,Small Business,Standard,Monthly,49,90.22,Credit Card,1,0,4.0,64.5,Yes
10601,56,Consumer,Basic,Annual,31,36.71,Bank Transfer,1,0,5.0,41.7,No
10602,35,Consumer,Premium,Monthly,34,101.93,Bank Transfer,3,0,4.0,50.4,No
10603,43,Consumer,Basic,Two-Year,17,37.9,Bank Transfer,2,0,4.0,46.9,No
10604,33,Consumer,Premium,Annual,70,110.45,Bank Transfer,1,1,4.0,76.4,No
10605,49,Consumer,Premium,Monthly,13,97.95,Direct Debit,2,3,2.0,53.8,No
10606,37,Consumer,Standard,Annual,36,74.14,Digital Wallet,1,1,5.0,46.1,No
10607,63,Consumer,Standard,Monthly,28,84.09,Credit Card,4,2,2.0,69.1,No
10608,41,Consumer,Basic,Annual,38,34.37,Bank Transfer,2,2,4.0,35.1,No
10609,31,Consumer,Standard,Monthly,23,84.87,Bank Transfer,2,0,2.0,75.5,No
10610,31,Consumer,Standard,Monthly,48,71.46,Digital Wallet,4,2,2.0,70.1,No
10611,36,Consumer,Standard,Annual,17,84.14,Direct Debit,2,0,2.0,58.4,No
10612,45,Small Business,Premium,Monthly,24,121.8,Credit Card,4,0,3.0,58.1,No
10613,58,Small Business,Premium,Monthly,38,121.48,Digital Wallet,4,2,4.0,81.6,Yes
10614,46,Consumer,Basic,Annual,28,49.86,Bank Transfer,2,2,3.0,81.6,No
10615,44,Consumer,Basic,Annual,41,42.77,Digital Wallet,2,1,3.0,45.5,No
10616,34,Consumer,Standard,Annual,24,74.99,Direct Debit,1,2,4.0,78.5,No
10617,31,Consumer,Standard,Two-Year,57,66.49,Digital Wallet,1,0,4.0,69.0,No
10618,20,Enterprise,Standard,Monthly,15,73.89,Bank Transfer,4,1,2.0,48.1,No
10619,52,Consumer,Standard,Monthly,10,87.72,Digital Wallet,3,0,3.0,43.0,No
10620,36,Consumer,Standard,Monthly,34,62.06,Credit Card,2,2,3.0,53.1,No
10621,51,Consumer,Standard,Monthly,48,53.91,Bank Transfer,2,1,4.0,81.8,Yes
10622,41,Enterprise,Standard,Annual,17,73.96,Direct Debit,0,1,5.0,62.9,No
10623,24,Consumer,Standard,Annual,58,79.66,Bank Transfer,1,1,3.0,95.7,No
10624,36,Enterprise,Basic,Monthly,59,40.17,Bank Transfer,2,1,2.0,51.3,No
10625,63,Consumer,Basic,Annual,20,45.51,Direct Debit,1,2,4.0,67.1,No
10626,54,Small Business,Standard,Annual,15,77.02,Bank Transfer,3,1,4.0,55.1,No
10627,25,Enterprise,Standard,Monthly,11,60.86,Digital Wallet,6,4,2.0,64.5,No
10628,28,Small Business,Standard,Monthly,65,88.24,Direct Debit,2,0,4.0,55.9,No
10629,51,Enterprise,Standard,Annual,32,52.94,Direct Debit,0,0,4.0,71.1,No
10630,40,Small Business,Basic,Monthly,65,52.43,Credit Card,7,4,3.0,54.9,No
10631,59,Consumer,Premium,Monthly,33,117.49,Direct Debit,2,0,2.0,58.0,No
10632,47,Consumer,Standard,Two-Year,3,84.18,Credit Card,0,0,3.0,54.9,No
10633,18,Consumer,Standard,Two-Year,19,59.69,Credit Card,0,0,3.0,48.3,No
10634,23,Consumer,Standard,Annual,9,72.07,Credit Card,3,1,4.0,43.0,No
10635,29,Consumer,Standard,Annual,60,75.34,Bank Transfer,4,2,4.0,71.0,No
10636,53,Consumer,Basic,Monthly,28,44.6,Digital Wallet,3,1,2.0,38.1,No
10637,68,Small Business,Standard,Monthly,89,74.26,Credit Card,2,1,3.0,75.1,No
10638,49,Consumer,Standard,Annual,71,35.47,Direct Debit,3,1,3.0,53.3,No
10639,28,Enterprise,Basic,Two-Year,13,48.24,Credit Card,3,3,5.0,57.0,No
10640,66,Small Business,Standard,Monthly,78,71.94,Digital Wallet,3,1,2.0,52.2,No
10641,39,Enterprise,Basic,Monthly,8,47.33,Direct Debit,1,1,3.0,65.4,Yes
10642,48,Small Business,Basic,Annual,28,43.22,Direct Debit,3,2,4.0,36.3,No
10643,73,Small Business,Basic,Annual,34,39.47,Digital Wallet,0,0,4.0,68.9,No
10644,38,Consumer,Standard,Monthly,28,49.26,Digital Wallet,2,1,4.0,52.5,No
10645,32,Consumer,Basic,Monthly,18,38.7,Bank Transfer,0,0,4.0,20.6,No
10646,61,Consumer,Basic,Two-Year,42,48.4,Digital Wallet,0,0,1.0,67.9,No
10647,31,Small Business,Premium,Annual,9,103.48,Direct Debit,1,0,3.0,78.4,No
10648,25,Consumer,Standard,Two-Year,67,75.13,Credit Card,3,2,4.0,53.0,No
10649,61,Small Business,Basic,Annual,4,51.84,Direct Debit,1,0,2.0,54.9,No
10650,44,Consumer,Standard,Monthly,38,68.65,Bank Transfer,3,1,3.0,47.2,No
10651,47,Small Business,Standard,Monthly,15,66.48,Bank Transfer,2,1,2.0,38.0,No
10652,54,Consumer,Standard,Annual,84,78.86,Direct Debit,3,1,3.0,79.1,No
10653,75,Consumer,Standard,Two-Year,15,71.23,Digital Wallet,0,0,5.0,81.2,No
10654,52,Enterprise,Basic,Monthly,50,43.62,Digital Wallet,4,2,3.0,36.0,No
10655,55,Enterprise,Basic,Monthly,14,52.03,Bank Transfer,1,0,3.0,71.2,No
10656,18,Enterprise,Basic,Monthly,24,43.77,Credit Card,0,1,4.0,81.1,Yes
10657,61,Consumer,Premium,Annual,16,118.28,Direct Debit,1,0,3.0,86.5,No
10658,64,Consumer,Standard,Annual,21,98.63,Direct Debit,2,1,5.0,56.2,No
10659,26,Enterprise,Basic,Two-Year,53,49.45,Credit Card,2,1,4.0,84.9,No
10660,39,Consumer,Premium,Monthly,16,117.73,Direct Debit,4,4,2.0,63.4,No
10661,50,Consumer,Premium,Annual,28,77.19,Credit Card,2,0,4.0,82.8,No
10662,59,Consumer,Standard,Annual,40,94.16,Credit Card,1,2,2.0,79.7,No
10663,18,Consumer,Standard,Monthly,34,73.57,Digital Wallet,2,0,3.0,45.7,No
10664,40,Consumer,Basic,Monthly,19,51.1,Digital Wallet,3,2,4.0,44.5,No
10665,28,Small Business,Standard,Annual,11,66.39,Credit Card,0,0,3.0,70.8,No
10666,18,Consumer,Premium,Two-Year,55,120.17,Credit Card,1,0,4.0,93.0,No
10667,50,Enterprise,Basic,Monthly,47,45.6,Credit Card,1,0,3.0,52.4,No
10668,38,Consumer,Standard,Two-Year,42,49.73,Bank Transfer,1,0,4.0,88.5,No
10669,52,Consumer,Standard,Annual,10,49.54,Direct Debit,1,0,3.0,57.9,No
10670,33,Consumer,Standard,Monthly,34,75.76,Direct Debit,3,4,3.0,59.5,No
10671,51,Consumer,Premium,Annual,18,108.33,Digital Wallet,0,2,4.0,91.2,No
10672,29,Consumer,Standard,Annual,55,72.98,Direct Debit,3,1,3.0,56.7,No
10673,25,Consumer,Premium,Monthly,24,108.81,Credit Card,3,1,4.0,61.7,No
10674,44,Consumer,Standard,Monthly,22,76.26,Digital Wallet,2,2,2.0,66.4,Yes
10675,35,Consumer,Basic,Two-Year,48,45.86,Bank Transfer,2,3,3.0,36.8,No
10676,25,Consumer,Standard,Monthly,18,72.11,Credit Card,0,0,4.0,60.5,No
10677,38,Consumer,Basic,Monthly,23,55.33,Digital Wallet,7,2,4.0,68.6,No
10678,22,Small Business,Standard,Annual,23,75.78,Digital Wallet,3,1,4.0,55.1,No
10679,45,Consumer,Basic,Monthly,20,37.88,Credit Card,2,1,4.0,39.7,No
10680,34,Small Business,Standard,Monthly,31,78.35,Direct Debit,3,0,2.0,61.9,No
10681,38,Consumer,Standard,Annual,4,65.73,Digital Wallet,2,1,3.0,56.7,No
10682,40,Consumer,Basic,Two-Year,54,45.34,Digital Wallet,0,0,4.0,72.1,No
10683,41,Small Business,Standard,Annual,34,85.4,Direct Debit,2,2,3.0,35.4,No
10684,32,Consumer,Basic,Two-Year,37,43.15,Credit Card,0,1,4.0,64.0,No
10685,25,Small Business,Standard,Monthly,54,88.06,Digital Wallet,4,2,2.0,50.5,Yes
10686,47,Consumer,Standard,Annual,17,86.59,Credit Card,0,0,3.0,76.4,No
10687,48,Consumer,Standard,Monthly,9,78.13,Bank Transfer,1,0,4.0,70.3,No
10688,39,Consumer,Basic,Annual,7,39.88,Digital Wallet,0,0,4.0,57.8,No
10689,31,Small Business,Standard,Annual,37,60.58,Credit Card,0,0,4.0,43.6,No
10690,42,Consumer,Basic,Two-Year,12,38.6,Direct Debit,0,0,3.0,70.3,No
10691,32,Small Business,Standard,Two-Year,8,94.25,Direct Debit,1,0,2.0,58.8,No
10692,43,Consumer,Standard,Two-Year,9,70.7,Bank Transfer,3,0,3.0,66.9,No
10693,18,Consumer,Premium,Two-Year,9,108.73,Direct Debit,1,0,5.0,67.8,No
10694,36,Consumer,Standard,Annual,18,80.26,Credit Card,0,0,4.0,61.8,No
10695,43,Consumer,Standard,Two-Year,23,82.85,Digital Wallet,2,1,4.0,68.8,No
10696,57,Small Business,Standard,Monthly,5,101.45,Credit Card,2,1,4.0,31.7,No
10697,32,Enterprise,Basic,Monthly,31,44.02,Credit Card,1,1,3.0,58.0,No
10698,66,Consumer,Basic,Two-Year,32,30.55,Credit Card,0,1,5.0,70.6,No
10699,59,Consumer,Standard,Monthly,58,46.37,Bank Transfer,5,3,4.0,34.5,No
10700,39,Enterprise,Premium,Monthly,11,112.87,Direct Debit,1,0,4.0,45.3,No
10701,46,Small Business,Premium,Monthly,22,132.07,Credit Card,4,1,2.0,48.6,No
10702,46,Consumer,Standard,Monthly,13,70.02,Direct Debit,0,2,3.0,58.7,No
10703,19,Consumer,Basic,Monthly,36,59.45,Direct Debit,8,4,2.0,53.9,Yes
10704,50,Consumer,Standard,Monthly,25,87.12,Digital Wallet,4,1,2.0,45.2,No
10705,30,Consumer,Standard,Two-Year,15,64.01,Digital Wallet,2,1,3.0,74.1,No
10706,48,Small Business,Standard,Monthly,27,71.27,Bank Transfer,3,2,3.0,46.7,No
10707,46,Consumer,Premium,Two-Year,28,115.12,Bank Transfer,3,4,3.0,53.3,No
10708,33,Consumer,Premium,Two-Year,32,119.43,Credit Card,1,1,3.0,62.5,No
10709,42,Consumer,Standard,Monthly,25,61.4,Direct Debit,2,0,1.0,45.1,No
10710,43,Small Business,Basic,Monthly,63,39.24,Bank Transfer,2,1,4.0,68.8,No
10711,29,Consumer,Basic,Two-Year,40,44.74,Direct Debit,2,2,4.0,59.6,No
10712,22,Consumer,Premium,Monthly,54,138.3,Bank Transfer,8,5,1.0,70.5,No
10713,18,Enterprise,Standard,Monthly,18,54.77,Bank Transfer,2,4,3.0,51.0,No
10714,35,Consumer,Standard,Monthly,16,91.54,Bank Transfer,2,2,4.0,61.1,No
10715,48,Small Business,Basic,Two-Year,41,46.89,Bank Transfer,3,0,4.0,52.7,No
10716,31,Consumer,Standard,Annual,12,66.56,Direct Debit,2,0,3.0,71.6,No
10717,45,Consumer,Premium,Annual,21,140.59,Direct Debit,0,0,3.0,100.0,No
10718,61,Small Business,Standard,Monthly,96,82.63,Credit Card,3,1,3.0,41.7,No
10719,44,Enterprise,Basic,Monthly,10,39.86,Bank Transfer,4,3,2.0,70.2,No
10720,45,Enterprise,Basic,Monthly,34,52.78,Bank Transfer,1,0,5.0,58.3,No
10721,29,Consumer,Basic,Monthly,27,36.87,Digital Wallet,3,4,3.0,66.3,No
10722,46,Small Business,Standard,Monthly,27,60.16,Bank Transfer,4,1,3.0,38.2,No
10723,47,Consumer,Standard,Annual,24,69.2,Digital Wallet,2,1,4.0,38.2,No
10724,46,Consumer,Basic,Annual,64,64.43,Digital Wallet,3,2,3.0,67.3,No
10725,41,Small Business,Standard,Monthly,13,76.81,Direct Debit,2,2,4.0,59.6,No
10726,56,Consumer,Basic,Annual,16,47.65,Digital Wallet,0,0,4.0,34.7,No
10727,18,Consumer,Standard,Annual,27,95.01,Bank Transfer,1,0,4.0,35.0,No
10728,39,Consumer,Premium,Annual,43,104.14,Direct Debit,2,3,5.0,86.8,No
10729,44,Consumer,Standard,Monthly,18,71.86,Direct Debit,3,1,3.0,62.1,No
10730,23,Consumer,Basic,Annual,17,35.85,Direct Debit,0,1,5.0,50.7,No
10731,57,Consumer,Standard,Monthly,42,50.39,Credit Card,2,0,3.0,51.0,No
10732,36,Enterprise,Premium,Two-Year,35,133.4,Bank Transfer,0,0,5.0,63.3,No
10733,50,Small Business,Basic,Monthly,73,48.25,Bank Transfer,0,0,5.0,63.9,No
10734,43,Consumer,Standard,Two-Year,49,63.92,Bank Transfer,3,3,4.0,68.5,No
10735,34,Consumer,Premium,Annual,70,112.38,Digital Wallet,1,0,4.0,87.6,No
10736,37,Consumer,Basic,Annual,66,49.5,Credit Card,0,0,3.0,68.3,No
10737,46,Small Business,Standard,Annual,24,76.0,Credit Card,0,1,4.0,67.8,No
10738,24,Small Business,Standard,Monthly,21,71.2,Bank Transfer,0,1,3.0,71.8,No
10739,40,Small Business,Basic,Monthly,12,47.68,Credit Card,3,1,3.0,50.2,No
10740,46,Consumer,Standard,Annual,30,62.53,Credit Card,2,1,3.0,47.6,No
10741,42,Consumer,Standard,Monthly,18,79.41,Digital Wallet,3,3,3.0,48.7,No
10742,24,Consumer,Standard,Annual,19,70.2,Bank Transfer,4,1,3.0,61.4,No
10743,47,Consumer,Standard,Annual,7,73.7,Credit Card,2,2,3.0,62.9,No
10744,36,Consumer,Standard,Annual,13,74.09,Credit Card,1,0,4.0,98.6,No
10745,55,Consumer,Basic,Monthly,22,40.39,Digital Wallet,3,1,4.0,43.4,No
10746,61,Consumer,Standard,Annual,22,68.64,Bank Transfer,0,0,4.0,46.0,No
10747,32,Consumer,Standard,Monthly,20,73.45,Credit Card,1,1,2.0,72.4,No
10748,31,Consumer,Premium,Monthly,44,110.34,Credit Card,4,2,3.0,57.5,No
10749,37,Consumer,Premium,Monthly,9,100.99,Bank Transfer,1,1,4.0,50.5,No
10750,47,Small Business,Standard,Monthly,19,76.56,Digital Wallet,4,1,3.0,70.2,No
10751,35,Enterprise,Premium,Monthly,17,134.77,Digital Wallet,3,2,4.0,48.5,No
10752,30,Small Business,Premium,Monthly,9,129.47,Digital Wallet,4,1,2.0,56.6,Yes
10753,48,Consumer,Premium,Monthly,34,126.62,Digital Wallet,2,3,4.0,67.1,No
10754,34,Consumer,Basic,Two-Year,29,59.75,Direct Debit,1,1,4.0,65.6,No
10755,64,Consumer,Basic,Monthly,31,48.3,Digital Wallet,2,0,3.0,70.9,No
10756,29,Enterprise,Basic,Monthly,29,40.98,Digital Wallet,2,0,3.0,48.2,No
10757,37,Consumer,Standard,Two-Year,11,78.75,Credit Card,3,2,3.0,65.4,No
10758,25,Enterprise,Standard,Monthly,24,62.42,Digital Wallet,3,0,4.0,41.7,No
10759,47,Consumer,Basic,Two-Year,18,55.61,Credit Card,3,1,4.0,71.3,No
10760,30,Small Business,Basic,Monthly,26,46.98,Digital Wallet,5,3,2.0,65.5,No
10761,45,Consumer,Standard,Annual,65,44.2,Direct Debit,0,0,3.0,79.2,No
10762,62,Consumer,Premium,Monthly,42,127.51,Credit Card,3,1,3.0,54.9,No
10763,27,Small Business,Standard,Annual,57,69.23,Digital Wallet,2,1,4.0,43.8,No
10764,60,Enterprise,Basic,Two-Year,37,55.54,Credit Card,1,2,3.0,77.9,No
10765,67,Consumer,Basic,Two-Year,54,41.96,Credit Card,0,1,4.0,62.7,No
10766,66,Small Business,Premium,Monthly,14,124.62,Direct Debit,4,2,3.0,34.1,No
10767,66,Consumer,Premium,Monthly,52,142.63,Credit Card,0,0,5.0,61.4,No
10768,53,Consumer,Premium,Monthly,55,112.34,Digital Wallet,5,1,3.0,50.9,No
10769,27,Small Business,Standard,Two-Year,39,74.64,Bank Transfer,4,2,4.0,66.4,No
10770,30,Small Business,Standard,Two-Year,34,102.11,Digital Wallet,1,0,4.0,70.0,No
10771,23,Consumer,Standard,Two-Year,24,69.27,Direct Debit,3,1,4.0,65.6,No
10772,45,Small Business,Basic,Monthly,15,37.27,Bank Transfer,8,2,1.0,17.7,Yes
10773,18,Consumer,Basic,Annual,14,49.95,Bank Transfer,1,1,3.0,56.0,No
10774,49,Consumer,Standard,Monthly,42,85.86,Bank Transfer,2,0,3.0,50.0,Yes
10775,55,Small Business,Basic,Monthly,37,37.82,Digital Wallet,2,0,3.0,63.0,No
10776,29,Consumer,Basic,Monthly,40,43.65,Digital Wallet,1,0,3.0,55.2,No
10777,31,Consumer,Basic,Monthly,14,45.45,Digital Wallet,2,2,4.0,87.8,No
10778,18,Consumer,Basic,Monthly,53,42.51,Credit Card,2,1,5.0,51.3,No
10779,41,Consumer,Standard,Monthly,36,69.68,Credit Card,2,1,4.0,40.0,No
10780,51,Small Business,Premium,Annual,8,106.77,Direct Debit,0,0,3.0,59.9,No
10781,50,Consumer,Basic,Monthly,11,44.87,Credit Card,6,2,2.0,47.9,No
10782,21,Enterprise,Standard,Annual,16,86.31,Digital Wallet,5,2,3.0,50.7,No
10783,44,Consumer,Standard,Monthly,32,85.8,Digital Wallet,3,0,4.0,46.5,No
10784,39,Small Business,Standard,Annual,12,83.74,Credit Card,0,0,3.0,73.6,No
10785,29,Consumer,Premium,Monthly,13,103.59,Bank Transfer,4,0,1.0,50.8,No
10786,29,Consumer,Standard,Monthly,5,65.84,Digital Wallet,3,1,3.0,67.5,No
10787,51,Small Business,Premium,Two-Year,35,139.41,Credit Card,3,1,3.0,53.7,No
10788,30,Consumer,Standard,Monthly,25,97.57,Direct Debit,1,0,4.0,55.7,No
10789,45,Small Business,Standard,Monthly,4,82.51,Bank Transfer,2,1,4.0,60.2,No
10790,46,Consumer,Standard,Two-Year,19,73.84,Digital Wallet,0,1,3.0,44.9,No
10791,26,Enterprise,Standard,Monthly,4,89.29,Bank Transfer,2,2,4.0,66.1,No
10792,70,Small Business,Standard,Two-Year,42,89.64,Bank Transfer,0,0,2.0,47.3,No
10793,33,Consumer,Standard,Monthly,19,98.5,Bank Transfer,2,1,3.0,46.7,No
10794,30,Consumer,Standard,Monthly,25,92.89,Direct Debit,3,3,3.0,39.5,No
10795,27,Consumer,Standard,Monthly,92,88.87,Direct Debit,3,1,1.0,59.7,No
10796,42,Consumer,Basic,Monthly,18,58.76,Bank Transfer,0,0,4.0,60.3,No
10797,32,Small Business,Standard,Monthly,14,65.42,Bank Transfer,3,2,5.0,55.8,No
10798,48,Consumer,Premium,Monthly,41,134.34,Bank Transfer,0,0,4.0,62.1,No
10799,52,Consumer,Premium,Two-Year,11,117.03,Bank Transfer,1,0,4.0,54.5,No
10800,48,Consumer,Premium,Two-Year,96,97.12,Digital Wallet,3,0,2.0,46.4,No
10801,37,Consumer,Standard,Monthly,26,62.55,Digital Wallet,2,1,4.0,80.9,No
10802,18,Consumer,Basic,Monthly,53,61.17,Digital Wallet,4,2,3.0,45.2,No
10803,18,Small Business,Basic,Two-Year,8,58.37,Credit Card,3,2,2.0,53.2,No
10804,69,Consumer,Premium,Monthly,43,131.27,Credit Card,0,0,2.0,61.5,No
10805,56,Consumer,Basic,Monthly,31,50.41,Digital Wallet,4,0,4.0,47.3,No
10806,21,Consumer,Standard,Monthly,26,85.14,Digital Wallet,3,2,4.0,52.1,No
10807,38,Small Business,Standard,Annual,14,65.26,Bank Transfer,0,1,3.0,64.4,No
10808,41,Consumer,Standard,Two-Year,6,73.85,Direct Debit,2,2,3.0,62.6,No
10809,68,Consumer,Basic,Annual,16,52.87,Bank Transfer,1,0,4.0,88.8,No
10810,41,Small Business,Standard,Annual,12,68.02,Direct Debit,1,0,3.0,68.9,Yes
10811,27,Small Business,Basic,Two-Year,17,38.84,Direct Debit,3,3,3.0,48.9,No
10812,32,Consumer,Standard,Monthly,21,86.3,Credit Card,3,1,4.0,57.9,No
10813,49,Consumer,Basic,Two-Year,24,32.18,Bank Transfer,1,1,3.0,70.8,No
10814,57,Consumer,Basic,Two-Year,28,52.57,Digital Wallet,2,0,4.0,70.1,No
10815,53,Small Business,Standard,Monthly,21,78.73,Direct Debit,0,0,4.0,40.2,No
10816,28,Small Business,Premium,Monthly,50,149.65,Bank Transfer,3,4,4.0,74.7,No
10817,32,Consumer,Basic,Annual,37,52.83,Credit Card,3,0,1.0,78.0,No
10818,46,Consumer,Basic,Monthly,11,46.99,Direct Debit,4,3,2.0,52.6,No
10819,54,Consumer,Premium,Monthly,18,128.14,Credit Card,4,1,3.0,44.0,No
10820,34,Consumer,Standard,Monthly,33,81.43,Digital Wallet,7,3,3.0,65.0,No
10821,51,Small Business,Basic,Two-Year,17,32.39,Credit Card,2,2,4.0,51.8,No
10822,52,Enterprise,Standard,Monthly,27,92.14,Direct Debit,2,1,4.0,51.4,No
10823,44,Small Business,Standard,Annual,11,80.68,Digital Wallet,2,0,4.0,66.4,No
10824,30,Enterprise,Standard,Monthly,43,77.31,Digital Wallet,2,3,2.0,63.2,No
10825,28,Enterprise,Basic,Monthly,51,57.02,Bank Transfer,2,0,3.0,50.5,Yes
10826,50,Consumer,Standard,Monthly,20,97.96,Digital Wallet,5,2,3.0,40.8,No
10827,31,Consumer,Standard,Monthly,10,72.13,Direct Debit,2,3,3.0,53.4,No
10828,47,Small Business,Premium,Annual,29,92.45,Credit Card,2,3,3.0,66.3,No
10829,43,Enterprise,Basic,Monthly,10,42.89,Bank Transfer,3,0,3.0,64.7,No
10830,18,Small Business,Basic,Annual,46,48.57,Digital Wallet,2,1,5.0,68.9,No
10831,44,Consumer,Basic,Annual,21,43.6,Digital Wallet,0,0,4.0,88.9,No
10832,40,Small Business,Basic,Monthly,47,43.89,Digital Wallet,5,1,3.0,47.3,No
10833,30,Small Business,Basic,Annual,39,42.81,Digital Wallet,2,1,4.0,66.3,No
10834,27,Small Business,Basic,Two-Year,25,37.67,Direct Debit,0,0,3.0,56.5,No
10835,64,Consumer,Standard,Monthly,15,79.36,Bank Transfer,2,1,3.0,34.7,Yes
10836,37,Consumer,Standard,Two-Year,39,61.31,Credit Card,1,2,3.0,78.6,No
10837,34,Consumer,Premium,Monthly,28,144.69,Credit Card,2,0,3.0,55.1,Yes
10838,50,Consumer,Standard,Monthly,61,63.26,Direct Debit,3,2,3.0,39.2,No
10839,44,Consumer,Basic,Annual,31,54.59,Direct Debit,1,1,3.0,67.8,No
10840,35,Small Business,Basic,Monthly,17,56.03,Credit Card,2,0,3.0,39.6,No
10841,52,Small Business,Premium,Monthly,15,102.19,Digital Wallet,2,1,3.0,57.2,Yes
10842,49,Consumer,Premium,Monthly,24,117.39,Bank Transfer,5,2,1.0,38.2,Yes
10843,44,Enterprise,Premium,Monthly,62,98.44,Bank Transfer,6,0,3.0,57.9,No
10844,37,Consumer,Standard,Annual,7,62.56,Credit Card,0,0,3.0,76.7,No
10845,47,Consumer,Premium,Monthly,26,113.16,Digital Wallet,0,0,3.0,74.4,No
10846,48,Enterprise,Basic,Monthly,14,53.92,Bank Transfer,3,3,2.0,51.5,No
10847,35,Consumer,Basic,Monthly,46,47.76,Credit Card,2,0,3.0,40.5,No
10848,41,Consumer,Standard,Annual,5,51.95,Direct Debit,1,1,3.0,63.7,No
10849,49,Consumer,Basic,Annual,39,47.8,Digital Wallet,1,0,4.0,51.6,No
10850,30,Small Business,Premium,Monthly,29,142.58,Credit Card,4,0,4.0,51.6,No
10851,24,Consumer,Basic,Monthly,45,43.88,Bank Transfer,4,1,3.0,66.7,No
10852,29,Consumer,Standard,Monthly,11,64.15,Digital Wallet,2,1,3.0,31.8,No
10853,36,Consumer,Premium,Monthly,25,108.46,Direct Debit,3,1,4.0,45.5,No
10854,42,Small Business,Standard,Monthly,27,76.08,Direct Debit,2,1,5.0,57.2,No
10855,29,Small Business,Premium,Two-Year,20,137.45,Credit Card,3,2,3.0,66.9,No
10856,47,Small Business,Premium,Monthly,30,97.26,Digital Wallet,4,1,3.0,62.6,No
10857,21,Consumer,Premium,Monthly,29,133.47,Bank Transfer,3,0,4.0,49.7,No
10858,18,Consumer,Basic,Monthly,29,48.34,Direct Debit,2,2,4.0,42.7,No
10859,43,Consumer,Basic,Monthly,23,39.47,Direct Debit,1,1,4.0,59.3,No
10860,67,Enterprise,Premium,Monthly,23,84.74,Digital Wallet,5,1,2.0,49.4,No
10861,37,Consumer,Premium,Monthly,24,116.39,Credit Card,2,0,3.0,82.5,No
10862,34,Consumer,Basic,Monthly,56,48.14,Credit Card,3,2,3.0,82.2,No
10863,33,Consumer,Premium,Two-Year,30,130.3,Digital Wallet,3,0,3.0,64.2,No
10864,26,Consumer,Basic,Monthly,17,41.24,Credit Card,4,3,3.0,63.6,No
10865,44,Consumer,Premium,Annual,13,120.94,Digital Wallet,1,0,4.0,47.3,No
10866,55,Consumer,Basic,Two-Year,57,38.02,Credit Card,2,1,2.0,52.2,No
10867,23,Consumer,Standard,Annual,70,95.83,Direct Debit,4,3,1.0,45.0,No
10868,60,Consumer,Basic,Annual,36,51.66,Direct Debit,0,0,5.0,73.1,No
10869,54,Consumer,Standard,Monthly,16,65.52,Direct Debit,1,1,4.0,67.1,No
10870,33,Enterprise,Basic,Two-Year,38,52.41,Bank Transfer,2,1,5.0,48.6,No
10871,49,Consumer,Standard,Monthly,35,70.68,Bank Transfer,1,2,2.0,56.7,No
10872,21,Consumer,Standard,Monthly,25,77.56,Direct Debit,1,0,3.0,68.0,No
10873,66,Consumer,Basic,Two-Year,52,39.19,Credit Card,3,1,3.0,54.0,No
10874,29,Consumer,Standard,Two-Year,20,68.41,Direct Debit,2,1,4.0,57.0,No
10875,44,Consumer,Basic,Monthly,10,40.16,Bank Transfer,0,1,3.0,50.4,No
10876,29,Small Business,Basic,Annual,21,45.85,Bank Transfer,4,1,2.0,64.8,No
10877,54,Consumer,Premium,Annual,88,95.01,Digital Wallet,1,5,5.0,66.0,No
10878,27,Small Business,Basic,Monthly,14,45.56,Bank Transfer,5,3,3.0,48.9,No
10879,32,Enterprise,Standard,Two-Year,40,74.49,Digital Wallet,1,0,4.0,56.3,No
10880,36,Consumer,Premium,Monthly,37,95.65,Credit Card,5,0,1.0,40.8,No
10881,43,Consumer,Standard,Monthly,42,83.28,Bank Transfer,2,2,,52.2,No
10882,49,Consumer,Standard,Monthly,13,64.89,Direct Debit,2,1,3.0,42.8,No
10883,38,Small Business,Basic,Annual,11,38.12,Bank Transfer,1,1,4.0,54.1,No
10884,32,Consumer,Premium,Monthly,48,107.13,Credit Card,1,1,2.0,54.5,Yes
10885,49,Consumer,Standard,Two-Year,24,77.06,Digital Wallet,2,1,3.0,56.7,No
10886,40,Small Business,Standard,Annual,16,87.99,Credit Card,0,0,5.0,54.0,No
10887,29,Small Business,Standard,Monthly,9,96.13,Bank Transfer,3,1,2.0,46.3,No
10888,35,Consumer,Standard,Annual,32,69.11,Credit Card,2,0,2.0,63.6,No
10889,41,Consumer,Standard,Monthly,80,80.11,Bank Transfer,4,0,3.0,27.5,No
10890,21,Consumer,Premium,Annual,18,136.69,Digital Wallet,1,3,3.0,53.1,No
10891,29,Consumer,Basic,Annual,63,58.32,Bank Transfer,3,2,3.0,32.2,No
10892,37,Consumer,Premium,Monthly,15,135.87,Bank Transfer,2,1,3.0,82.5,No
10893,32,Consumer,Premium,Monthly,28,114.67,Bank Transfer,1,0,5.0,69.5,No
10894,26,Small Business,Basic,Monthly,12,42.4,Bank Transfer,4,1,4.0,59.8,No
10895,60,Consumer,Standard,Monthly,60,56.09,Digital Wallet,0,0,4.0,61.1,No
10896,43,Consumer,Standard,Monthly,13,84.45,Bank Transfer,4,0,3.0,41.3,No
10897,34,Consumer,Basic,Monthly,12,50.33,Direct Debit,4,0,2.0,47.3,No
10898,55,Consumer,Basic,Annual,25,35.65,Direct Debit,0,0,4.0,34.3,No
10899,48,Consumer,Premium,Annual,10,117.06,Digital Wallet,3,0,2.0,73.2,No
10900,35,Consumer,Basic,Annual,37,30.11,Direct Debit,2,0,3.0,77.6,No
10901,61,Consumer,Basic,Monthly,27,41.91,Digital Wallet,1,0,4.0,55.7,No
10902,46,Consumer,Standard,Two-Year,14,76.33,Unknown,1,0,3.0,38.7,No
10903,18,Consumer,Premium,Monthly,11,106.97,Credit Card,2,1,4.0,48.6,No
10904,43,Enterprise,Standard,Two-Year,13,75.52,Bank Transfer,2,1,3.0,80.2,No
10905,34,Consumer,Basic,Annual,14,46.56,Digital Wallet,1,0,4.0,43.1,No
10906,26,Consumer,Standard,Annual,26,64.09,Direct Debit,0,1,3.0,56.5,No
10907,22,Consumer,Standard,Annual,25,69.35,Direct Debit,3,1,4.0,46.6,No
10908,31,Enterprise,Standard,Monthly,96,61.84,Credit Card,5,4,4.0,39.0,No
10909,40,Consumer,Basic,Monthly,22,47.11,Direct Debit,6,1,2.0,44.5,No
10910,36,Enterprise,Basic,Monthly,26,35.01,Credit Card,0,2,1.0,48.8,Yes
10911,46,Small Business,Basic,Monthly,4,49.68,Direct Debit,4,0,2.0,36.2,No
10912,56,Consumer,Basic,Annual,45,35.67,Direct Debit,6,4,1.0,36.1,No
10913,35,Consumer,Premium,Annual,11,123.23,Direct Debit,3,0,3.0,58.7,No
10914,39,Small Business,Standard,Monthly,9,96.7,Credit Card,1,2,4.0,80.6,No
10915,49,Consumer,Standard,Annual,5,90.15,Digital Wallet,1,1,4.0,62.4,No
10916,51,Consumer,Standard,Monthly,27,75.49,Digital Wallet,3,2,3.0,54.7,No
10917,40,Consumer,Standard,Monthly,33,62.54,Credit Card,3,2,3.0,38.0,No
10918,36,Consumer,Basic,Monthly,22,46.91,Direct Debit,2,2,4.0,37.2,No
10919,22,Enterprise,Standard,Monthly,27,94.84,Direct Debit,1,0,2.0,32.7,No
10920,45,Small Business,Basic,Monthly,48,40.81,Direct Debit,2,1,3.0,48.0,No
10921,56,Consumer,Basic,Monthly,12,31.27,Digital Wallet,2,0,5.0,64.6,No
10922,52,Consumer,Standard,Two-Year,76,72.77,Bank Transfer,2,1,1.0,52.0,No
10923,63,Consumer,Basic,Annual,30,44.68,Bank Transfer,1,4,3.0,46.8,No
10924,46,Consumer,Standard,Annual,15,69.63,Credit Card,1,0,3.0,78.9,No
10925,57,Small Business,Standard,Monthly,14,72.82,Bank Transfer,3,1,4.0,48.7,No
10926,44,Small Business,Standard,Monthly,19,65.56,Direct Debit,2,1,3.0,68.9,No
10927,39,Consumer,Standard,Annual,26,69.59,Credit Card,2,2,3.0,60.5,No
10928,21,Enterprise,Premium,Monthly,31,119.93,Credit Card,1,0,3.0,50.2,No
10929,59,Consumer,Standard,Two-Year,4,74.85,Bank Transfer,2,1,4.0,44.8,No
10930,56,Consumer,Standard,Monthly,38,89.2,Digital Wallet,5,3,3.0,34.8,No
10931,29,Consumer,Basic,Monthly,44,50.32,Direct Debit,1,0,4.0,44.9,No
10932,40,Consumer,Standard,Two-Year,23,85.11,Bank Transfer,4,0,4.0,61.8,No
10933,19,Consumer,Standard,Two-Year,24,80.91,Credit Card,2,2,3.0,67.1,No
10934,30,Small Business,Standard,Monthly,33,68.85,Bank Transfer,2,1,4.0,56.6,No
10935,29,Small Business,Standard,Monthly,17,54.46,Digital Wallet,1,2,4.0,52.2,No
10936,38,Consumer,Premium,Monthly,53,130.1,Bank Transfer,2,0,2.0,60.6,No
10937,62,Consumer,Standard,Two-Year,23,106.92,Bank Transfer,1,2,2.0,69.4,No
10938,35,Consumer,Basic,Annual,28,54.57,Credit Card,4,3,3.0,63.8,Yes
10939,58,Enterprise,Basic,Monthly,25,51.12,Digital Wallet,3,3,3.0,43.3,No
10940,45,Consumer,Standard,Monthly,9,57.7,Direct Debit,3,2,2.0,62.5,No
10941,28,Enterprise,Standard,Monthly,45,60.26,Credit Card,5,4,5.0,65.9,No
10942,30,Consumer,Standard,Two-Year,36,78.6,Digital Wallet,3,0,2.0,55.7,No
10943,27,Small Business,Standard,Monthly,51,52.38,Direct Debit,4,1,3.0,50.9,No
10944,44,Small Business,Standard,Annual,45,73.53,Direct Debit,2,1,4.0,66.8,No
10945,18,Consumer,Basic,Monthly,68,44.13,Bank Transfer,0,2,4.0,39.5,No
10946,59,Small Business,Basic,Monthly,10,28.6,Digital Wallet,2,0,3.0,44.5,No
10947,41,Small Business,Basic,Monthly,72,41.86,Direct Debit,4,1,2.0,29.8,No
10948,44,Enterprise,Standard,Two-Year,6,82.35,Digital Wallet,5,4,2.0,36.1,No
10949,54,Consumer,Premium,Monthly,18,124.19,Bank Transfer,2,1,3.0,65.9,No
10950,57,Enterprise,Basic,Monthly,12,62.79,Digital Wallet,6,2,1.0,49.8,No
10951,46,Consumer,Standard,Monthly,29,52.81,Digital Wallet,1,0,4.0,73.5,No
10952,57,Small Business,Premium,Monthly,43,104.27,Direct Debit,2,0,2.0,63.1,No
10953,32,Consumer,Basic,Monthly,16,41.96,Bank Transfer,2,1,4.0,58.1,No
10954,54,Enterprise,Basic,Monthly,28,39.77,Bank Transfer,1,0,3.0,80.6,No
10955,28,Small Business,Basic,Monthly,21,49.63,Digital Wallet,2,3,3.0,70.7,No
10956,53,Consumer,Standard,Annual,22,86.3,Bank Transfer,1,1,4.0,60.3,No
10957,50,Consumer,Standard,Two-Year,45,83.8,Bank Transfer,0,0,5.0,54.9,No
10958,58,Consumer,Standard,Annual,14,95.01,Credit Card,3,1,4.0,48.3,No
10959,18,Enterprise,Basic,Monthly,9,45.99,Bank Transfer,0,0,3.0,46.3,No
10960,55,Consumer,Basic,Two-Year,14,42.26,Credit Card,5,4,1.0,65.1,No
10961,46,Small Business,Standard,Two-Year,29,84.16,Direct Debit,2,1,3.0,42.6,No
10962,42,Small Business,Standard,Two-Year,36,62.59,Credit Card,3,2,3.0,77.4,No
10963,37,Consumer,Basic,Annual,45,33.51,Direct Debit,0,0,4.0,84.3,No
10964,39,Consumer,Standard,Annual,19,71.3,Direct Debit,2,0,3.0,62.0,No
10965,72,Enterprise,Basic,Monthly,11,50.54,Credit Card,1,2,3.0,57.0,No
10966,40,Consumer,Standard,Monthly,19,88.91,Digital Wallet,2,1,3.0,35.4,No
10967,48,Consumer,Basic,Monthly,11,44.01,Direct Debit,1,0,3.0,59.9,No
10968,51,Small Business,Basic,Monthly,27,52.09,Digital Wallet,3,0,4.0,88.4,No
10969,34,Consumer,Basic,Annual,46,41.28,Credit Card,3,1,4.0,70.2,No
10970,56,Consumer,Basic,Monthly,32,38.03,Digital Wallet,1,0,2.0,32.3,No
10971,33,Consumer,Basic,Monthly,27,44.12,Direct Debit,2,1,3.0,42.8,No
10972,56,Small Business,Premium,Monthly,33,117.79,Digital Wallet,0,0,3.0,79.4,No
10973,32,Small Business,Standard,Annual,40,84.7,Digital Wallet,2,1,1.0,59.7,No
10974,36,Consumer,Basic,Two-Year,24,60.85,Direct Debit,1,0,4.0,70.2,No
10975,52,Small Business,Basic,Two-Year,6,49.68,Direct Debit,0,0,5.0,42.4,No
10976,45,Small Business,Standard,Monthly,57,64.74,Digital Wallet,0,0,4.0,46.1,No
10977,49,Small Business,Premium,Monthly,24,120.17,Direct Debit,5,2,3.0,65.7,No
10978,29,Enterprise,Standard,Monthly,29,89.51,Digital Wallet,1,0,,78.0,No
10979,63,Consumer,Premium,Annual,28,97.72,Direct Debit,0,1,4.0,95.8,No
10980,21,Enterprise,Standard,Monthly,26,78.64,Direct Debit,1,0,5.0,49.1,No
10981,56,Consumer,Premium,Annual,13,118.12,Digital Wallet,0,0,5.0,64.3,No
10982,50,Enterprise,Basic,Annual,81,39.21,Bank Transfer,4,1,4.0,60.9,No
10983,35,Consumer,Premium,Monthly,23,105.32,Digital Wallet,1,0,3.0,60.0,No
10984,47,Consumer,Premium,Monthly,48,135.92,Credit Card,2,0,3.0,83.3,No
10985,50,Consumer,Premium,Monthly,26,134.83,Bank Transfer,0,2,5.0,75.9,No
10986,40,Small Business,Premium,Monthly,10,125.7,Credit Card,2,1,3.0,49.9,No
10987,36,Consumer,Basic,Two-Year,21,56.86,Direct Debit,0,0,3.0,63.5,No
10988,50,Consumer,Standard,Annual,27,61.34,Bank Transfer,1,0,5.0,57.4,No
10989,65,Consumer,Basic,Annual,15,50.16,Digital Wallet,1,2,4.0,68.7,No
10990,33,Small Business,Basic,Monthly,22,42.68,Bank Transfer,0,1,4.0,72.2,No
10991,52,Consumer,Premium,Monthly,3,90.89,Digital Wallet,3,1,3.0,70.1,No
10992,50,Consumer,Premium,Monthly,59,106.77,Credit Card,2,0,3.0,55.1,No
10993,68,Consumer,Basic,Monthly,8,43.93,Direct Debit,1,1,3.0,38.6,No
10994,60,Consumer,Basic,Two-Year,28,38.28,Digital Wallet,3,0,4.0,53.3,Yes
10995,57,Consumer,Standard,Monthly,19,68.54,Bank Transfer,2,0,5.0,62.7,No
10996,64,Small Business,Premium,Monthly,48,130.27,Direct Debit,2,1,3.0,78.0,No
10997,46,Small Business,Standard,Monthly,12,67.96,Direct Debit,1,1,3.0,68.3,Yes
10998,40,Consumer,Standard,Monthly,40,72.7,Direct Debit,1,0,2.0,51.5,Yes
10999,55,Consumer,Standard,Annual,7,82.9,Bank Transfer,2,1,3.0,51.1,No
11000,33,Consumer,Premium,Annual,50,104.61,Direct Debit,3,0,4.0,60.9,No
11001,61,Consumer,Standard,Monthly,27,78.22,Credit Card,5,2,2.0,65.6,No
11002,27,Consumer,Standard,Monthly,43,77.34,Bank Transfer,1,1,4.0,44.8,No
11003,28,Consumer,Standard,Monthly,39,57.37,Credit Card,2,3,4.0,87.4,No
11004,34,Consumer,Standard,Monthly,27,85.73,Credit Card,4,1,1.0,65.5,Yes
11005,31,Consumer,Standard,Annual,25,76.75,Direct Debit,3,2,4.0,50.2,No
11006,34,Consumer,Standard,Monthly,39,69.95,Digital Wallet,1,0,4.0,61.9,No
11007,18,Consumer,Basic,Two-Year,4,42.29,Credit Card,1,1,3.0,73.9,No
11008,33,Consumer,Standard,Two-Year,65,80.04,Direct Debit,1,0,5.0,82.4,No
11009,39,Small Business,Premium,Monthly,13,93.41,Direct Debit,3,2,4.0,66.8,No
11010,46,Small Business,Basic,Monthly,3,37.84,Direct Debit,5,2,4.0,39.7,No
11011,40,Enterprise,Premium,Monthly,8,112.71,Digital Wallet,4,0,4.0,57.9,No
11012,46,Small Business,Standard,Annual,18,77.36,Credit Card,2,0,2.0,70.3,No
11013,46,Consumer,Standard,Annual,34,78.22,Direct Debit,4,2,3.0,47.4,No
11014,25,Consumer,Standard,Annual,44,113.03,Credit Card,2,1,4.0,70.3,No
11015,54,Consumer,Standard,Monthly,41,71.67,Direct Debit,5,4,3.0,51.3,No
11016,36,Enterprise,Premium,Monthly,36,126.72,Digital Wallet,4,2,2.0,65.3,Yes
11017,18,Enterprise,Basic,Annual,24,26.69,Bank Transfer,1,1,2.0,46.3,No
11018,33,Consumer,Standard,Annual,3,53.43,Credit Card,0,0,4.0,62.1,No
11019,45,Consumer,Standard,Two-Year,46,73.34,Credit Card,1,0,3.0,98.3,No
11020,62,Consumer,Premium,Monthly,70,139.8,Direct Debit,3,0,2.0,85.9,No
11021,59,Consumer,Standard,Monthly,10,41.53,Bank Transfer,3,1,3.0,55.2,No
11022,19,Consumer,Standard,Monthly,34,65.7,Credit Card,2,2,5.0,58.7,No
11023,28,Enterprise,Basic,Annual,24,52.12,Digital Wallet,3,4,3.0,70.0,Yes
11024,47,Consumer,Standard,Annual,12,63.9,Direct Debit,3,2,4.0,68.4,No
11025,45,Consumer,Standard,Monthly,11,70.8,Credit Card,2,2,3.0,65.2,No
11026,44,Small Business,Standard,Annual,13,88.89,Bank Transfer,1,1,2.0,53.5,No
11027,47,Consumer,Basic,Monthly,38,30.79,Credit Card,5,2,2.0,42.1,No
11028,21,Consumer,Standard,Annual,38,83.59,Credit Card,1,2,3.0,76.3,No
11029,40,Consumer,Premium,Monthly,34,131.1,Digital Wallet,5,3,4.0,51.1,No
11030,41,Consumer,Basic,Annual,15,58.31,Direct Debit,2,2,2.0,59.2,No
11031,29,Small Business,Standard,Monthly,24,74.5,Bank Transfer,2,1,4.0,73.8,No
11032,41,Consumer,Premium,Monthly,27,115.05,Direct Debit,3,5,3.0,56.6,No
11033,42,Small Business,Premium,Annual,60,105.03,Digital Wallet,2,0,4.0,51.4,No
11034,42,Consumer,Standard,Monthly,10,69.92,Bank Transfer,0,0,4.0,76.0,No
11035,67,Consumer,Standard,Monthly,34,87.47,Direct Debit,2,1,2.0,37.1,No
11036,46,Consumer,Standard,Annual,38,93.59,Credit Card,5,3,3.0,65.4,No
11037,38,Consumer,Standard,Monthly,37,62.63,Direct Debit,1,2,3.0,27.7,No
11038,29,Enterprise,Standard,Monthly,56,74.62,Credit Card,0,0,3.0,73.7,No
11039,58,Small Business,Standard,Two-Year,7,102.2,Direct Debit,2,1,2.0,58.4,No
11040,45,Consumer,Standard,Annual,62,85.64,Direct Debit,0,1,5.0,68.2,No
11041,34,Small Business,Standard,Monthly,2,66.44,Digital Wallet,2,1,2.0,80.7,Yes
11042,24,Small Business,Basic,Annual,21,44.67,Bank Transfer,2,0,4.0,94.7,No
11043,54,Small Business,Basic,Two-Year,36,73.28,Digital Wallet,1,1,3.0,89.5,No
11044,49,Small Business,Premium,Annual,11,120.07,Credit Card,2,0,4.0,36.2,No
11045,33,Consumer,Premium,Annual,37,117.98,Digital Wallet,2,2,4.0,53.8,No
11046,34,Consumer,Basic,Two-Year,37,50.98,Credit Card,2,1,2.0,46.5,No
11047,44,Consumer,Premium,Monthly,19,145.09,Direct Debit,1,0,3.0,61.0,No
11048,57,Enterprise,Basic,Annual,26,33.96,Credit Card,0,1,4.0,40.3,No
11049,47,Consumer,Standard,Monthly,30,67.98,Credit Card,2,4,2.0,36.6,Yes
11050,31,Consumer,Standard,Annual,30,93.08,Digital Wallet,4,2,4.0,63.5,No
11051,61,Small Business,Standard,Two-Year,4,84.1,Digital Wallet,1,0,3.0,34.9,No
11052,45,Consumer,Premium,Monthly,48,118.04,Bank Transfer,3,4,2.0,51.9,No
11053,33,Consumer,Basic,Annual,19,31.67,Credit Card,1,0,5.0,49.0,Yes
11054,39,Consumer,Standard,Annual,80,85.08,Direct Debit,6,0,4.0,50.2,No
11055,45,Enterprise,Standard,Annual,58,56.96,Direct Debit,1,1,5.0,65.3,No
11056,58,Small Business,Premium,Monthly,47,106.98,Digital Wallet,1,1,4.0,62.4,No
11057,40,Enterprise,Basic,Monthly,39,45.7,Credit Card,1,1,4.0,46.2,No
11058,24,Consumer,Standard,Annual,71,44.5,Credit Card,2,1,3.0,63.4,No
11059,34,Consumer,Basic,Annual,32,55.26,Credit Card,1,0,3.0,74.6,No
11060,69,Enterprise,Standard,Annual,11,64.23,Direct Debit,0,0,4.0,93.8,Yes
11061,67,Consumer,Basic,Monthly,32,52.98,Digital Wallet,3,1,4.0,77.8,No
11062,51,Small Business,Standard,Annual,31,66.25,Digital Wallet,0,0,2.0,97.6,No
11063,18,Small Business,Basic,Monthly,23,55.72,Bank Transfer,2,0,2.0,42.7,No
11064,69,Small Business,Standard,Annual,25,60.32,Digital Wallet,2,2,4.0,63.6,No
11065,32,Enterprise,Standard,Monthly,17,78.23,Credit Card,2,1,3.0,82.1,No
11066,54,Consumer,Basic,Annual,18,40.73,Digital Wallet,0,0,4.0,45.6,Yes
11067,43,Consumer,Premium,Annual,35,126.48,Credit Card,2,2,4.0,62.5,No
11068,52,Small Business,Premium,Monthly,14,124.51,Bank Transfer,2,0,2.0,66.1,Yes
11069,48,Consumer,Premium,Annual,30,120.95,Digital Wallet,1,2,4.0,66.8,No
11070,45,Small Business,Standard,Monthly,40,75.83,Digital Wallet,1,1,4.0,82.4,No
11071,40,Consumer,Premium,Monthly,24,121.84,Bank Transfer,1,1,3.0,56.3,No
11072,29,Consumer,Basic,Two-Year,22,39.94,Bank Transfer,2,2,2.0,80.1,No
11073,31,Small Business,Basic,Two-Year,18,48.29,Digital Wallet,0,0,4.0,62.8,No
11074,43,Consumer,Standard,Two-Year,4,80.04,Credit Card,1,3,4.0,57.7,No
11075,36,Small Business,Standard,Annual,18,92.35,Bank Transfer,2,0,2.0,63.8,No
11076,42,Small Business,Basic,Monthly,30,35.84,Digital Wallet,1,0,3.0,54.9,No
11077,55,Small Business,Basic,Annual,21,44.7,Credit Card,3,1,2.0,65.5,No
11078,51,Consumer,Basic,Monthly,58,41.74,Bank Transfer,1,1,4.0,48.1,No
11079,48,Consumer,Basic,Monthly,17,41.61,Direct Debit,1,1,4.0,38.3,No
11080,47,Consumer,Premium,Monthly,4,111.99,Credit Card,3,2,3.0,47.1,No
11081,46,Consumer,Basic,Two-Year,19,40.97,Digital Wallet,1,0,4.0,74.0,No
11082,57,Consumer,Standard,Monthly,47,61.71,Digital Wallet,2,1,5.0,56.0,No
11083,45,Consumer,Basic,Two-Year,26,35.82,Bank Transfer,2,1,4.0,81.4,Yes
11084,32,Small Business,Premium,Annual,50,114.62,Bank Transfer,1,1,4.0,81.9,No
11085,75,Consumer,Premium,Monthly,17,128.09,Unknown,4,3,3.0,53.8,No
11086,37,Consumer,Basic,Two-Year,43,51.24,Credit Card,1,1,5.0,56.5,No
11087,21,Small Business,Premium,Monthly,36,140.81,Bank Transfer,7,3,3.0,38.1,No
11088,43,Consumer,Standard,Monthly,8,74.01,Bank Transfer,4,1,2.0,47.5,No
11089,27,Small Business,Premium,Monthly,7,129.06,Bank Transfer,5,1,4.0,64.3,No
11090,26,Small Business,Standard,Two-Year,32,43.88,Bank Transfer,1,1,2.0,61.9,No
11091,45,Small Business,Basic,Two-Year,31,36.82,Bank Transfer,2,2,4.0,76.6,No
11092,48,Enterprise,Basic,Monthly,54,57.44,Bank Transfer,2,2,4.0,70.5,No
11093,31,Consumer,Basic,Annual,41,39.09,Credit Card,2,0,4.0,73.0,No
11094,39,Enterprise,Standard,Annual,46,67.34,Direct Debit,1,2,5.0,68.4,Yes
11095,58,Consumer,Standard,Monthly,20,67.28,Bank Transfer,1,0,3.0,50.5,No
11096,21,Consumer,Basic,Annual,9,58.73,Bank Transfer,3,1,3.0,64.5,No
11097,44,Consumer,Standard,Monthly,22,72.95,Credit Card,3,3,4.0,64.9,No
11098,35,Small Business,Standard,Annual,49,85.4,Digital Wallet,3,4,4.0,56.1,No
11099,46,Consumer,Standard,Monthly,58,102.06,Credit Card,5,1,1.0,89.7,No
11100,37,Consumer,Premium,Annual,31,102.46,Direct Debit,2,0,4.0,61.3,No
11101,27,Consumer,Standard,Annual,27,90.44,Bank Transfer,1,1,3.0,56.1,No
11102,51,Small Business,Premium,Monthly,19,82.07,Credit Card,0,0,4.0,43.5,Yes
11103,69,Small Business,Premium,Two-Year,5,114.91,Direct Debit,0,0,3.0,42.7,No
11104,51,Small Business,Standard,Monthly,16,65.25,Direct Debit,1,1,3.0,77.2,No
11105,42,Small Business,Premium,Monthly,19,115.62,Credit Card,6,4,2.0,58.6,No
11106,52,Consumer,Standard,Monthly,42,81.59,Digital Wallet,6,3,3.0,58.3,No
11107,42,Enterprise,Basic,Monthly,21,53.47,Digital Wallet,2,1,4.0,63.5,No
11108,64,Consumer,Basic,Monthly,56,42.4,Direct Debit,2,1,2.0,60.8,No
11109,44,Enterprise,Basic,Two-Year,25,57.1,Bank Transfer,0,0,,56.4,No
11110,66,Small Business,Premium,Monthly,34,125.16,Direct Debit,2,2,4.0,60.9,No
11111,54,Consumer,Standard,Monthly,17,88.15,Direct Debit,5,1,2.0,49.9,Yes
11112,49,Consumer,Standard,Two-Year,37,62.39,Digital Wallet,0,0,4.0,34.0,No
11113,46,Consumer,Standard,Monthly,10,66.38,Direct Debit,1,0,4.0,60.8,No
11114,47,Consumer,Premium,Two-Year,26,101.35,Digital Wallet,1,0,2.0,83.7,No
11115,27,Consumer,Premium,Monthly,40,152.88,Credit Card,3,3,2.0,53.3,No
11116,43,Consumer,Standard,Monthly,70,82.13,Direct Debit,1,0,2.0,58.1,No
11117,64,Consumer,Standard,Monthly,96,78.35,Bank Transfer,5,2,3.0,46.8,No
11118,36,Small Business,Standard,Monthly,40,80.77,Direct Debit,1,1,3.0,41.1,No
11119,40,Enterprise,Standard,Monthly,33,60.85,Direct Debit,4,4,3.0,64.8,No
11120,52,Consumer,Standard,Monthly,39,83.73,Credit Card,2,0,3.0,66.2,No
11121,23,Enterprise,Standard,Monthly,13,67.2,Credit Card,1,0,5.0,62.0,No
11122,29,Consumer,Premium,Monthly,22,130.81,Bank Transfer,4,1,4.0,49.1,No
11123,62,Consumer,Standard,Monthly,94,76.52,Digital Wallet,4,1,2.0,79.8,Yes
11124,39,Consumer,Premium,Two-Year,26,127.85,Direct Debit,2,1,3.0,74.4,No
11125,63,Enterprise,Standard,Annual,52,68.02,Direct Debit,4,1,2.0,51.9,No
11126,53,Consumer,Basic,Monthly,7,45.43,Bank Transfer,2,0,4.0,60.4,No
11127,37,Consumer,Standard,Monthly,35,81.07,Digital Wallet,2,5,2.0,34.4,No
11128,57,Enterprise,Premium,Two-Year,49,108.36,Direct Debit,3,1,2.0,42.4,No
11129,39,Small Business,Premium,Monthly,18,157.64,Digital Wallet,1,0,4.0,73.4,No
11130,28,Consumer,Premium,Monthly,69,113.42,Direct Debit,2,0,4.0,58.5,No
11131,63,Consumer,Standard,Monthly,17,64.78,Credit Card,5,1,4.0,68.2,No
11132,20,Consumer,Premium,Monthly,20,145.73,Credit Card,2,0,4.0,53.2,No
11133,37,Consumer,Standard,Annual,8,84.01,Direct Debit,1,0,3.0,87.5,No
11134,26,Small Business,Standard,Monthly,17,67.89,Credit Card,2,0,4.0,29.2,No
11135,43,Small Business,Standard,Monthly,23,83.43,Credit Card,0,0,4.0,60.7,No
11136,47,Consumer,Standard,Monthly,36,63.01,Direct Debit,3,3,2.0,33.7,No
11137,52,Consumer,Standard,Annual,25,97.73,Bank Transfer,0,1,5.0,64.3,No
11138,68,Consumer,Basic,Monthly,8,28.69,Digital Wallet,0,1,4.0,38.4,No
11139,53,Consumer,Basic,Two-Year,18,45.8,Direct Debit,3,1,3.0,69.2,No
11140,42,Consumer,Premium,Annual,19,128.08,Credit Card,2,0,5.0,56.4,No
11141,39,Small Business,Basic,Annual,13,47.37,Direct Debit,0,0,4.0,74.2,No
11142,32,Consumer,Premium,Monthly,43,92.97,Credit Card,3,0,1.0,88.1,No
11143,45,Consumer,Standard,Two-Year,31,63.8,Credit Card,1,2,3.0,37.8,No
11144,36,Consumer,Standard,Monthly,48,77.97,Bank Transfer,2,2,3.0,63.7,No
11145,67,Consumer,Standard,Annual,12,69.38,Direct Debit,1,1,4.0,69.8,No
11146,47,Consumer,Basic,Two-Year,26,48.58,Digital Wallet,2,1,3.0,50.0,No
11147,33,Consumer,Basic,Monthly,39,44.92,Credit Card,3,2,3.0,31.3,No
11148,42,Enterprise,Basic,Monthly,38,56.88,Credit Card,6,3,3.0,53.4,No
11149,57,Consumer,Standard,Monthly,31,63.5,Direct Debit,0,0,4.0,54.3,No
11150,47,Consumer,Basic,Annual,31,45.51,Credit Card,2,2,4.0,47.6,No
11151,41,Consumer,Basic,Monthly,26,48.47,Digital Wallet,2,0,3.0,68.4,No
11152,40,Consumer,Standard,Annual,18,64.04,Direct Debit,3,4,3.0,47.5,No
11153,51,Consumer,Basic,Monthly,6,46.54,Credit Card,3,3,4.0,52.7,No
11154,43,Consumer,Standard,Monthly,42,82.59,Digital Wallet,3,1,2.0,68.5,No
11155,36,Small Business,Standard,Monthly,47,63.6,Direct Debit,2,3,3.0,60.2,No
11156,46,Small Business,Premium,Monthly,8,124.9,Bank Transfer,2,1,3.0,70.4,No
11157,45,Consumer,Standard,Two-Year,23,73.94,Bank Transfer,1,0,3.0,65.7,No
11158,45,Small Business,Standard,Monthly,42,87.62,Digital Wallet,2,1,4.0,62.5,No
11159,55,Small Business,Basic,Monthly,28,54.38,Bank Transfer,3,2,3.0,66.1,No
11160,28,Consumer,Basic,Monthly,22,36.05,Bank Transfer,2,2,4.0,44.2,Yes
11161,38,Small Business,Premium,Monthly,67,106.04,Bank Transfer,2,1,4.0,88.0,No
11162,41,Small Business,Standard,Annual,42,71.88,Digital Wallet,4,5,3.0,35.0,No
11163,35,Consumer,Standard,Monthly,19,71.9,Direct Debit,1,1,2.0,51.7,No
11164,32,Consumer,Basic,Monthly,32,42.79,Digital Wallet,3,1,3.0,47.5,No
11165,45,Consumer,Basic,Monthly,15,39.13,Direct Debit,0,1,4.0,59.1,No
11166,46,Consumer,Basic,Annual,12,40.18,Digital Wallet,1,1,3.0,59.5,No
11167,37,Consumer,Basic,Monthly,31,53.26,Direct Debit,2,1,3.0,70.4,No
11168,61,Consumer,Premium,Two-Year,27,101.8,Digital Wallet,0,2,3.0,99.9,No
11169,40,Consumer,Standard,Monthly,53,64.66,Bank Transfer,2,1,2.0,55.4,No
11170,23,Small Business,Premium,Monthly,26,126.6,Credit Card,2,3,5.0,64.7,No
11171,52,Consumer,Standard,Monthly,13,77.6,Credit Card,2,0,2.0,69.9,No
11172,31,Consumer,Standard,Annual,36,93.71,Bank Transfer,0,1,4.0,58.3,No
11173,66,Consumer,Basic,Monthly,53,29.05,Bank Transfer,2,1,3.0,66.6,No
11174,33,Small Business,Premium,Monthly,79,141.27,Credit Card,4,2,2.0,63.4,No
11175,30,Small Business,Premium,Annual,33,123.04,Credit Card,2,0,4.0,68.6,No
11176,56,Consumer,Premium,Annual,4,100.9,Credit Card,4,0,4.0,63.2,Yes
11177,39,Enterprise,Basic,Monthly,31,29.47,Digital Wallet,1,0,5.0,26.3,No
11178,42,Consumer,Premium,Monthly,44,112.51,Direct Debit,1,1,2.0,78.0,No
11179,30,Consumer,Standard,Two-Year,44,77.53,Bank Transfer,1,1,3.0,65.3,No
11180,40,Consumer,Standard,Monthly,35,63.49,Credit Card,1,0,4.0,54.7,No
11181,40,Consumer,Premium,Monthly,53,120.82,Digital Wallet,4,1,1.0,84.2,No
11182,32,Small Business,Standard,Monthly,18,85.78,Direct Debit,0,0,3.0,48.4,No
11183,59,Consumer,Basic,Annual,32,30.4,Direct Debit,4,3,3.0,68.3,No
11184,31,Enterprise,Basic,Annual,13,58.14,Digital Wallet,3,1,4.0,49.1,No
11185,37,Small Business,Basic,Annual,23,44.55,Direct Debit,2,4,4.0,50.7,No
11186,33,Consumer,Standard,Monthly,32,63.16,Bank Transfer,4,2,2.0,51.1,No
11187,36,Small Business,Standard,Monthly,6,77.26,Bank Transfer,5,1,1.0,41.7,No
11188,26,Consumer,Standard,Monthly,18,82.59,Direct Debit,3,0,3.0,66.4,No
11189,47,Small Business,Standard,Monthly,15,74.48,Bank Transfer,1,0,3.0,54.9,No
11190,60,Small Business,Premium,Monthly,15,112.52,Credit Card,6,3,2.0,23.3,Yes
11191,52,Enterprise,Premium,Annual,36,108.94,Digital Wallet,1,0,4.0,84.8,No
11192,55,Enterprise,Premium,Monthly,40,82.64,Direct Debit,6,2,3.0,48.4,No
11193,47,Consumer,Basic,Monthly,38,41.35,Credit Card,3,0,2.0,46.7,Yes
11194,31,Small Business,Basic,Monthly,20,46.18,Bank Transfer,0,0,3.0,24.8,No
11195,27,Enterprise,Standard,Monthly,35,67.18,Bank Transfer,3,2,1.0,86.2,No
11196,32,Consumer,Basic,Annual,8,47.72,Credit Card,2,2,3.0,41.2,No
11197,49,Small Business,Standard,Two-Year,41,68.87,Direct Debit,0,0,5.0,54.4,No
11198,56,Consumer,Premium,Annual,14,103.49,Digital Wallet,1,1,2.0,81.2,No
11199,30,Small Business,Basic,Annual,51,53.79,Direct Debit,4,1,2.0,74.1,No
11200,45,Consumer,Basic,Monthly,35,45.89,Bank Transfer,1,1,3.0,37.5,No
11201,55,Consumer,Basic,Monthly,20,51.75,Digital Wallet,2,0,4.0,67.4,No
11202,59,Consumer,Standard,Monthly,12,81.39,Direct Debit,2,1,4.0,68.4,No
11203,57,Enterprise,Basic,Monthly,20,44.84,Direct Debit,2,0,3.0,53.1,No
11204,41,Consumer,Standard,Two-Year,46,61.22,Credit Card,1,2,3.0,54.7,No
11205,72,Consumer,Basic,Monthly,12,47.71,Bank Transfer,4,1,2.0,87.7,No
11206,68,Small Business,Standard,Monthly,38,80.27,Digital Wallet,3,1,3.0,77.0,No
11207,39,Consumer,Basic,Monthly,28,57.65,Digital Wallet,1,1,4.0,62.1,No
11208,54,Consumer,Premium,Monthly,24,133.72,Credit Card,3,0,3.0,49.1,No
11209,45,Small Business,Premium,Monthly,23,132.24,Digital Wallet,3,2,4.0,59.1,No
11210,43,Consumer,Standard,Monthly,29,89.73,Direct Debit,4,0,3.0,41.3,No
11211,21,Consumer,Basic,Monthly,35,43.68,Bank Transfer,7,2,3.0,34.0,No
11212,80,Consumer,Premium,Monthly,39,103.96,Direct Debit,4,1,2.0,63.7,No
11213,32,Consumer,Standard,Monthly,11,84.7,Credit Card,1,2,3.0,83.7,Yes
11214,34,Small Business,Standard,Monthly,27,75.11,Direct Debit,3,2,3.0,57.2,No
11215,39,Consumer,Standard,Monthly,76,70.83,Bank Transfer,3,0,3.0,53.0,No
11216,60,Consumer,Premium,Annual,20,103.6,Direct Debit,1,0,4.0,75.1,No
11217,41,Consumer,Premium,Annual,44,115.79,Bank Transfer,1,0,4.0,73.0,No
11218,18,Small Business,Basic,Monthly,11,56.9,Bank Transfer,3,1,4.0,37.4,No
11219,32,Consumer,Basic,Monthly,51,36.18,Direct Debit,3,1,2.0,36.0,No
11220,61,Consumer,Standard,Monthly,31,52.49,Digital Wallet,5,3,3.0,39.1,No
11221,42,Consumer,Basic,Monthly,15,52.88,Direct Debit,2,1,4.0,74.9,Yes
11222,36,Small Business,Standard,Annual,28,63.48,Credit Card,3,1,3.0,42.4,No
11223,55,Consumer,Standard,Annual,31,92.69,Bank Transfer,2,0,3.0,44.0,No
11224,57,Consumer,Basic,Monthly,22,44.04,Credit Card,4,4,3.0,70.8,No
11225,47,Consumer,Basic,Annual,8,47.64,Digital Wallet,2,3,2.0,45.8,No
11226,48,Consumer,Basic,Monthly,10,35.48,Direct Debit,3,2,4.0,47.3,No
11227,71,Small Business,Premium,Monthly,47,118.1,Bank Transfer,2,1,4.0,57.0,No
11228,36,Enterprise,Basic,Monthly,30,31.93,Credit Card,2,0,4.0,62.0,No
11229,22,Small Business,Premium,Monthly,3,103.65,Direct Debit,2,2,4.0,59.8,No
11230,35,Small Business,Standard,Monthly,80,92.4,Direct Debit,3,3,4.0,35.1,No
11231,39,Consumer,Standard,Two-Year,6,55.52,Credit Card,2,2,5.0,74.3,No
11232,53,Small Business,Basic,Monthly,34,50.81,Credit Card,1,0,4.0,64.1,No
11233,37,Enterprise,Premium,Two-Year,32,91.66,Digital Wallet,1,0,5.0,79.0,No
11234,20,Consumer,Basic,Monthly,10,45.49,Direct Debit,3,2,3.0,44.3,No
11235,46,Consumer,Standard,Monthly,48,66.72,Bank Transfer,3,3,2.0,30.2,No
11236,36,Consumer,Standard,Two-Year,19,67.83,Direct Debit,1,1,5.0,61.4,No
11237,37,Consumer,Basic,Annual,23,45.76,Digital Wallet,2,1,4.0,82.1,No
11238,30,Consumer,Basic,Monthly,47,47.19,Bank Transfer,6,2,3.0,54.8,No
11239,32,Enterprise,Basic,Monthly,23,39.71,Bank Transfer,1,0,3.0,18.0,No
11240,39,Small Business,Standard,Monthly,30,88.08,Bank Transfer,1,0,3.0,79.5,No
11241,32,Consumer,Basic,Monthly,7,35.65,Credit Card,4,0,2.0,53.1,No
11242,58,Consumer,Basic,Annual,9,38.91,Bank Transfer,1,0,4.0,43.0,No
11243,29,Enterprise,Premium,Annual,32,106.94,Direct Debit,3,0,3.0,51.1,No
11244,45,Small Business,Premium,Two-Year,19,93.26,Digital Wallet,2,0,2.0,78.5,Yes
11245,45,Consumer,Premium,Monthly,38,86.33,Credit Card,0,1,3.0,36.5,No
11246,47,Small Business,Basic,Monthly,22,38.56,Credit Card,6,2,2.0,43.1,No
11247,53,Consumer,Basic,Monthly,47,42.34,Credit Card,1,0,4.0,70.4,No
11248,53,Consumer,Basic,Monthly,22,54.82,Direct Debit,5,0,2.0,35.2,No
11249,39,Enterprise,Standard,Monthly,96,73.45,Bank Transfer,0,0,4.0,50.9,No
11250,47,Small Business,Premium,Annual,55,90.14,Credit Card,1,2,2.0,65.9,No
11251,25,Consumer,Basic,Monthly,38,31.59,Digital Wallet,1,1,4.0,64.0,No
11252,68,Consumer,Standard,Monthly,37,81.05,Direct Debit,5,2,2.0,37.4,No
11253,36,Consumer,Standard,Monthly,10,61.47,Direct Debit,3,1,3.0,36.1,No
11254,24,Small Business,Basic,Monthly,49,44.34,Digital Wallet,2,2,4.0,66.6,No
11255,35,Consumer,Standard,Monthly,19,65.85,Digital Wallet,2,0,4.0,36.1,No
11256,46,Consumer,Premium,Monthly,49,133.38,Digital Wallet,1,1,2.0,59.9,No
11257,57,Consumer,Premium,Annual,40,151.59,Credit Card,2,1,2.0,76.0,No
11258,46,Consumer,Standard,Monthly,21,73.84,Digital Wallet,1,0,4.0,71.9,No
11259,44,Small Business,Premium,Monthly,34,142.3,Digital Wallet,4,2,3.0,58.6,No
11260,55,Consumer,Premium,Two-Year,10,112.81,Digital Wallet,3,1,3.0,81.7,No
11261,40,Small Business,Basic,Monthly,9,57.26,Credit Card,5,1,4.0,61.4,No
11262,41,Consumer,Standard,Monthly,10,62.58,Credit Card,1,2,3.0,60.4,No
11263,51,Consumer,Basic,Monthly,26,49.64,Credit Card,1,0,3.0,58.7,No
11264,56,Consumer,Basic,Two-Year,62,49.89,Credit Card,2,0,4.0,57.5,No
11265,49,Consumer,Standard,Monthly,24,78.62,Direct Debit,2,1,4.0,72.8,No
11266,25,Enterprise,Standard,Annual,45,70.88,Direct Debit,3,1,2.0,65.4,No
11267,63,Consumer,Basic,Annual,36,47.33,Digital Wallet,2,1,4.0,37.8,No
11268,45,Small Business,Standard,Two-Year,45,84.85,Bank Transfer,1,1,5.0,81.4,No
11269,18,Consumer,Basic,Monthly,10,47.33,Bank Transfer,2,1,2.0,35.8,No
11270,35,Consumer,Standard,Monthly,37,72.55,Bank Transfer,1,0,4.0,78.2,No
11271,58,Consumer,Standard,Monthly,52,82.71,Direct Debit,2,1,4.0,73.4,No
11272,27,Small Business,Basic,Annual,10,38.43,Credit Card,2,4,3.0,60.0,No
11273,43,Small Business,Premium,Monthly,56,110.97,Credit Card,1,2,3.0,73.8,No
11274,70,Consumer,Standard,Annual,25,62.84,Bank Transfer,1,0,4.0,36.8,No
11275,52,Small Business,Standard,Monthly,16,79.09,Digital Wallet,3,1,5.0,51.4,Yes
11276,25,Consumer,Standard,Monthly,33,91.85,Direct Debit,1,2,4.0,58.2,No
11277,39,Small Business,Standard,Annual,18,91.58,Digital Wallet,3,1,3.0,61.1,No
11278,32,Enterprise,Premium,Annual,19,132.15,Bank Transfer,2,1,4.0,63.5,No
11279,50,Consumer,Premium,Monthly,11,89.01,Direct Debit,5,2,3.0,58.1,No
11280,55,Enterprise,Premium,Monthly,26,100.41,Digital Wallet,4,2,4.0,74.1,No
11281,33,Small Business,Standard,Annual,12,95.99,Credit Card,3,0,3.0,84.1,No
11282,25,Small Business,Premium,Annual,11,144.84,Digital Wallet,1,1,3.0,53.2,No
11283,48,Small Business,Premium,Two-Year,17,88.11,Direct Debit,3,1,2.0,50.5,No
11284,51,Consumer,Standard,Monthly,65,63.03,Digital Wallet,3,0,3.0,42.6,No
11285,53,Small Business,Standard,Monthly,37,68.0,Bank Transfer,2,2,3.0,41.4,No
11286,51,Enterprise,Premium,Annual,61,125.16,Bank Transfer,3,1,3.0,39.9,No
11287,38,Small Business,Standard,Annual,15,91.57,Digital Wallet,0,0,3.0,83.1,No
11288,18,Consumer,Standard,Monthly,12,74.28,Digital Wallet,0,0,4.0,25.9,No
11289,34,Consumer,Standard,Two-Year,52,70.1,Credit Card,4,3,2.0,45.8,No
11290,52,Consumer,Standard,Annual,10,72.07,Bank Transfer,4,1,2.0,81.5,Yes
11291,42,Small Business,Standard,Annual,32,79.26,Bank Transfer,2,2,4.0,62.3,No
11292,47,Small Business,Basic,Monthly,31,51.41,Direct Debit,2,1,5.0,73.0,No
11293,20,Consumer,Basic,Monthly,17,45.75,Bank Transfer,1,1,4.0,70.0,No
11294,39,Small Business,Standard,Monthly,34,58.15,Direct Debit,6,1,3.0,35.9,No
11295,39,Consumer,Premium,Annual,17,112.03,Credit Card,1,1,4.0,63.7,No
11296,48,Consumer,Standard,Monthly,15,78.32,Direct Debit,2,0,3.0,51.0,No
11297,40,Consumer,Standard,Monthly,57,94.49,Direct Debit,1,2,3.0,71.7,No
11298,37,Consumer,Basic,Annual,21,47.78,Credit Card,2,0,4.0,70.7,No
11299,24,Enterprise,Premium,Monthly,48,91.78,Digital Wallet,2,0,2.0,47.0,No
11300,46,Consumer,Basic,Monthly,3,47.37,Bank Transfer,1,1,3.0,95.2,No
11301,43,Consumer,Standard,Monthly,23,88.31,Credit Card,4,1,3.0,46.2,No
11302,32,Consumer,Basic,Monthly,10,40.84,Bank Transfer,3,1,1.0,69.1,No
11303,27,Consumer,Standard,Two-Year,62,80.37,Direct Debit,0,0,4.0,71.5,No
11304,72,Consumer,Basic,Annual,9,61.35,Digital Wallet,0,1,5.0,84.7,No
11305,31,Small Business,Basic,Monthly,7,40.54,Digital Wallet,1,0,3.0,57.9,No
11306,51,Small Business,Premium,Annual,23,134.21,Digital Wallet,5,1,1.0,56.9,No
11307,37,Consumer,Standard,Monthly,37,87.89,Bank Transfer,4,3,3.0,41.8,No
11308,21,Small Business,Standard,Two-Year,24,62.63,Digital Wallet,0,0,4.0,66.0,No
11309,57,Consumer,Standard,Two-Year,31,96.96,Direct Debit,0,1,4.0,89.2,No
11310,43,Small Business,Standard,Two-Year,96,52.92,Direct Debit,1,1,4.0,66.1,No
11311,45,Small Business,Standard,Annual,28,65.43,Credit Card,0,0,5.0,77.0,No
11312,41,Small Business,Standard,Annual,12,64.41,Digital Wallet,3,1,4.0,74.1,No
11313,37,Consumer,Standard,Monthly,2,81.23,Credit Card,2,1,3.0,45.4,No
11314,46,Consumer,Basic,Monthly,21,48.71,Bank Transfer,4,1,2.0,56.4,No
11315,46,Small Business,Premium,Two-Year,16,113.07,Bank Transfer,2,0,4.0,56.2,No
11316,26,Consumer,Basic,Monthly,33,47.88,Bank Transfer,2,1,3.0,64.5,No
11317,19,Consumer,Basic,Monthly,14,57.44,Bank Transfer,0,0,4.0,48.2,No
11318,33,Small Business,Basic,Two-Year,21,29.63,Credit Card,1,2,5.0,64.4,No
11319,40,Consumer,Premium,Monthly,45,111.6,Digital Wallet,4,2,2.0,44.4,No
11320,57,Consumer,Basic,Monthly,30,47.71,Direct Debit,5,1,3.0,43.8,No
11321,51,Enterprise,Premium,Annual,41,142.62,Direct Debit,3,1,4.0,55.9,No
11322,66,Consumer,Standard,Annual,25,72.92,Bank Transfer,1,0,4.0,68.7,No
11323,42,Enterprise,Premium,Annual,33,107.42,Digital Wallet,1,0,4.0,86.1,No
11324,18,Small Business,Standard,Monthly,4,70.26,Bank Transfer,4,2,1.0,63.3,No
11325,25,Consumer,Premium,Monthly,52,110.97,Credit Card,2,2,4.0,68.1,No
11326,35,Consumer,Premium,Monthly,13,113.43,Direct Debit,0,0,3.0,67.8,No
11327,48,Small Business,Standard,Annual,32,93.09,Direct Debit,0,0,5.0,68.6,No
11328,34,Consumer,Standard,Monthly,5,59.75,Digital Wallet,8,6,2.0,22.9,No
11329,38,Small Business,Basic,Monthly,38,41.55,Digital Wallet,1,0,2.0,64.6,No
11330,47,Enterprise,Standard,Monthly,21,72.68,Digital Wallet,2,0,2.0,36.6,No
11331,37,Small Business,Standard,Monthly,12,65.66,Direct Debit,3,1,3.0,25.4,Yes
11332,37,Small Business,Standard,Monthly,55,65.09,Digital Wallet,1,0,4.0,67.8,No
11333,48,Consumer,Basic,Monthly,73,39.12,Bank Transfer,2,1,4.0,36.4,No
11334,18,Small Business,Premium,Annual,50,82.19,Bank Transfer,2,0,2.0,65.9,No
11335,50,Consumer,Basic,Annual,24,47.52,Credit Card,2,1,4.0,70.8,No
11336,49,Enterprise,Standard,Annual,19,70.67,Credit Card,1,1,4.0,55.1,No
11337,46,Enterprise,Standard,Monthly,24,84.69,Bank Transfer,1,2,5.0,79.7,Yes
11338,60,Consumer,Standard,Monthly,24,72.86,Bank Transfer,3,1,3.0,33.0,No
11339,55,Small Business,Basic,Monthly,21,60.26,Bank Transfer,1,1,5.0,57.5,No
11340,55,Consumer,Basic,Monthly,1,41.76,Bank Transfer,1,1,3.0,63.6,No
11341,36,Consumer,Basic,Annual,12,37.24,Direct Debit,0,1,2.0,75.6,No
11342,43,Enterprise,Standard,Monthly,19,101.27,Digital Wallet,1,1,4.0,82.8,No
11343,33,Consumer,Basic,Two-Year,22,44.16,Digital Wallet,2,0,4.0,39.3,No
11344,58,Consumer,Standard,Two-Year,28,75.77,Credit Card,1,0,3.0,59.7,No
11345,37,Small Business,Basic,Monthly,10,55.6,Direct Debit,4,1,1.0,77.1,No
11346,55,Small Business,Basic,Annual,9,43.19,Direct Debit,4,3,3.0,54.5,No
11347,37,Small Business,Standard,Monthly,30,75.07,Bank Transfer,4,4,2.0,34.4,No
11348,34,Enterprise,Standard,Annual,48,80.51,Bank Transfer,1,0,3.0,67.9,No
11349,59,Consumer,Basic,Monthly,24,46.54,Bank Transfer,1,1,4.0,78.8,No
11350,55,Consumer,Basic,Monthly,16,56.28,Credit Card,3,2,3.0,49.4,No
11351,61,Small Business,Basic,Annual,34,47.2,Credit Card,5,1,2.0,19.4,No
11352,27,Small Business,Premium,Monthly,8,141.63,Direct Debit,3,0,3.0,58.9,No
11353,27,Consumer,Basic,Monthly,7,45.69,Direct Debit,2,2,3.0,79.4,No
11354,21,Enterprise,Standard,Monthly,15,67.57,Direct Debit,1,0,3.0,54.6,No
11355,45,Consumer,Basic,Annual,11,44.18,Bank Transfer,5,1,2.0,27.2,No
11356,39,Small Business,Premium,Monthly,96,103.92,Digital Wallet,3,3,2.0,92.2,No
11357,38,Enterprise,Basic,Monthly,29,42.24,Digital Wallet,1,1,2.0,63.0,No
11358,49,Small Business,Basic,Monthly,9,52.28,Digital Wallet,1,0,4.0,58.7,No
11359,33,Consumer,Standard,Monthly,29,64.71,Digital Wallet,2,0,3.0,54.5,No
11360,20,Consumer,Standard,Monthly,28,79.18,Bank Transfer,3,3,4.0,56.8,Yes
11361,22,Small Business,Premium,Monthly,31,124.66,Direct Debit,1,1,4.0,86.9,No
11362,29,Consumer,Standard,Monthly,3,67.87,Direct Debit,1,0,2.0,54.9,No
11363,44,Consumer,Basic,Annual,18,40.54,Credit Card,1,0,2.0,41.9,No
11364,47,Small Business,Basic,Monthly,34,57.17,Direct Debit,3,3,3.0,55.7,No
11365,57,Consumer,Standard,Monthly,21,74.32,Credit Card,5,3,3.0,38.9,No
11366,29,Small Business,Basic,Monthly,8,52.67,Credit Card,0,1,3.0,67.5,No
11367,35,Small Business,Standard,Monthly,26,57.54,Credit Card,3,0,3.0,47.1,No
11368,47,Small Business,Premium,Monthly,59,105.16,Credit Card,1,2,4.0,51.4,No
11369,35,Small Business,Standard,Annual,26,86.83,Direct Debit,2,2,4.0,85.0,No
11370,40,Consumer,Standard,Annual,12,70.89,Credit Card,2,2,3.0,80.3,No
11371,44,Consumer,Premium,Monthly,79,86.52,Credit Card,0,0,4.0,66.0,Yes
11372,63,Consumer,Standard,Annual,5,95.73,Bank Transfer,1,0,3.0,46.5,No
11373,51,Small Business,Basic,Monthly,20,48.24,Bank Transfer,2,0,4.0,60.3,No
11374,33,Enterprise,Standard,Monthly,26,81.86,Digital Wallet,1,0,4.0,40.2,No
11375,57,Small Business,Premium,Annual,10,85.16,Credit Card,2,2,3.0,67.4,No
11376,37,Consumer,Standard,Monthly,33,99.33,Bank Transfer,1,0,3.0,60.5,No
11377,52,Consumer,Standard,Annual,56,90.99,Credit Card,1,1,3.0,74.8,No
11378,46,Small Business,Basic,Annual,19,38.22,Digital Wallet,2,2,3.0,55.4,No
11379,22,Consumer,Basic,Monthly,14,37.86,Direct Debit,2,1,3.0,27.9,No
11380,43,Consumer,Standard,Two-Year,24,86.92,Direct Debit,1,0,4.0,51.7,No
11381,46,Small Business,Standard,Monthly,50,98.9,Direct Debit,4,1,3.0,73.0,No
11382,18,Small Business,Basic,Monthly,11,46.8,Credit Card,1,0,4.0,45.9,No
11383,42,Small Business,Standard,Annual,13,79.41,Credit Card,0,1,3.0,66.5,No
11384,56,Small Business,Standard,Two-Year,18,62.94,Direct Debit,3,5,4.0,34.3,No
11385,41,Small Business,Standard,Annual,29,78.8,Bank Transfer,0,0,4.0,78.1,No
11386,34,Consumer,Standard,Monthly,27,70.55,Direct Debit,2,1,2.0,75.3,No
11387,45,Consumer,Standard,Annual,74,74.71,Direct Debit,2,0,4.0,46.3,No
11388,54,Consumer,Standard,Monthly,69,73.18,Digital Wallet,6,3,4.0,67.9,No
11389,57,Consumer,Basic,Annual,19,43.25,Direct Debit,1,1,3.0,45.4,No
11390,48,Consumer,Standard,Annual,31,60.81,Direct Debit,1,1,3.0,59.8,No
11391,36,Consumer,Premium,Monthly,67,134.68,Bank Transfer,1,1,4.0,86.2,No
11392,28,Consumer,Standard,Annual,32,78.09,Direct Debit,1,1,3.0,47.2,No
11393,53,Small Business,Basic,Two-Year,22,32.81,Digital Wallet,1,0,4.0,60.3,No
11394,35,Consumer,Standard,Monthly,46,76.54,Bank Transfer,1,0,4.0,36.5,No
11395,30,Consumer,Basic,Annual,18,45.75,Digital Wallet,0,1,4.0,65.0,No
11396,19,Consumer,Standard,Monthly,21,67.93,Direct Debit,0,0,5.0,60.8,No
11397,18,Consumer,Standard,Annual,42,98.59,Bank Transfer,0,0,5.0,72.5,No
11398,53,Consumer,Basic,Monthly,16,36.28,Bank Transfer,2,3,3.0,66.6,No
11399,39,Consumer,Basic,Monthly,69,45.05,Credit Card,4,1,5.0,43.7,No
11400,49,Consumer,Standard,Monthly,62,90.21,Digital Wallet,5,1,2.0,55.0,No
11401,59,Consumer,Basic,Monthly,43,49.44,Bank Transfer,3,2,4.0,31.8,No
11402,57,Enterprise,Standard,Two-Year,58,80.47,Bank Transfer,2,0,3.0,67.2,No
11403,18,Consumer,Basic,Annual,20,47.47,Credit Card,0,1,3.0,94.3,No
11404,26,Consumer,Basic,Monthly,75,45.43,Direct Debit,1,0,4.0,59.7,No
11405,41,Enterprise,Basic,Monthly,5,51.23,Digital Wallet,2,0,3.0,68.0,No
11406,51,Small Business,Standard,Annual,34,65.3,Digital Wallet,2,0,4.0,62.6,No
11407,48,Consumer,Premium,Monthly,27,69.8,Bank Transfer,2,0,4.0,64.0,No
11408,67,Enterprise,Premium,Monthly,43,120.45,Digital Wallet,1,2,2.0,69.6,Yes
11409,49,Enterprise,Basic,Monthly,62,38.27,Credit Card,5,0,2.0,67.5,No
11410,37,Consumer,Standard,Annual,5,83.27,Digital Wallet,0,0,3.0,67.1,No
11411,36,Consumer,Basic,Monthly,10,39.63,Bank Transfer,2,2,3.0,81.3,No
11412,30,Consumer,Basic,Monthly,13,40.41,Direct Debit,4,1,2.0,66.0,No
11413,49,Small Business,Standard,Two-Year,65,81.09,Digital Wallet,0,0,3.0,84.0,No
11414,38,Enterprise,Standard,Monthly,10,79.22,Digital Wallet,0,1,3.0,43.4,No
11415,18,Consumer,Standard,Annual,18,67.36,Credit Card,0,0,4.0,65.5,No
11416,51,Small Business,Standard,Annual,48,79.59,Direct Debit,1,0,5.0,54.8,No
11417,43,Consumer,Premium,Monthly,27,118.08,Digital Wallet,3,2,3.0,49.8,No
11418,47,Small Business,Standard,Monthly,56,45.31,Credit Card,4,2,1.0,51.8,No
11419,27,Small Business,Standard,Annual,30,73.56,Direct Debit,0,0,4.0,80.3,No
11420,63,Small Business,Basic,Annual,35,60.92,Credit Card,2,0,4.0,54.4,No
11421,33,Consumer,Standard,Monthly,16,62.24,Bank Transfer,2,0,4.0,66.6,No
11422,60,Enterprise,Standard,Annual,31,82.24,Credit Card,2,0,3.0,35.4,No
11423,45,Consumer,Basic,Annual,37,61.6,Bank Transfer,1,0,2.0,55.1,No
11424,38,Small Business,Standard,Monthly,50,73.83,Bank Transfer,2,1,3.0,35.0,No
11425,65,Enterprise,Standard,Annual,47,66.01,Bank Transfer,5,3,3.0,68.0,No
11426,45,Consumer,Standard,Annual,68,75.48,Credit Card,0,0,3.0,52.9,No
11427,45,Small Business,Basic,Monthly,41,54.13,Credit Card,0,0,4.0,45.4,No
11428,38,Consumer,Standard,Annual,4,64.6,Credit Card,3,0,4.0,77.5,No
11429,18,Small Business,Premium,Annual,29,142.32,Credit Card,1,0,4.0,54.6,No
11430,54,Consumer,Standard,Monthly,15,83.92,Direct Debit,2,1,2.0,67.1,Yes
11431,38,Consumer,Basic,Monthly,28,35.01,Direct Debit,3,2,3.0,36.4,No
11432,38,Small Business,Standard,Annual,86,76.95,Digital Wallet,2,0,5.0,62.8,No
11433,30,Consumer,Basic,Monthly,41,38.08,Digital Wallet,2,1,4.0,50.9,No
11434,36,Consumer,Standard,Monthly,49,79.25,Direct Debit,5,3,4.0,57.5,No
11435,30,Consumer,Basic,Two-Year,22,45.86,Bank Transfer,2,0,4.0,96.5,No
11436,57,Consumer,Standard,Two-Year,16,73.88,Direct Debit,1,2,4.0,74.5,No
11437,23,Consumer,Standard,Monthly,29,82.59,Digital Wallet,3,1,2.0,49.0,No
11438,18,Consumer,Standard,Two-Year,17,91.74,Bank Transfer,0,0,3.0,86.1,No
11439,26,Consumer,Basic,Annual,29,33.67,Direct Debit,1,2,3.0,57.9,No
11440,59,Consumer,Premium,Monthly,29,128.53,Direct Debit,4,3,4.0,80.6,No
11441,28,Small Business,Basic,Monthly,22,51.82,Bank Transfer,3,4,3.0,89.9,No
11442,54,Consumer,Basic,Two-Year,41,48.69,Credit Card,1,2,2.0,54.0,No
11443,18,Consumer,Basic,Monthly,21,40.56,Direct Debit,5,5,1.0,51.4,Yes
11444,33,Consumer,Standard,Annual,14,75.73,Bank Transfer,2,0,4.0,59.3,No
11445,39,Consumer,Standard,Monthly,21,75.96,Digital Wallet,1,0,4.0,37.3,No
11446,27,Consumer,Standard,Monthly,28,68.35,Digital Wallet,3,3,2.0,64.3,No
11447,42,Consumer,Basic,Annual,10,38.53,Digital Wallet,1,2,3.0,65.4,Yes
11448,43,Enterprise,Standard,Monthly,8,81.58,Direct Debit,4,3,3.0,52.6,No
11449,27,Consumer,Standard,Monthly,46,80.16,Digital Wallet,1,1,3.0,33.9,No
11450,27,Consumer,Standard,Two-Year,24,76.27,Digital Wallet,1,3,5.0,38.2,No
11451,43,Small Business,Standard,Two-Year,22,75.87,Credit Card,1,1,5.0,78.0,No
11452,60,Consumer,Premium,Monthly,36,117.24,Digital Wallet,1,1,5.0,39.8,No
11453,54,Consumer,Standard,Monthly,29,105.72,Bank Transfer,4,2,3.0,56.5,No
11454,56,Consumer,Premium,Monthly,11,128.23,Bank Transfer,4,1,2.0,63.9,No
11455,52,Consumer,Standard,Monthly,35,100.87,Bank Transfer,3,1,2.0,52.7,No
11456,53,Consumer,Standard,Annual,92,57.91,Credit Card,0,0,5.0,68.3,No
11457,37,Consumer,Basic,Two-Year,26,40.43,Credit Card,4,1,4.0,40.4,No
11458,34,Consumer,Standard,Monthly,32,66.69,Bank Transfer,4,0,2.0,39.1,No
11459,57,Enterprise,Basic,Annual,27,45.39,Credit Card,0,1,4.0,54.9,No
11460,38,Consumer,Premium,Monthly,9,126.77,Credit Card,3,1,2.0,59.5,No
11461,32,Small Business,Basic,Monthly,8,56.2,Direct Debit,1,1,4.0,45.2,No
11462,53,Small Business,Standard,Monthly,25,111.41,Digital Wallet,2,2,3.0,68.2,No
11463,34,Consumer,Basic,Monthly,28,51.19,Bank Transfer,4,1,2.0,37.0,No
11464,45,Consumer,Standard,Monthly,43,69.31,Bank Transfer,3,1,3.0,47.9,No
11465,18,Consumer,Standard,Monthly,54,77.57,Direct Debit,2,1,2.0,60.6,No
11466,50,Small Business,Standard,Annual,3,76.35,Bank Transfer,3,4,3.0,51.8,No
11467,24,Small Business,Basic,Annual,30,34.63,Bank Transfer,1,1,4.0,65.9,No
11468,46,Small Business,Basic,Two-Year,18,43.33,Credit Card,1,0,4.0,49.8,No
11469,40,Consumer,Premium,Annual,31,116.12,Credit Card,1,0,3.0,67.1,No
11470,72,Consumer,Premium,Annual,7,98.19,Direct Debit,2,0,4.0,71.6,No
11471,42,Small Business,Standard,Annual,10,74.19,Digital Wallet,1,0,5.0,67.3,No
11472,48,Consumer,Premium,Monthly,27,119.89,Bank Transfer,2,1,3.0,65.7,No
11473,47,Small Business,Premium,Annual,32,133.13,Direct Debit,1,0,4.0,77.4,No
11474,32,Consumer,Basic,Annual,45,52.52,Digital Wallet,2,1,4.0,71.7,No
11475,54,Small Business,Basic,Monthly,45,64.45,Direct Debit,1,3,4.0,57.4,No
11476,46,Consumer,Basic,Annual,54,55.33,Direct Debit,1,0,4.0,57.5,No
11477,51,Consumer,Standard,Monthly,37,62.3,Direct Debit,6,5,3.0,51.7,No
11478,71,Consumer,Basic,Annual,16,59.74,Digital Wallet,1,0,2.0,76.5,No
11479,24,Consumer,Basic,Monthly,8,42.56,Credit Card,2,2,2.0,46.0,No
11480,47,Consumer,Standard,Two-Year,3,55.95,Direct Debit,1,1,4.0,44.2,No
11481,44,Small Business,Basic,Annual,11,39.25,Digital Wallet,4,0,3.0,55.0,No
11482,25,Consumer,Basic,Annual,42,37.13,Credit Card,2,1,4.0,83.9,No
11483,25,Consumer,Premium,Monthly,8,112.02,Digital Wallet,1,1,3.0,78.0,No
11484,52,Small Business,Basic,Monthly,64,33.48,Credit Card,3,0,3.0,54.5,No
11485,64,Consumer,Basic,Annual,27,36.91,Digital Wallet,5,0,1.0,46.5,No
11486,58,Small Business,Basic,Monthly,17,47.56,Digital Wallet,0,0,4.0,67.4,No
11487,53,Enterprise,Standard,Two-Year,36,62.83,Credit Card,1,0,4.0,73.5,No
11488,45,Consumer,Standard,Annual,21,81.11,Direct Debit,1,0,5.0,58.8,No
11489,51,Consumer,Premium,Annual,49,126.19,Credit Card,4,1,4.0,41.9,No
11490,42,Consumer,Premium,Annual,6,122.38,Direct Debit,0,1,5.0,68.5,No
11491,54,Enterprise,Basic,Two-Year,26,64.48,Bank Transfer,2,1,3.0,49.4,No
11492,35,Small Business,Basic,Monthly,28,37.71,Credit Card,0,0,4.0,59.2,Yes
11493,54,Consumer,Standard,Monthly,30,92.09,Bank Transfer,2,0,2.0,56.3,No
11494,55,Consumer,Basic,Monthly,11,50.19,Credit Card,2,1,3.0,63.9,No
11495,46,Enterprise,Premium,Monthly,22,134.35,Credit Card,1,0,3.0,77.1,Yes
11496,76,Consumer,Basic,Monthly,20,41.31,Credit Card,3,1,3.0,49.3,No
11497,35,Consumer,Standard,Monthly,67,88.04,Bank Transfer,1,1,3.0,35.4,No
11498,61,Consumer,Basic,Two-Year,14,50.63,Digital Wallet,0,0,3.0,91.7,No
11499,34,Consumer,Basic,Monthly,16,35.1,Digital Wallet,1,1,4.0,47.8,No
11500,47,Consumer,Premium,Monthly,39,117.84,Digital Wallet,6,4,1.0,77.6,No
11501,40,Consumer,Standard,Annual,6,85.47,Bank Transfer,5,3,3.0,40.3,No
11502,63,Small Business,Premium,Monthly,44,124.96,Unknown,2,2,3.0,64.2,No
11503,46,Consumer,Basic,Monthly,80,41.98,Bank Transfer,1,2,5.0,64.0,No
11504,30,Consumer,Standard,Monthly,59,68.77,Credit Card,2,1,4.0,26.4,No
11505,47,Consumer,Standard,Monthly,17,53.48,Credit Card,4,3,3.0,73.7,No
11506,28,Consumer,Premium,Annual,24,126.87,Digital Wallet,0,0,4.0,67.9,No
11507,46,Consumer,Standard,Two-Year,43,77.96,Credit Card,0,0,5.0,55.7,No
11508,45,Consumer,Standard,Annual,38,50.68,Direct Debit,1,0,4.0,66.4,No
11509,20,Small Business,Standard,Monthly,11,86.34,Bank Transfer,2,1,3.0,57.6,No
11510,63,Consumer,Premium,Two-Year,63,111.17,Credit Card,2,1,4.0,78.3,No
11511,45,Small Business,Premium,Annual,15,102.91,Digital Wallet,3,2,4.0,80.3,No
11512,58,Small Business,Basic,Annual,19,35.62,Bank Transfer,1,0,3.0,43.2,No
11513,60,Consumer,Basic,Annual,27,51.51,Direct Debit,1,0,4.0,73.6,No
11514,43,Consumer,Basic,Monthly,59,40.85,Credit Card,3,1,2.0,55.8,No
11515,33,Consumer,Standard,Monthly,63,59.15,Direct Debit,2,1,5.0,72.4,No
11516,53,Enterprise,Standard,Monthly,17,79.5,Bank Transfer,2,0,3.0,49.2,No
11517,33,Enterprise,Premium,Monthly,23,138.93,Direct Debit,2,0,2.0,100.0,Yes
11518,34,Consumer,Basic,Monthly,24,50.86,Digital Wallet,1,2,3.0,65.2,No
11519,61,Small Business,Premium,Monthly,44,133.78,Bank Transfer,3,2,3.0,47.7,No
11520,37,Small Business,Standard,Monthly,85,71.13,Direct Debit,2,2,2.0,77.3,No
11521,39,Consumer,Standard,Annual,62,80.52,Digital Wallet,2,2,4.0,60.4,No
11522,55,Small Business,Basic,Two-Year,29,50.94,Digital Wallet,1,0,5.0,54.2,No
11523,39,Consumer,Standard,Annual,26,97.61,Credit Card,3,0,4.0,44.6,No
11524,30,Consumer,Standard,Monthly,18,79.96,Direct Debit,4,2,3.0,30.6,Yes
11525,41,Consumer,Basic,Annual,55,59.88,Bank Transfer,3,0,2.0,58.1,No
11526,48,Consumer,Basic,Monthly,25,41.7,Bank Transfer,2,0,2.0,74.4,No
11527,37,Consumer,Basic,Annual,6,47.1,Bank Transfer,1,1,5.0,39.0,No
11528,44,Consumer,Standard,Annual,15,68.7,Bank Transfer,2,4,4.0,31.5,No
11529,39,Consumer,Basic,Monthly,47,32.23,Digital Wallet,1,1,4.0,28.2,No
11530,30,Consumer,Basic,Annual,11,34.45,Credit Card,1,3,2.0,66.6,No
11531,18,Small Business,Standard,Annual,6,79.48,Bank Transfer,3,2,3.0,55.5,No
11532,53,Small Business,Standard,Monthly,3,74.49,Direct Debit,3,0,2.0,54.6,No
11533,45,Enterprise,Basic,Two-Year,37,42.0,Credit Card,0,1,4.0,51.4,No
11534,42,Consumer,Basic,Monthly,23,40.58,Direct Debit,0,0,4.0,48.0,Yes
11535,37,Consumer,Standard,Annual,14,87.8,Credit Card,4,0,1.0,57.9,No
11536,47,Consumer,Basic,Monthly,52,43.77,Credit Card,4,2,1.0,26.5,No
11537,36,Consumer,Standard,Monthly,47,67.42,Digital Wallet,0,0,4.0,56.4,No
11538,49,Consumer,Standard,Annual,13,87.84,Digital Wallet,2,1,4.0,34.8,No
11539,40,Small Business,Premium,Monthly,18,114.65,Direct Debit,4,0,2.0,52.1,No
11540,31,Small Business,Standard,Monthly,58,64.93,Direct Debit,3,3,3.0,50.1,No
11541,64,Consumer,Premium,Annual,19,113.64,Bank Transfer,5,4,3.0,54.9,No
11542,53,Small Business,Basic,Two-Year,13,43.87,Digital Wallet,2,0,3.0,40.9,No
11543,60,Consumer,Standard,Monthly,33,92.86,Credit Card,1,1,3.0,55.7,No
11544,56,Small Business,Standard,Monthly,35,47.55,Direct Debit,4,2,2.0,62.3,No
11545,36,Enterprise,Premium,Two-Year,42,112.93,Credit Card,2,0,5.0,74.3,No
11546,41,Consumer,Basic,Monthly,52,43.35,Bank Transfer,1,2,3.0,52.5,No
11547,54,Small Business,Basic,Monthly,5,49.47,Direct Debit,1,0,3.0,41.4,Yes
11548,42,Consumer,Standard,Annual,14,79.62,Bank Transfer,4,2,4.0,58.1,No
11549,31,Consumer,Basic,Monthly,23,43.96,Digital Wallet,0,0,3.0,73.9,No
11550,44,Consumer,Basic,Monthly,38,58.08,Bank Transfer,2,1,5.0,40.2,No
11551,65,Consumer,Basic,Two-Year,17,47.42,Credit Card,0,0,3.0,34.9,No
11552,47,Consumer,Premium,Monthly,21,128.85,Credit Card,2,1,3.0,49.6,No
11553,23,Consumer,Basic,Monthly,20,37.99,Bank Transfer,1,1,5.0,63.3,No
11554,35,Consumer,Standard,Monthly,32,71.39,Direct Debit,3,1,3.0,43.7,No
11555,60,Consumer,Premium,Two-Year,6,120.52,Bank Transfer,1,1,4.0,85.0,No
11556,41,Small Business,Standard,Annual,35,40.21,Direct Debit,5,0,3.0,57.5,No
11557,23,Small Business,Standard,Monthly,6,86.16,Direct Debit,3,0,3.0,44.3,No
11558,47,Small Business,Basic,Annual,44,35.69,Digital Wallet,1,2,5.0,60.4,No
11559,38,Consumer,Standard,Annual,15,75.22,Credit Card,0,0,3.0,25.4,No
11560,57,Consumer,Basic,Annual,22,34.78,Bank Transfer,2,2,3.0,76.5,No
11561,42,Enterprise,Basic,Monthly,48,54.49,Credit Card,1,0,2.0,69.9,No
11562,67,Small Business,Premium,Monthly,3,121.64,Direct Debit,0,0,3.0,56.5,No
11563,36,Consumer,Premium,Annual,7,122.69,Credit Card,2,1,3.0,46.7,No
11564,57,Enterprise,Premium,Monthly,29,122.27,Digital Wallet,3,0,4.0,42.8,No
11565,44,Small Business,Standard,Annual,34,77.21,Direct Debit,1,2,2.0,86.2,No
11566,38,Consumer,Basic,Annual,40,60.57,Bank Transfer,1,0,3.0,69.6,No
11567,40,Consumer,Standard,Annual,15,71.01,Bank Transfer,3,4,3.0,50.6,No
11568,30,Small Business,Standard,Annual,16,78.29,Direct Debit,2,0,3.0,73.6,No
11569,56,Enterprise,Standard,Monthly,24,79.56,Bank Transfer,3,1,3.0,55.3,No
11570,35,Consumer,Premium,Annual,30,106.5,Digital Wallet,1,2,4.0,94.2,No
11571,62,Small Business,Standard,Two-Year,2,76.38,Digital Wallet,5,1,2.0,68.4,No
11572,52,Consumer,Basic,Monthly,24,27.63,Bank Transfer,2,2,3.0,53.8,No
11573,41,Small Business,Standard,Monthly,4,72.98,Bank Transfer,4,0,3.0,38.1,No
11574,46,Consumer,Basic,Annual,27,44.06,Digital Wallet,1,1,4.0,91.9,No
11575,51,Consumer,Standard,Monthly,29,79.29,Direct Debit,3,2,,60.5,No
11576,53,Consumer,Premium,Two-Year,31,121.11,Digital Wallet,2,0,3.0,63.0,No
11577,67,Consumer,Basic,Two-Year,64,41.47,Direct Debit,4,1,3.0,70.0,No
11578,64,Small Business,Basic,Monthly,11,44.7,Bank Transfer,3,0,3.0,65.4,No
11579,21,Consumer,Standard,Annual,16,56.93,Digital Wallet,2,1,2.0,45.5,No
11580,59,Small Business,Premium,Annual,19,115.57,Direct Debit,2,1,3.0,97.7,No
11581,48,Consumer,Basic,Monthly,39,34.37,Direct Debit,2,0,4.0,53.1,No
11582,31,Consumer,Standard,Two-Year,50,82.18,Credit Card,2,0,4.0,64.9,No
11583,33,Consumer,Standard,Monthly,12,87.31,Credit Card,2,0,3.0,56.9,No
11584,55,Consumer,Premium,Monthly,47,113.2,Digital Wallet,1,0,3.0,66.5,No
11585,47,Consumer,Basic,Annual,33,54.88,Bank Transfer,3,2,4.0,100.0,No
11586,42,Consumer,Basic,Annual,26,40.12,Direct Debit,0,1,3.0,78.2,No
11587,63,Consumer,Basic,Monthly,26,35.73,Bank Transfer,1,0,4.0,41.8,No
11588,42,Consumer,Premium,Monthly,31,103.65,Credit Card,2,0,4.0,55.0,No
11589,59,Small Business,Premium,Two-Year,7,130.81,Direct Debit,4,1,4.0,73.6,No
11590,18,Small Business,Standard,Annual,9,70.56,Bank Transfer,1,0,4.0,58.1,No
11591,68,Small Business,Basic,Annual,24,36.99,Digital Wallet,4,2,5.0,69.5,No
11592,59,Small Business,Basic,Monthly,28,51.92,Bank Transfer,5,2,3.0,57.0,No
11593,38,Consumer,Basic,Monthly,96,57.87,Credit Card,3,2,3.0,47.2,No
11594,38,Small Business,Standard,Monthly,54,68.33,Bank Transfer,1,0,4.0,56.1,No
11595,39,Consumer,Standard,Monthly,22,61.43,Bank Transfer,1,1,3.0,70.7,Yes
11596,59,Consumer,Basic,Monthly,26,58.12,Credit Card,3,1,4.0,67.2,No
11597,49,Consumer,Basic,Monthly,15,41.28,Digital Wallet,2,1,3.0,47.5,No
11598,32,Small Business,Standard,Monthly,67,88.74,Credit Card,1,1,4.0,43.8,No
11599,42,Small Business,Premium,Monthly,45,114.2,Digital Wallet,3,0,2.0,79.6,No
11600,54,Small Business,Standard,Annual,32,76.73,Direct Debit,2,2,4.0,28.7,No
11601,55,Small Business,Standard,Monthly,37,66.16,Credit Card,7,3,1.0,29.7,Yes
11602,61,Consumer,Standard,Annual,35,57.83,Credit Card,5,2,3.0,69.8,No
11603,38,Consumer,Standard,Monthly,38,62.98,Digital Wallet,1,0,4.0,66.9,No
11604,38,Consumer,Standard,Annual,95,75.78,Digital Wallet,2,2,5.0,73.7,No
11605,60,Small Business,Basic,Monthly,14,35.65,Bank Transfer,4,3,2.0,50.0,No
11606,40,Small Business,Standard,Two-Year,34,70.1,Direct Debit,1,0,3.0,79.5,No
11607,56,Small Business,Standard,Monthly,39,79.75,Digital Wallet,2,0,4.0,39.6,No
11608,40,Small Business,Standard,Monthly,45,34.49,Digital Wallet,2,0,3.0,55.2,No
11609,32,Consumer,Basic,Monthly,62,51.67,Digital Wallet,4,2,3.0,39.6,No
11610,38,Consumer,Standard,Monthly,7,63.62,Digital Wallet,1,0,3.0,69.3,No
11611,40,Consumer,Premium,Monthly,22,86.84,Bank Transfer,2,0,3.0,91.6,No
11612,26,Consumer,Premium,Two-Year,26,95.8,Digital Wallet,3,0,2.0,77.9,No
11613,50,Consumer,Standard,Annual,15,74.88,Bank Transfer,2,1,4.0,55.4,No
11614,52,Consumer,Basic,Monthly,44,41.05,Digital Wallet,3,3,3.0,62.0,No
11615,35,Consumer,Standard,Two-Year,10,63.27,Bank Transfer,2,0,5.0,78.9,No
11616,65,Enterprise,Standard,Monthly,16,73.42,Digital Wallet,0,0,5.0,52.0,No
11617,51,Enterprise,Basic,Monthly,30,39.1,Bank Transfer,2,3,3.0,68.4,Yes
11618,49,Consumer,Standard,Annual,7,85.53,Digital Wallet,1,0,4.0,59.5,No
11619,52,Small Business,Standard,Annual,17,62.51,Digital Wallet,1,2,3.0,89.3,No
11620,38,Consumer,Standard,Monthly,39,88.09,Digital Wallet,4,1,3.0,64.6,No
11621,32,Consumer,Basic,Annual,21,37.86,Direct Debit,0,1,5.0,81.0,No
11622,21,Small Business,Basic,Monthly,30,45.17,Bank Transfer,2,0,4.0,62.5,No
11623,65,Small Business,Standard,Monthly,18,74.7,Direct Debit,2,1,4.0,77.4,Yes
11624,32,Consumer,Basic,Monthly,19,37.51,Digital Wallet,2,1,5.0,19.2,No
11625,42,Consumer,Standard,Monthly,15,79.4,Direct Debit,0,0,5.0,36.5,No
11626,49,Small Business,Basic,Monthly,16,42.05,Credit Card,0,1,5.0,39.6,No
11627,47,Small Business,Basic,Monthly,29,44.26,Credit Card,5,4,3.0,35.3,Yes
11628,55,Small Business,Standard,Monthly,35,50.76,Digital Wallet,1,0,2.0,71.2,Yes
11629,50,Consumer,Basic,Monthly,79,35.59,Digital Wallet,6,3,2.0,56.0,No
11630,43,Consumer,Premium,Annual,44,132.73,Direct Debit,3,3,3.0,78.7,No
11631,37,Consumer,Premium,Monthly,23,117.51,Credit Card,1,3,3.0,60.3,No
11632,58,Consumer,Standard,Monthly,29,69.3,Bank Transfer,3,0,3.0,91.7,No
11633,32,Consumer,Basic,Annual,19,47.6,Direct Debit,1,1,3.0,69.8,No
11634,67,Consumer,Premium,Monthly,25,105.56,Bank Transfer,2,0,3.0,57.4,No
11635,47,Consumer,Premium,Monthly,48,103.52,Bank Transfer,0,0,2.0,50.2,Yes
11636,32,Consumer,Premium,Monthly,28,132.19,Direct Debit,3,1,2.0,36.2,No
11637,35,Consumer,Standard,Monthly,4,90.89,Direct Debit,1,0,2.0,28.7,Yes
11638,58,Small Business,Basic,Monthly,34,42.86,Digital Wallet,1,0,5.0,62.0,No
11639,33,Consumer,Basic,Annual,13,51.08,Digital Wallet,1,1,5.0,59.8,No
11640,48,Enterprise,Standard,Annual,25,62.47,Digital Wallet,3,3,4.0,41.4,No
11641,39,Enterprise,Basic,Monthly,17,44.57,Digital Wallet,3,0,4.0,87.6,No
11642,46,Small Business,Basic,Monthly,30,38.71,Unknown,4,1,3.0,49.0,No
11643,62,Consumer,Basic,Monthly,40,45.1,Digital Wallet,4,0,4.0,44.1,No
11644,40,Consumer,Premium,Annual,27,161.25,Direct Debit,0,0,5.0,70.5,No
11645,59,Consumer,Premium,Monthly,28,109.8,Credit Card,3,3,3.0,82.3,No
11646,41,Consumer,Basic,Two-Year,13,34.18,Digital Wallet,1,1,5.0,67.6,No
11647,36,Consumer,Premium,Annual,29,109.29,Bank Transfer,1,1,1.0,28.0,No
11648,52,Consumer,Basic,Monthly,24,43.37,Bank Transfer,2,2,3.0,46.4,No
11649,45,Consumer,Premium,Monthly,81,104.58,Digital Wallet,6,2,2.0,44.7,No
11650,61,Consumer,Basic,Monthly,2,50.93,Direct Debit,3,1,1.0,58.3,Yes
11651,35,Consumer,Standard,Monthly,30,72.54,Digital Wallet,1,1,2.0,57.3,No
11652,31,Consumer,Basic,Monthly,24,39.62,Credit Card,2,1,3.0,69.8,No
11653,58,Consumer,Standard,Annual,2,65.64,Bank Transfer,3,1,5.0,34.9,No
11654,28,Consumer,Basic,Monthly,7,36.84,Direct Debit,1,0,2.0,77.8,No
11655,58,Consumer,Premium,Monthly,34,122.24,Bank Transfer,3,0,3.0,43.6,No
11656,28,Consumer,Premium,Two-Year,10,151.27,Digital Wallet,1,1,4.0,74.6,No
11657,55,Small Business,Standard,Monthly,19,72.03,Bank Transfer,4,1,2.0,57.6,No
11658,47,Consumer,Standard,Two-Year,21,66.7,Direct Debit,0,1,2.0,48.6,No
11659,24,Consumer,Basic,Monthly,23,52.92,Bank Transfer,2,0,2.0,61.1,No
11660,18,Consumer,Basic,Monthly,24,53.8,Direct Debit,1,0,4.0,61.7,No
11661,46,Consumer,Basic,Monthly,18,61.68,Credit Card,1,1,3.0,68.1,No
11662,57,Consumer,Standard,Two-Year,28,84.08,Credit Card,1,1,2.0,70.9,No
11663,60,Small Business,Standard,Two-Year,11,85.41,Bank Transfer,0,0,4.0,59.9,No
11664,27,Small Business,Basic,Annual,18,49.7,Credit Card,1,0,3.0,48.0,No
11665,54,Small Business,Basic,Monthly,12,48.28,Credit Card,4,0,2.0,53.5,No
11666,44,Consumer,Standard,Monthly,25,45.84,Credit Card,4,2,3.0,48.4,No
11667,64,Consumer,Basic,Monthly,19,33.7,Digital Wallet,2,0,4.0,63.8,No
11668,37,Small Business,Standard,Monthly,43,80.61,Bank Transfer,4,0,3.0,50.5,No
11669,48,Consumer,Premium,Two-Year,56,112.4,Digital Wallet,2,2,4.0,57.3,No
11670,23,Consumer,Basic,Annual,5,59.05,Direct Debit,1,1,5.0,84.1,No
11671,53,Consumer,Standard,Monthly,13,61.7,Digital Wallet,5,4,3.0,38.8,No
11672,29,Consumer,Basic,Monthly,18,54.51,Credit Card,2,1,1.0,53.0,No
11673,51,Consumer,Basic,Monthly,2,45.13,Direct Debit,1,0,4.0,66.6,No
11674,46,Consumer,Standard,Monthly,9,83.62,Bank Transfer,3,3,3.0,28.8,No
11675,37,Consumer,Standard,Monthly,33,80.83,Digital Wallet,1,3,4.0,50.5,No
11676,36,Enterprise,Premium,Monthly,87,93.51,Direct Debit,2,1,1.0,60.5,No
11677,44,Consumer,Basic,Annual,32,55.84,Digital Wallet,0,0,3.0,73.1,No
11678,50,Consumer,Premium,Monthly,22,118.72,Digital Wallet,1,0,2.0,94.7,No
11679,48,Small Business,Basic,Monthly,31,46.97,Bank Transfer,1,0,3.0,68.4,No
11680,56,Consumer,Basic,Monthly,38,68.53,Direct Debit,6,0,4.0,67.5,No
11681,41,Consumer,Standard,Annual,89,79.91,Credit Card,0,0,2.0,68.2,No
11682,46,Consumer,Premium,Monthly,57,129.64,Digital Wallet,2,0,2.0,82.7,No
11683,63,Consumer,Basic,Two-Year,9,33.51,Direct Debit,0,0,4.0,34.4,No
11684,54,Consumer,Standard,Monthly,15,81.96,Bank Transfer,3,0,2.0,78.1,No
11685,27,Consumer,Standard,Annual,53,80.83,Credit Card,1,2,4.0,70.0,No
11686,35,Small Business,Basic,Monthly,13,40.7,Bank Transfer,4,0,4.0,64.5,Yes
11687,41,Small Business,Basic,Monthly,50,44.2,Direct Debit,1,1,5.0,50.6,No
11688,34,Consumer,Basic,Monthly,12,41.03,Bank Transfer,1,2,4.0,47.6,Yes
11689,52,Enterprise,Standard,Monthly,65,93.71,Credit Card,0,0,5.0,78.7,No
11690,32,Consumer,Standard,Monthly,12,99.62,Bank Transfer,1,0,2.0,58.8,Yes
11691,27,Small Business,Standard,Annual,4,64.36,Direct Debit,2,3,3.0,57.5,No
11692,42,Small Business,Basic,Two-Year,60,44.39,Bank Transfer,2,0,3.0,62.3,No
11693,30,Small Business,Basic,Monthly,60,47.01,Direct Debit,5,2,2.0,44.6,No
11694,35,Enterprise,Premium,Monthly,25,122.97,Credit Card,5,5,2.0,56.4,Yes
11695,51,Enterprise,Premium,Two-Year,11,121.04,Digital Wallet,4,4,3.0,46.4,No
11696,34,Consumer,Standard,Annual,27,72.92,Bank Transfer,1,1,4.0,63.6,No
11697,48,Consumer,Standard,Monthly,29,79.72,Bank Transfer,3,0,2.0,43.1,No
11698,36,Small Business,Premium,Monthly,16,125.4,Digital Wallet,4,0,3.0,81.9,No
11699,39,Consumer,Standard,Two-Year,44,71.83,Digital Wallet,2,1,5.0,82.2,Yes
11700,52,Consumer,Premium,Monthly,14,102.44,Direct Debit,0,0,3.0,78.3,No
11701,46,Small Business,Premium,Annual,16,110.81,Credit Card,5,3,3.0,82.6,No
11702,58,Consumer,Basic,Monthly,19,43.87,Digital Wallet,4,4,2.0,56.5,No
11703,35,Small Business,Basic,Two-Year,11,49.81,Digital Wallet,1,1,5.0,54.1,No
11704,44,Small Business,Basic,Monthly,85,34.21,Bank Transfer,1,0,4.0,74.9,No
11705,27,Small Business,Basic,Annual,21,41.64,Direct Debit,1,1,5.0,93.2,No
11706,40,Enterprise,Premium,Monthly,12,93.38,Credit Card,2,2,3.0,39.5,No
11707,26,Consumer,Basic,Monthly,59,44.81,Direct Debit,3,0,3.0,46.2,No
11708,50,Small Business,Premium,Annual,12,106.73,Digital Wallet,1,0,3.0,55.5,No
11709,38,Enterprise,Premium,Monthly,48,107.35,Digital Wallet,3,3,4.0,62.0,No
11710,49,Small Business,Standard,Monthly,52,65.99,Credit Card,4,2,3.0,47.7,No
11711,53,Consumer,Standard,Annual,48,77.23,Direct Debit,0,0,5.0,57.8,No
11712,43,Consumer,Premium,Annual,18,114.15,Digital Wallet,3,1,1.0,62.3,No
11713,61,Small Business,Premium,Monthly,17,128.21,Digital Wallet,1,0,5.0,73.1,No
11714,44,Consumer,Basic,Monthly,51,49.5,Credit Card,1,0,5.0,60.2,No
11715,38,Consumer,Basic,Monthly,9,46.9,Credit Card,3,1,3.0,64.3,No
11716,36,Small Business,Premium,Monthly,6,98.57,Digital Wallet,4,0,2.0,60.0,No
11717,32,Consumer,Basic,Monthly,34,33.65,Direct Debit,1,1,5.0,59.5,Yes
11718,34,Consumer,Premium,Monthly,34,120.0,Direct Debit,3,1,3.0,63.6,No
11719,28,Small Business,Basic,Two-Year,74,52.39,Bank Transfer,0,0,4.0,73.9,No
11720,42,Enterprise,Basic,Two-Year,14,43.84,Direct Debit,2,2,3.0,53.8,No
11721,48,Enterprise,Premium,Annual,5,113.43,Credit Card,4,5,3.0,51.5,No
11722,32,Enterprise,Standard,Monthly,48,79.76,Digital Wallet,1,2,3.0,38.7,No
11723,59,Consumer,Basic,Two-Year,29,33.2,Credit Card,2,0,5.0,53.5,No
11724,71,Enterprise,Standard,Two-Year,8,99.75,Direct Debit,1,1,4.0,59.9,No
11725,31,Small Business,Standard,Annual,27,71.87,Digital Wallet,1,0,3.0,52.6,No
11726,64,Small Business,Basic,Two-Year,17,36.54,Credit Card,0,2,3.0,64.1,No
11727,47,Consumer,Standard,Annual,61,65.71,Digital Wallet,2,2,3.0,59.5,No
11728,50,Small Business,Premium,Monthly,17,111.98,Credit Card,2,1,4.0,39.7,No
11729,18,Small Business,Standard,Monthly,11,67.34,Digital Wallet,4,1,3.0,68.1,No
11730,31,Enterprise,Basic,Monthly,14,35.63,Direct Debit,2,2,2.0,46.8,No
11731,35,Consumer,Premium,Monthly,15,118.15,Credit Card,4,3,2.0,27.4,No
11732,18,Consumer,Standard,Annual,25,59.93,Credit Card,3,3,4.0,70.4,No
11733,37,Consumer,Basic,Monthly,5,43.36,Credit Card,1,1,2.0,58.7,Yes
11734,51,Consumer,Standard,Two-Year,21,64.85,Direct Debit,3,2,2.0,46.4,No
11735,31,Consumer,Standard,Monthly,17,67.89,Credit Card,3,1,3.0,60.8,No
11736,50,Consumer,Premium,Monthly,8,119.48,Credit Card,2,0,4.0,59.4,No
11737,34,Small Business,Basic,Annual,96,30.13,Direct Debit,1,0,4.0,86.9,No
11738,59,Consumer,Standard,Annual,11,59.41,Bank Transfer,1,2,3.0,55.2,No
11739,33,Consumer,Basic,Monthly,50,47.22,Credit Card,2,0,5.0,46.8,No
11740,63,Enterprise,Basic,Monthly,54,33.55,Direct Debit,1,1,4.0,46.9,No
11741,44,Consumer,Basic,Monthly,31,59.24,Bank Transfer,4,2,4.0,67.2,No
11742,45,Consumer,Basic,Monthly,22,48.44,Credit Card,4,3,1.0,52.4,No
11743,37,Consumer,Basic,Annual,45,43.71,Bank Transfer,0,0,3.0,31.8,No
11744,49,Consumer,Standard,Annual,26,78.11,Credit Card,2,1,3.0,37.1,No
11745,24,Small Business,Basic,Monthly,20,38.69,Digital Wallet,3,1,2.0,66.9,No
11746,40,Small Business,Standard,Monthly,17,59.41,Credit Card,1,2,1.0,57.3,No
11747,40,Small Business,Standard,Monthly,13,68.43,Credit Card,6,4,2.0,56.8,No
11748,41,Consumer,Basic,Annual,28,33.92,Bank Transfer,0,0,4.0,62.6,No
11749,34,Consumer,Premium,Monthly,18,122.36,Direct Debit,1,1,4.0,65.5,No
11750,34,Consumer,Basic,Monthly,15,37.63,Bank Transfer,2,3,4.0,38.5,No
11751,37,Small Business,Premium,Annual,19,123.3,Digital Wallet,3,0,5.0,58.0,No
11752,36,Consumer,Standard,Annual,8,59.03,Digital Wallet,1,1,4.0,42.0,No
11753,43,Consumer,Standard,Monthly,29,87.6,Digital Wallet,1,0,3.0,78.7,No
11754,69,Small Business,Basic,Monthly,15,41.51,Digital Wallet,1,1,4.0,46.3,No
11755,38,Small Business,Basic,Two-Year,7,39.54,Bank Transfer,1,0,4.0,52.5,No
11756,52,Enterprise,Basic,Monthly,4,49.5,Direct Debit,1,0,3.0,44.0,No
11757,45,Enterprise,Basic,Monthly,44,37.06,Credit Card,4,0,3.0,42.2,No
11758,80,Consumer,Premium,Monthly,21,124.71,Digital Wallet,1,1,4.0,36.3,No
11759,56,Enterprise,Standard,Monthly,92,86.5,Unknown,3,0,3.0,68.1,Yes
11760,53,Consumer,Standard,Monthly,28,80.42,Bank Transfer,1,0,4.0,33.5,No
11761,39,Small Business,Basic,Monthly,28,63.57,Digital Wallet,1,0,5.0,64.5,No
11762,53,Consumer,Premium,Two-Year,42,114.45,Direct Debit,0,0,2.0,92.4,No
11763,44,Consumer,Basic,Monthly,94,43.81,Bank Transfer,1,0,2.0,49.5,Yes
11764,46,Consumer,Standard,Annual,30,87.89,Direct Debit,3,1,4.0,59.0,No
11765,67,Small Business,Premium,Annual,6,119.09,Credit Card,1,1,3.0,57.7,No
11766,37,Consumer,Basic,Monthly,4,45.12,Digital Wallet,2,1,3.0,82.8,No
11767,54,Enterprise,Standard,Annual,40,65.1,Direct Debit,1,1,3.0,57.6,No
11768,22,Small Business,Premium,Two-Year,44,133.84,Direct Debit,0,0,4.0,75.3,No
11769,52,Consumer,Premium,Monthly,20,128.78,Direct Debit,2,1,3.0,79.1,No
11770,47,Small Business,Basic,Two-Year,74,39.55,Bank Transfer,3,1,2.0,60.7,No
11771,47,Enterprise,Basic,Annual,38,44.85,Digital Wallet,0,0,4.0,61.1,No
11772,53,Consumer,Basic,Monthly,21,38.57,Digital Wallet,1,2,3.0,75.6,Yes
11773,62,Small Business,Premium,Monthly,11,133.25,Credit Card,5,2,4.0,50.0,No
11774,41,Consumer,Basic,Annual,58,50.17,Bank Transfer,6,0,3.0,54.5,Yes
11775,41,Small Business,Premium,Monthly,10,93.37,Bank Transfer,1,0,4.0,60.4,No
11776,46,Consumer,Standard,Annual,73,50.03,Direct Debit,1,1,3.0,71.6,No
11777,33,Small Business,Basic,Two-Year,43,47.47,Credit Card,1,1,5.0,75.5,No
11778,45,Consumer,Basic,Monthly,7,40.47,Credit Card,3,1,3.0,24.4,No
11779,39,Consumer,Basic,Monthly,21,50.39,Direct Debit,2,0,4.0,68.8,No
11780,55,Enterprise,Premium,Annual,19,90.24,Credit Card,0,1,3.0,73.0,No
11781,42,Enterprise,Basic,Monthly,44,29.22,Digital Wallet,2,0,3.0,55.5,No
11782,39,Small Business,Basic,Monthly,12,42.46,Credit Card,3,1,4.0,36.7,No
11783,45,Small Business,Standard,Annual,52,61.89,Digital Wallet,0,0,3.0,68.2,No
11784,22,Consumer,Standard,Annual,62,69.27,Bank Transfer,0,0,3.0,47.4,No
11785,32,Small Business,Standard,Monthly,17,91.65,Direct Debit,1,2,2.0,97.9,No
11786,58,Small Business,Basic,Annual,7,38.16,Digital Wallet,3,0,4.0,69.2,No
11787,18,Consumer,Premium,Annual,68,134.5,Direct Debit,3,3,4.0,59.0,Yes
11788,47,Consumer,Standard,Two-Year,29,59.1,Credit Card,3,2,4.0,56.0,No
11789,53,Small Business,Standard,Monthly,16,77.16,Digital Wallet,3,0,3.0,33.1,No
11790,36,Small Business,Standard,Monthly,67,66.69,Direct Debit,4,3,3.0,56.3,No
11791,44,Enterprise,Basic,Monthly,15,34.46,Bank Transfer,3,0,4.0,62.4,No
11792,31,Consumer,Standard,Monthly,84,99.04,Bank Transfer,3,1,3.0,44.8,No
11793,48,Consumer,Basic,Monthly,20,43.07,Direct Debit,2,0,2.0,46.7,No
11794,33,Consumer,Standard,Monthly,21,69.43,Digital Wallet,1,0,2.0,64.4,No
11795,42,Consumer,Basic,Monthly,15,38.52,Bank Transfer,0,2,3.0,32.8,Yes
11796,42,Consumer,Standard,Monthly,18,82.81,Bank Transfer,2,0,4.0,62.1,No
11797,53,Consumer,Premium,Monthly,16,108.45,Credit Card,5,2,3.0,69.0,No
11798,36,Consumer,Standard,Annual,14,62.87,Bank Transfer,3,3,2.0,38.3,No
11799,47,Consumer,Standard,Monthly,35,93.47,Bank Transfer,1,1,4.0,57.1,No
11800,24,Consumer,Basic,Annual,63,45.22,Digital Wallet,0,0,5.0,55.1,No
11801,23,Consumer,Standard,Annual,45,55.5,Credit Card,0,1,5.0,60.7,No
11802,34,Consumer,Standard,Monthly,8,78.57,Direct Debit,2,3,3.0,58.0,No
11803,37,Small Business,Standard,Monthly,15,72.12,Bank Transfer,1,1,3.0,54.2,No
11804,49,Consumer,Standard,Monthly,9,73.55,Direct Debit,6,2,3.0,28.3,No
11805,23,Small Business,Basic,Monthly,16,28.89,Credit Card,1,2,3.0,64.1,No
11806,47,Consumer,Standard,Annual,14,83.88,Direct Debit,1,1,2.0,82.8,No
11807,49,Consumer,Basic,Annual,22,36.58,Credit Card,2,1,2.0,54.1,No
11808,18,Consumer,Standard,Monthly,35,83.36,Credit Card,3,0,3.0,55.3,No
11809,31,Small Business,Basic,Monthly,22,47.67,Direct Debit,1,0,4.0,53.5,No
11810,28,Consumer,Basic,Monthly,17,28.89,Digital Wallet,2,1,3.0,50.7,No
11811,23,Consumer,Premium,Annual,40,100.2,Credit Card,3,1,3.0,68.2,No
11812,18,Consumer,Premium,Monthly,16,110.04,Credit Card,4,1,3.0,64.7,No
11813,64,Consumer,Basic,Monthly,8,44.67,Direct Debit,2,0,3.0,61.1,No
11814,30,Consumer,Premium,Annual,8,80.34,Direct Debit,0,1,4.0,54.2,No
11815,36,Enterprise,Standard,Two-Year,44,67.67,Credit Card,1,0,3.0,80.3,No
11816,46,Enterprise,Basic,Monthly,90,51.33,Direct Debit,3,2,3.0,54.8,No
11817,35,Consumer,Standard,Annual,48,59.81,Digital Wallet,2,1,5.0,67.1,No
11818,44,Small Business,Basic,Two-Year,28,40.02,Digital Wallet,2,1,4.0,53.9,No
11819,53,Consumer,Premium,Monthly,8,95.61,Credit Card,3,0,3.0,79.6,No
11820,19,Small Business,Premium,Monthly,48,133.15,Digital Wallet,1,1,4.0,51.4,No
11821,18,Small Business,Basic,Monthly,74,51.28,Credit Card,1,0,3.0,44.9,No
11822,42,Small Business,Basic,Annual,23,31.49,Digital Wallet,2,2,3.0,86.9,No
11823,19,Consumer,Standard,Monthly,19,85.03,Bank Transfer,2,0,3.0,43.4,No
11824,31,Consumer,Basic,Monthly,22,40.41,Direct Debit,0,0,3.0,71.7,No
11825,26,Small Business,Premium,Annual,11,102.03,Bank Transfer,1,0,4.0,72.2,No
11826,36,Consumer,Basic,Annual,52,38.33,Bank Transfer,1,1,3.0,74.3,No
11827,29,Consumer,Standard,Monthly,59,76.19,Credit Card,6,0,2.0,51.4,No
11828,39,Consumer,Standard,Monthly,14,72.87,Bank Transfer,2,0,3.0,45.1,No
11829,18,Small Business,Premium,Two-Year,6,87.06,Bank Transfer,3,3,4.0,52.1,No
11830,33,Small Business,Basic,Monthly,29,59.13,Bank Transfer,2,3,2.0,56.0,Yes
11831,31,Small Business,Standard,Annual,11,87.95,Credit Card,2,2,4.0,58.4,No
11832,38,Consumer,Standard,Two-Year,69,81.11,Digital Wallet,3,2,4.0,44.1,No
11833,20,Consumer,Premium,Annual,25,108.26,Bank Transfer,1,0,4.0,80.9,No
11834,32,Consumer,Basic,Annual,11,48.66,Bank Transfer,0,0,4.0,65.1,No
11835,18,Enterprise,Standard,Annual,30,70.37,Direct Debit,1,0,5.0,75.7,No
11836,60,Consumer,Basic,Annual,35,62.1,Credit Card,1,0,1.0,56.4,No
11837,34,Enterprise,Standard,Monthly,36,81.29,Bank Transfer,0,1,5.0,53.5,No
11838,35,Consumer,Premium,Two-Year,42,90.1,Digital Wallet,0,0,4.0,91.1,No
11839,45,Enterprise,Standard,Annual,17,68.01,Digital Wallet,1,2,4.0,45.0,No
11840,45,Consumer,Standard,Monthly,20,102.38,Bank Transfer,2,0,5.0,69.8,No
11841,49,Consumer,Standard,Annual,28,75.62,Credit Card,1,0,3.0,72.2,No
11842,50,Consumer,Basic,Monthly,32,41.88,Credit Card,1,0,3.0,71.8,No
11843,49,Consumer,Standard,Monthly,21,59.57,Bank Transfer,0,0,4.0,41.4,No
11844,34,Small Business,Basic,Annual,21,58.6,Digital Wallet,1,0,3.0,90.8,No
11845,18,Consumer,Standard,Annual,86,104.12,Bank Transfer,3,1,4.0,56.6,No
11846,64,Enterprise,Basic,Monthly,36,53.21,Bank Transfer,4,0,3.0,38.3,No
11847,56,Small Business,Basic,Annual,28,42.85,Bank Transfer,3,0,2.0,42.1,No
11848,44,Small Business,Premium,Two-Year,12,104.88,Direct Debit,2,0,3.0,85.8,Yes
11849,47,Consumer,Premium,Monthly,10,118.83,Bank Transfer,1,1,4.0,77.9,No
11850,65,Consumer,Premium,Monthly,34,117.65,Bank Transfer,1,1,3.0,66.5,No
11851,43,Small Business,Premium,Two-Year,40,123.2,Digital Wallet,2,0,5.0,69.0,No
11852,31,Consumer,Premium,Monthly,30,111.15,Bank Transfer,1,0,3.0,67.8,No
11853,46,Small Business,Standard,Two-Year,47,70.99,Digital Wallet,3,0,4.0,46.5,No
11854,31,Consumer,Premium,Monthly,38,122.3,Direct Debit,4,2,4.0,56.5,No
11855,52,Small Business,Basic,Monthly,30,39.82,Bank Transfer,7,1,2.0,67.1,No
11856,40,Enterprise,Premium,Two-Year,21,103.1,Bank Transfer,2,1,4.0,56.2,No
11857,27,Enterprise,Basic,Annual,3,45.73,Digital Wallet,2,1,3.0,57.7,No
11858,38,Consumer,Standard,Monthly,31,84.88,Direct Debit,3,0,2.0,52.0,No
11859,25,Consumer,Standard,Monthly,19,73.02,Bank Transfer,1,1,2.0,52.0,No
11860,34,Small Business,Standard,Annual,23,80.28,Credit Card,2,0,4.0,54.1,No
11861,36,Small Business,Basic,Monthly,21,42.91,Digital Wallet,2,2,5.0,34.4,No
11862,34,Enterprise,Basic,Annual,58,46.19,Direct Debit,0,0,4.0,96.4,No
11863,47,Consumer,Basic,Monthly,57,35.95,Credit Card,3,1,3.0,65.3,No
11864,36,Consumer,Premium,Monthly,36,117.54,Bank Transfer,3,2,4.0,75.0,No
11865,38,Small Business,Basic,Monthly,32,46.31,Bank Transfer,0,0,5.0,94.0,No
11866,48,Consumer,Standard,Monthly,17,78.92,Credit Card,0,2,4.0,53.7,Yes
11867,51,Consumer,Standard,Annual,22,70.94,Digital Wallet,1,0,5.0,48.7,No
11868,27,Consumer,Standard,Annual,27,67.56,Direct Debit,1,2,4.0,76.3,No
11869,30,Small Business,Standard,Monthly,31,74.5,Bank Transfer,2,1,2.0,25.5,No
11870,60,Enterprise,Standard,Monthly,39,70.85,Credit Card,1,1,3.0,52.4,No
11871,30,Enterprise,Basic,Annual,21,39.91,Credit Card,2,0,3.0,72.3,No
11872,26,Consumer,Standard,Monthly,14,80.56,Direct Debit,6,3,1.0,43.4,Yes
11873,66,Consumer,Standard,Monthly,16,94.79,Bank Transfer,3,2,3.0,43.2,No
11874,27,Consumer,Premium,Annual,11,134.45,Digital Wallet,2,4,1.0,91.7,No
11875,32,Consumer,Standard,Monthly,35,66.33,Direct Debit,2,3,2.0,54.6,No
11876,41,Enterprise,Standard,Monthly,7,69.89,Digital Wallet,4,2,1.0,56.2,No
11877,40,Consumer,Basic,Monthly,76,42.51,Digital Wallet,1,1,3.0,54.8,No
11878,22,Consumer,Premium,Two-Year,51,99.52,Digital Wallet,0,0,5.0,98.2,No
11879,33,Consumer,Standard,Monthly,38,103.53,Digital Wallet,5,3,3.0,47.2,No
11880,43,Consumer,Basic,Monthly,32,50.64,Direct Debit,3,1,3.0,45.4,No
11881,59,Small Business,Basic,Two-Year,41,41.78,Direct Debit,3,2,3.0,57.2,No
11882,52,Consumer,Basic,Monthly,7,57.14,Credit Card,2,1,2.0,59.5,No
11883,38,Consumer,Premium,Monthly,7,102.21,Bank Transfer,2,1,2.0,82.6,No
11884,42,Small Business,Basic,Monthly,24,40.25,Direct Debit,3,2,5.0,62.7,No
11885,48,Small Business,Standard,Monthly,16,72.38,Direct Debit,5,5,2.0,36.2,Yes
11886,36,Consumer,Basic,Monthly,7,42.58,Direct Debit,1,0,3.0,91.1,No
11887,33,Consumer,Standard,Monthly,37,81.35,Credit Card,4,1,2.0,57.0,No
11888,32,Consumer,Premium,Annual,9,113.62,Digital Wallet,1,2,5.0,57.2,No
11889,52,Consumer,Standard,Monthly,20,74.9,Direct Debit,2,0,4.0,48.9,No
11890,41,Consumer,Basic,Monthly,24,49.97,Digital Wallet,3,1,2.0,34.2,Yes
11891,35,Consumer,Basic,Monthly,16,41.86,Digital Wallet,5,2,3.0,46.3,Yes
11892,41,Consumer,Standard,Monthly,9,69.37,Digital Wallet,1,0,4.0,51.6,No
11893,22,Small Business,Premium,Monthly,48,71.38,Bank Transfer,3,1,2.0,90.5,No
11894,55,Enterprise,Basic,Monthly,45,37.19,Digital Wallet,2,2,2.0,52.8,No
11895,48,Consumer,Standard,Monthly,20,76.77,Bank Transfer,2,1,3.0,42.2,No
11896,33,Consumer,Standard,Monthly,17,87.4,Direct Debit,0,1,3.0,33.8,No
11897,57,Consumer,Basic,Monthly,38,38.4,Direct Debit,3,2,3.0,57.2,No
11898,38,Small Business,Premium,Annual,39,124.13,Credit Card,2,1,4.0,60.1,No
11899,28,Enterprise,Premium,Annual,21,107.09,Credit Card,0,0,3.0,90.4,No
11900,53,Consumer,Basic,Two-Year,2,43.34,Digital Wallet,2,2,3.0,43.1,No
11901,46,Consumer,Standard,Monthly,8,69.17,Digital Wallet,4,1,3.0,48.6,No
11902,42,Consumer,Basic,Monthly,9,57.34,Digital Wallet,2,2,3.0,56.6,No
11903,34,Consumer,Basic,Monthly,7,36.1,Direct Debit,6,2,1.0,34.6,Yes
11904,25,Consumer,Standard,Monthly,22,68.64,Direct Debit,3,4,4.0,62.1,No
11905,24,Consumer,Basic,Monthly,8,39.17,Direct Debit,2,0,4.0,66.1,No
11906,29,Small Business,Premium,Monthly,26,110.87,Direct Debit,0,0,3.0,76.0,No
11907,38,Enterprise,Premium,Monthly,20,131.16,Bank Transfer,4,4,3.0,93.7,Yes
11908,47,Small Business,Basic,Monthly,18,44.28,Credit Card,3,1,3.0,50.5,No
11909,28,Consumer,Standard,Two-Year,63,92.09,Direct Debit,0,0,4.0,71.8,No
11910,41,Consumer,Basic,Monthly,8,39.76,Credit Card,2,1,3.0,66.5,Yes
11911,51,Consumer,Standard,Two-Year,16,74.64,Direct Debit,1,0,4.0,51.9,No
11912,32,Consumer,Premium,Monthly,41,119.01,Digital Wallet,4,1,3.0,18.6,No
11913,36,Consumer,Premium,Monthly,13,125.01,Direct Debit,3,0,3.0,59.5,No
11914,30,Consumer,Premium,Monthly,9,124.83,Direct Debit,3,2,3.0,39.1,No
11915,34,Consumer,Standard,Two-Year,72,96.05,Digital Wallet,1,1,4.0,54.2,No
11916,41,Consumer,Standard,Monthly,41,55.28,Digital Wallet,4,2,3.0,57.8,No
11917,64,Consumer,Standard,Monthly,76,77.17,Direct Debit,1,0,4.0,60.0,Yes
11918,64,Small Business,Standard,Monthly,44,117.63,Bank Transfer,1,0,5.0,54.7,No
11919,43,Consumer,Premium,Two-Year,33,130.68,Bank Transfer,2,1,4.0,83.4,No
11920,24,Consumer,Basic,Monthly,28,51.77,Credit Card,2,1,2.0,62.6,No
11921,42,Enterprise,Basic,Monthly,14,45.65,Bank Transfer,3,1,2.0,45.0,No
11922,36,Enterprise,Premium,Two-Year,16,117.9,Bank Transfer,1,0,2.0,59.2,No
11923,36,Consumer,Basic,Annual,22,27.26,Digital Wallet,0,1,4.0,72.7,No
11924,41,Consumer,Standard,Two-Year,11,78.05,Digital Wallet,2,2,2.0,53.9,No
11925,53,Consumer,Premium,Monthly,41,138.9,Bank Transfer,2,0,2.0,71.5,No
11926,32,Consumer,Standard,Monthly,21,76.09,Digital Wallet,4,1,3.0,69.5,No
11927,55,Consumer,Basic,Monthly,23,41.1,Credit Card,2,1,2.0,46.0,No
11928,35,Enterprise,Premium,Monthly,21,96.59,Unknown,4,1,4.0,59.6,No
11929,44,Small Business,Standard,Monthly,45,103.16,Credit Card,2,1,,58.3,No
11930,43,Enterprise,Standard,Annual,38,82.73,Credit Card,3,1,3.0,55.6,No
11931,41,Small Business,Basic,Monthly,4,34.84,Digital Wallet,4,2,2.0,38.4,No
11932,33,Small Business,Basic,Monthly,30,44.52,Bank Transfer,2,1,3.0,35.6,No
11933,39,Small Business,Standard,Annual,29,64.74,Digital Wallet,0,1,3.0,63.2,No
11934,50,Consumer,Basic,Monthly,64,52.59,Direct Debit,3,0,1.0,60.7,No
11935,27,Consumer,Standard,Two-Year,32,93.09,Bank Transfer,4,3,3.0,65.8,No
11936,60,Consumer,Standard,Monthly,12,70.94,Credit Card,1,0,4.0,59.5,No
11937,25,Enterprise,Standard,Annual,32,82.28,Bank Transfer,2,0,5.0,81.9,No
11938,59,Enterprise,Standard,Two-Year,14,82.63,Digital Wallet,0,0,5.0,68.0,No
11939,20,Consumer,Standard,Annual,31,58.94,Digital Wallet,0,1,4.0,72.3,No
11940,46,Small Business,Premium,Monthly,32,112.51,Direct Debit,1,1,3.0,60.5,No
11941,58,Enterprise,Standard,Annual,51,94.17,Bank Transfer,3,4,2.0,75.2,No
11942,50,Consumer,Basic,Annual,36,29.56,Bank Transfer,1,1,4.0,57.6,No
11943,27,Consumer,Standard,Annual,45,63.2,Bank Transfer,2,1,2.0,70.0,No
11944,41,Consumer,Standard,Monthly,55,80.63,Digital Wallet,1,1,3.0,24.1,No
11945,38,Consumer,Premium,Monthly,21,116.87,Credit Card,0,1,3.0,62.6,No
11946,18,Consumer,Premium,Two-Year,43,114.74,Credit Card,2,1,4.0,81.1,No
11947,29,Small Business,Standard,Monthly,11,79.16,Digital Wallet,0,0,2.0,77.2,Yes
11948,55,Consumer,Basic,Monthly,11,47.93,Digital Wallet,3,1,3.0,48.2,No
11949,37,Small Business,Basic,Monthly,27,58.64,Digital Wallet,0,0,3.0,50.0,No
11950,39,Enterprise,Premium,Monthly,42,129.91,Bank Transfer,4,1,3.0,44.4,No
11951,38,Enterprise,Basic,Monthly,42,37.78,Credit Card,2,3,3.0,64.2,No
11952,46,Consumer,Basic,Monthly,43,61.61,Credit Card,4,0,4.0,54.8,No
11953,57,Consumer,Standard,Annual,72,77.32,Digital Wallet,4,2,3.0,35.2,No
11954,52,Small Business,Basic,Monthly,13,45.97,Bank Transfer,3,1,4.0,60.5,No
11955,39,Enterprise,Premium,Annual,28,96.29,Bank Transfer,1,1,5.0,62.3,No
11956,34,Consumer,Standard,Monthly,20,57.84,Bank Transfer,2,0,3.0,52.4,No
11957,53,Consumer,Basic,Annual,62,39.53,Digital Wallet,1,1,1.0,80.5,No
11958,34,Consumer,Basic,Annual,29,49.25,Bank Transfer,1,0,4.0,50.2,No
11959,44,Consumer,Basic,Monthly,45,45.78,Bank Transfer,2,0,4.0,39.8,No
11960,68,Consumer,Standard,Monthly,29,61.22,Digital Wallet,2,1,4.0,49.6,No
11961,26,Consumer,Basic,Monthly,20,54.7,Direct Debit,6,0,3.0,49.1,No
11962,28,Consumer,Standard,Annual,23,68.95,Direct Debit,3,0,2.0,63.3,No
11963,37,Consumer,Standard,Annual,16,87.93,Bank Transfer,6,3,4.0,77.7,No
11964,30,Consumer,Standard,Monthly,19,73.54,Direct Debit,2,1,2.0,49.5,No
11965,43,Consumer,Standard,Monthly,39,78.44,Credit Card,1,0,4.0,69.0,No
11966,22,Enterprise,Premium,Monthly,76,117.6,Credit Card,5,0,2.0,49.7,No
11967,59,Consumer,Premium,Monthly,25,132.08,Direct Debit,1,2,3.0,56.4,No
11968,34,Consumer,Premium,Monthly,43,118.15,Bank Transfer,1,2,4.0,52.0,No
11969,31,Consumer,Standard,Monthly,13,87.57,Credit Card,4,1,3.0,80.1,No
11970,56,Consumer,Premium,Monthly,33,108.73,Bank Transfer,4,0,2.0,47.0,No
11971,50,Small Business,Standard,Annual,44,75.01,Direct Debit,2,1,3.0,35.8,No
11972,37,Consumer,Basic,Monthly,39,50.34,Credit Card,2,2,4.0,30.2,No
11973,44,Consumer,Standard,Monthly,43,61.83,Digital Wallet,2,0,4.0,90.7,No
11974,36,Consumer,Standard,Monthly,34,80.08,Digital Wallet,3,2,3.0,64.1,No
11975,35,Small Business,Standard,Monthly,12,87.37,Direct Debit,2,1,4.0,44.6,Yes
11976,27,Enterprise,Basic,Monthly,21,49.35,Digital Wallet,3,0,2.0,67.6,No
11977,51,Consumer,Basic,Annual,11,44.09,Digital Wallet,2,1,5.0,88.3,No
11978,67,Consumer,Standard,Two-Year,20,77.25,Bank Transfer,2,1,3.0,51.5,No
11979,29,Consumer,Standard,Monthly,96,77.0,Digital Wallet,3,2,4.0,54.9,No
11980,40,Consumer,Standard,Monthly,7,86.81,Direct Debit,3,2,3.0,52.6,No
11981,52,Consumer,Standard,Annual,37,81.16,Credit Card,4,1,2.0,37.4,No
11982,53,Small Business,Standard,Two-Year,52,69.11,Bank Transfer,1,1,3.0,31.1,No
11983,30,Enterprise,Standard,Monthly,20,83.82,Credit Card,1,0,4.0,60.7,Yes
11984,46,Consumer,Basic,Monthly,45,36.49,Bank Transfer,5,1,4.0,32.1,No
11985,29,Small Business,Premium,Two-Year,48,117.92,Digital Wallet,0,0,3.0,87.9,No
11986,25,Consumer,Standard,Monthly,36,76.09,Credit Card,1,0,5.0,54.7,No
11987,21,Consumer,Premium,Annual,49,110.97,Bank Transfer,2,2,3.0,60.0,No
11988,51,Consumer,Premium,Monthly,36,91.14,Credit Card,3,4,1.0,67.7,Yes
11989,25,Small Business,Standard,Annual,38,87.23,Digital Wallet,0,1,3.0,68.5,No
11990,39,Small Business,Standard,Annual,40,73.71,Direct Debit,3,2,3.0,51.9,No
11991,47,Consumer,Premium,Monthly,25,88.77,Bank Transfer,4,1,1.0,69.8,No
11992,57,Enterprise,Basic,Monthly,13,50.54,Digital Wallet,1,0,4.0,47.7,No
11993,41,Consumer,Premium,Annual,24,103.22,Bank Transfer,5,2,3.0,54.3,No
11994,46,Consumer,Basic,Monthly,31,45.5,Credit Card,2,3,4.0,62.2,Yes
11995,48,Small Business,Standard,Annual,48,69.01,Digital Wallet,2,0,4.0,54.5,No
11996,34,Consumer,Standard,Monthly,19,78.51,Credit Card,0,1,4.0,52.2,Yes
11997,33,Small Business,Standard,Monthly,15,83.44,Direct Debit,3,1,3.0,69.7,No
11998,42,Consumer,Basic,Monthly,28,48.39,Digital Wallet,6,4,2.0,25.9,No
11999,42,Small Business,Standard,Monthly,16,79.78,Credit Card,2,1,4.0,52.9,No
12000,66,Consumer,Standard,Monthly,96,78.67,Direct Debit,1,0,4.0,54.5,No
