Employee_ID,Age,Gender,Department,Job_Level,Work_Mode,Region,Tenure_Years,Annual_Salary,Overtime,Job_Satisfaction,Manager_Satisfaction,Promotions_Last_3Yrs,Training_Hours,Monthly_Hours,Attrition
1,34,Female,Customer Support,Mid,Hybrid,Central,16.0,70800.0,No,2,4,1,55,155,No
2,57,Female,HR,Senior,Hybrid,South,4.0,107700.0,Yes,2,3,2,23,175,Yes
3,32,Female,Customer Support,Entry,Office,West,6.0,28000.0,No,3,4,0,15,182,No
4,37,Male,Marketing,Entry,Hybrid,East,4.0,24000.0,Yes,4,4,1,39,190,No
5,30,Female,Sales,Senior,Remote,West,3.0,91400.0,Yes,3,4,1,11,190,No
6,32,Female,Engineering,Senior,Hybrid,Central,16.0,95300.0,No,3,4,0,36,151,No
7,50,Male,Customer Support,Mid,Office,North,4.0,64900.0,No,4,4,0,35,157,No
8,42,Male,Customer Support,Senior,Remote,South,5.0,89300.0,Yes,4,4,1,50,188,No
9,47,Male,Sales,Senior,Remote,South,10.0,81000.0,Yes,4,3,0,33,192,No
10,26,Male,HR,Mid,Hybrid,West,4.0,64600.0,No,3,3,0,25,171,No
11,44,Male,Finance,Manager,Hybrid,South,6.0,52100.0,No,5,3,0,28,203,Yes
12,29,Female,Engineering,Senior,Hybrid,West,0.5,103400.0,No,5,3,1,54,194,No
13,26,Male,Operations,Mid,Office,South,4.0,80200.0,No,4,2,0,29,184,No
14,40,Male,Customer Support,Mid,Office,South,8.0,75900.0,Yes,4,4,1,25,178,No
15,40,Male,HR,Entry,Hybrid,South,1.0,24000.0,No,4,4,0,27,137,Yes
16,38,Female,IT,Entry,Hybrid,East,11.0,24000.0,Yes,4,3,0,34,152,No
17,44,Female,Operations,Senior,Remote,East,6.0,92200.0,No,2,4,0,23,169,No
18,46,Female,Sales,Senior,Office,East,3.0,102700.0,No,3,5,0,16,203,No
19,51,Male,Customer Support,Mid,Remote,East,5.0,67000.0,No,3,3,0,20,198,No
20,27,Male,Operations,Mid,Hybrid,Central,0.5,61000.0,No,2,3,0,17,157,No
21,52,Female,Marketing,Entry,Remote,South,6.0,41000.0,No,5,4,1,26,190,No
22,55,Female,Finance,Entry,Office,South,2.0,24000.0,Yes,4,4,0,21,153,No
23,35,Female,Engineering,Manager,Hybrid,East,5.0,39800.0,No,5,4,2,26,120,No
24,23,Female,Customer Support,Mid,Office,South,3.0,74000.0,No,4,3,2,26,210,No
25,26,Male,Customer Support,Entry,Remote,East,2.0,27500.0,Yes,2,4,0,31,126,No
26,34,Male,IT,Mid,Remote,South,13.0,67500.0,Yes,5,3,1,16,120,No
27,56,Female,HR,Mid,Hybrid,South,3.0,72000.0,No,3,3,0,48,176,No
28,38,Male,Sales,Senior,Hybrid,West,2.0,85700.0,Yes,5,4,0,43,165,Yes
29,32,Male,IT,Manager,Office,Central,8.0,45400.0,No,5,3,0,34,178,No
30,32,Male,Marketing,Mid,Hybrid,West,4.0,71700.0,No,5,4,2,37,208,No
31,26,Female,Marketing,Mid,Hybrid,West,3.0,53700.0,No,4,4,0,14,190,No
32,46,Male,Engineering,Mid,Remote,South,8.0,80600.0,No,4,3,0,21,182,No
33,37,Female,Finance,Mid,Office,South,5.0,59600.0,Yes,3,3,1,22,154,No
34,57,Male,Finance,Mid,Hybrid,West,8.0,63600.0,No,5,3,1,11,161,No
35,44,Female,HR,Entry,Office,West,11.0,37000.0,No,4,3,0,23,183,No
36,45,Female,IT,Senior,Remote,South,4.0,99100.0,No,3,5,1,55,162,No
37,36,Male,Sales,Mid,Remote,North,7.0,72800.0,Yes,4,3,1,29,187,No
38,28,Female,HR,Mid,Hybrid,Central,12.0,56600.0,Yes,4,2,0,46,175,No
39,30,Male,IT,Entry,Hybrid,Central,14.0,24000.0,No,4,4,0,46,167,No
40,26,Male,Marketing,Senior,Hybrid,Central,3.0,92100.0,No,2,3,1,17,193,No
41,46,Male,HR,Entry,Office,South,9.0,26700.0,Yes,4,4,1,28,166,No
42,35,Male,Customer Support,Mid,Office,East,1.0,82300.0,No,4,5,0,23,144,No
43,47,Male,Marketing,Senior,Hybrid,South,6.0,111900.0,No,3,3,0,39,196,No
44,39,Male,Finance,Mid,Hybrid,West,1.0,77500.0,No,3,4,0,34,171,No
45,35,Male,Customer Support,Manager,Hybrid,Central,4.0,45200.0,No,5,4,3,48,167,No
46,27,Male,Customer Support,Entry,Hybrid,North,17.0,38900.0,No,5,5,0,30,169,No
47,41,Male,Finance,Senior,Office,East,8.0,88700.0,No,5,4,0,38,160,No
48,36,Female,IT,Manager,Hybrid,East,2.0,26400.0,No,2,3,0,20,223,Yes
49,46,Male,Marketing,Mid,Hybrid,North,2.0,60800.0,No,3,2,0,10,145,No
50,32,Male,Sales,Mid,Office,South,10.0,50700.0,No,3,3,2,36,178,No
51,44,Female,IT,Mid,Office,West,10.0,68500.0,No,5,3,1,30,175,No
52,53,Male,Sales,Senior,Remote,South,10.0,92400.0,Yes,4,4,0,35,187,No
53,40,Male,Customer Support,Senior,Remote,Central,6.0,79700.0,No,3,4,2,45,164,Yes
54,45,Male,Marketing,Senior,Office,West,8.0,86300.0,No,4,3,0,32,196,No
55,43,Male,Marketing,Manager,Office,South,4.0,37200.0,Yes,4,4,1,38,164,No
56,55,Male,Customer Support,Mid,Hybrid,North,4.0,70900.0,No,4,3,0,40,161,No
57,41,Female,HR,Mid,Remote,South,5.0,64300.0,No,5,3,1,26,173,No
58,44,Male,Operations,Mid,Office,West,3.0,81100.0,No,5,2,1,21,178,No
59,38,Female,Sales,Senior,Remote,South,2.0,95500.0,No,5,4,0,52,193,No
60,31,Female,Sales,Senior,Office,South,7.0,108400.0,Yes,3,3,2,33,145,No
61,27,Male,Marketing,Mid,Hybrid,North,7.0,67900.0,No,3,5,0,31,189,No
62,49,Female,HR,Entry,Office,West,2.0,47300.0,Yes,3,3,1,16,191,No
63,29,Male,Operations,Mid,Office,East,3.0,72000.0,Yes,4,4,2,31,186,No
64,45,Female,Customer Support,Senior,Office,West,6.0,89200.0,No,3,3,0,32,170,No
65,42,Male,Operations,Manager,Remote,South,6.0,71700.0,No,4,4,3,17,161,No
66,46,Female,Operations,Entry,Remote,Central,6.0,24000.0,No,4,4,1,37,181,No
67,33,Female,Operations,Entry,Office,South,2.0,24000.0,No,4,4,1,25,176,No
68,31,Male,Finance,Mid,Remote,East,18.0,57000.0,No,4,3,0,4,141,No
69,41,Male,Sales,Entry,Office,East,3.0,24000.0,No,3,3,0,22,189,No
70,35,Male,HR,Manager,Hybrid,North,6.0,31400.0,No,2,4,0,40,158,Yes
71,27,Female,IT,Mid,Hybrid,North,2.0,77600.0,Yes,3,5,2,17,158,Yes
72,55,Female,HR,Mid,Office,South,5.0,60000.0,No,4,3,0,57,192,No
73,31,Male,Customer Support,Entry,Hybrid,North,2.0,25700.0,No,5,3,0,34,174,No
74,29,Female,IT,Mid,Hybrid,Central,3.0,80000.0,No,5,3,0,55,168,No
75,36,Female,Sales,Manager,Remote,West,6.0,54200.0,No,3,2,2,15,164,No
76,49,Male,IT,Mid,Office,West,11.0,75700.0,No,4,2,1,13,166,No
77,21,Female,IT,Entry,Remote,North,3.0,38900.0,Yes,2,3,0,25,171,No
78,49,Male,Marketing,Entry,Hybrid,West,5.0,42500.0,Yes,5,3,1,13,204,No
79,30,Female,Operations,Manager,Remote,South,6.0,38700.0,No,4,5,0,23,133,No
80,40,Female,Customer Support,Manager,Hybrid,West,8.0,54300.0,No,4,4,1,47,221,No
81,32,Female,Marketing,Entry,Hybrid,East,1.0,25600.0,No,2,3,1,24,218,No
82,56,Male,HR,Mid,Office,South,8.0,70700.0,No,4,4,0,9,164,No
83,39,Male,Customer Support,Entry,Hybrid,Central,6.0,24000.0,No,5,3,0,32,175,No
84,32,Male,IT,Mid,Office,West,6.0,67200.0,No,4,3,0,44,175,No
85,35,Male,Sales,Entry,Hybrid,South,18.0,24200.0,Yes,3,4,1,6,192,No
86,39,Female,Sales,Senior,Hybrid,Central,3.0,106900.0,No,3,5,0,12,174,Yes
87,40,Male,Marketing,Manager,Remote,South,6.0,39600.0,Yes,3,4,2,29,179,No
88,42,Male,HR,Entry,Hybrid,North,16.0,24000.0,No,4,2,0,14,195,No
89,38,Female,IT,Mid,Hybrid,North,10.0,71900.0,Yes,2,4,1,26,132,No
90,26,Male,Operations,Entry,Hybrid,East,4.0,24000.0,Yes,4,4,0,45,168,No
91,35,Male,IT,Mid,Hybrid,South,6.0,70700.0,No,4,4,0,23,176,Yes
92,43,Female,Marketing,Entry,Hybrid,South,6.0,33900.0,No,3,3,3,33,165,No
93,32,Female,HR,Entry,Hybrid,East,4.0,27100.0,No,4,4,0,34,137,No
94,44,Male,Finance,Manager,Hybrid,North,2.0,46100.0,No,3,3,1,18,172,No
95,38,Female,Finance,Entry,Office,East,4.0,26600.0,No,4,5,1,15,160,No
96,36,Female,Operations,Senior,Remote,South,7.0,101600.0,No,4,4,0,40,163,No
97,49,Male,Finance,Entry,Hybrid,South,4.0,24000.0,Yes,4,5,1,29,171,No
98,22,Male,Sales,Mid,Hybrid,North,5.0,78600.0,No,4,3,0,31,137,No
99,32,Female,Sales,Mid,Hybrid,Central,11.0,63000.0,No,4,3,0,28,165,No
100,49,Female,Engineering,Manager,Remote,North,5.0,55400.0,No,4,3,1,26,157,No
101,54,Female,Engineering,Entry,Hybrid,West,5.0,24000.0,No,4,4,0,30,145,No
102,59,Male,Marketing,Entry,Hybrid,West,5.0,32900.0,No,4,4,2,15,181,No
103,38,Female,IT,Senior,Hybrid,West,3.0,93100.0,Yes,4,4,0,33,145,No
104,42,Female,Engineering,Senior,Remote,South,8.0,94900.0,No,3,4,2,16,182,No
105,45,Female,Customer Support,Mid,Hybrid,West,2.0,80600.0,No,4,4,0,56,189,No
106,49,Female,Marketing,Entry,Hybrid,East,3.0,24000.0,Yes,3,2,1,35,169,Yes
107,41,Female,HR,Entry,Hybrid,North,6.0,27800.0,No,2,3,2,31,193,No
108,46,Female,IT,Senior,Office,East,4.0,96700.0,No,4,3,2,15,217,No
109,42,Female,Sales,Mid,Hybrid,South,13.0,69300.0,No,3,3,1,41,183,No
110,43,Male,Engineering,Mid,Remote,East,5.0,78500.0,Yes,5,3,1,22,165,No
111,30,Male,HR,Mid,Hybrid,West,5.0,75000.0,No,3,3,1,35,195,No
112,35,Female,IT,Entry,Hybrid,East,2.0,24000.0,No,4,2,0,20,132,No
113,33,Female,Finance,Manager,Hybrid,West,4.0,61300.0,No,3,4,0,5,218,No
114,27,Female,Operations,Senior,Remote,North,8.0,99100.0,No,3,2,1,46,173,No
115,23,Female,IT,Entry,Remote,East,3.0,24000.0,No,2,4,0,35,177,No
116,34,Female,Customer Support,Manager,Remote,West,1.0,42300.0,No,2,4,1,23,140,No
117,36,Male,Marketing,Mid,Office,Central,4.0,70000.0,No,4,4,1,52,189,No
118,39,Male,Marketing,Mid,Hybrid,Central,5.0,76000.0,Yes,3,3,1,28,173,No
119,43,Male,HR,Mid,Hybrid,Central,3.0,52100.0,No,4,5,1,43,168,No
120,40,Female,Operations,Senior,Hybrid,East,11.0,86800.0,Yes,5,5,1,8,159,No
121,36,Male,Operations,Mid,Hybrid,West,17.0,66800.0,No,2,4,0,24,153,No
122,30,Male,Operations,Mid,Remote,Central,6.0,59100.0,Yes,4,4,1,24,156,No
123,46,Male,Sales,Senior,Hybrid,Central,4.0,84800.0,No,3,3,1,16,139,Yes
124,37,Male,HR,Entry,Office,East,7.0,29200.0,Yes,3,4,0,17,175,No
125,34,Male,Sales,Manager,Remote,South,11.0,45600.0,No,2,4,1,30,203,No
126,36,Male,Operations,Mid,Hybrid,South,3.0,68300.0,No,2,2,0,26,179,No
127,31,Female,Finance,Mid,Office,West,8.0,59600.0,No,2,3,1,26,155,No
128,33,Male,Sales,Mid,Hybrid,South,4.0,70100.0,Yes,3,4,2,22,178,No
129,33,Female,Sales,Mid,Remote,West,10.0,58500.0,No,3,4,0,40,120,No
130,35,Male,Operations,Mid,Hybrid,West,2.0,85100.0,No,3,4,1,13,205,No
131,44,Male,IT,Mid,Office,West,12.0,87700.0,No,2,2,1,29,160,No
132,42,Male,Engineering,Senior,Remote,West,6.0,89700.0,No,2,4,1,23,181,No
133,52,Male,Operations,Senior,Remote,South,7.0,83900.0,No,3,5,0,22,170,No
134,49,Female,Finance,Senior,Office,North,2.0,101700.0,Yes,4,2,1,4,183,No
135,56,Male,Operations,Entry,Hybrid,North,2.0,33300.0,Yes,4,4,0,28,218,No
136,43,Male,Sales,Mid,Remote,South,6.0,88900.0,No,5,5,0,21,128,No
137,43,Male,Engineering,Mid,Office,North,7.0,91300.0,No,3,4,3,31,176,No
138,34,Male,Operations,Entry,Remote,North,4.0,24000.0,No,4,3,0,65,177,No
139,45,Male,Customer Support,Senior,Office,North,7.0,104400.0,No,3,4,2,30,163,No
140,32,Female,Sales,Mid,Office,North,2.0,70000.0,No,3,3,1,34,156,Yes
141,25,Male,Operations,Mid,Hybrid,Central,1.0,76900.0,No,3,4,0,19,190,No
142,52,Male,Operations,Entry,Office,South,5.0,35000.0,No,4,4,2,30,170,No
143,27,Female,Engineering,Mid,Hybrid,East,2.0,78600.0,No,4,4,0,27,171,No
144,42,Female,Operations,Mid,Hybrid,South,1.0,81000.0,Yes,4,3,2,18,165,No
145,30,Male,HR,Mid,Office,South,2.0,67000.0,Yes,5,3,1,17,168,No
146,48,Male,IT,Mid,Hybrid,North,7.0,63400.0,Yes,4,5,0,34,183,No
147,49,Male,Finance,Entry,Hybrid,Central,6.0,38700.0,No,4,3,0,20,182,No
148,43,Female,Operations,Entry,Remote,South,11.0,24000.0,No,5,2,2,17,155,No
149,49,Female,HR,Senior,Remote,West,6.0,110800.0,No,3,5,1,44,165,No
150,38,Male,Sales,Entry,Remote,South,2.0,24000.0,No,5,3,0,46,191,No
151,58,Male,Customer Support,Mid,Office,South,7.0,68600.0,No,3,3,1,17,205,No
152,45,Female,Customer Support,Mid,Remote,East,3.0,70300.0,Yes,3,3,1,41,205,No
153,30,Female,Sales,Mid,Hybrid,North,4.0,58100.0,Yes,2,4,1,8,203,No
154,39,Female,Operations,Senior,Remote,East,3.0,80200.0,Yes,4,3,1,17,175,No
155,37,Female,Sales,Mid,Office,East,2.0,80200.0,No,5,5,0,13,192,No
156,36,Female,Marketing,Manager,Hybrid,South,18.0,34500.0,No,3,3,0,22,178,No
157,23,Male,IT,Senior,Hybrid,West,3.0,116700.0,No,3,3,1,28,156,No
158,41,Female,Operations,Entry,Hybrid,South,1.0,27200.0,No,3,1,0,13,169,No
159,26,Female,Marketing,Entry,Remote,South,8.0,24000.0,No,3,4,2,23,167,No
160,21,Male,Customer Support,Mid,Office,Central,1.0,75800.0,Yes,2,3,0,17,190,No
161,35,Female,Sales,Mid,Hybrid,North,4.0,49800.0,No,3,4,0,31,187,No
162,31,Female,Engineering,Mid,Hybrid,Central,8.0,69000.0,No,5,3,1,29,169,No
163,30,Male,IT,Entry,Hybrid,West,2.0,26200.0,No,3,4,1,45,166,No
164,21,Female,Sales,Entry,Office,West,5.0,24000.0,No,4,3,1,7,157,No
165,30,Male,Operations,Mid,Hybrid,North,4.0,66300.0,No,4,4,2,42,164,No
166,36,Female,Finance,Mid,Office,Central,3.0,85700.0,No,3,4,1,42,169,No
167,32,Male,Customer Support,Mid,Office,South,11.0,73600.0,No,4,3,1,22,178,No
168,41,Female,Customer Support,Manager,Hybrid,North,4.0,53600.0,No,3,5,0,24,173,No
169,51,Male,Finance,Entry,Hybrid,East,8.0,24000.0,No,4,4,1,32,155,No
170,43,Male,Engineering,Mid,Office,South,9.0,60100.0,No,3,3,0,40,161,No
171,47,Female,IT,Manager,Hybrid,West,4.0,47800.0,No,2,4,0,4,169,No
172,48,Male,Operations,Mid,Office,North,2.0,49900.0,No,2,4,1,22,181,No
173,29,Male,IT,Mid,Hybrid,North,9.0,62100.0,Yes,1,4,1,33,161,No
174,42,Male,Engineering,Mid,Hybrid,North,4.0,60700.0,No,3,4,0,29,142,No
175,47,Female,IT,Entry,Remote,South,5.0,24000.0,No,4,4,0,28,149,No
176,34,Female,Sales,Senior,Hybrid,North,4.0,99800.0,No,3,4,0,8,177,No
177,31,Female,HR,Mid,Hybrid,West,9.0,70800.0,Yes,3,4,0,22,180,No
178,43,Male,Engineering,Mid,Office,North,2.0,66400.0,No,3,4,0,23,159,No
179,25,Female,Customer Support,Mid,Hybrid,North,5.0,78000.0,No,3,2,0,17,151,No
180,28,Male,Marketing,Mid,Remote,South,2.0,57200.0,No,5,2,0,41,143,No
181,32,Male,Customer Support,Entry,Office,Central,4.0,24000.0,No,3,3,0,23,144,No
182,42,Female,Customer Support,Senior,Hybrid,West,10.0,104100.0,No,2,3,2,18,163,No
183,40,Male,Operations,Mid,Office,South,10.0,92500.0,No,3,3,0,52,140,Yes
184,47,Female,Finance,Entry,Office,South,4.0,34200.0,Yes,3,3,0,33,174,No
185,30,Female,Customer Support,Mid,Hybrid,North,6.0,76200.0,Yes,3,4,0,30,181,No
186,29,Female,Marketing,Manager,Hybrid,North,6.0,44800.0,No,4,3,1,26,144,No
187,43,Male,Finance,Mid,Hybrid,North,2.0,67000.0,No,3,2,2,20,150,No
188,31,Male,Sales,Mid,Unknown,South,7.0,74000.0,No,3,2,2,18,169,No
189,33,Female,Marketing,Mid,Hybrid,North,2.0,84400.0,No,3,3,0,14,155,No
190,21,Female,IT,Senior,Office,South,3.0,97800.0,Yes,3,3,1,24,175,Yes
191,41,Male,Engineering,Mid,Office,East,1.0,80600.0,No,4,4,2,10,191,No
192,52,Female,IT,Senior,Office,East,8.0,85800.0,Yes,4,4,0,39,167,No
193,29,Male,Sales,Entry,Hybrid,North,9.0,33600.0,Yes,5,2,2,20,137,No
194,47,Female,Customer Support,Manager,Remote,Central,6.0,44000.0,No,2,5,1,38,174,No
195,37,Male,IT,Senior,Hybrid,North,5.0,95300.0,No,2,3,2,18,164,No
196,22,Male,IT,Mid,Hybrid,West,3.0,77500.0,No,3,4,2,33,182,No
197,30,Male,Operations,Mid,Hybrid,West,8.0,67200.0,No,3,4,0,11,217,No
198,29,Female,Customer Support,Entry,Hybrid,North,13.0,24000.0,No,2,3,1,20,152,No
199,35,Male,IT,Mid,Remote,East,3.0,75300.0,No,3,4,0,22,156,No
200,42,Male,Finance,Entry,Office,Central,4.0,26800.0,No,4,2,0,31,177,No
201,55,Male,Customer Support,Entry,Office,North,2.0,29200.0,No,4,5,1,13,188,No
202,25,Female,Engineering,Manager,Office,North,5.0,55900.0,Yes,4,4,2,45,212,No
203,34,Male,Operations,Entry,Hybrid,South,4.0,39800.0,Yes,4,4,0,28,163,No
204,30,Male,Sales,Mid,Office,West,4.0,78000.0,Yes,3,4,1,27,154,No
205,27,Female,Sales,Mid,Office,South,8.0,76800.0,Yes,3,3,0,11,155,No
206,39,Male,IT,Mid,Remote,West,9.0,67500.0,Yes,4,5,0,32,162,No
207,38,Male,Sales,Mid,Office,South,2.0,68900.0,No,4,3,0,41,166,No
208,22,Male,Marketing,Mid,Hybrid,Central,6.0,76100.0,No,4,3,1,17,174,No
209,38,Female,Sales,Mid,Hybrid,South,11.0,68700.0,Yes,4,4,0,21,172,Yes
210,27,Male,Operations,Manager,Hybrid,West,7.0,54100.0,Yes,3,2,0,25,145,No
211,38,Male,Marketing,Mid,Remote,West,2.0,64700.0,No,4,3,0,24,140,No
212,49,Male,Operations,Manager,Remote,North,9.0,67400.0,No,3,4,0,17,169,No
213,42,Female,IT,Mid,Remote,North,7.0,73700.0,No,4,4,1,33,156,No
214,40,Female,Customer Support,Mid,Remote,North,6.0,73200.0,Yes,5,3,0,42,159,Yes
215,33,Female,Marketing,Entry,Hybrid,Central,4.0,24000.0,No,5,3,0,27,189,No
216,39,Male,Marketing,Entry,Office,Central,6.0,45200.0,No,4,3,0,17,184,No
217,43,Male,Sales,Senior,Office,South,18.0,82700.0,Yes,4,3,1,15,164,No
218,42,Male,Sales,Mid,Remote,South,1.0,65700.0,No,5,3,0,57,191,No
219,37,Male,Engineering,Mid,Hybrid,South,3.0,79700.0,No,3,3,0,23,193,No
220,40,Female,Finance,Senior,Office,North,4.0,96200.0,No,5,3,0,34,198,No
221,26,Male,Finance,Mid,Remote,South,0.5,66800.0,No,4,3,2,8,202,No
222,31,Female,Operations,Senior,Hybrid,South,16.0,89100.0,Yes,4,2,1,19,167,No
223,44,Female,Marketing,Mid,Office,North,2.0,69400.0,No,3,4,0,41,193,No
224,46,Male,Engineering,Manager,Hybrid,North,2.0,50900.0,No,2,4,1,17,165,No
225,39,Female,IT,Entry,Office,South,1.0,42000.0,No,5,3,2,18,195,No
226,51,Female,Engineering,Entry,Hybrid,South,3.0,33400.0,Yes,4,4,1,32,166,No
227,43,Female,Sales,Mid,Hybrid,West,6.0,81200.0,Yes,3,4,0,20,171,No
228,36,Female,Operations,Entry,Hybrid,West,5.0,24100.0,No,4,2,0,35,151,No
229,27,Male,Operations,Manager,Remote,West,2.0,54600.0,No,3,3,1,20,151,No
230,51,Female,Sales,Mid,Office,East,6.0,58000.0,No,2,3,0,27,179,No
231,45,Female,Sales,Entry,Hybrid,Central,5.0,29600.0,Yes,3,4,0,36,190,No
232,54,Male,HR,Entry,Office,South,10.0,29100.0,No,2,4,2,22,150,No
233,58,Male,Engineering,Manager,Office,West,3.0,66400.0,No,4,3,1,13,198,No
234,26,Male,Operations,Mid,Remote,West,3.0,86000.0,No,5,4,0,23,195,No
235,26,Male,Engineering,Senior,Hybrid,North,8.0,91700.0,No,3,3,1,16,179,No
236,21,Female,Customer Support,Entry,Hybrid,West,2.0,24000.0,No,4,3,2,22,190,No
237,46,Female,HR,Manager,Hybrid,East,1.0,42900.0,No,3,4,1,28,160,No
238,44,Male,Customer Support,Mid,Remote,West,5.0,69300.0,No,3,4,1,28,143,No
239,39,Female,Sales,Mid,Hybrid,East,7.0,83700.0,Yes,3,4,0,39,161,No
240,27,Male,Sales,Mid,Office,East,1.0,75700.0,No,4,3,1,19,195,No
241,37,Female,Customer Support,Entry,Hybrid,Central,9.0,32700.0,Yes,5,3,2,28,196,No
242,40,Female,Customer Support,Manager,Hybrid,East,1.0,57300.0,No,4,4,0,44,147,No
243,45,Female,IT,Manager,Hybrid,South,3.0,41100.0,Yes,4,3,1,32,147,No
244,40,Female,Operations,Mid,Remote,North,5.0,65600.0,No,4,3,1,39,153,No
245,44,Male,Operations,Manager,Office,South,11.0,54700.0,No,3,3,0,27,132,No
246,37,Male,Customer Support,Entry,Hybrid,South,11.0,24000.0,No,5,4,0,38,159,No
247,49,Female,Operations,Entry,Hybrid,Central,5.0,24000.0,Yes,3,3,2,26,181,No
248,44,Female,HR,Entry,Office,North,3.0,24000.0,Yes,2,4,0,11,120,No
249,27,Male,Finance,Mid,Office,North,4.0,81500.0,Yes,3,3,0,36,169,No
250,51,Male,HR,Entry,Hybrid,North,15.0,24600.0,Yes,4,3,0,32,199,No
251,49,Female,Operations,Mid,Office,South,10.0,74000.0,Yes,3,5,1,28,189,No
252,42,Female,Customer Support,Entry,Hybrid,South,6.0,24000.0,Yes,3,4,0,17,179,No
253,41,Male,HR,Senior,Hybrid,West,5.0,97400.0,No,3,3,0,47,173,No
254,53,Female,IT,Senior,Remote,Central,5.0,91600.0,No,4,4,0,38,194,No
255,23,Male,IT,Mid,Hybrid,North,1.0,76000.0,No,4,3,1,20,181,No
256,49,Female,Marketing,Entry,Remote,South,0.5,24000.0,No,5,3,0,45,166,No
257,34,Female,Customer Support,Senior,Office,East,4.0,98500.0,No,3,3,0,44,190,No
258,48,Female,Sales,Entry,Office,West,2.0,24000.0,No,4,4,0,26,144,No
259,39,Female,Sales,Senior,Hybrid,North,5.0,93300.0,No,4,4,1,18,187,No
260,27,Female,Operations,Mid,Remote,Central,5.0,69600.0,No,2,3,1,34,182,No
261,34,Female,Sales,Mid,Hybrid,South,1.0,72200.0,Yes,4,3,0,26,175,No
262,47,Male,Customer Support,Entry,Remote,West,5.0,30500.0,Yes,5,4,0,60,173,No
263,36,Male,Finance,Senior,Office,North,6.0,89500.0,Yes,3,5,0,16,205,No
264,32,Female,Sales,Manager,Hybrid,West,6.0,48900.0,No,3,3,0,47,193,No
265,32,Female,Engineering,Mid,Office,South,3.0,73700.0,No,2,5,0,23,198,No
266,44,Female,IT,Manager,Office,West,6.0,54600.0,No,3,4,1,25,181,No
267,54,Female,IT,Manager,Hybrid,North,7.0,49300.0,No,4,4,1,18,194,No
268,21,Female,IT,Entry,Hybrid,Central,6.0,24000.0,No,5,4,2,29,180,No
269,62,Female,Sales,Senior,Remote,West,4.0,94800.0,No,3,4,0,18,168,No
270,40,Male,Sales,Mid,Hybrid,Central,12.0,78000.0,No,4,3,0,25,187,No
271,43,Male,Sales,Mid,Hybrid,South,10.0,60000.0,No,4,3,1,13,166,No
272,34,Female,IT,Entry,Remote,North,5.0,24000.0,No,5,4,1,4,195,No
273,38,Female,Sales,Manager,Office,South,3.0,44000.0,No,4,4,1,25,147,Yes
274,40,Male,Operations,Senior,Remote,South,2.0,92300.0,No,3,5,1,44,166,No
275,29,Male,Marketing,Entry,Hybrid,North,7.0,24000.0,Yes,4,4,0,31,157,No
276,31,Male,Finance,Mid,Remote,Central,2.0,77200.0,No,4,3,0,26,218,No
277,49,Male,Finance,Mid,Remote,East,7.0,70400.0,No,4,3,1,59,158,No
278,24,Female,Operations,Senior,Hybrid,South,1.0,72800.0,No,4,3,1,4,170,No
279,42,Female,Customer Support,Manager,Remote,Central,4.0,40000.0,Yes,2,4,0,31,130,No
280,35,Male,Customer Support,Mid,Hybrid,South,7.0,69300.0,Yes,4,4,0,17,205,No
281,29,Male,Sales,Mid,Office,West,3.0,56000.0,No,4,3,2,28,155,No
282,56,Female,IT,Mid,Office,East,9.0,80700.0,No,3,3,1,18,201,No
283,29,Female,IT,Mid,Hybrid,North,3.0,73700.0,No,4,4,1,20,150,No
284,28,Female,IT,Mid,Hybrid,Central,5.0,78100.0,No,2,3,0,31,152,No
285,36,Male,Operations,Entry,Remote,North,1.0,24000.0,No,4,3,2,26,188,No
286,31,Female,HR,Entry,Remote,South,1.0,31700.0,No,4,4,0,19,140,No
287,38,Male,Sales,Mid,Hybrid,South,1.0,66100.0,No,4,4,0,12,180,No
288,39,Male,Finance,Senior,Office,East,8.0,92300.0,No,4,3,0,37,156,No
289,40,Male,Operations,Mid,Hybrid,South,3.0,75200.0,No,3,4,0,25,214,No
290,37,Male,Sales,Entry,Hybrid,South,9.0,27400.0,Yes,2,4,0,13,207,Yes
291,32,Male,Customer Support,Senior,Hybrid,West,0.5,101300.0,Yes,4,5,0,7,196,No
292,44,Male,Sales,Manager,Office,South,6.0,51300.0,No,4,5,0,31,218,No
293,37,Male,Engineering,Mid,Hybrid,North,1.0,67800.0,Yes,4,5,0,24,159,No
294,34,Female,Sales,Entry,Remote,West,2.0,35600.0,No,5,3,1,30,187,No
295,51,Female,Customer Support,Mid,Hybrid,Central,4.0,81500.0,No,2,5,0,58,152,No
296,37,Female,Engineering,Mid,Hybrid,South,3.0,72800.0,No,5,5,0,38,189,No
297,48,Female,Engineering,Mid,Office,South,6.0,84000.0,No,3,4,2,27,178,No
298,49,Male,Customer Support,Entry,Hybrid,North,3.0,25900.0,No,4,3,0,8,146,No
299,50,Female,Customer Support,Entry,Hybrid,Central,4.0,26800.0,No,3,4,0,47,170,No
300,44,Female,Operations,Mid,Office,North,2.0,72000.0,Yes,3,3,1,29,173,No
301,38,Male,Customer Support,Senior,Remote,South,7.0,92800.0,No,2,3,2,57,172,No
302,37,Male,Sales,Mid,Office,East,5.0,69200.0,Yes,3,2,1,18,207,No
303,36,Female,Operations,Entry,Hybrid,East,6.0,24000.0,No,4,2,0,12,150,No
304,21,Male,Operations,Mid,Hybrid,West,4.0,63100.0,Yes,4,4,1,45,158,No
305,44,Female,Customer Support,Senior,Hybrid,North,8.0,95000.0,No,4,4,0,31,120,No
306,40,Female,HR,Entry,Office,South,3.0,38800.0,No,3,3,1,43,185,No
307,45,Female,Finance,Mid,Hybrid,North,5.0,79300.0,No,4,4,0,13,187,No
308,37,Male,Operations,Mid,Hybrid,North,18.0,75500.0,No,3,4,0,13,189,No
309,44,Male,IT,Mid,Remote,West,2.0,83200.0,Yes,4,4,0,16,170,No
310,26,Male,Sales,Manager,Hybrid,Central,10.0,50200.0,Yes,4,4,0,4,156,No
311,27,Male,HR,Senior,Office,North,18.0,85100.0,No,3,4,1,22,147,Yes
312,21,Female,HR,Mid,Remote,South,7.0,68900.0,No,4,5,0,6,182,No
313,37,Female,IT,Entry,Hybrid,West,0.5,27500.0,No,4,4,2,29,155,No
314,31,Male,Finance,Mid,Remote,East,2.0,67400.0,No,4,2,0,27,138,No
315,30,Female,Finance,Entry,Hybrid,North,6.0,33500.0,No,5,5,0,17,192,No
316,41,Female,Finance,Mid,Remote,North,5.0,80400.0,No,3,3,1,34,164,No
317,34,Male,Finance,Senior,Hybrid,North,12.0,78400.0,No,2,3,1,30,174,No
318,25,Female,Marketing,Senior,Hybrid,South,13.0,92700.0,Yes,5,5,0,44,120,Yes
319,61,Male,IT,Mid,Hybrid,North,4.0,45900.0,No,2,4,1,50,170,No
320,38,Female,Engineering,Mid,Office,East,4.0,71200.0,Yes,4,3,1,30,166,No
321,28,Female,Engineering,Entry,Remote,Central,3.0,27100.0,Yes,3,4,1,33,208,No
322,32,Male,Operations,Mid,Remote,North,6.0,88000.0,Yes,3,4,0,35,166,No
323,36,Male,Finance,Entry,Office,North,2.0,41300.0,Yes,3,4,1,51,120,No
324,36,Male,Operations,Manager,Hybrid,North,4.0,58400.0,No,2,3,0,11,166,No
325,50,Female,Customer Support,Senior,Hybrid,Central,2.0,85400.0,Yes,3,2,0,21,171,No
326,37,Male,Operations,Entry,Office,Central,5.0,24000.0,No,2,3,0,11,197,No
327,55,Female,Customer Support,Mid,Hybrid,North,9.0,62100.0,No,4,3,0,20,170,No
328,34,Female,Operations,Mid,Hybrid,South,1.0,85700.0,Yes,3,5,1,23,162,No
329,42,Female,Operations,Senior,Office,East,4.0,85800.0,Yes,3,3,0,17,168,No
330,47,Female,IT,Mid,Hybrid,Central,11.0,68500.0,No,3,4,0,33,230,No
331,49,Male,Marketing,Entry,Hybrid,North,13.0,24000.0,No,3,5,0,34,181,No
332,50,Female,IT,Mid,Hybrid,West,3.0,60700.0,No,3,4,0,28,165,No
333,36,Male,Marketing,Entry,Office,West,2.0,31000.0,Yes,4,5,0,32,192,No
334,38,Female,Customer Support,Mid,Hybrid,West,0.5,73400.0,Yes,2,3,1,49,147,Yes
335,21,Female,Sales,Entry,Office,South,10.0,24000.0,Yes,2,4,0,32,155,Yes
336,36,Male,Operations,Mid,Remote,Central,9.0,60300.0,No,5,4,1,12,159,No
337,48,Male,Sales,Senior,Office,Central,5.0,96300.0,No,4,4,1,18,134,No
338,46,Male,Marketing,Entry,Hybrid,South,18.0,27400.0,No,2,4,0,18,192,No
339,37,Female,Sales,Mid,Hybrid,East,5.0,68400.0,No,4,3,0,45,154,Yes
340,53,Male,Engineering,Senior,Hybrid,North,10.0,99500.0,Yes,2,4,0,22,174,No
341,35,Female,Sales,Entry,Remote,North,3.0,24000.0,No,5,4,0,16,159,No
342,32,Female,Engineering,Mid,Hybrid,West,4.0,66600.0,No,4,3,0,14,178,No
343,34,Female,Customer Support,Mid,Hybrid,South,6.0,76700.0,No,5,3,0,21,211,No
344,28,Female,Operations,Mid,Hybrid,West,2.0,66200.0,No,3,4,0,21,163,No
345,44,Male,Customer Support,Senior,Hybrid,East,8.0,96800.0,No,2,3,1,19,161,No
346,41,Male,Customer Support,Mid,Office,Central,5.0,61700.0,No,3,3,2,38,144,No
347,43,Male,Engineering,Mid,Hybrid,East,1.0,64600.0,Yes,3,4,0,24,165,No
348,34,Female,IT,Entry,Remote,East,10.0,24000.0,Yes,4,4,2,27,130,No
349,37,Female,Operations,Entry,Hybrid,West,2.0,24000.0,No,2,4,0,37,202,No
350,21,Female,Sales,Entry,Office,North,2.0,24000.0,Yes,3,3,0,38,157,No
351,41,Male,Operations,Senior,Hybrid,North,4.0,98100.0,Yes,2,3,1,21,151,No
352,39,Female,IT,Senior,Hybrid,West,6.0,93000.0,Yes,3,3,1,42,167,No
353,28,Male,Operations,Senior,Hybrid,East,6.0,104400.0,No,5,5,1,28,185,No
354,37,Male,Operations,Entry,Hybrid,South,12.0,24500.0,No,4,4,1,21,165,No
355,36,Female,HR,Mid,Office,North,6.0,52900.0,No,4,3,0,39,195,No
356,54,Male,Operations,Senior,Hybrid,North,1.0,97100.0,No,4,4,0,33,161,No
357,28,Female,Customer Support,Mid,Hybrid,North,2.0,62300.0,Yes,3,4,0,32,154,No
358,41,Female,Customer Support,Entry,Office,North,1.0,29100.0,No,3,3,2,24,170,No
359,28,Female,Operations,Senior,Office,West,1.0,73400.0,No,2,3,2,28,167,No
360,33,Male,Operations,Entry,Remote,West,3.0,25500.0,Yes,2,4,0,19,191,No
361,40,Male,Engineering,Entry,Remote,South,10.0,34300.0,No,4,4,1,25,188,No
362,36,Female,Sales,Senior,Hybrid,North,5.0,99200.0,Yes,2,4,0,23,161,No
363,38,Female,Sales,Mid,Remote,South,7.0,69700.0,No,4,4,1,31,137,No
364,41,Male,Sales,Mid,Hybrid,Central,8.0,71500.0,No,3,3,0,46,184,No
365,34,Female,Operations,Mid,Hybrid,North,10.0,67500.0,No,3,1,1,26,145,Yes
366,46,Male,HR,Manager,Hybrid,Central,3.0,47300.0,No,3,4,0,37,169,No
367,35,Male,Customer Support,Entry,Office,East,9.0,33600.0,No,4,3,1,30,182,No
368,37,Male,Marketing,Senior,Remote,East,8.0,87300.0,Yes,4,4,0,42,210,No
369,41,Female,Finance,Mid,Hybrid,North,3.0,66100.0,No,3,5,1,48,218,No
370,40,Male,Customer Support,Entry,Office,South,2.0,24000.0,No,3,3,0,22,180,No
371,44,Male,Customer Support,Mid,Office,North,4.0,77800.0,No,3,4,1,8,128,No
372,41,Female,IT,Mid,Hybrid,Central,12.0,69100.0,No,4,4,1,13,147,No
373,42,Male,Finance,Entry,Hybrid,East,10.0,24000.0,Yes,4,4,0,40,167,No
374,35,Male,Finance,Mid,Hybrid,West,3.0,79400.0,No,3,4,0,32,163,No
375,28,Female,IT,Mid,Hybrid,West,9.0,71100.0,Yes,4,2,0,16,173,No
376,25,Male,Sales,Mid,Hybrid,East,7.0,64800.0,Yes,3,4,1,47,174,No
377,23,Male,Engineering,Senior,Office,West,6.0,101500.0,Yes,2,3,0,24,145,No
378,54,Female,HR,Senior,Hybrid,West,12.0,90400.0,Yes,5,4,1,24,184,No
379,21,Male,Finance,Mid,Hybrid,West,6.0,57400.0,No,4,4,1,24,151,No
380,49,Male,Marketing,Mid,Hybrid,South,5.0,80100.0,No,2,3,0,43,174,No
381,31,Female,Operations,Mid,Remote,East,1.0,63900.0,No,4,2,0,19,210,No
382,49,Male,Engineering,Mid,Hybrid,Central,8.0,98700.0,No,5,2,3,43,150,No
383,21,Female,Customer Support,Entry,Hybrid,Central,2.0,24000.0,No,3,5,1,35,174,No
384,36,Male,HR,Mid,Office,East,2.0,53400.0,Yes,4,3,1,44,162,No
385,51,Female,Finance,Entry,Hybrid,North,5.0,43300.0,No,4,2,1,37,149,No
386,44,Male,Engineering,Mid,Hybrid,North,2.0,71000.0,No,4,2,0,32,174,No
387,35,Male,Marketing,Manager,Office,South,6.0,51800.0,No,5,4,1,36,155,No
388,21,Female,Engineering,Mid,Office,West,5.0,74900.0,No,4,4,0,29,188,No
389,26,Male,Sales,Mid,Hybrid,South,5.0,59300.0,No,3,5,0,20,185,Yes
390,51,Female,Customer Support,Mid,Hybrid,South,4.0,52000.0,No,3,3,1,36,207,No
391,35,Male,Operations,Mid,Remote,West,8.0,89100.0,No,3,4,2,27,187,No
392,37,Male,Sales,Mid,Office,South,6.0,57400.0,No,3,3,1,43,185,No
393,41,Female,Operations,Mid,Office,East,6.0,86300.0,No,2,4,1,43,129,No
394,26,Female,Marketing,Senior,Hybrid,West,2.0,98200.0,No,3,5,0,35,190,No
395,42,Male,Sales,Entry,Hybrid,West,4.0,29100.0,No,3,4,0,40,187,No
396,34,Male,HR,Mid,Hybrid,East,2.0,67300.0,Yes,4,5,1,34,156,No
397,41,Male,Customer Support,Mid,Hybrid,Central,4.0,92300.0,No,4,4,1,34,209,No
398,33,Female,IT,Senior,Hybrid,Central,3.0,87300.0,No,4,2,1,20,191,No
399,24,Female,HR,Manager,Hybrid,North,4.0,43500.0,No,5,3,2,31,176,Yes
400,34,Male,HR,Senior,Office,West,4.0,99600.0,No,5,4,0,33,187,No
401,44,Female,Finance,Mid,Remote,West,4.0,65500.0,No,3,3,1,32,181,No
402,42,Female,Engineering,Entry,Hybrid,South,8.0,24000.0,No,4,4,1,31,175,No
403,38,Male,Customer Support,Mid,Remote,South,7.0,71000.0,No,2,3,0,31,167,No
404,46,Female,Sales,Senior,Remote,East,2.0,99700.0,No,4,5,0,53,197,No
405,36,Male,Engineering,Manager,Remote,Central,4.0,66400.0,No,2,5,3,30,141,No
406,39,Male,Customer Support,Senior,Office,South,5.0,112300.0,No,3,3,2,37,175,No
407,34,Female,IT,Entry,Remote,Central,3.0,24000.0,No,4,3,0,28,202,No
408,47,Female,Customer Support,Senior,Hybrid,South,5.0,102900.0,No,3,5,0,32,174,No
409,41,Male,Sales,Senior,Remote,East,3.0,84700.0,Yes,2,4,1,18,187,Yes
410,33,Male,Engineering,Mid,Remote,South,5.0,63100.0,No,3,2,1,21,171,No
411,25,Male,Marketing,Mid,Hybrid,West,2.0,66700.0,Yes,3,4,1,22,150,No
412,48,Female,Operations,Mid,Hybrid,West,4.0,66100.0,No,4,4,0,11,190,No
413,31,Female,Sales,Mid,Office,Central,7.0,61900.0,No,4,4,0,30,201,No
414,39,Male,Customer Support,Mid,Office,Central,8.0,50600.0,No,3,3,0,18,160,No
415,59,Female,Sales,Entry,Remote,North,5.0,40600.0,No,4,3,0,15,182,No
416,45,Female,IT,Senior,Remote,South,16.0,101600.0,Yes,3,1,0,54,177,No
417,53,Male,Sales,Manager,Office,North,6.0,49400.0,No,3,3,0,42,163,No
418,33,Female,Customer Support,Senior,Office,West,8.0,84800.0,No,5,2,0,53,195,No
419,48,Female,IT,Mid,Office,South,10.0,82700.0,Yes,3,3,0,28,166,No
420,38,Female,Engineering,Entry,Hybrid,West,3.0,27000.0,Yes,4,4,2,25,150,No
421,41,Female,Operations,Mid,Remote,Central,7.0,66400.0,No,3,3,0,33,163,No
422,56,Male,Sales,Senior,Hybrid,East,5.0,78700.0,No,3,5,0,33,168,No
423,35,Female,Sales,Mid,Hybrid,East,7.0,76400.0,No,3,5,0,25,157,No
424,38,Female,Sales,Manager,Office,North,9.0,46500.0,No,3,4,1,20,160,No
425,30,Female,Operations,Mid,Office,East,2.0,73900.0,No,4,4,0,36,147,No
426,46,Male,Customer Support,Mid,Hybrid,South,15.0,73100.0,No,4,2,0,10,165,No
427,33,Female,IT,Senior,Hybrid,Central,5.0,99300.0,No,3,4,1,36,174,No
428,47,Male,Customer Support,Entry,Hybrid,West,4.0,29500.0,No,3,2,0,25,152,No
429,23,Male,Sales,Manager,Office,Central,0.5,46800.0,No,4,2,0,38,149,No
430,43,Female,Customer Support,Mid,Hybrid,Central,10.0,76500.0,No,2,2,2,42,150,No
431,32,Female,Engineering,Entry,Office,West,8.0,36100.0,No,1,3,1,36,168,No
432,45,Female,Customer Support,Entry,Remote,South,4.0,41500.0,No,3,3,1,15,160,No
433,38,Male,Marketing,Senior,Hybrid,South,1.0,83500.0,No,4,3,2,11,137,No
434,33,Male,Customer Support,Mid,Remote,South,5.0,81600.0,No,3,3,1,10,145,No
435,35,Male,Sales,Senior,Remote,Central,1.0,79300.0,Yes,3,4,0,23,169,No
436,30,Male,IT,Senior,Hybrid,East,9.0,102700.0,No,3,3,2,11,163,No
437,46,Male,Sales,Mid,Hybrid,South,4.0,66200.0,No,3,4,1,28,169,No
438,29,Female,Operations,Senior,Office,South,2.0,101100.0,No,2,3,0,18,202,No
439,36,Male,Marketing,Manager,Hybrid,West,6.0,63000.0,No,3,2,0,21,176,No
440,41,Female,Operations,Entry,Hybrid,West,6.0,29600.0,Yes,4,3,0,28,133,No
441,53,Male,Customer Support,Senior,Hybrid,West,7.0,93600.0,Yes,3,4,0,33,158,No
442,38,Female,IT,Mid,Hybrid,North,2.0,71100.0,No,2,4,0,19,177,No
443,36,Female,Marketing,Mid,Remote,South,9.0,67800.0,No,5,3,1,23,157,No
444,40,Male,IT,Mid,Remote,Central,4.0,82100.0,No,3,3,0,32,150,No
445,21,Male,IT,Senior,Hybrid,West,1.0,93000.0,No,4,3,0,27,188,No
446,27,Female,Marketing,Entry,Remote,South,4.0,24000.0,No,4,4,0,26,162,No
447,35,Male,Engineering,Mid,Hybrid,South,4.0,80000.0,Yes,4,4,0,36,153,No
448,32,Male,Operations,Mid,Hybrid,Central,4.0,79500.0,No,3,2,3,17,153,No
449,24,Female,Sales,Entry,Remote,South,6.0,28400.0,No,2,4,0,38,204,No
450,46,Female,Operations,Senior,Hybrid,East,13.0,86900.0,No,4,5,2,55,147,No
451,40,Male,Sales,Manager,Hybrid,Central,4.0,39600.0,Yes,2,4,1,31,166,No
452,39,Female,Customer Support,Entry,Hybrid,West,5.0,24000.0,Yes,4,3,0,23,167,Yes
453,32,Female,Marketing,Entry,Office,West,3.0,29800.0,No,4,4,0,11,184,No
454,39,Male,IT,Manager,Office,South,4.0,33400.0,No,2,4,1,22,154,No
455,43,Male,Sales,Entry,Office,West,7.0,31800.0,No,2,3,0,32,153,No
456,36,Female,IT,Entry,Hybrid,West,7.0,28700.0,No,3,4,0,27,186,No
457,42,Male,Engineering,Manager,Hybrid,South,11.0,61600.0,No,4,3,2,27,220,Yes
458,31,Female,HR,Senior,Hybrid,South,1.0,100300.0,No,3,4,1,27,159,No
459,39,Female,Customer Support,Mid,Hybrid,East,8.0,65500.0,Yes,3,4,0,22,158,No
460,48,Female,Operations,Mid,Hybrid,Central,7.0,56800.0,No,3,3,0,27,220,No
461,49,Female,Operations,Senior,Hybrid,South,1.0,86600.0,No,4,3,1,18,163,No
462,50,Female,Sales,Mid,Remote,Central,11.0,84400.0,Yes,3,4,0,29,164,No
463,41,Male,Engineering,Mid,Office,West,1.0,74600.0,Yes,3,5,1,30,175,No
464,38,Male,Finance,Senior,Office,North,7.0,99400.0,Yes,2,2,0,45,179,No
465,34,Male,Operations,Mid,Office,East,1.0,66300.0,Yes,2,4,1,19,176,No
466,22,Female,Marketing,Mid,Office,North,2.0,76400.0,No,4,4,1,37,190,No
467,26,Male,Operations,Mid,Hybrid,West,7.0,58300.0,No,3,3,3,38,143,No
468,36,Male,Engineering,Mid,Hybrid,North,7.0,80400.0,No,3,3,1,25,166,No
469,37,Female,Sales,Mid,Hybrid,North,4.0,61600.0,Yes,2,4,0,20,193,No
470,51,Female,Operations,Mid,Office,East,11.0,54200.0,No,3,4,0,44,125,Yes
471,50,Female,HR,Mid,Office,West,7.0,92400.0,No,3,3,2,12,145,No
472,32,Female,HR,Senior,Office,East,9.0,95200.0,No,2,4,0,18,185,No
473,45,Female,Sales,Mid,Hybrid,Central,4.0,73000.0,No,3,5,0,15,173,No
474,34,Male,Sales,Entry,Hybrid,Central,2.0,24000.0,No,4,4,1,20,158,No
475,44,Male,IT,Mid,Hybrid,Central,2.0,77600.0,No,2,2,0,25,177,No
476,45,Female,Finance,Entry,Office,East,4.0,36000.0,No,3,4,0,46,180,No
477,49,Female,HR,Senior,Hybrid,East,2.0,92200.0,No,4,3,0,23,153,No
478,34,Male,Operations,Mid,Hybrid,East,2.0,80000.0,Yes,3,4,0,53,169,No
479,47,Female,Operations,Mid,Hybrid,West,1.0,82500.0,No,2,3,2,39,147,No
480,21,Female,HR,Senior,Remote,South,4.0,98700.0,No,4,4,1,22,194,No
481,50,Female,HR,Entry,Remote,East,1.0,24000.0,No,3,3,0,22,140,No
482,38,Male,IT,Entry,Remote,West,4.0,24000.0,Yes,3,3,0,30,168,No
483,38,Female,Operations,Senior,Remote,South,1.0,109200.0,Yes,4,4,1,29,187,No
484,21,Male,Finance,Mid,Hybrid,Central,3.0,72700.0,No,3,4,0,14,211,No
485,35,Male,Sales,Senior,Hybrid,South,7.0,94800.0,No,3,4,0,19,167,No
486,50,Female,HR,Senior,Office,East,2.0,86500.0,Yes,2,3,0,9,226,No
487,34,Male,HR,Manager,Hybrid,East,6.0,44300.0,No,3,2,1,49,148,No
488,44,Female,IT,Entry,Hybrid,East,5.0,38700.0,No,5,4,2,30,183,No
489,38,Male,Operations,Senior,Hybrid,East,3.0,107500.0,Yes,2,5,0,24,157,No
490,48,Female,Operations,Senior,Remote,North,1.0,101200.0,Yes,3,3,0,20,204,No
491,40,Female,Marketing,Entry,Office,North,8.0,33000.0,Yes,5,4,0,21,169,No
492,30,Male,Operations,Manager,Hybrid,West,3.0,55600.0,No,4,3,0,10,150,No
493,39,Male,Operations,Mid,Office,North,12.0,71400.0,No,4,5,0,30,196,No
494,52,Female,Finance,Senior,Remote,North,8.0,83200.0,Yes,3,3,1,37,162,No
495,42,Male,Customer Support,Mid,Hybrid,South,7.0,59200.0,No,3,3,2,47,145,No
496,37,Male,Operations,Mid,Hybrid,South,1.0,83800.0,No,3,2,0,38,165,Yes
497,58,Male,HR,Entry,Office,South,7.0,27700.0,No,4,5,0,37,191,No
498,48,Male,Operations,Senior,Hybrid,South,10.0,98300.0,No,5,3,1,42,168,No
499,45,Female,Finance,Mid,Hybrid,North,5.0,73900.0,No,4,5,0,26,163,No
500,41,Female,Operations,Entry,Hybrid,North,6.0,30400.0,No,3,3,0,12,171,No
501,45,Male,Marketing,Entry,Hybrid,West,7.0,31100.0,Yes,3,3,0,37,123,No
502,45,Female,Customer Support,Senior,Office,North,10.0,100300.0,Yes,4,3,1,19,228,No
503,21,Male,Engineering,Entry,Hybrid,Central,6.0,24000.0,No,4,3,1,27,170,No
504,42,Female,Operations,Mid,Remote,North,7.0,82600.0,No,3,3,1,16,190,No
505,37,Female,Operations,Mid,Remote,East,6.0,65400.0,Yes,2,3,1,42,201,No
506,34,Female,Customer Support,Entry,Hybrid,Central,13.0,30200.0,Yes,4,3,0,38,149,No
507,36,Male,Finance,Mid,Hybrid,South,5.0,61400.0,No,3,2,0,11,145,No
508,24,Male,Customer Support,Entry,Hybrid,West,7.0,26500.0,No,4,4,0,29,203,No
509,22,Male,Operations,Manager,Hybrid,North,11.0,44100.0,Yes,3,2,0,40,155,No
510,49,Male,Sales,Senior,Hybrid,East,3.0,94200.0,No,3,3,1,26,163,No
511,42,Female,Sales,Mid,Office,North,14.0,78600.0,Yes,4,2,0,28,156,No
512,21,Male,Customer Support,Mid,Hybrid,Central,3.0,72700.0,Yes,2,4,1,40,120,No
513,33,Female,Sales,Mid,Remote,South,2.0,89600.0,Yes,2,4,0,25,166,No
514,46,Male,IT,Manager,Hybrid,West,7.0,57200.0,No,5,4,0,27,169,No
515,35,Male,Finance,Mid,Office,West,3.0,69900.0,No,4,3,0,37,192,Yes
516,49,Male,IT,Mid,Office,East,12.0,71200.0,No,4,3,0,16,162,No
517,47,Female,Finance,Manager,Office,West,17.0,53400.0,Yes,2,3,0,20,159,No
518,26,Female,Marketing,Entry,Hybrid,South,2.0,34300.0,No,4,3,1,7,182,No
519,37,Male,Sales,Mid,Remote,East,2.0,60900.0,No,3,4,1,52,189,No
520,34,Male,Customer Support,Entry,Hybrid,Central,2.0,33700.0,No,3,4,1,29,147,No
521,25,Male,Customer Support,Mid,Hybrid,West,1.0,61100.0,Yes,3,2,0,41,131,No
522,25,Male,Finance,Mid,Hybrid,West,3.0,76900.0,Yes,2,4,2,14,215,No
523,31,Female,IT,Manager,Remote,North,9.0,59900.0,No,2,4,0,43,202,No
524,32,Female,Operations,Mid,Hybrid,North,7.0,74700.0,Yes,4,3,1,24,157,No
525,41,Male,Sales,Entry,Hybrid,South,4.0,24000.0,Yes,4,3,3,45,164,No
526,47,Female,Finance,Senior,Office,South,6.0,78000.0,No,4,4,0,26,170,No
527,43,Female,Engineering,Senior,Hybrid,East,2.0,99100.0,No,4,4,2,15,153,No
528,45,Male,Engineering,Mid,Remote,East,5.0,49900.0,No,4,3,0,41,159,No
529,36,Male,Customer Support,Senior,Office,East,6.0,99500.0,No,5,4,1,29,168,No
530,43,Female,Finance,Entry,Office,West,5.0,36900.0,Yes,4,4,2,14,142,No
531,37,Female,Marketing,Mid,Remote,North,3.0,82200.0,Yes,3,4,0,8,217,No
532,34,Female,Marketing,Entry,Hybrid,South,3.0,25800.0,No,4,3,0,33,137,No
533,55,Male,Finance,Entry,Hybrid,Central,7.0,31900.0,Yes,4,2,2,28,128,No
534,21,Male,Operations,Manager,Hybrid,East,7.0,51900.0,No,2,4,0,30,189,No
535,21,Female,Sales,Senior,Hybrid,West,1.0,80700.0,No,4,2,1,31,163,No
536,41,Female,IT,Entry,Remote,West,1.0,34700.0,No,4,3,0,26,179,No
537,36,Male,Operations,Entry,Office,West,16.0,40500.0,No,2,2,0,33,171,No
538,25,Female,IT,Manager,Hybrid,Central,6.0,56200.0,No,5,4,1,37,163,Yes
539,29,Male,IT,Entry,Hybrid,West,5.0,24000.0,Yes,3,3,0,26,169,No
540,30,Female,Customer Support,Entry,Hybrid,North,2.0,34700.0,Yes,3,4,1,34,179,No
541,46,Female,Engineering,Entry,Hybrid,North,4.0,39700.0,Yes,3,3,1,35,193,No
542,49,Male,Operations,Entry,Remote,West,3.0,38500.0,Yes,3,2,2,41,155,No
543,53,Male,Customer Support,Mid,Hybrid,East,9.0,81200.0,No,5,3,0,4,180,No
544,24,Male,Engineering,Manager,Office,East,9.0,35700.0,No,3,2,1,23,161,No
545,26,Male,Sales,Mid,Hybrid,East,6.0,75600.0,Yes,3,5,0,35,163,No
546,25,Female,HR,Mid,Remote,Central,5.0,77800.0,No,3,3,2,53,153,No
547,50,Female,Finance,Senior,Hybrid,Central,7.0,103300.0,Yes,3,4,1,42,165,No
548,42,Male,Sales,Mid,Hybrid,East,5.0,76600.0,No,4,3,0,42,146,No
549,39,Female,Marketing,Senior,Hybrid,North,7.0,108000.0,Yes,3,4,1,60,148,No
550,40,Male,HR,Mid,Office,East,11.0,55500.0,No,4,3,1,27,152,No
551,37,Male,HR,Mid,Office,Central,4.0,77000.0,Yes,2,5,0,53,125,No
552,28,Female,IT,Mid,Hybrid,North,2.0,76300.0,Yes,3,3,0,36,152,Yes
553,43,Male,IT,Senior,Hybrid,East,5.0,102100.0,No,2,1,0,16,161,Yes
554,36,Male,Engineering,Senior,Hybrid,Central,3.0,107900.0,No,3,4,1,7,178,No
555,27,Female,Sales,Senior,Hybrid,North,1.0,86000.0,No,2,3,0,25,143,Yes
556,43,Male,IT,Entry,Hybrid,South,2.0,41600.0,No,1,4,0,36,170,No
557,34,Female,IT,Mid,Remote,South,10.0,79300.0,Yes,3,3,2,25,178,No
558,40,Female,Operations,Senior,Remote,South,5.0,92300.0,No,2,3,1,29,165,No
559,37,Male,Operations,Mid,Hybrid,North,4.0,63800.0,Yes,5,3,2,51,174,No
560,46,Female,Operations,Senior,Hybrid,West,6.0,95800.0,Yes,3,4,0,29,175,No
561,40,Male,Sales,Mid,Hybrid,South,3.0,74600.0,No,4,3,0,52,163,No
562,30,Female,IT,Entry,Office,North,11.0,31100.0,No,4,3,2,37,157,No
563,41,Male,Customer Support,Senior,Hybrid,Central,16.0,88400.0,No,2,3,1,41,174,No
564,41,Female,Operations,Entry,Remote,West,3.0,33500.0,No,3,5,0,25,148,No
565,43,Male,Operations,Mid,Office,South,4.0,68400.0,No,4,5,0,27,125,No
566,47,Male,Marketing,Mid,Hybrid,North,6.0,82900.0,No,4,2,0,28,156,No
567,32,Female,Customer Support,Senior,Hybrid,Central,2.0,109400.0,No,4,4,1,27,159,No
568,44,Male,Sales,Mid,Office,West,1.0,64700.0,Yes,3,3,0,36,173,No
569,22,Female,Finance,Mid,Hybrid,South,10.0,72500.0,No,4,3,0,43,172,Yes
570,37,Female,Operations,Senior,Remote,West,4.0,102700.0,No,3,1,1,58,157,No
571,36,Male,Finance,Mid,Hybrid,West,3.0,74500.0,No,4,3,0,20,172,No
572,51,Male,Customer Support,Manager,Remote,North,6.0,37800.0,No,4,3,1,28,188,No
573,37,Female,Operations,Senior,Hybrid,West,2.0,101800.0,No,2,5,0,40,166,No
574,43,Female,Customer Support,Mid,Remote,West,3.0,66500.0,No,4,4,0,29,151,No
575,22,Male,Customer Support,Manager,Remote,West,2.0,51800.0,No,2,4,0,12,162,No
576,35,Female,Operations,Mid,Hybrid,East,1.0,63100.0,No,4,4,0,38,184,No
577,30,Male,Engineering,Entry,Hybrid,East,3.0,35200.0,Yes,2,4,0,18,141,Yes
578,60,Male,Operations,Entry,Hybrid,South,2.0,24200.0,No,4,4,0,30,183,No
579,32,Male,Customer Support,Mid,Hybrid,East,2.0,80100.0,Yes,4,5,0,49,159,No
580,39,Female,Finance,Entry,Office,South,5.0,26100.0,Yes,3,2,0,36,192,Yes
581,39,Female,Operations,Mid,Hybrid,South,8.0,67700.0,No,4,3,2,36,175,No
582,24,Male,Operations,Mid,Office,South,8.0,75700.0,No,4,3,0,46,182,No
583,33,Male,Sales,Mid,Hybrid,East,8.0,62300.0,No,5,3,0,27,188,No
584,42,Female,Finance,Entry,Remote,East,3.0,44200.0,Yes,2,3,1,32,191,No
585,39,Male,Engineering,Senior,Office,West,4.0,95700.0,No,3,5,0,26,187,No
586,21,Female,Operations,Mid,Hybrid,South,3.0,66900.0,No,2,4,0,37,151,No
587,33,Male,IT,Entry,Office,East,3.0,24400.0,No,3,4,1,12,185,No
588,47,Male,Finance,Mid,Hybrid,South,3.0,72200.0,No,2,3,0,17,143,No
589,43,Female,IT,Mid,Hybrid,West,2.0,81000.0,Yes,2,3,0,28,146,No
590,49,Female,Sales,Mid,Remote,North,6.0,63900.0,Yes,2,4,0,35,168,No
591,29,Female,Engineering,Mid,Office,North,9.0,68700.0,No,3,4,1,51,195,No
592,50,Male,HR,Entry,Hybrid,South,3.0,27600.0,Yes,4,4,1,17,168,No
593,38,Female,Finance,Senior,Hybrid,South,3.0,107900.0,No,4,5,0,27,154,No
594,52,Female,Operations,Mid,Office,East,1.0,81000.0,No,4,4,0,31,182,Yes
595,38,Female,Sales,Entry,Hybrid,North,7.0,42300.0,Yes,4,3,0,14,160,No
596,21,Male,IT,Senior,Hybrid,South,1.0,94300.0,No,2,3,0,19,179,No
597,46,Male,Marketing,Mid,Office,West,5.0,84900.0,No,3,4,0,6,172,No
598,34,Male,Operations,Mid,Hybrid,East,2.0,83400.0,No,4,4,1,35,151,No
599,35,Male,Engineering,Mid,Office,North,4.0,78300.0,No,4,4,0,18,193,Yes
600,25,Female,Operations,Mid,Hybrid,South,5.0,79000.0,Yes,5,4,0,43,137,No
601,53,Female,HR,Mid,Office,East,5.0,66600.0,No,3,3,2,33,152,No
602,33,Female,Customer Support,Entry,Hybrid,South,9.0,44500.0,Yes,4,5,0,26,183,No
603,52,Male,Engineering,Mid,Office,South,1.0,69800.0,No,3,5,1,19,227,No
604,34,Female,Marketing,Manager,Hybrid,South,8.0,55000.0,Yes,4,3,0,33,135,No
605,30,Male,Engineering,Mid,Office,North,5.0,78100.0,No,4,4,1,25,167,No
606,50,Male,Customer Support,Mid,Hybrid,South,9.0,59700.0,Yes,3,4,1,34,123,No
607,37,Female,Customer Support,Entry,Remote,North,5.0,27500.0,Yes,3,3,0,42,167,No
608,37,Female,Sales,Senior,Office,West,1.0,95800.0,Yes,4,3,0,19,157,No
609,26,Male,Marketing,Entry,Hybrid,South,4.0,27000.0,No,4,4,0,23,171,No
610,34,Male,HR,Entry,Hybrid,Central,7.0,27600.0,Yes,3,2,0,43,198,No
611,42,Male,Operations,Entry,Hybrid,North,8.0,41400.0,No,1,3,1,45,187,No
612,26,Male,Operations,Senior,Hybrid,Central,4.0,86600.0,No,3,5,3,16,163,No
613,33,Female,Engineering,Mid,Hybrid,North,4.0,60600.0,No,4,4,0,18,184,No
614,34,Female,Engineering,Entry,Remote,West,5.0,24000.0,No,3,4,0,18,172,No
615,39,Female,IT,Entry,Remote,East,9.0,34700.0,Yes,4,3,0,31,149,No
616,51,Female,Marketing,Mid,Remote,West,3.0,79600.0,Yes,3,2,0,11,169,No
617,35,Female,Marketing,Mid,Office,South,6.0,77500.0,No,3,4,1,28,180,No
618,32,Female,Finance,Mid,Remote,North,13.0,80200.0,No,4,4,0,28,230,No
619,62,Male,Sales,Entry,Hybrid,East,18.0,30300.0,No,3,4,1,21,197,No
620,34,Female,Sales,Senior,Remote,South,9.0,89300.0,Yes,4,3,0,29,185,No
621,36,Male,Customer Support,Manager,Unknown,South,4.0,41500.0,No,5,3,1,29,135,No
622,35,Female,Operations,Mid,Office,South,2.0,60600.0,No,2,4,1,24,174,No
623,36,Male,Engineering,Entry,Hybrid,Central,6.0,26000.0,No,3,2,2,48,199,No
624,39,Female,HR,Mid,Office,North,12.0,79100.0,No,5,4,1,23,182,Yes
625,46,Female,Engineering,Mid,Hybrid,West,4.0,74100.0,No,4,3,1,29,194,No
626,42,Male,HR,Entry,Office,North,9.0,28200.0,No,2,4,1,21,181,No
627,48,Female,Customer Support,Mid,Hybrid,West,9.0,62500.0,No,4,5,0,40,191,No
628,47,Male,Sales,Senior,Hybrid,South,5.0,117200.0,No,1,3,0,14,136,No
629,40,Male,Operations,Mid,Remote,North,8.0,64600.0,No,4,4,2,30,204,No
630,41,Male,Customer Support,Senior,Hybrid,South,2.0,95100.0,Yes,3,4,2,17,187,No
631,48,Male,Engineering,Mid,Remote,East,4.0,81000.0,Yes,4,2,2,7,194,No
632,28,Female,Customer Support,Mid,Remote,West,6.0,72400.0,No,4,4,1,20,174,No
633,60,Male,Sales,Entry,Remote,West,5.0,24000.0,No,4,2,0,20,182,No
634,33,Female,Finance,Mid,Hybrid,South,2.0,79300.0,No,4,4,1,34,186,No
635,35,Female,Sales,Entry,Hybrid,West,8.0,24000.0,No,3,3,1,18,167,No
636,27,Male,Sales,Mid,Hybrid,South,6.0,87700.0,No,3,3,0,4,155,No
637,27,Female,Marketing,Entry,Office,West,5.0,30500.0,No,4,3,0,4,149,No
638,47,Female,Marketing,Mid,Hybrid,East,10.0,69700.0,No,3,2,1,30,168,No
639,58,Male,Customer Support,Mid,Office,Central,8.0,59300.0,No,3,3,1,34,154,No
640,33,Female,Customer Support,Entry,Hybrid,West,0.5,24000.0,No,3,3,0,30,156,No
641,41,Male,Marketing,Mid,Hybrid,West,5.0,71500.0,Yes,3,2,2,23,200,No
642,40,Female,Customer Support,Manager,Hybrid,South,5.0,67000.0,No,3,3,0,32,203,No
643,47,Female,Sales,Entry,Remote,South,4.0,30100.0,No,4,4,0,6,164,No
644,58,Male,IT,Mid,Hybrid,North,1.0,75100.0,No,3,4,0,4,197,No
645,52,Male,Operations,Mid,Hybrid,South,3.0,75500.0,Yes,5,3,0,11,167,No
646,36,Female,Customer Support,Mid,Office,South,0.5,93300.0,No,4,3,0,26,163,No
647,43,Female,Sales,Mid,Hybrid,West,16.0,68000.0,No,2,3,1,37,178,No
648,44,Female,Operations,Entry,Hybrid,North,5.0,42100.0,No,4,3,0,16,156,No
649,38,Male,Marketing,Mid,Office,North,7.0,68400.0,No,3,3,0,17,164,No
650,28,Male,Sales,Mid,Hybrid,South,2.0,65700.0,No,3,4,0,36,198,No
651,31,Male,HR,Mid,Office,East,1.0,71300.0,No,3,3,2,23,178,Yes
652,48,Male,Customer Support,Manager,Office,South,3.0,49200.0,No,4,3,1,30,179,No
653,49,Female,Marketing,Manager,Hybrid,North,3.0,55100.0,No,4,3,2,29,166,No
654,36,Male,IT,Entry,Office,East,6.0,24000.0,No,4,4,2,13,165,No
655,40,Female,Customer Support,Mid,Hybrid,West,4.0,73300.0,No,5,4,0,50,173,No
656,49,Male,Finance,Entry,Office,East,18.0,24000.0,No,3,5,0,17,187,No
657,23,Male,Customer Support,Entry,Office,North,9.0,24000.0,No,5,5,2,51,178,No
658,34,Female,IT,Mid,Office,North,12.0,60300.0,No,5,3,1,35,183,No
659,56,Male,Operations,Mid,Office,Central,5.0,68700.0,No,4,3,2,31,135,No
660,41,Female,Finance,Mid,Remote,Central,5.0,67400.0,No,4,4,0,10,151,No
661,28,Male,IT,Entry,Hybrid,North,11.0,24200.0,Yes,4,3,0,32,159,No
662,39,Male,Customer Support,Entry,Office,West,3.0,24000.0,No,3,4,0,27,180,No
663,47,Male,IT,Manager,Remote,East,6.0,50900.0,No,3,3,0,25,178,No
664,21,Male,Sales,Manager,Hybrid,West,4.0,42900.0,Yes,3,4,1,12,184,No
665,40,Female,Finance,Entry,Hybrid,South,7.0,24000.0,No,4,4,3,39,164,No
666,35,Male,Marketing,Mid,Office,North,2.0,67100.0,No,3,3,1,39,173,No
667,23,Female,Customer Support,Mid,Hybrid,West,3.0,65000.0,No,3,2,0,7,206,No
668,39,Male,Engineering,Mid,Hybrid,East,6.0,72400.0,No,2,4,1,21,172,No
669,37,Male,IT,Mid,Hybrid,South,6.0,66900.0,No,3,3,1,25,134,No
670,38,Female,HR,Senior,Remote,South,8.0,81000.0,Yes,3,3,0,32,181,Yes
671,35,Male,Sales,Entry,Remote,North,2.0,24000.0,No,3,3,1,30,195,No
672,29,Male,Operations,Mid,Hybrid,Central,5.0,56500.0,Yes,3,4,0,27,194,No
673,25,Female,Engineering,Manager,Office,East,1.0,60200.0,No,3,3,0,34,164,No
674,32,Male,Marketing,Entry,Hybrid,East,4.0,39700.0,Yes,4,3,0,50,166,Yes
675,46,Male,Operations,Entry,Office,West,5.0,40800.0,No,5,4,3,24,186,No
676,40,Female,Finance,Senior,Hybrid,North,4.0,88700.0,Yes,5,4,0,40,174,Yes
677,37,Male,Engineering,Senior,Hybrid,North,13.0,105700.0,Yes,2,3,1,49,182,No
678,29,Male,Operations,Mid,Office,Central,5.0,75700.0,No,3,3,0,46,160,No
679,35,Male,Sales,Senior,Hybrid,East,7.0,86600.0,No,2,3,0,36,178,No
680,45,Female,Finance,Mid,Office,Central,6.0,66300.0,No,4,4,2,36,160,No
681,43,Male,Sales,Entry,Remote,East,5.0,26500.0,No,4,4,0,33,167,No
682,34,Female,IT,Mid,Office,South,7.0,72900.0,Yes,4,3,1,48,149,No
683,21,Male,Sales,Senior,Hybrid,North,5.0,97300.0,Yes,2,3,2,23,155,Yes
684,32,Female,HR,Senior,Office,East,5.0,94000.0,Yes,3,4,0,24,142,No
685,34,Male,Operations,Entry,Hybrid,South,4.0,24900.0,Yes,4,4,0,20,140,No
686,30,Female,Finance,Entry,Hybrid,North,3.0,40200.0,Yes,4,3,1,57,152,No
687,34,Male,HR,Senior,Office,North,3.0,93000.0,No,3,3,0,46,179,No
688,45,Male,Engineering,Entry,Hybrid,West,5.0,26500.0,No,2,4,0,21,176,No
689,38,Male,Marketing,Entry,Office,North,5.0,26000.0,No,3,4,1,14,188,No
690,47,Male,Operations,Senior,Office,North,11.0,93000.0,No,3,4,1,26,162,Yes
691,24,Female,IT,Mid,Office,East,1.0,59700.0,Yes,2,3,0,29,141,Yes
692,35,Male,Customer Support,Mid,Remote,South,14.0,63000.0,No,3,5,0,31,178,Yes
693,21,Female,IT,Entry,Office,West,2.0,50000.0,Yes,3,3,1,10,171,No
694,34,Male,Finance,Entry,Office,East,5.0,24000.0,No,3,5,1,19,168,No
695,29,Male,Engineering,Senior,Office,North,6.0,96400.0,No,3,4,1,43,149,No
696,50,Female,Operations,Mid,Hybrid,East,2.0,75100.0,No,4,3,2,35,164,No
697,42,Male,Marketing,Entry,Remote,West,2.0,37100.0,No,3,4,0,20,184,No
698,47,Female,Operations,Mid,Office,West,4.0,75300.0,No,5,3,1,40,147,No
699,34,Female,Operations,Entry,Hybrid,West,7.0,45000.0,Yes,4,3,0,40,134,No
700,29,Male,IT,Entry,Office,Central,8.0,30200.0,No,4,4,0,55,174,No
701,29,Male,IT,Entry,Office,East,2.0,40100.0,No,2,3,1,25,155,Yes
702,40,Male,Finance,Mid,Hybrid,South,4.0,81400.0,No,4,2,0,20,186,No
703,54,Female,IT,Entry,Remote,North,1.0,41900.0,No,3,3,0,26,164,Yes
704,42,Male,Customer Support,Mid,Remote,South,2.0,72200.0,No,4,4,0,39,150,No
705,35,Male,IT,Mid,Hybrid,South,10.0,75600.0,No,4,4,0,13,174,No
706,36,Female,Operations,Mid,Hybrid,North,6.0,68700.0,No,5,4,0,28,170,No
707,38,Female,Customer Support,Entry,Hybrid,West,2.0,29400.0,No,3,2,0,28,170,No
708,56,Female,Customer Support,Entry,Hybrid,South,9.0,29900.0,No,3,3,0,44,149,No
709,49,Male,HR,Entry,Hybrid,South,3.0,24000.0,Yes,4,2,0,22,195,No
710,40,Female,HR,Mid,Hybrid,North,4.0,70700.0,No,3,2,0,26,159,No
711,39,Female,Engineering,Senior,Office,North,1.0,102000.0,No,3,3,0,34,200,No
712,41,Male,Marketing,Entry,Remote,East,2.0,24000.0,Yes,4,4,1,21,137,No
713,42,Female,Customer Support,Senior,Hybrid,North,5.0,85100.0,No,3,4,2,18,188,No
714,34,Female,Engineering,Senior,Hybrid,Central,5.0,104400.0,No,4,4,1,50,181,No
715,30,Male,Customer Support,Entry,Hybrid,South,3.0,40100.0,Yes,2,3,0,35,165,No
716,47,Female,IT,Entry,Remote,West,4.0,24000.0,No,3,4,1,43,138,No
717,38,Female,Operations,Entry,Office,West,7.0,29600.0,Yes,4,3,0,37,172,Yes
718,47,Male,Sales,Entry,Hybrid,North,4.0,27300.0,No,4,4,0,27,134,No
719,53,Female,Operations,Mid,Hybrid,East,6.0,82600.0,No,4,3,2,21,162,No
720,43,Female,Engineering,Entry,Office,East,3.0,24000.0,No,3,3,0,21,187,No
721,41,Male,Operations,Senior,Remote,West,4.0,90600.0,Yes,4,3,2,19,167,No
722,62,Male,HR,Mid,Hybrid,East,1.0,84100.0,No,3,2,0,19,167,No
723,40,Male,Sales,Senior,Hybrid,South,3.0,85000.0,No,4,4,1,19,198,No
724,28,Female,Engineering,Senior,Office,East,5.0,89500.0,No,2,4,0,37,173,No
725,35,Female,Sales,Mid,Hybrid,West,4.0,73200.0,No,1,4,1,16,205,No
726,52,Female,Sales,Manager,Hybrid,North,3.0,63700.0,No,5,3,1,45,164,Yes
727,26,Female,IT,Manager,Hybrid,South,2.0,39300.0,No,3,4,0,37,191,No
728,31,Female,Sales,Mid,Hybrid,East,5.0,65600.0,No,2,2,0,36,168,No
729,48,Male,HR,Entry,Office,East,4.0,33300.0,No,3,4,1,31,178,No
730,36,Male,Operations,Mid,Hybrid,Central,6.0,78700.0,No,3,4,1,33,154,No
731,37,Male,Finance,Entry,Hybrid,Central,3.0,29900.0,Yes,4,3,1,23,176,No
732,48,Male,Sales,Mid,Hybrid,South,7.0,70900.0,Yes,4,4,2,18,177,No
733,32,Female,Sales,Mid,Remote,West,2.0,73200.0,No,3,5,0,23,173,No
734,25,Female,Finance,Mid,Hybrid,North,1.0,58400.0,No,4,3,2,12,136,No
735,26,Male,Sales,Senior,Remote,East,10.0,94900.0,No,2,5,0,33,191,No
736,43,Female,Marketing,Entry,Hybrid,North,2.0,41300.0,No,1,2,2,16,177,No
737,40,Female,IT,Mid,Remote,North,5.0,60100.0,No,4,3,0,36,180,No
738,32,Female,Finance,Mid,Hybrid,Central,4.0,64900.0,No,3,1,1,36,201,No
739,28,Male,Finance,Senior,Hybrid,Central,10.0,90400.0,No,2,4,3,31,169,No
740,36,Male,HR,Mid,Hybrid,Central,7.0,69000.0,Yes,4,2,2,22,184,No
741,48,Female,Sales,Entry,Remote,Central,1.0,44600.0,Yes,2,2,0,18,186,No
742,30,Female,Sales,Mid,Hybrid,North,12.0,63600.0,No,3,4,1,19,165,No
743,32,Male,Customer Support,Entry,Office,North,8.0,24000.0,Yes,4,4,0,17,171,No
744,27,Male,Sales,Senior,Hybrid,North,3.0,100900.0,No,4,3,0,28,155,No
745,35,Male,Operations,Mid,Hybrid,East,2.0,66200.0,No,4,4,1,27,122,No
746,41,Female,Operations,Mid,Hybrid,Central,5.0,79100.0,No,3,5,0,51,156,No
747,57,Female,Finance,Mid,Office,Central,5.0,70200.0,No,4,3,1,50,143,No
748,40,Female,HR,Senior,Office,West,1.0,98100.0,No,4,3,1,46,141,No
749,38,Male,Customer Support,Senior,Office,Central,5.0,79900.0,No,3,4,1,26,157,No
750,46,Male,Customer Support,Mid,Hybrid,Central,8.0,76100.0,No,2,4,0,11,218,No
751,44,Female,IT,Senior,Hybrid,West,5.0,96000.0,No,4,5,0,30,148,No
752,33,Male,Finance,Mid,Remote,Central,4.0,69700.0,No,5,2,0,25,181,Yes
753,59,Female,IT,Senior,Remote,Central,4.0,82900.0,No,5,2,1,28,133,No
754,38,Female,HR,Senior,Office,South,2.0,96000.0,Yes,1,2,2,33,177,No
755,40,Male,Marketing,Entry,Office,North,9.0,34500.0,Yes,5,4,0,36,184,No
756,43,Male,IT,Entry,Hybrid,South,3.0,24000.0,No,3,4,0,7,149,No
757,41,Female,Finance,Entry,Hybrid,Central,5.0,24000.0,Yes,5,4,1,44,158,No
758,52,Female,Engineering,Entry,Hybrid,South,1.0,35100.0,No,2,4,0,39,152,No
759,33,Male,Sales,Mid,Hybrid,North,4.0,87400.0,No,2,5,0,21,181,No
760,45,Male,HR,Entry,Remote,West,6.0,36500.0,No,3,3,0,39,177,No
761,39,Female,Marketing,Mid,Hybrid,North,3.0,74100.0,No,3,2,1,25,187,No
762,47,Female,IT,Entry,Hybrid,Central,3.0,25800.0,No,3,2,0,28,168,No
763,36,Male,Sales,Entry,Remote,South,4.0,27800.0,No,4,2,1,26,140,No
764,35,Female,Sales,Mid,Remote,Central,6.0,60100.0,Yes,5,2,1,19,149,Yes
765,45,Female,Engineering,Mid,Office,East,5.0,70600.0,No,3,2,0,13,144,No
766,41,Female,Sales,Mid,Hybrid,East,15.0,82100.0,Yes,5,3,1,61,154,No
767,31,Male,IT,Senior,Office,East,10.0,94400.0,No,2,4,0,36,159,No
768,50,Male,Sales,Manager,Hybrid,South,3.0,44400.0,No,3,4,2,30,161,No
769,45,Male,Sales,Mid,Hybrid,North,9.0,65500.0,No,5,5,2,50,168,No
770,37,Female,Operations,Entry,Office,West,1.0,27700.0,No,4,3,1,8,133,No
771,34,Male,IT,Entry,Office,West,4.0,24000.0,Yes,3,4,0,25,187,No
772,41,Male,Operations,Manager,Office,South,1.0,41800.0,No,4,5,2,21,176,No
773,44,Male,Operations,Mid,Office,South,7.0,85800.0,No,4,3,0,22,163,No
774,24,Female,Customer Support,Senior,Hybrid,West,3.0,84700.0,No,4,3,0,28,160,No
775,41,Female,Sales,Mid,Hybrid,Central,2.0,64800.0,Yes,5,5,2,23,160,No
776,44,Female,Customer Support,Entry,Office,South,8.0,30600.0,No,3,3,1,7,163,No
777,21,Male,Operations,Mid,Hybrid,West,2.0,68000.0,No,3,5,0,16,180,No
778,40,Female,IT,Senior,Office,West,7.0,94800.0,No,3,2,0,17,168,No
779,44,Male,Customer Support,Senior,Remote,North,5.0,101800.0,No,3,5,1,23,176,No
780,43,Female,Customer Support,Entry,Remote,South,4.0,24000.0,No,3,5,0,17,172,No
781,45,Male,IT,Mid,Hybrid,Central,8.0,78800.0,No,2,3,0,26,159,No
782,35,Female,Engineering,Entry,Hybrid,South,2.0,24000.0,No,4,3,0,26,139,No
783,29,Female,HR,Manager,Hybrid,South,1.0,47400.0,Yes,4,3,1,4,198,No
784,22,Male,Operations,Entry,Hybrid,East,2.0,45300.0,Yes,2,3,2,15,183,No
785,48,Male,Engineering,Senior,Office,South,15.0,81400.0,Yes,3,2,0,31,197,Yes
786,44,Female,Finance,Entry,Hybrid,West,2.0,33300.0,No,3,2,1,27,161,No
787,49,Female,Customer Support,Mid,Remote,Central,3.0,82200.0,No,3,2,0,7,178,No
788,31,Female,Finance,Mid,Office,West,11.0,65800.0,No,3,4,1,38,159,No
789,45,Male,Customer Support,Mid,Hybrid,West,3.0,66000.0,No,4,2,1,35,184,Yes
790,24,Female,Operations,Senior,Remote,South,7.0,90700.0,Yes,4,5,1,56,202,No
791,30,Female,IT,Senior,Hybrid,East,12.0,87800.0,No,3,4,1,49,201,No
792,39,Male,HR,Senior,Hybrid,West,6.0,94600.0,No,4,5,0,18,172,No
793,44,Female,Finance,Mid,Hybrid,East,4.0,80000.0,No,5,4,0,26,186,No
794,53,Female,Sales,Senior,Hybrid,North,8.0,90700.0,No,4,5,1,28,181,No
795,36,Male,Sales,Mid,Hybrid,East,1.0,80400.0,No,4,2,0,43,174,No
796,30,Female,Finance,Mid,Hybrid,North,3.0,84600.0,No,3,5,3,25,180,No
797,30,Female,Sales,Mid,Office,South,10.0,75900.0,Yes,2,5,0,44,156,No
798,32,Male,IT,Mid,Hybrid,Central,2.0,76700.0,No,3,3,0,31,140,No
799,58,Female,Marketing,Entry,Office,South,0.5,24000.0,No,2,3,0,18,180,No
800,45,Female,Marketing,Mid,Hybrid,Central,5.0,48400.0,Yes,4,3,0,14,149,No
801,48,Male,Marketing,Entry,Remote,East,7.0,33300.0,No,3,4,1,40,154,No
802,36,Male,Finance,Mid,Remote,South,4.0,79200.0,Yes,3,4,1,40,162,No
803,38,Male,Customer Support,Entry,Hybrid,East,7.0,30200.0,No,3,2,0,41,201,No
804,44,Female,Operations,Entry,Office,East,5.0,36200.0,No,2,4,1,4,170,No
805,33,Female,Sales,Senior,Hybrid,West,18.0,89100.0,Yes,4,4,1,26,153,No
806,35,Male,Sales,Mid,Hybrid,South,8.0,76700.0,No,4,3,1,43,146,No
807,32,Female,Marketing,Entry,Remote,North,5.0,41200.0,No,4,3,0,11,167,No
808,34,Female,IT,Senior,Office,East,1.0,100000.0,Yes,2,4,1,35,167,No
809,38,Female,Operations,Senior,Hybrid,East,3.0,106100.0,No,5,3,0,21,148,No
810,31,Female,Engineering,Senior,Hybrid,North,2.0,106100.0,No,3,4,2,17,174,No
811,41,Female,Sales,Senior,Hybrid,North,11.0,83000.0,Yes,4,4,1,19,138,No
812,41,Male,Sales,Manager,Office,West,2.0,56500.0,No,1,5,2,47,149,No
813,36,Male,Engineering,Mid,Remote,South,3.0,66300.0,No,4,3,2,39,198,No
814,31,Female,Operations,Manager,Hybrid,West,6.0,40000.0,No,3,3,0,27,148,No
815,39,Male,Sales,Manager,Office,North,3.0,47400.0,No,3,4,0,54,168,No
816,33,Male,Customer Support,Mid,Office,West,3.0,87800.0,No,3,4,1,7,179,No
817,38,Male,Customer Support,Senior,Hybrid,Central,5.0,89100.0,No,3,5,0,20,207,No
818,48,Female,Operations,Senior,Office,North,2.0,78200.0,No,2,5,0,47,201,No
819,27,Male,Operations,Senior,Hybrid,North,5.0,81000.0,No,2,3,0,26,184,No
820,58,Male,IT,Senior,Remote,East,8.0,98300.0,No,3,3,3,26,149,No
821,37,Male,Sales,Mid,Office,North,3.0,65200.0,Yes,5,3,0,27,152,No
822,42,Female,Operations,Mid,Office,South,2.0,53600.0,No,4,3,0,23,161,No
823,31,Male,IT,Mid,Office,West,13.0,59400.0,Yes,4,1,0,39,220,No
824,48,Female,Marketing,Senior,Remote,West,13.0,95500.0,No,3,5,0,18,181,No
825,37,Female,Customer Support,Senior,Hybrid,Central,4.0,101000.0,Yes,5,3,1,60,170,No
826,34,Female,Sales,Senior,Remote,Central,5.0,90000.0,No,4,3,0,11,175,No
827,33,Male,Operations,Senior,Remote,South,5.0,99800.0,No,4,5,1,48,198,No
828,36,Female,IT,Manager,Hybrid,Central,3.0,58200.0,No,2,3,0,38,159,No
829,42,Male,Customer Support,Entry,Hybrid,South,4.0,24000.0,No,4,3,2,20,172,No
830,40,Male,IT,Manager,Hybrid,East,1.0,48900.0,Yes,2,4,2,31,166,Yes
831,38,Female,Operations,Entry,Office,South,1.0,24000.0,Yes,5,4,1,38,156,No
832,32,Female,Operations,Mid,Hybrid,East,3.0,76800.0,No,3,3,0,36,166,No
833,31,Female,Finance,Entry,Office,East,3.0,24000.0,No,3,4,0,5,178,No
834,34,Male,Marketing,Mid,Remote,South,2.0,61100.0,No,3,4,0,33,177,Yes
835,42,Female,Marketing,Mid,Remote,East,4.0,72500.0,No,3,4,2,11,199,No
836,44,Female,Operations,Entry,Hybrid,West,7.0,38000.0,No,4,3,3,41,158,No
837,45,Female,Marketing,Mid,Hybrid,East,2.0,76600.0,No,3,3,0,41,176,No
838,38,Female,Engineering,Senior,Office,West,0.5,103100.0,No,3,4,0,12,147,No
839,41,Female,HR,Entry,Hybrid,Central,5.0,36300.0,Yes,4,4,1,4,169,No
840,36,Female,Operations,Mid,Hybrid,South,3.0,72400.0,No,2,3,0,24,140,No
841,22,Male,Sales,Entry,Office,West,8.0,24000.0,No,4,3,0,25,180,No
842,36,Female,Customer Support,Entry,Hybrid,Central,1.0,24000.0,No,4,4,1,28,207,No
843,35,Female,Operations,Entry,Office,West,2.0,24000.0,No,3,4,1,33,192,No
844,29,Male,HR,Mid,Office,East,3.0,82700.0,No,4,4,0,26,163,No
845,33,Female,Sales,Senior,Hybrid,West,2.0,91000.0,No,4,3,0,29,190,No
846,39,Male,Customer Support,Mid,Remote,South,9.0,56700.0,No,1,3,0,18,141,No
847,28,Female,Finance,Senior,Remote,South,1.0,105100.0,Yes,5,4,0,16,180,No
848,32,Male,Marketing,Mid,Hybrid,East,3.0,72800.0,No,4,3,1,35,222,No
849,52,Female,Sales,Senior,Hybrid,North,15.0,102700.0,No,2,5,0,34,179,No
850,24,Male,Engineering,Manager,Hybrid,North,1.0,47600.0,Yes,3,5,0,24,166,Yes
851,36,Female,IT,Mid,Office,East,4.0,64900.0,No,5,3,0,15,164,No
852,28,Female,IT,Entry,Hybrid,South,3.0,32000.0,No,4,3,2,47,176,Yes
853,31,Male,Customer Support,Entry,Remote,North,6.0,32800.0,No,4,4,2,49,170,No
854,36,Female,Engineering,Mid,Office,Central,5.0,69500.0,No,4,4,1,42,161,No
855,29,Male,IT,Mid,Remote,Central,5.0,83800.0,No,4,4,0,36,168,No
856,43,Male,HR,Entry,Hybrid,South,8.0,36500.0,No,2,3,1,15,137,No
857,50,Female,Marketing,Senior,Office,West,8.0,99100.0,No,3,3,0,43,185,No
858,46,Female,Customer Support,Manager,Hybrid,West,3.0,40000.0,Yes,4,4,2,35,192,No
859,47,Female,Finance,Entry,Hybrid,South,3.0,24000.0,No,4,4,1,16,185,No
860,26,Female,Operations,Entry,Office,South,7.0,38800.0,No,4,3,0,36,164,Yes
861,36,Male,Marketing,Entry,Remote,West,5.0,24000.0,Yes,3,4,0,22,178,No
862,42,Female,Marketing,Mid,Remote,South,6.0,71200.0,No,4,5,1,38,179,No
863,46,Male,Customer Support,Senior,Remote,South,4.0,95300.0,Yes,3,4,0,42,165,No
864,54,Female,Operations,Mid,Hybrid,West,3.0,67600.0,No,5,4,0,34,194,No
865,48,Male,Sales,Entry,Hybrid,Central,7.0,27700.0,No,3,3,0,18,187,No
866,46,Female,Engineering,Mid,Hybrid,North,2.0,75800.0,No,3,4,2,35,191,No
867,62,Male,Customer Support,Entry,Hybrid,South,15.0,24000.0,Yes,3,2,1,35,177,Yes
868,39,Female,Customer Support,Mid,Hybrid,West,14.0,79900.0,No,4,3,0,20,141,No
869,35,Male,Sales,Mid,Hybrid,West,17.0,77200.0,No,3,5,1,24,126,No
870,40,Male,IT,Mid,Office,Central,5.0,70400.0,No,2,5,0,51,161,No
871,30,Male,Marketing,Mid,Office,East,3.0,64600.0,Yes,4,2,0,48,154,No
872,39,Male,Sales,Senior,Hybrid,West,11.0,93200.0,No,4,4,0,21,169,No
873,22,Female,Engineering,Entry,Hybrid,South,5.0,47000.0,No,3,2,0,4,148,Yes
874,33,Male,Finance,Senior,Hybrid,North,8.0,87200.0,No,2,5,0,46,148,No
875,37,Male,Marketing,Entry,Remote,North,8.0,41800.0,No,3,3,2,53,130,No
876,47,Female,Customer Support,Mid,Hybrid,Central,2.0,56200.0,No,2,5,0,47,143,No
877,48,Male,Finance,Senior,Office,West,6.0,86300.0,Yes,2,3,1,24,162,No
878,29,Female,Finance,Mid,Office,South,7.0,67100.0,No,3,3,3,36,159,No
879,57,Female,Operations,Entry,Hybrid,West,4.0,36500.0,No,5,4,0,17,191,No
880,39,Male,Operations,Mid,Hybrid,Central,1.0,72500.0,No,3,4,0,41,164,No
881,40,Female,HR,Senior,Office,West,11.0,105800.0,No,3,4,1,21,139,No
882,23,Female,Operations,Manager,Office,North,15.0,47000.0,No,4,4,0,20,165,No
883,32,Male,Engineering,Mid,Remote,South,5.0,71500.0,No,4,3,1,27,180,No
884,47,Female,HR,Entry,Office,North,4.0,25000.0,No,2,4,0,21,123,No
885,40,Male,IT,Mid,Remote,West,1.0,90200.0,No,5,5,2,37,195,No
886,39,Male,Finance,Entry,Office,Central,5.0,24000.0,No,4,4,0,18,179,No
887,40,Female,Finance,Entry,Hybrid,East,3.0,24000.0,Yes,4,3,0,59,199,No
888,25,Female,Sales,Mid,Hybrid,East,1.0,63200.0,No,3,4,1,35,180,No
889,37,Male,IT,Senior,Office,West,8.0,99200.0,Yes,2,2,0,24,162,No
890,51,Female,Marketing,Entry,Hybrid,North,7.0,24000.0,No,3,4,1,16,169,No
891,48,Male,Finance,Senior,Hybrid,South,3.0,110400.0,No,2,2,0,24,161,No
892,37,Male,Engineering,Senior,Remote,North,13.0,94700.0,No,4,4,1,26,187,Yes
893,52,Male,IT,Senior,Hybrid,East,4.0,97700.0,Yes,2,3,0,25,155,No
894,27,Male,Sales,Entry,Hybrid,North,5.0,32200.0,No,3,4,1,22,177,No
895,29,Male,Marketing,Mid,Office,Central,4.0,71800.0,Yes,4,4,1,18,194,No
896,55,Male,Customer Support,Entry,Office,East,9.0,29100.0,No,4,5,1,39,175,No
897,43,Female,IT,Entry,Hybrid,Central,6.0,28800.0,No,3,4,0,45,172,No
898,35,Female,IT,Mid,Hybrid,East,1.0,76700.0,No,2,4,0,18,179,No
899,38,Female,IT,Mid,Hybrid,West,5.0,64600.0,No,2,3,0,27,157,No
900,31,Female,Operations,Entry,Hybrid,North,8.0,24000.0,Yes,3,3,1,6,127,No
901,40,Female,HR,Entry,Office,South,1.0,35400.0,No,2,2,2,21,151,No
902,40,Male,IT,Senior,Hybrid,North,8.0,94000.0,No,3,3,0,52,155,No
903,38,Female,Sales,Senior,Hybrid,Central,7.0,75900.0,No,3,4,2,42,178,No
904,28,Male,Operations,Mid,Hybrid,North,2.0,67700.0,No,2,4,1,35,153,No
905,40,Male,Engineering,Manager,Office,North,4.0,63800.0,No,2,4,0,14,155,Yes
906,33,Male,Operations,Entry,Hybrid,East,2.0,26600.0,Yes,2,3,1,20,186,No
907,29,Male,Operations,Mid,Office,Central,3.0,67200.0,No,3,4,0,22,179,No
908,49,Female,Sales,Senior,Hybrid,West,4.0,80500.0,No,3,5,0,40,195,Yes
909,58,Female,IT,Mid,Hybrid,North,7.0,66900.0,No,3,4,1,44,169,No
910,55,Male,IT,Entry,Hybrid,South,8.0,24000.0,No,3,4,0,28,140,No
911,44,Female,Customer Support,Mid,Office,South,5.0,75900.0,No,3,4,2,39,214,No
912,36,Female,Customer Support,Mid,Hybrid,Central,4.0,72400.0,No,4,4,0,19,183,No
913,37,Female,Engineering,Mid,Office,South,7.0,68700.0,No,2,4,1,32,159,No
914,42,Female,Engineering,Mid,Hybrid,South,5.0,65100.0,No,4,3,0,41,188,No
915,34,Female,Engineering,Mid,Office,South,6.0,85700.0,No,4,3,0,47,175,No
916,50,Male,Engineering,Entry,Hybrid,West,8.0,24000.0,No,3,3,0,14,195,No
917,21,Male,Sales,Mid,Office,East,7.0,65700.0,No,3,3,0,46,176,No
918,35,Female,Sales,Entry,Remote,North,6.0,25800.0,Yes,3,4,0,57,163,No
919,45,Male,Finance,Senior,Office,West,6.0,93100.0,No,4,5,1,11,176,No
920,30,Female,Operations,Senior,Office,Central,3.0,98300.0,Yes,2,3,0,9,190,No
921,36,Male,Sales,Mid,Office,Central,3.0,80400.0,No,4,3,1,48,155,No
922,43,Male,Customer Support,Senior,Hybrid,South,15.0,101700.0,No,5,2,0,24,172,No
923,52,Male,Operations,Entry,Office,South,2.0,49900.0,Yes,3,5,2,26,147,No
924,26,Male,Operations,Mid,Remote,East,8.0,56800.0,No,5,4,0,43,181,No
925,26,Female,IT,Mid,Hybrid,South,4.0,74100.0,No,4,3,0,18,172,No
926,29,Male,IT,Mid,Hybrid,West,7.0,67300.0,Yes,4,4,1,32,184,No
927,24,Male,IT,Senior,Office,West,1.0,112100.0,Yes,3,5,2,13,191,No
928,25,Male,Customer Support,Manager,Remote,West,1.0,51600.0,No,3,3,1,39,158,No
929,29,Male,Operations,Mid,Remote,West,9.0,53700.0,No,3,4,0,39,175,No
930,49,Male,Marketing,Mid,Office,West,1.0,75900.0,Yes,4,3,0,31,176,No
931,35,Male,IT,Mid,Hybrid,West,3.0,74400.0,No,3,3,1,29,158,No
932,38,Female,Finance,Mid,Office,North,11.0,78800.0,No,5,1,0,29,151,No
933,29,Female,HR,Entry,Hybrid,West,8.0,24000.0,No,4,3,0,27,202,No
934,44,Female,Customer Support,Manager,Office,South,3.0,53000.0,No,4,3,1,28,163,No
935,55,Female,Customer Support,Senior,Office,North,2.0,91600.0,Yes,2,4,0,40,163,No
936,30,Female,IT,Manager,Hybrid,West,12.0,44000.0,No,4,4,1,8,166,No
937,54,Male,Engineering,Entry,Office,West,3.0,31100.0,No,3,4,2,51,181,No
938,41,Female,Sales,Entry,Hybrid,West,6.0,29400.0,No,3,4,0,31,161,Yes
939,38,Male,Customer Support,Mid,Hybrid,North,11.0,81500.0,Yes,3,2,2,56,155,No
940,42,Male,Sales,Manager,Hybrid,Central,6.0,50200.0,No,2,3,1,32,174,No
941,42,Female,IT,Entry,Remote,South,11.0,33400.0,No,3,3,1,29,185,No
942,55,Female,Customer Support,Entry,Unknown,North,3.0,24000.0,Yes,3,2,0,37,180,No
943,43,Male,IT,Entry,Hybrid,East,2.0,40600.0,Yes,2,3,0,14,159,No
944,43,Male,HR,Senior,Office,South,7.0,87000.0,No,4,4,1,16,149,No
945,34,Male,HR,Senior,Hybrid,South,10.0,102100.0,No,5,4,0,27,152,No
946,46,Female,IT,Mid,Hybrid,Central,7.0,74400.0,No,2,4,0,30,178,No
947,29,Male,Marketing,Entry,Hybrid,North,2.0,29200.0,Yes,3,3,1,41,182,No
948,39,Male,Customer Support,Senior,Hybrid,West,18.0,100800.0,No,5,3,2,30,161,No
949,62,Male,Customer Support,Mid,Remote,North,2.0,52700.0,No,3,5,0,46,160,No
950,21,Female,Finance,Entry,Hybrid,West,5.0,24000.0,No,4,5,0,4,147,No
951,40,Female,Operations,Mid,Hybrid,South,11.0,78700.0,Yes,4,3,0,51,170,Yes
952,40,Female,IT,Mid,Hybrid,South,5.0,89300.0,Yes,4,4,1,24,185,No
953,36,Male,IT,Mid,Hybrid,South,7.0,71800.0,No,5,3,0,37,157,No
954,36,Female,IT,Manager,Remote,East,1.0,28100.0,No,2,4,0,43,192,Yes
955,39,Female,Engineering,Mid,Remote,North,7.0,69100.0,No,4,5,1,13,150,No
956,36,Male,Customer Support,Mid,Remote,Central,2.0,71500.0,No,3,3,0,46,155,No
957,40,Male,Customer Support,Mid,Remote,South,5.0,82000.0,No,3,4,1,38,168,No
958,34,Female,Operations,Mid,Office,North,1.0,72400.0,No,3,4,1,50,174,No
959,56,Male,Operations,Entry,Office,West,8.0,24000.0,No,3,3,2,30,166,No
960,36,Female,Operations,Mid,Office,South,6.0,80700.0,No,2,3,0,29,176,No
961,43,Male,Operations,Entry,Hybrid,Central,5.0,33100.0,Yes,2,5,1,20,175,No
962,32,Female,HR,Mid,Hybrid,West,9.0,65700.0,No,5,4,0,21,195,No
963,46,Female,Sales,Senior,Hybrid,South,7.0,100500.0,Yes,2,4,0,28,172,No
964,45,Female,Sales,Mid,Hybrid,West,1.0,67100.0,No,5,3,0,36,164,No
965,42,Female,Engineering,Mid,Office,South,9.0,69300.0,No,2,4,0,38,179,No
966,29,Male,Operations,Entry,Hybrid,South,7.0,24000.0,Yes,3,3,2,17,135,No
967,31,Male,Engineering,Mid,Office,South,2.0,69200.0,Yes,5,4,1,28,143,No
968,53,Female,IT,Mid,Hybrid,South,5.0,80200.0,No,4,3,1,32,189,No
969,31,Female,Operations,Senior,Remote,Central,3.0,77900.0,No,2,3,0,4,160,No
970,44,Female,IT,Mid,Hybrid,West,16.0,81900.0,No,3,3,1,39,155,No
971,29,Male,IT,Senior,Hybrid,West,2.0,95600.0,No,3,5,0,26,180,No
972,47,Female,Sales,Mid,Hybrid,East,3.0,68500.0,No,4,3,1,29,168,No
973,32,Male,Sales,Senior,Remote,West,4.0,94200.0,No,3,4,1,46,190,No
974,29,Male,Engineering,Entry,Remote,South,5.0,24000.0,No,3,3,1,17,163,No
975,32,Male,Finance,Mid,Office,North,3.0,57300.0,No,5,3,0,19,196,No
976,33,Female,Operations,Entry,Office,North,5.0,24000.0,No,5,2,2,4,164,No
977,42,Female,HR,Entry,Hybrid,Central,7.0,24000.0,No,4,4,0,28,190,No
978,39,Female,HR,Senior,Hybrid,North,3.0,81800.0,No,3,3,1,42,173,No
979,28,Male,Operations,Senior,Office,Central,3.0,79400.0,No,1,4,0,4,155,No
980,38,Male,IT,Mid,Remote,Central,14.0,83000.0,No,2,2,2,16,170,No
981,28,Female,Engineering,Mid,Hybrid,South,9.0,60400.0,No,2,3,0,31,173,No
982,44,Male,Customer Support,Mid,Office,Central,9.0,71600.0,Yes,3,4,0,23,169,No
983,45,Male,Marketing,Mid,Hybrid,South,1.0,82100.0,No,4,5,3,23,155,No
984,38,Female,HR,Senior,Hybrid,Central,15.0,101700.0,No,5,4,0,31,200,No
985,40,Female,IT,Mid,Office,South,4.0,69300.0,No,5,3,2,51,176,No
986,54,Male,Engineering,Senior,Hybrid,East,9.0,91400.0,No,3,4,1,29,127,Yes
987,37,Male,Finance,Mid,Hybrid,West,5.0,73600.0,No,4,5,0,32,175,No
988,30,Female,Sales,Manager,Office,East,1.0,69000.0,No,4,3,0,35,181,No
989,43,Female,Finance,Entry,Hybrid,North,4.0,31700.0,Yes,2,4,0,5,131,No
990,28,Female,Customer Support,Mid,Hybrid,South,9.0,78000.0,No,3,3,0,33,157,No
991,36,Male,Operations,Senior,Hybrid,East,9.0,114400.0,No,3,3,2,10,189,No
992,33,Female,Marketing,Entry,Hybrid,West,5.0,30500.0,No,5,4,0,29,174,No
993,32,Female,Customer Support,Entry,Hybrid,North,2.0,38300.0,No,4,4,0,42,174,No
994,36,Male,IT,Mid,Hybrid,Central,9.0,76300.0,Yes,2,4,0,24,147,No
995,46,Male,Engineering,Mid,Office,South,3.0,76200.0,No,3,4,0,42,154,No
996,48,Female,HR,Manager,Hybrid,South,5.0,41300.0,No,4,3,0,8,144,No
997,46,Male,Operations,Senior,Hybrid,Central,7.0,83800.0,No,3,3,1,32,133,No
998,41,Male,Sales,Mid,Hybrid,East,7.0,67400.0,Yes,3,4,1,32,120,No
999,36,Female,Engineering,Manager,Remote,East,7.0,57900.0,Yes,4,3,0,4,213,No
1000,21,Female,IT,Mid,Hybrid,West,2.0,79500.0,No,5,3,0,35,156,No
1001,41,Male,Sales,Senior,Office,South,3.0,106000.0,No,4,4,1,4,177,No
1002,21,Female,HR,Entry,Hybrid,Central,2.0,27900.0,No,3,4,0,31,194,No
1003,21,Male,Sales,Mid,Hybrid,West,8.0,76800.0,No,3,3,0,34,174,Yes
1004,37,Male,IT,Entry,Hybrid,West,7.0,32900.0,No,3,5,1,24,169,No
1005,40,Male,Operations,Entry,Hybrid,North,3.0,27000.0,No,4,5,0,31,178,No
1006,34,Female,Finance,Senior,Hybrid,East,8.0,91100.0,No,3,4,2,56,212,No
1007,52,Female,Engineering,Entry,Hybrid,East,8.0,24000.0,Yes,2,4,1,22,172,No
1008,42,Male,Finance,Mid,Hybrid,North,10.0,70600.0,No,4,5,0,15,142,No
1009,36,Male,Marketing,Mid,Office,West,7.0,71100.0,No,4,4,0,53,149,No
1010,50,Female,HR,Entry,Office,South,7.0,38200.0,No,3,3,0,31,152,No
1011,52,Female,Operations,Mid,Hybrid,South,4.0,83100.0,No,5,3,0,43,167,No
1012,43,Female,Operations,Mid,Remote,East,4.0,73300.0,No,3,3,1,9,147,No
1013,31,Male,HR,Senior,Remote,East,10.0,112600.0,No,5,4,1,4,159,No
1014,33,Male,Engineering,Mid,Hybrid,West,3.0,73700.0,Yes,2,2,0,18,168,No
1015,25,Male,Finance,Manager,Hybrid,Central,2.0,59300.0,Yes,4,3,0,26,191,No
1016,38,Female,IT,Senior,Hybrid,East,7.0,93100.0,No,3,3,0,22,153,No
1017,29,Female,Marketing,Mid,Hybrid,West,1.0,61700.0,Yes,3,2,0,22,183,No
1018,35,Male,Customer Support,Mid,Remote,East,3.0,68200.0,No,4,3,0,6,176,No
1019,40,Female,Sales,Senior,Hybrid,North,11.0,107300.0,No,3,4,0,31,185,No
1020,21,Male,HR,Senior,Office,North,12.0,91600.0,Yes,3,4,1,25,123,No
1021,27,Female,Customer Support,Mid,Hybrid,North,9.0,67800.0,No,3,3,0,4,135,No
1022,33,Female,Marketing,Manager,Office,South,5.0,50000.0,No,5,4,0,25,140,No
1023,38,Male,Engineering,Senior,Hybrid,South,2.0,90500.0,Yes,4,2,0,27,198,Yes
1024,34,Male,Operations,Mid,Remote,West,1.0,82700.0,Yes,4,3,0,41,155,Yes
1025,36,Male,Operations,Senior,Unknown,East,4.0,111000.0,No,4,2,0,22,147,No
1026,32,Male,Finance,Mid,Hybrid,Central,1.0,72100.0,Yes,2,4,2,40,168,No
1027,25,Male,Engineering,Senior,Office,North,15.0,98900.0,No,4,3,1,39,212,No
1028,33,Female,Finance,Senior,Remote,North,4.0,102700.0,No,4,4,0,18,157,No
1029,36,Male,Marketing,Entry,Hybrid,Central,4.0,29000.0,No,2,4,0,36,157,No
1030,35,Male,HR,Entry,Remote,North,8.0,24000.0,No,5,4,2,42,190,No
1031,39,Female,Operations,Mid,Office,West,1.0,68300.0,Yes,3,5,0,41,176,No
1032,42,Female,Marketing,Senior,Hybrid,South,4.0,97700.0,No,2,3,0,32,171,No
1033,44,Female,Operations,Mid,Hybrid,South,5.0,75500.0,Yes,4,3,0,27,161,No
1034,32,Female,Engineering,Senior,Office,South,2.0,77900.0,No,3,4,0,12,177,No
1035,24,Female,HR,Mid,Remote,Central,2.0,68100.0,No,2,5,0,42,120,No
1036,49,Male,Operations,Mid,Hybrid,East,3.0,65400.0,Yes,3,3,0,11,176,No
1037,41,Female,Finance,Senior,Office,West,9.0,101900.0,No,3,3,2,26,146,No
1038,29,Female,HR,Mid,Remote,East,12.0,65700.0,No,2,1,0,41,200,No
1039,40,Male,HR,Mid,Hybrid,North,7.0,67800.0,Yes,3,2,1,16,192,No
1040,48,Female,Sales,Entry,Office,South,4.0,24000.0,No,2,5,1,28,186,Yes
1041,54,Female,Sales,Entry,Hybrid,East,11.0,35100.0,Yes,3,3,0,9,210,No
1042,40,Male,Marketing,Entry,Office,East,8.0,36700.0,Yes,4,3,2,24,224,No
1043,48,Female,Operations,Mid,Hybrid,West,18.0,76400.0,Yes,4,4,3,16,171,No
1044,27,Male,Marketing,Mid,Hybrid,West,1.0,82000.0,No,3,5,0,19,171,No
1045,38,Female,Sales,Mid,Hybrid,West,5.0,83100.0,No,2,4,3,35,185,No
1046,35,Male,Finance,Entry,Hybrid,Central,3.0,24000.0,No,3,5,3,36,183,No
1047,41,Male,IT,Entry,Remote,Central,1.0,33300.0,No,2,3,0,21,123,No
1048,53,Female,Customer Support,Mid,Remote,North,5.0,68700.0,No,2,5,0,31,165,No
1049,40,Male,Customer Support,Manager,Remote,Central,16.0,38700.0,No,4,3,0,23,153,No
1050,30,Male,IT,Mid,Remote,South,2.0,69100.0,No,2,3,0,24,179,Yes
1051,27,Male,Marketing,Entry,Hybrid,West,18.0,34600.0,No,3,3,0,14,180,No
1052,53,Female,Sales,Mid,Hybrid,West,9.0,85100.0,Yes,3,3,0,22,171,No
1053,43,Female,IT,Senior,Office,South,11.0,81900.0,No,3,4,2,4,157,No
1054,42,Male,Sales,Senior,Hybrid,West,11.0,99600.0,Yes,4,3,0,53,160,No
1055,35,Female,IT,Senior,Hybrid,North,7.0,111700.0,No,3,4,1,43,207,No
1056,40,Male,Marketing,Manager,Remote,South,4.0,66500.0,No,3,3,2,57,122,Yes
1057,29,Male,Engineering,Mid,Office,West,1.0,40900.0,No,3,3,0,42,230,Yes
1058,41,Female,IT,Manager,Hybrid,East,2.0,69600.0,No,4,3,1,32,208,No
1059,27,Female,Operations,Entry,Remote,North,7.0,36600.0,No,3,5,0,4,167,No
1060,35,Female,Marketing,Senior,Hybrid,West,4.0,73200.0,No,3,4,0,41,184,No
1061,32,Male,Engineering,Senior,Remote,South,2.0,87100.0,No,3,4,1,44,168,No
1062,21,Male,Operations,Senior,Remote,North,6.0,105300.0,Yes,3,3,1,14,167,No
1063,35,Male,IT,Mid,Hybrid,North,6.0,75200.0,Yes,3,3,1,35,162,No
1064,30,Male,Operations,Senior,Hybrid,North,8.0,88800.0,No,5,3,0,30,157,No
1065,36,Male,Finance,Entry,Office,South,3.0,28600.0,No,3,5,0,27,185,No
1066,38,Male,Engineering,Mid,Hybrid,East,4.0,76900.0,No,4,2,0,35,153,No
1067,54,Female,Finance,Mid,Office,West,3.0,66800.0,Yes,3,3,2,34,172,Yes
1068,41,Female,Marketing,Mid,Office,West,2.0,70900.0,No,3,4,2,16,163,No
1069,41,Female,Sales,Mid,Hybrid,North,10.0,80100.0,No,4,2,0,40,210,No
1070,42,Female,HR,Mid,Remote,West,9.0,65700.0,No,4,4,1,11,192,No
1071,46,Female,Customer Support,Entry,Hybrid,West,1.0,24000.0,Yes,4,3,0,34,156,No
1072,42,Male,Operations,Mid,Hybrid,South,5.0,66300.0,Yes,4,4,1,32,197,No
1073,41,Male,HR,Mid,Remote,West,11.0,64000.0,No,2,3,0,19,179,No
1074,44,Female,Engineering,Mid,Remote,North,8.0,66600.0,No,4,2,0,43,193,No
1075,21,Male,Customer Support,Senior,Remote,North,2.0,78500.0,Yes,3,4,0,5,190,No
1076,57,Female,Finance,Entry,Office,East,11.0,30100.0,No,3,3,1,31,142,No
1077,52,Male,Operations,Senior,Hybrid,North,11.0,101800.0,No,5,3,0,30,182,No
1078,40,Female,Operations,Mid,Hybrid,East,6.0,64700.0,Yes,2,4,2,47,170,No
1079,25,Female,Operations,Entry,Office,East,4.0,24000.0,No,3,4,0,36,210,No
1080,49,Male,Finance,Mid,Hybrid,North,2.0,70300.0,No,3,4,0,4,152,No
1081,32,Female,IT,Mid,Office,West,5.0,63800.0,No,3,4,0,23,185,No
1082,43,Male,Engineering,Mid,Hybrid,East,12.0,80900.0,No,2,2,0,48,146,No
1083,26,Female,Engineering,Entry,Hybrid,North,2.0,24000.0,No,4,4,1,26,214,No
1084,58,Male,Customer Support,Entry,Office,East,13.0,24000.0,No,2,4,0,15,182,No
1085,25,Female,Engineering,Entry,Hybrid,South,8.0,24000.0,Yes,4,3,0,27,160,No
1086,39,Female,Marketing,Entry,Hybrid,East,5.0,37100.0,No,4,4,3,48,200,No
1087,21,Male,Customer Support,Entry,Office,East,11.0,25900.0,No,3,4,1,18,206,No
1088,38,Male,Customer Support,Senior,Hybrid,South,5.0,111900.0,Yes,3,3,0,15,179,No
1089,34,Female,Operations,Mid,Hybrid,North,4.0,75200.0,No,5,5,1,25,167,No
1090,48,Female,HR,Mid,Hybrid,East,9.0,82400.0,Yes,4,4,0,20,148,No
1091,34,Male,IT,Mid,Remote,Central,0.5,69100.0,No,4,4,0,37,151,No
1092,48,Female,Operations,Mid,Hybrid,East,5.0,63500.0,Yes,4,3,2,24,145,No
1093,29,Female,IT,Entry,Office,West,5.0,27700.0,No,3,5,3,32,194,No
1094,35,Male,IT,Entry,Office,Central,3.0,24000.0,No,4,4,1,48,195,No
1095,36,Female,Operations,Entry,Hybrid,East,4.0,24000.0,No,3,4,1,17,149,No
1096,42,Male,HR,Mid,Office,North,14.0,81100.0,No,5,4,1,40,195,No
1097,41,Female,IT,Mid,Hybrid,West,0.5,72300.0,No,4,4,0,39,164,Yes
1098,45,Male,Customer Support,Mid,Hybrid,South,2.0,65700.0,No,5,4,0,13,159,Yes
1099,40,Male,Customer Support,Mid,Office,North,3.0,75400.0,No,5,3,1,45,180,No
1100,44,Male,IT,Manager,Office,West,5.0,50400.0,No,3,3,1,13,169,No
1101,30,Male,Sales,Mid,Office,West,4.0,84700.0,No,4,4,0,11,134,No
1102,41,Female,Finance,Mid,Hybrid,Central,6.0,75900.0,No,4,3,1,18,163,No
1103,52,Female,Customer Support,Mid,Hybrid,West,1.0,70600.0,No,4,3,0,18,143,No
1104,23,Male,Customer Support,Senior,Hybrid,East,6.0,100200.0,No,4,3,1,24,135,No
1105,42,Female,Sales,Senior,Remote,West,14.0,93700.0,No,4,3,0,15,158,No
1106,44,Male,Customer Support,Senior,Remote,Central,5.0,95700.0,Yes,2,4,0,35,169,No
1107,51,Male,Sales,Entry,Hybrid,East,4.0,39000.0,No,3,4,2,26,143,No
1108,45,Female,Finance,Mid,Hybrid,South,5.0,61500.0,No,3,3,3,30,172,No
1109,39,Male,Engineering,Senior,Hybrid,East,4.0,86200.0,No,3,4,1,36,172,No
1110,42,Female,IT,Mid,Hybrid,West,8.0,68200.0,Yes,2,3,0,46,185,No
1111,31,Female,IT,Manager,Hybrid,Central,6.0,47500.0,No,4,4,0,23,167,No
1112,35,Female,HR,Mid,Remote,North,6.0,82400.0,No,2,4,0,21,185,No
1113,26,Female,Operations,Mid,Hybrid,North,11.0,59300.0,No,3,4,1,38,187,No
1114,51,Male,Engineering,Mid,Office,East,8.0,71700.0,Yes,4,3,1,43,139,Yes
1115,42,Male,Engineering,Mid,Office,West,0.5,67000.0,No,5,4,0,29,206,No
1116,30,Male,Sales,Senior,Hybrid,North,4.0,109300.0,Yes,3,4,0,29,195,No
1117,40,Female,Sales,Entry,Hybrid,Central,2.0,36000.0,No,2,4,1,25,165,No
1118,48,Male,Customer Support,Mid,Office,Central,3.0,74100.0,No,3,4,0,21,151,Yes
1119,47,Female,IT,Mid,Hybrid,Central,3.0,80700.0,No,4,3,0,23,188,Yes
1120,30,Female,Customer Support,Senior,Hybrid,East,3.0,82100.0,No,4,3,1,27,157,No
1121,21,Male,Marketing,Mid,Hybrid,West,8.0,90200.0,No,4,4,2,36,149,No
1122,42,Male,Sales,Manager,Hybrid,South,7.0,42400.0,Yes,4,4,0,38,164,No
1123,30,Female,Customer Support,Senior,Hybrid,Central,4.0,105300.0,No,2,3,2,17,195,No
1124,44,Male,IT,Mid,Hybrid,North,7.0,77000.0,No,4,4,1,29,200,No
1125,47,Male,HR,Senior,Remote,South,7.0,96400.0,No,4,4,0,19,208,No
1126,48,Male,Operations,Manager,Hybrid,Central,5.0,60900.0,Yes,4,3,0,25,166,No
1127,54,Female,Operations,Entry,Hybrid,East,4.0,37000.0,No,4,4,0,30,168,No
1128,49,Male,Marketing,Mid,Office,West,9.0,73000.0,Yes,2,4,1,40,168,No
1129,54,Female,Operations,Mid,Remote,East,5.0,68200.0,No,4,5,0,26,158,Yes
1130,50,Male,Engineering,Mid,Hybrid,North,6.0,73100.0,No,2,3,1,33,157,No
1131,51,Male,Engineering,Entry,Hybrid,South,5.0,27100.0,Yes,3,3,0,15,162,No
1132,38,Male,Operations,Senior,Office,South,3.0,97200.0,Yes,4,4,0,14,209,Yes
1133,26,Female,Sales,Mid,Hybrid,North,3.0,81200.0,Yes,4,2,1,25,154,Yes
1134,60,Female,Marketing,Mid,Office,South,4.0,76200.0,No,4,4,0,68,175,No
1135,39,Male,Engineering,Entry,Hybrid,West,8.0,29700.0,Yes,4,2,0,19,183,No
1136,49,Female,Finance,Mid,Office,East,4.0,66100.0,No,3,2,1,30,213,Yes
1137,33,Male,HR,Mid,Hybrid,West,1.0,74900.0,No,5,5,0,33,177,No
1138,47,Female,HR,Mid,Hybrid,South,6.0,56700.0,No,4,2,0,28,165,No
1139,21,Female,Sales,Mid,Hybrid,South,3.0,64800.0,No,3,5,2,21,151,No
1140,34,Male,Marketing,Entry,Office,West,3.0,33500.0,Yes,3,5,2,35,153,No
1141,37,Female,Finance,Mid,Hybrid,West,8.0,80000.0,Yes,4,4,0,17,171,No
1142,42,Female,Customer Support,Manager,Remote,North,8.0,49800.0,No,3,4,0,33,165,No
1143,48,Female,Customer Support,Entry,Hybrid,East,5.0,29800.0,No,2,2,0,21,170,No
1144,28,Male,Customer Support,Mid,Hybrid,North,4.0,75300.0,No,3,3,0,40,183,No
1145,44,Female,HR,Entry,Hybrid,West,3.0,34100.0,Yes,1,4,0,7,158,No
1146,49,Female,Finance,Senior,Hybrid,East,2.0,92200.0,No,4,4,0,27,179,No
1147,59,Male,Marketing,Entry,Remote,West,0.5,24000.0,Yes,4,4,3,15,192,No
1148,44,Female,Customer Support,Mid,Hybrid,South,4.0,75500.0,No,3,4,0,38,134,Yes
1149,34,Female,Operations,Mid,Office,North,4.0,89600.0,No,4,4,2,38,175,No
1150,27,Male,Customer Support,Entry,Office,North,2.0,24000.0,No,4,3,0,4,200,No
1151,54,Female,Sales,Mid,Office,South,11.0,70900.0,No,2,4,0,13,179,Yes
1152,45,Male,Customer Support,Mid,Office,North,3.0,68500.0,No,3,3,0,39,158,No
1153,38,Male,Sales,Mid,Hybrid,South,5.0,93700.0,No,3,3,0,26,183,No
1154,23,Male,IT,Manager,Hybrid,South,6.0,41400.0,Yes,3,5,0,35,161,No
1155,30,Male,Operations,Mid,Office,West,7.0,70600.0,Yes,4,2,1,28,189,No
1156,44,Male,Sales,Senior,Hybrid,South,3.0,90700.0,No,4,3,0,30,180,No
1157,41,Female,Sales,Mid,Remote,Central,4.0,60700.0,No,3,4,1,40,209,No
1158,21,Female,Sales,Entry,Office,South,5.0,24000.0,Yes,4,4,0,14,169,No
1159,44,Male,HR,Entry,Office,South,3.0,33100.0,No,3,4,1,23,180,No
1160,24,Male,Customer Support,Mid,Office,North,10.0,78400.0,No,3,3,0,16,164,No
1161,50,Female,Sales,Mid,Office,West,18.0,67000.0,No,5,5,1,31,173,No
1162,40,Male,Operations,Senior,Office,South,6.0,106700.0,No,5,3,1,12,154,No
1163,34,Male,Customer Support,Mid,Hybrid,South,6.0,51700.0,No,5,4,0,39,197,No
1164,47,Female,IT,Mid,Hybrid,West,10.0,60700.0,No,4,4,2,22,176,No
1165,41,Male,Sales,Mid,Office,East,8.0,64600.0,No,4,3,2,34,172,No
1166,50,Female,Customer Support,Mid,Remote,South,5.0,71900.0,No,4,3,2,19,189,No
1167,39,Female,Customer Support,Mid,Office,Central,14.0,67900.0,Yes,3,5,0,38,202,No
1168,39,Female,Operations,Entry,Hybrid,South,3.0,26200.0,No,2,3,1,42,216,No
1169,35,Male,Customer Support,Entry,Hybrid,West,8.0,32400.0,No,5,2,1,37,154,No
1170,40,Male,Sales,Mid,Office,West,4.0,85100.0,Yes,2,3,1,17,185,No
1171,53,Female,Finance,Entry,Office,Central,6.0,35200.0,No,4,4,1,46,190,No
1172,33,Female,Marketing,Mid,Hybrid,South,4.0,72500.0,No,4,5,0,36,169,Yes
1173,44,Male,IT,Entry,Hybrid,South,13.0,27300.0,No,5,4,0,20,158,No
1174,30,Male,Marketing,Entry,Remote,North,10.0,37900.0,Yes,4,2,0,31,195,No
1175,21,Female,Operations,Senior,Office,North,6.0,111000.0,No,3,4,1,46,153,No
1176,40,Male,Marketing,Manager,Hybrid,South,8.0,55700.0,No,4,4,0,17,179,No
1177,41,Female,HR,Mid,Hybrid,South,2.0,67600.0,Yes,3,4,1,17,157,No
1178,37,Male,Finance,Mid,Remote,North,1.0,74300.0,No,3,4,1,26,172,No
1179,25,Male,IT,Senior,Hybrid,North,3.0,99200.0,Yes,2,2,1,11,140,No
1180,41,Male,IT,Entry,Hybrid,South,13.0,24000.0,Yes,3,2,0,29,150,No
1181,40,Female,Marketing,Mid,Remote,South,4.0,79800.0,No,2,3,1,37,135,No
1182,30,Female,Sales,Entry,Office,North,9.0,30400.0,No,5,4,1,30,224,No
1183,26,Male,Sales,Mid,Hybrid,East,4.0,82500.0,No,2,3,1,19,142,No
1184,36,Male,IT,Manager,Office,South,4.0,41200.0,No,3,4,1,39,189,No
1185,44,Male,IT,Senior,Remote,South,4.0,78300.0,No,3,4,0,26,156,No
1186,42,Male,Customer Support,Manager,Remote,West,3.0,46500.0,No,4,3,0,19,123,No
1187,30,Female,Finance,Senior,Hybrid,South,8.0,94200.0,No,3,3,1,31,176,No
1188,39,Female,Engineering,Mid,Remote,West,3.0,55800.0,Yes,4,3,2,42,223,Yes
1189,46,Male,Sales,Senior,Remote,West,3.0,88500.0,No,4,3,1,21,155,No
1190,27,Female,Operations,Mid,Office,Central,5.0,83600.0,Yes,3,4,0,47,208,No
1191,39,Female,HR,Mid,Hybrid,East,4.0,76800.0,No,3,3,1,29,210,No
1192,50,Male,Finance,Mid,Office,South,3.0,73200.0,No,4,4,0,30,150,No
1193,27,Female,Customer Support,Mid,Office,South,8.0,62500.0,No,5,3,0,29,136,No
1194,48,Male,Engineering,Entry,Hybrid,South,6.0,39300.0,No,5,4,0,21,155,No
1195,53,Male,Customer Support,Mid,Hybrid,South,3.0,68200.0,No,3,4,1,13,193,No
1196,36,Female,IT,Entry,Hybrid,East,3.0,28900.0,Yes,3,3,1,51,131,No
1197,35,Male,IT,Mid,Office,South,10.0,75700.0,No,2,3,0,14,181,No
1198,47,Female,Operations,Entry,Hybrid,North,2.0,29500.0,Yes,4,3,0,43,173,No
1199,36,Female,IT,Mid,Office,North,7.0,85400.0,Yes,2,4,0,49,158,No
1200,21,Female,Marketing,Mid,Hybrid,West,1.0,77200.0,No,4,4,1,19,161,No
1201,37,Female,Operations,Entry,Hybrid,East,5.0,31000.0,Yes,5,2,0,35,167,No
1202,42,Male,Operations,Manager,Hybrid,East,5.0,49200.0,Yes,3,3,0,36,173,No
1203,45,Male,Customer Support,Mid,Office,West,2.0,75900.0,Yes,3,3,0,36,204,No
1204,30,Female,Marketing,Mid,Office,West,2.0,70100.0,No,5,4,1,20,163,No
1205,36,Male,Sales,Entry,Hybrid,East,5.0,29700.0,Yes,4,2,0,23,169,No
1206,47,Male,Sales,Senior,Office,North,2.0,90900.0,No,2,4,0,38,183,No
1207,37,Male,Operations,Mid,Hybrid,North,11.0,67500.0,Yes,4,4,0,8,151,No
1208,24,Male,Operations,Mid,Hybrid,East,3.0,63800.0,No,3,4,0,4,203,Yes
1209,49,Female,IT,Entry,Hybrid,North,12.0,25600.0,Yes,4,3,1,29,154,No
1210,36,Female,HR,Senior,Office,East,11.0,91000.0,No,4,2,0,26,180,No
1211,48,Female,Marketing,Manager,Remote,South,4.0,66500.0,No,5,3,1,30,166,No
1212,25,Female,Customer Support,Mid,Office,South,6.0,80900.0,No,3,5,0,19,171,No
1213,37,Male,Operations,Entry,Office,East,9.0,26800.0,No,4,3,1,37,211,No
1214,43,Female,Finance,Entry,Office,West,2.0,24200.0,Yes,3,5,0,38,176,No
1215,37,Female,IT,Entry,Hybrid,South,4.0,33500.0,Yes,4,4,1,30,157,No
1216,27,Male,Operations,Senior,Remote,South,12.0,111500.0,No,3,3,1,12,152,No
1217,21,Male,Finance,Manager,Hybrid,South,9.0,57200.0,No,1,4,0,40,196,No
1218,52,Male,Operations,Manager,Office,North,4.0,34500.0,No,4,4,2,7,180,No
1219,40,Male,Marketing,Senior,Hybrid,West,6.0,101800.0,Yes,3,3,0,13,161,No
1220,49,Female,Sales,Entry,Office,North,3.0,37400.0,No,3,3,0,37,193,No
1221,46,Female,Sales,Manager,Hybrid,South,4.0,69800.0,Yes,3,5,0,14,155,No
1222,43,Female,IT,Mid,Hybrid,North,7.0,69800.0,Yes,2,5,0,19,153,Yes
1223,35,Male,Customer Support,Mid,Hybrid,West,4.0,73200.0,No,2,3,2,30,168,No
1224,42,Female,Operations,Mid,Hybrid,East,8.0,76100.0,No,4,3,0,39,165,No
1225,51,Male,IT,Entry,Office,North,2.0,24000.0,Yes,4,2,0,35,136,No
1226,39,Male,Customer Support,Senior,Office,South,7.0,86300.0,No,2,5,0,44,161,No
1227,55,Male,HR,Manager,Hybrid,South,2.0,53600.0,Yes,5,4,1,23,182,No
1228,25,Female,HR,Senior,Office,North,4.0,80100.0,No,2,4,3,18,163,Yes
1229,24,Male,Engineering,Senior,Remote,South,3.0,82100.0,Yes,4,3,1,13,170,No
1230,47,Female,Sales,Mid,Office,Central,7.0,79300.0,Yes,3,3,0,29,150,No
1231,31,Female,IT,Entry,Office,North,2.0,32500.0,No,2,3,0,31,177,No
1232,56,Female,Operations,Senior,Hybrid,North,8.0,105200.0,Yes,4,1,2,57,181,No
1233,50,Female,IT,Mid,Hybrid,South,5.0,76200.0,No,3,3,1,35,199,No
1234,52,Female,Marketing,Senior,Hybrid,South,4.0,94100.0,No,3,4,0,7,165,No
1235,46,Male,IT,Entry,Hybrid,North,3.0,39600.0,Yes,5,4,1,42,166,No
1236,30,Female,Sales,Mid,Unknown,East,4.0,68200.0,No,4,3,0,18,184,No
1237,23,Male,IT,Mid,Office,South,10.0,69000.0,No,4,4,0,12,168,No
1238,51,Male,HR,Mid,Office,Central,3.0,71400.0,Yes,3,3,0,40,184,No
1239,25,Female,IT,Senior,Remote,North,10.0,98100.0,Yes,4,4,3,38,186,No
1240,52,Male,Sales,Manager,Hybrid,Central,13.0,49400.0,Yes,3,4,0,41,150,No
1241,44,Male,Customer Support,Mid,Hybrid,West,4.0,58600.0,No,4,4,0,21,149,No
1242,37,Female,Finance,Mid,Hybrid,North,1.0,69600.0,No,3,4,1,55,159,No
1243,42,Female,Finance,Entry,Hybrid,East,9.0,27700.0,No,1,3,0,39,137,Yes
1244,42,Male,Sales,Entry,Hybrid,Central,9.0,29000.0,No,5,3,1,17,208,No
1245,36,Female,Finance,Mid,Hybrid,South,11.0,68000.0,No,3,2,1,55,145,No
1246,51,Male,IT,Mid,Office,East,5.0,76600.0,No,4,4,0,35,194,No
1247,51,Male,Operations,Mid,Hybrid,Central,6.0,57500.0,No,3,2,0,28,150,No
1248,39,Female,IT,Mid,Hybrid,North,3.0,75700.0,No,3,3,0,21,193,No
1249,33,Male,Customer Support,Mid,Hybrid,West,3.0,88100.0,No,5,4,1,4,195,No
1250,50,Female,Engineering,Senior,Hybrid,North,6.0,88500.0,No,4,3,0,37,136,No
1251,21,Male,Sales,Entry,Office,North,9.0,28500.0,No,5,3,0,21,169,No
1252,42,Male,Sales,Mid,Remote,West,8.0,69800.0,No,4,4,1,25,205,No
1253,45,Female,Sales,Senior,Office,East,5.0,91900.0,No,3,3,2,27,173,No
1254,31,Female,Operations,Senior,Hybrid,Central,10.0,84700.0,Yes,4,4,0,18,189,No
1255,47,Female,Sales,Senior,Hybrid,Central,2.0,111900.0,No,5,3,0,34,176,No
1256,38,Female,Customer Support,Entry,Hybrid,North,18.0,31500.0,No,4,3,0,18,189,No
1257,33,Female,Marketing,Mid,Office,South,2.0,66000.0,No,4,3,0,9,196,Yes
1258,47,Female,Customer Support,Senior,Office,North,5.0,86900.0,Yes,5,3,0,29,167,No
1259,28,Female,Operations,Mid,Office,East,6.0,72600.0,No,1,4,0,21,171,No
1260,46,Male,Engineering,Mid,Office,South,6.0,52500.0,Yes,4,3,0,4,165,No
1261,21,Male,Sales,Manager,Hybrid,North,9.0,59500.0,No,5,4,0,13,146,No
1262,41,Female,HR,Entry,Remote,South,3.0,24000.0,No,3,2,1,30,185,No
1263,38,Male,Finance,Senior,Hybrid,East,6.0,97500.0,Yes,4,4,0,30,173,Yes
1264,33,Female,Engineering,Senior,Hybrid,South,8.0,97900.0,No,3,2,0,45,196,No
1265,42,Male,Operations,Entry,Hybrid,South,10.0,36700.0,No,2,4,0,42,210,No
1266,37,Male,Customer Support,Senior,Office,North,4.0,98400.0,No,4,4,1,33,160,No
1267,47,Male,IT,Mid,Remote,North,5.0,78700.0,No,3,4,0,20,163,No
1268,43,Female,Engineering,Senior,Hybrid,East,5.0,103200.0,No,3,3,0,21,159,No
1269,42,Male,Operations,Senior,Office,East,7.0,91000.0,No,4,3,1,33,200,No
1270,41,Male,Operations,Senior,Remote,South,7.0,113400.0,No,3,4,0,40,144,No
1271,34,Male,Engineering,Entry,Remote,West,4.0,31200.0,No,4,4,0,35,178,No
1272,35,Female,Finance,Senior,Hybrid,Central,5.0,93700.0,No,3,4,0,22,141,No
1273,40,Female,Finance,Manager,Hybrid,West,5.0,42400.0,No,5,4,2,30,200,No
1274,36,Male,Operations,Mid,Hybrid,North,2.0,70100.0,Yes,4,4,1,25,186,No
1275,48,Female,Sales,Mid,Hybrid,East,6.0,75600.0,No,5,4,1,4,158,No
1276,39,Male,Finance,Entry,Office,North,6.0,28900.0,Yes,4,4,0,25,207,No
1277,41,Male,IT,Senior,Office,West,2.0,110400.0,Yes,3,4,0,23,155,No
1278,25,Female,Sales,Entry,Office,North,7.0,24500.0,No,3,4,0,38,173,No
1279,46,Male,Customer Support,Mid,Office,North,18.0,78100.0,No,3,3,0,15,127,No
1280,33,Male,Operations,Manager,Hybrid,North,3.0,39900.0,No,3,2,0,16,184,No
1281,29,Male,Finance,Manager,Hybrid,East,2.0,69600.0,No,3,4,0,41,164,No
1282,53,Female,HR,Manager,Remote,North,8.0,39300.0,No,4,4,0,17,167,Yes
1283,44,Male,HR,Mid,Hybrid,West,4.0,90700.0,Yes,3,3,1,20,152,No
1284,47,Female,Operations,Entry,Hybrid,North,9.0,26800.0,No,3,4,0,34,149,No
1285,42,Female,Engineering,Mid,Office,South,5.0,51900.0,No,3,5,0,37,160,No
1286,37,Male,Engineering,Entry,Office,Central,3.0,40200.0,Yes,3,4,0,45,197,No
1287,35,Female,Finance,Senior,Office,South,5.0,94700.0,Yes,3,5,0,24,179,No
1288,45,Male,Finance,Mid,Office,East,7.0,67900.0,No,4,4,2,24,154,No
1289,48,Male,HR,Mid,Hybrid,East,7.0,77800.0,No,3,3,0,26,127,No
1290,37,Male,Operations,Entry,Hybrid,East,2.0,34000.0,No,2,2,1,21,210,No
1291,57,Female,HR,Mid,Hybrid,South,7.0,75700.0,No,3,4,1,33,122,No
1292,36,Female,Operations,Senior,Hybrid,North,5.0,104200.0,No,2,5,1,24,194,No
1293,25,Male,Operations,Senior,Remote,West,5.0,96300.0,Yes,5,3,1,13,181,No
1294,23,Male,Finance,Entry,Hybrid,Central,6.0,33800.0,Yes,3,4,0,7,167,No
1295,23,Male,Finance,Entry,Office,Central,2.0,24000.0,No,3,5,1,26,160,No
1296,34,Female,Finance,Mid,Hybrid,North,2.0,78900.0,No,4,2,0,35,186,No
1297,36,Female,Sales,Entry,Hybrid,South,2.0,24000.0,Yes,2,4,2,20,193,No
1298,44,Female,IT,Manager,Remote,West,9.0,39900.0,No,3,4,1,12,193,No
1299,38,Female,Marketing,Mid,Office,North,9.0,70100.0,No,3,4,0,46,193,No
1300,46,Female,Finance,Entry,Hybrid,Central,1.0,25500.0,No,4,2,0,24,141,No
1301,38,Male,IT,Senior,Office,West,5.0,102300.0,No,5,3,2,39,157,No
1302,38,Female,Operations,Mid,Hybrid,North,3.0,58900.0,No,5,2,1,41,158,No
1303,33,Female,Marketing,Entry,Office,West,2.0,37800.0,No,5,2,1,46,172,No
1304,51,Male,IT,Mid,Office,South,10.0,66400.0,No,2,4,1,27,177,No
1305,24,Male,Customer Support,Entry,Office,West,11.0,24000.0,No,3,3,0,11,192,No
1306,41,Female,Engineering,Mid,Hybrid,East,6.0,61100.0,No,5,4,0,5,170,No
1307,36,Male,Operations,Senior,Remote,North,3.0,91200.0,No,5,4,2,25,187,No
1308,45,Female,Marketing,Manager,Hybrid,West,4.0,54000.0,No,4,3,1,48,164,No
1309,38,Female,Sales,Mid,Remote,South,2.0,70800.0,No,4,4,1,29,212,No
1310,38,Female,Engineering,Mid,Hybrid,East,4.0,61100.0,No,3,2,0,44,158,No
1311,36,Male,Finance,Entry,Hybrid,South,3.0,24000.0,Yes,5,4,0,16,158,Yes
1312,51,Male,Engineering,Mid,Office,North,11.0,61300.0,Yes,3,4,0,45,176,No
1313,38,Male,Operations,Entry,Hybrid,South,1.0,30300.0,Yes,2,3,0,36,194,No
1314,56,Male,Sales,Mid,Hybrid,North,8.0,71200.0,Yes,4,2,0,30,156,No
1315,40,Female,Sales,Entry,Hybrid,North,3.0,33500.0,No,3,2,2,39,165,No
1316,38,Female,Marketing,Manager,Office,Central,7.0,34100.0,Yes,2,5,2,21,164,No
1317,37,Male,Operations,Senior,Hybrid,Central,4.0,89200.0,No,4,4,1,34,150,No
1318,43,Male,Sales,Mid,Office,East,8.0,90300.0,No,2,3,0,18,160,No
1319,33,Female,Marketing,Senior,Remote,East,2.0,99800.0,Yes,4,4,0,21,157,No
1320,39,Female,Customer Support,Entry,Remote,East,3.0,25300.0,Yes,3,5,0,17,198,No
1321,38,Female,Operations,Senior,Hybrid,West,4.0,85100.0,Yes,5,4,0,17,174,Yes
1322,41,Female,HR,Mid,Hybrid,East,5.0,82000.0,No,4,3,0,7,161,Yes
1323,41,Male,Sales,Entry,Office,East,5.0,41800.0,No,4,3,1,55,208,No
1324,42,Female,Customer Support,Mid,Hybrid,East,2.0,61700.0,No,2,4,0,14,207,No
1325,39,Male,Finance,Mid,Office,East,2.0,62500.0,Yes,2,3,1,40,206,No
1326,52,Male,Customer Support,Mid,Hybrid,East,4.0,74500.0,No,3,4,1,8,162,No
1327,42,Male,Finance,Mid,Hybrid,Central,5.0,75400.0,No,4,4,0,21,192,No
1328,61,Male,Operations,Entry,Hybrid,South,4.0,32300.0,No,3,4,0,24,214,No
1329,38,Female,IT,Entry,Office,Central,1.0,44600.0,No,4,4,2,45,163,No
1330,47,Male,IT,Mid,Hybrid,East,5.0,63300.0,Yes,4,2,1,32,167,No
1331,31,Female,Customer Support,Mid,Remote,South,7.0,72400.0,No,2,4,0,15,162,No
1332,51,Female,Operations,Entry,Office,North,6.0,34500.0,No,4,4,1,25,175,No
1333,32,Male,Operations,Mid,Office,Central,4.0,78400.0,Yes,4,3,0,42,208,No
1334,42,Female,Engineering,Mid,Remote,South,5.0,66200.0,Yes,5,3,1,41,172,No
1335,36,Male,Engineering,Mid,Office,West,3.0,66500.0,No,3,4,1,20,160,No
1336,42,Female,Customer Support,Senior,Office,West,10.0,89900.0,No,3,5,0,10,169,No
1337,36,Female,IT,Mid,Remote,North,3.0,87300.0,No,4,1,1,20,195,No
1338,31,Male,Operations,Mid,Hybrid,North,7.0,63200.0,No,5,4,1,36,120,No
1339,36,Female,Customer Support,Mid,Hybrid,West,12.0,69100.0,No,3,2,1,7,179,No
1340,52,Female,Finance,Mid,Hybrid,East,4.0,79000.0,Yes,4,3,0,26,167,Yes
1341,42,Male,Sales,Entry,Office,South,9.0,24000.0,No,3,2,0,13,158,Yes
1342,26,Female,Customer Support,Entry,Office,South,3.0,30300.0,No,3,3,0,22,136,No
1343,48,Male,Operations,Senior,Hybrid,Central,9.0,76900.0,No,4,4,1,34,183,No
1344,30,Female,Operations,Entry,Remote,North,11.0,29700.0,No,3,4,0,27,165,No
1345,45,Male,Engineering,Mid,Office,Central,3.0,72500.0,No,3,5,1,36,180,No
1346,43,Male,Operations,Mid,Remote,West,8.0,73500.0,Yes,3,2,1,43,148,No
1347,44,Female,HR,Mid,Hybrid,South,12.0,64200.0,No,3,4,2,73,133,No
1348,55,Male,Finance,Senior,Hybrid,East,6.0,96000.0,No,3,3,2,39,147,No
1349,31,Male,HR,Mid,Office,West,10.0,71600.0,No,3,3,1,35,167,No
1350,43,Female,Sales,Entry,Office,South,11.0,39700.0,No,3,5,0,20,135,No
1351,49,Female,Customer Support,Senior,Office,West,9.0,99700.0,No,4,4,0,39,174,No
1352,32,Male,Customer Support,Mid,Hybrid,South,3.0,59000.0,No,3,2,0,47,204,No
1353,31,Male,IT,Mid,Remote,South,6.0,64500.0,No,3,3,0,20,121,No
1354,35,Male,Finance,Senior,Hybrid,Central,7.0,88500.0,No,3,3,0,21,157,No
1355,41,Male,Customer Support,Mid,Hybrid,North,1.0,73600.0,Yes,3,3,0,20,168,No
1356,25,Male,Sales,Mid,Hybrid,West,4.0,70500.0,No,3,3,1,12,167,No
1357,43,Female,Operations,Manager,Office,South,5.0,48400.0,No,4,4,3,28,197,No
1358,25,Male,HR,Mid,Hybrid,South,7.0,97400.0,Yes,5,2,0,12,162,Yes
1359,50,Female,Marketing,Mid,Hybrid,North,2.0,67400.0,No,3,3,2,27,165,No
1360,43,Female,IT,Entry,Office,East,4.0,40500.0,No,3,3,1,32,164,No
1361,55,Female,Marketing,Entry,Office,East,6.0,26700.0,Yes,3,4,1,31,181,No
1362,44,Female,Finance,Mid,Office,West,4.0,52400.0,Yes,3,3,0,22,204,No
1363,35,Male,Operations,Mid,Hybrid,Central,1.0,73700.0,No,4,4,1,9,171,No
1364,31,Female,Sales,Mid,Hybrid,North,10.0,82100.0,No,3,4,1,43,202,No
1365,40,Male,HR,Senior,Hybrid,East,15.0,99700.0,Yes,3,4,1,7,173,No
1366,38,Female,Operations,Entry,Hybrid,North,6.0,30300.0,No,5,4,1,29,146,No
1367,49,Male,IT,Senior,Remote,West,6.0,94200.0,Yes,2,3,2,46,193,No
1368,30,Male,Sales,Senior,Hybrid,West,5.0,89500.0,No,4,3,0,29,171,No
1369,56,Male,IT,Senior,Hybrid,North,2.0,102100.0,No,5,3,0,43,200,No
1370,49,Male,Finance,Senior,Hybrid,North,1.0,90100.0,No,3,4,1,34,187,No
1371,36,Female,Sales,Senior,Hybrid,Central,0.5,88200.0,No,4,4,3,11,190,No
1372,54,Male,Engineering,Entry,Office,North,10.0,31700.0,Yes,2,3,0,44,156,No
1373,31,Female,HR,Mid,Remote,South,14.0,69300.0,No,3,4,0,21,152,No
1374,40,Female,Customer Support,Manager,Hybrid,West,7.0,61500.0,No,4,2,1,23,170,No
1375,27,Female,Engineering,Mid,Office,East,4.0,76200.0,Yes,4,3,1,36,144,No
1376,55,Male,Sales,Entry,Office,South,4.0,24000.0,No,3,1,0,17,149,No
1377,23,Male,Operations,Manager,Hybrid,Central,7.0,39700.0,No,5,4,0,39,156,No
1378,25,Male,Customer Support,Entry,Office,West,9.0,24000.0,No,4,5,0,33,146,No
1379,32,Female,Operations,Mid,Office,South,5.0,93000.0,No,4,3,0,48,169,No
1380,50,Male,HR,Entry,Hybrid,Central,4.0,25900.0,No,3,4,0,42,171,No
1381,47,Male,HR,Mid,Hybrid,West,2.0,78800.0,Yes,1,4,0,26,160,Yes
1382,39,Female,Sales,Mid,Hybrid,East,3.0,60200.0,No,4,3,0,23,146,No
1383,47,Female,Operations,Mid,Hybrid,West,7.0,62300.0,No,3,3,1,19,154,No
1384,37,Male,Engineering,Manager,Remote,South,6.0,48300.0,No,4,4,1,25,176,No
1385,42,Male,Engineering,Mid,Office,North,6.0,87300.0,No,4,4,3,17,166,No
1386,53,Male,Sales,Mid,Office,South,2.0,60400.0,Yes,3,4,2,24,173,No
1387,36,Female,Marketing,Senior,Remote,West,4.0,88300.0,No,3,3,0,13,153,No
1388,31,Female,Finance,Senior,Hybrid,North,8.0,102100.0,No,2,3,0,16,179,No
1389,42,Female,Engineering,Entry,Office,North,12.0,42300.0,No,2,4,0,44,187,No
1390,45,Male,Sales,Entry,Hybrid,East,8.0,31900.0,No,3,5,1,12,145,No
1391,39,Female,Engineering,Mid,Hybrid,North,9.0,78100.0,No,2,2,0,11,162,No
1392,47,Female,Customer Support,Senior,Remote,South,1.0,85900.0,No,3,2,2,19,138,No
1393,36,Male,Sales,Mid,Hybrid,Central,11.0,60100.0,No,2,3,1,44,187,No
1394,39,Male,Sales,Entry,Hybrid,West,6.0,24000.0,No,3,3,1,17,215,No
1395,41,Male,Customer Support,Senior,Hybrid,North,6.0,86100.0,No,5,3,1,24,189,No
1396,41,Male,IT,Mid,Remote,Central,6.0,74000.0,No,3,4,2,31,168,No
1397,53,Male,Operations,Mid,Hybrid,North,13.0,61000.0,No,3,4,1,34,174,No
1398,41,Male,Engineering,Senior,Office,South,3.0,96300.0,No,3,3,0,27,182,No
1399,35,Female,Operations,Senior,Office,East,6.0,91200.0,Yes,4,5,1,33,146,No
1400,43,Female,Finance,Mid,Office,West,4.0,66900.0,No,3,3,2,40,172,No
1401,47,Female,HR,Mid,Office,Central,2.0,80000.0,Yes,3,4,2,13,170,Yes
1402,45,Male,Sales,Mid,Office,South,1.0,63400.0,No,3,5,2,20,166,No
1403,44,Female,Engineering,Mid,Office,South,2.0,84900.0,No,2,2,1,18,162,No
1404,25,Female,Finance,Mid,Remote,West,3.0,79500.0,No,4,2,1,24,173,No
1405,21,Female,IT,Senior,Office,North,5.0,85100.0,No,3,4,0,43,151,No
1406,49,Female,IT,Mid,Remote,West,9.0,82800.0,No,5,4,0,40,156,Yes
1407,42,Male,Engineering,Mid,Office,South,2.0,62000.0,Yes,3,4,0,27,176,No
1408,38,Male,Sales,Entry,Remote,North,3.0,39600.0,No,2,2,0,38,170,No
1409,44,Male,Customer Support,Senior,Remote,South,13.0,97000.0,Yes,5,2,0,53,171,No
1410,55,Male,Marketing,Mid,Remote,North,4.0,57800.0,Yes,2,3,0,13,190,No
1411,51,Male,Customer Support,Mid,Hybrid,South,3.0,60300.0,Yes,1,4,0,20,169,No
1412,47,Female,Engineering,Mid,Hybrid,West,3.0,68400.0,No,2,3,0,25,167,No
1413,30,Male,Customer Support,Entry,Hybrid,West,5.0,35800.0,No,3,4,1,33,184,No
1414,31,Male,Engineering,Manager,Office,South,5.0,48500.0,No,2,4,2,34,206,No
1415,21,Male,Sales,Senior,Office,East,3.0,92200.0,No,3,4,1,15,162,No
1416,44,Male,Customer Support,Mid,Remote,East,4.0,72400.0,Yes,2,3,0,30,180,No
1417,48,Male,Operations,Mid,Office,East,8.0,54000.0,Yes,4,4,2,38,166,No
1418,49,Male,Operations,Senior,Office,Central,6.0,101400.0,Yes,4,5,0,13,152,No
1419,44,Male,Customer Support,Mid,Remote,East,11.0,84100.0,No,2,3,1,30,170,No
1420,37,Male,Engineering,Manager,Unknown,Central,4.0,57100.0,Yes,1,3,1,21,183,No
1421,33,Male,Marketing,Entry,Hybrid,West,8.0,24200.0,No,3,4,1,11,154,No
1422,31,Male,Operations,Entry,Hybrid,North,8.0,24000.0,No,4,3,1,40,193,No
1423,37,Male,HR,Mid,Office,North,3.0,62300.0,No,4,3,0,34,163,No
1424,29,Female,Finance,Entry,Remote,West,6.0,24000.0,No,3,3,1,17,162,No
1425,54,Male,Finance,Mid,Office,Central,5.0,92400.0,Yes,3,3,0,39,186,No
1426,26,Male,Finance,Senior,Hybrid,West,1.0,93300.0,No,3,4,1,53,176,Yes
1427,36,Female,Sales,Entry,Remote,South,1.0,36100.0,Yes,4,3,0,29,156,No
1428,21,Male,Sales,Mid,Hybrid,East,5.0,79600.0,No,4,4,0,11,145,No
1429,41,Female,Customer Support,Mid,Office,South,1.0,73300.0,No,3,4,1,24,205,No
1430,38,Female,HR,Senior,Office,South,1.0,85600.0,Yes,3,4,1,5,174,No
1431,35,Male,Engineering,Mid,Hybrid,Central,5.0,76700.0,Yes,4,3,0,27,208,No
1432,30,Female,Operations,Entry,Hybrid,Central,1.0,24000.0,Yes,5,4,2,23,161,No
1433,38,Male,Sales,Mid,Hybrid,South,2.0,77400.0,Yes,3,3,0,37,178,No
1434,33,Female,IT,Mid,Hybrid,North,5.0,62700.0,Yes,3,4,0,21,146,No
1435,37,Male,IT,Senior,Hybrid,North,4.0,90100.0,Yes,3,5,0,39,151,Yes
1436,56,Female,Engineering,Mid,Hybrid,South,4.0,68100.0,Yes,3,5,1,18,162,No
1437,40,Male,IT,Entry,Hybrid,East,7.0,40600.0,Yes,3,3,2,27,204,No
1438,43,Female,Operations,Senior,Office,South,9.0,72100.0,No,5,4,1,11,176,No
1439,34,Female,Engineering,Mid,Remote,Central,10.0,93000.0,Yes,4,3,1,15,193,No
1440,31,Female,Engineering,Entry,Remote,North,14.0,24000.0,No,5,3,1,37,212,No
1441,38,Male,IT,Mid,Hybrid,South,1.0,70900.0,No,3,3,1,41,190,No
1442,61,Male,Sales,Manager,Office,West,3.0,53700.0,No,5,4,2,20,189,No
1443,35,Male,IT,Senior,Hybrid,South,2.0,96900.0,No,4,4,0,34,174,No
1444,41,Male,Sales,Mid,Hybrid,West,14.0,79600.0,No,3,3,1,37,200,No
1445,31,Male,IT,Senior,Hybrid,South,5.0,99500.0,No,5,4,1,15,178,No
1446,21,Female,Operations,Mid,Remote,West,4.0,90300.0,Yes,2,1,0,33,194,No
1447,31,Male,Engineering,Mid,Hybrid,South,3.0,78600.0,No,3,4,0,28,165,No
1448,59,Female,Operations,Mid,Hybrid,Central,3.0,70900.0,No,3,3,0,32,185,No
1449,43,Female,Operations,Entry,Hybrid,North,3.0,24000.0,No,4,2,2,27,180,No
1450,53,Male,IT,Mid,Hybrid,South,3.0,66800.0,No,3,4,0,4,165,No
1451,35,Female,Customer Support,Manager,Hybrid,South,3.0,61600.0,No,3,5,0,30,143,No
1452,21,Male,Operations,Entry,Remote,North,12.0,43800.0,No,3,3,1,26,177,No
1453,28,Male,Customer Support,Senior,Hybrid,South,17.0,103000.0,No,3,4,0,24,180,No
1454,42,Female,Engineering,Mid,Hybrid,West,16.0,43500.0,Yes,3,3,1,8,151,No
1455,40,Male,Finance,Mid,Hybrid,West,1.0,51800.0,No,5,5,1,40,174,No
1456,38,Male,Sales,Entry,Office,Central,3.0,27900.0,No,1,2,1,28,177,No
1457,33,Female,IT,Entry,Remote,South,1.0,26500.0,No,4,3,0,4,193,No
1458,46,Male,HR,Entry,Office,East,17.0,28200.0,No,3,4,1,44,177,No
1459,33,Male,Engineering,Mid,Hybrid,North,6.0,83300.0,No,3,3,0,33,185,No
1460,41,Male,Finance,Manager,Remote,South,8.0,60800.0,No,2,5,1,39,168,No
1461,40,Male,Customer Support,Senior,Hybrid,Central,4.0,95600.0,Yes,3,2,1,24,165,No
1462,35,Male,Operations,Entry,Hybrid,Central,5.0,24000.0,No,3,3,1,28,168,No
1463,30,Female,IT,Entry,Office,West,10.0,24000.0,Yes,3,3,1,41,162,No
1464,34,Male,Finance,Entry,Office,South,5.0,28600.0,No,4,3,1,33,166,No
1465,55,Male,Operations,Manager,Remote,Central,5.0,53800.0,No,4,2,1,26,181,No
1466,48,Female,Marketing,Entry,Hybrid,West,8.0,24000.0,No,5,3,0,20,182,No
1467,47,Male,HR,Entry,Office,South,7.0,33900.0,No,3,3,0,4,180,No
1468,31,Female,IT,Mid,Hybrid,East,5.0,56200.0,No,4,4,0,39,177,No
1469,25,Female,Marketing,Mid,Hybrid,East,3.0,48000.0,No,4,4,1,39,197,No
1470,48,Male,IT,Entry,Hybrid,Central,3.0,24000.0,No,3,4,0,37,197,No
1471,46,Female,Engineering,Mid,Hybrid,North,10.0,84400.0,Yes,5,4,1,42,174,No
1472,39,Male,IT,Entry,Office,North,5.0,41700.0,No,3,5,0,17,202,No
1473,35,Male,Sales,Entry,Hybrid,North,3.0,24000.0,No,4,4,0,24,199,No
1474,25,Male,Operations,Entry,Hybrid,West,9.0,24000.0,No,4,2,0,22,174,No
1475,46,Female,Operations,Mid,Hybrid,North,5.0,78800.0,Yes,2,4,0,5,159,No
1476,49,Female,Operations,Manager,Hybrid,South,1.0,46000.0,Yes,5,4,0,21,164,Yes
1477,32,Male,HR,Mid,Hybrid,South,3.0,84300.0,Yes,3,3,0,30,173,Yes
1478,31,Male,Engineering,Senior,Office,South,5.0,100700.0,No,4,3,0,41,165,No
1479,49,Female,Operations,Mid,Hybrid,Central,1.0,80200.0,No,5,3,2,34,151,No
1480,32,Female,HR,Senior,Remote,Central,6.0,86600.0,Yes,4,2,1,20,150,No
1481,54,Female,HR,Manager,Hybrid,South,7.0,54000.0,No,3,4,0,39,163,No
1482,37,Female,Sales,Mid,Hybrid,East,9.0,90100.0,Yes,3,4,2,32,159,No
1483,35,Male,Operations,Manager,Remote,South,6.0,51300.0,No,2,3,0,8,133,No
1484,38,Male,IT,Mid,Office,Central,3.0,71600.0,No,3,4,1,31,188,No
1485,35,Male,Operations,Senior,Hybrid,South,1.0,90100.0,Yes,3,4,0,38,192,Yes
1486,48,Female,Sales,Entry,Hybrid,Central,1.0,24000.0,No,3,2,2,35,183,No
1487,46,Female,Engineering,Mid,Remote,North,4.0,62100.0,No,5,4,0,14,129,No
1488,48,Female,HR,Mid,Office,South,4.0,64000.0,No,4,3,0,17,167,No
1489,40,Male,Customer Support,Manager,Remote,North,1.0,35200.0,No,3,4,0,53,180,No
1490,34,Female,HR,Senior,Office,East,6.0,80100.0,No,3,4,0,18,196,No
1491,38,Female,Sales,Mid,Remote,North,3.0,50000.0,No,5,4,0,29,214,No
1492,34,Female,Customer Support,Manager,Office,North,2.0,43000.0,No,2,2,1,4,171,No
1493,51,Male,Operations,Senior,Office,South,2.0,100100.0,No,3,5,1,44,174,No
1494,47,Male,Customer Support,Mid,Office,Central,12.0,69200.0,Yes,2,3,0,38,181,No
1495,37,Male,HR,Entry,Office,North,1.0,25200.0,No,5,3,0,49,159,No
1496,30,Male,Operations,Entry,Hybrid,North,14.0,34900.0,No,4,2,0,16,156,No
1497,52,Female,Customer Support,Entry,Hybrid,West,2.0,43200.0,Yes,3,3,0,43,189,No
1498,39,Male,Operations,Entry,Office,West,15.0,48500.0,No,3,3,1,16,185,No
1499,37,Female,Finance,Manager,Remote,Central,1.0,51300.0,No,3,3,0,47,167,No
1500,52,Female,Marketing,Entry,Hybrid,West,6.0,25500.0,No,5,3,1,4,140,No
1501,33,Male,Marketing,Mid,Office,Central,11.0,68300.0,No,1,3,0,41,128,No
1502,35,Male,Engineering,Mid,Hybrid,West,11.0,77300.0,No,4,4,1,29,170,No
1503,36,Male,Finance,Mid,Remote,Central,6.0,70600.0,No,3,2,3,37,170,No
1504,26,Female,HR,Entry,Office,West,6.0,26600.0,No,2,4,1,35,166,No
1505,41,Female,Customer Support,Mid,Hybrid,East,1.0,71200.0,No,3,5,1,34,189,No
1506,31,Male,Operations,Mid,Hybrid,North,9.0,63500.0,No,2,5,1,58,175,No
1507,33,Female,Marketing,Mid,Remote,East,10.0,51000.0,Yes,5,3,0,51,131,No
1508,32,Male,HR,Entry,Remote,West,5.0,24000.0,No,3,4,2,35,211,No
1509,33,Male,IT,Senior,Office,South,5.0,107100.0,No,4,3,1,31,121,No
1510,30,Female,Marketing,Entry,Hybrid,Central,18.0,40700.0,No,3,4,2,46,160,No
1511,40,Female,Sales,Mid,Hybrid,Central,1.0,80500.0,No,5,4,0,47,151,No
1512,37,Female,IT,Mid,Remote,South,6.0,67600.0,No,3,3,0,30,181,No
1513,38,Male,Operations,Entry,Hybrid,East,9.0,24000.0,Yes,4,3,1,29,145,No
1514,59,Male,Marketing,Senior,Remote,South,1.0,108600.0,No,4,3,0,17,184,No
1515,37,Male,Customer Support,Entry,Hybrid,East,1.0,24000.0,No,3,3,2,32,165,No
1516,43,Female,IT,Manager,Office,North,3.0,50400.0,No,4,3,2,31,185,No
1517,44,Female,Sales,Senior,Hybrid,West,3.0,109200.0,No,5,4,0,41,123,No
1518,37,Male,Engineering,Mid,Office,Central,2.0,73100.0,No,2,3,1,50,167,No
1519,40,Male,IT,Mid,Remote,South,3.0,69400.0,Yes,3,3,2,44,185,No
1520,38,Male,IT,Entry,Hybrid,North,3.0,38400.0,No,2,4,0,41,148,No
1521,40,Male,IT,Senior,Hybrid,North,5.0,94600.0,No,4,4,2,26,177,No
1522,33,Female,Operations,Mid,Office,East,2.0,73800.0,No,4,3,1,24,177,No
1523,34,Male,Customer Support,Entry,Hybrid,West,4.0,41600.0,No,5,3,0,38,176,No
1524,38,Male,Customer Support,Mid,Hybrid,North,5.0,49100.0,No,3,3,0,36,164,No
1525,21,Female,Marketing,Entry,Hybrid,East,3.0,31200.0,No,4,5,2,37,186,No
1526,51,Male,IT,Mid,Hybrid,East,6.0,65100.0,Yes,2,3,1,17,178,No
1527,57,Male,Finance,Mid,Remote,West,12.0,70100.0,No,4,4,1,17,177,No
1528,40,Female,HR,Entry,Remote,West,1.0,29000.0,Yes,3,4,1,22,159,No
1529,44,Female,Sales,Senior,Hybrid,Central,2.0,87900.0,Yes,4,3,1,37,151,No
1530,48,Female,IT,Entry,Office,Central,8.0,30100.0,No,4,3,0,29,181,No
1531,26,Female,Finance,Mid,Office,South,6.0,75500.0,No,3,3,1,47,157,No
1532,46,Female,Sales,Mid,Office,South,8.0,73800.0,Yes,4,3,1,16,200,No
1533,34,Male,Operations,Manager,Office,North,7.0,51000.0,No,3,4,3,16,212,No
1534,59,Male,Marketing,Mid,Hybrid,Central,3.0,70900.0,No,3,3,1,26,157,No
1535,36,Female,Sales,Senior,Office,West,12.0,93100.0,Yes,4,4,0,22,155,No
1536,46,Male,Operations,Mid,Office,Central,12.0,72700.0,No,2,2,0,19,180,No
1537,36,Male,Customer Support,Senior,Hybrid,North,2.0,85500.0,Yes,3,3,1,29,177,No
1538,58,Male,Marketing,Entry,Office,South,11.0,39400.0,Yes,4,3,1,30,170,No
1539,33,Female,Customer Support,Senior,Hybrid,Central,12.0,93200.0,Yes,3,4,1,13,183,No
1540,48,Female,HR,Entry,Office,East,15.0,24400.0,No,5,2,1,21,185,No
1541,44,Male,Customer Support,Manager,Hybrid,West,8.0,53600.0,Yes,2,4,0,37,156,No
1542,42,Female,IT,Manager,Remote,Central,4.0,49000.0,No,4,4,3,25,154,No
1543,40,Male,Finance,Mid,Remote,South,3.0,83200.0,No,3,2,1,18,134,No
1544,32,Female,IT,Mid,Office,South,4.0,80100.0,No,3,4,0,24,137,No
1545,21,Male,HR,Mid,Office,Central,2.0,72800.0,Yes,4,3,0,13,152,No
1546,48,Male,Finance,Entry,Hybrid,West,6.0,36500.0,No,2,4,1,49,164,No
1547,34,Male,IT,Mid,Hybrid,South,4.0,74100.0,No,4,4,0,39,187,No
1548,49,Male,Marketing,Mid,Remote,North,1.0,61600.0,No,3,4,0,58,183,No
1549,41,Male,Finance,Mid,Hybrid,West,3.0,80000.0,Yes,3,3,1,29,180,No
1550,49,Male,IT,Entry,Hybrid,West,11.0,24000.0,Yes,5,4,2,24,167,No
1551,45,Female,Sales,Senior,Hybrid,North,6.0,62300.0,Yes,3,5,1,18,216,No
1552,21,Male,HR,Entry,Hybrid,South,2.0,34300.0,No,3,3,0,34,147,No
1553,44,Male,Finance,Mid,Office,South,15.0,76000.0,No,4,3,1,23,166,No
1554,35,Female,Finance,Entry,Hybrid,West,6.0,31400.0,No,4,4,0,16,178,No
1555,48,Male,IT,Entry,Hybrid,Central,2.0,40500.0,No,4,1,2,44,149,No
1556,43,Female,Customer Support,Entry,Office,South,4.0,27800.0,No,3,3,1,28,165,No
1557,43,Female,Engineering,Mid,Hybrid,North,1.0,68600.0,No,4,4,0,31,142,No
1558,36,Male,Operations,Mid,Hybrid,North,12.0,79200.0,Yes,5,4,3,31,164,No
1559,30,Female,Operations,Mid,Remote,Central,8.0,65600.0,No,3,3,0,33,201,No
1560,34,Male,Customer Support,Mid,Remote,East,3.0,69900.0,No,3,3,0,7,174,No
1561,22,Female,Engineering,Mid,Remote,East,1.0,74300.0,No,2,4,0,14,210,No
1562,33,Male,Operations,Entry,Office,East,8.0,31000.0,Yes,4,3,0,50,199,No
1563,25,Female,Customer Support,Entry,Hybrid,East,6.0,25000.0,No,4,2,0,27,141,No
1564,25,Male,Engineering,Mid,Hybrid,Central,11.0,67600.0,Yes,5,5,3,33,148,No
1565,39,Male,Customer Support,Mid,Office,West,0.5,61900.0,No,3,3,0,38,200,No
1566,43,Male,HR,Mid,Hybrid,West,8.0,64900.0,No,3,3,1,24,169,No
1567,38,Female,Sales,Entry,Office,North,4.0,44400.0,No,4,2,0,15,142,No
1568,34,Female,Sales,Senior,Remote,Central,18.0,91600.0,No,3,3,0,12,190,No
1569,29,Male,HR,Entry,Remote,East,2.0,29700.0,No,4,4,0,16,202,No
1570,35,Male,Operations,Mid,Office,North,9.0,58600.0,No,4,4,1,20,201,No
1571,31,Female,HR,Entry,Hybrid,West,8.0,51100.0,No,4,4,1,19,181,Yes
1572,37,Female,Operations,Mid,Remote,West,1.0,64200.0,No,3,3,0,13,195,No
1573,24,Male,Operations,Mid,Office,West,4.0,61400.0,No,4,4,0,39,181,No
1574,44,Male,Customer Support,Senior,Hybrid,South,7.0,93400.0,Yes,4,4,0,46,152,No
1575,33,Female,Sales,Entry,Hybrid,East,3.0,24000.0,Yes,3,2,1,17,193,No
1576,41,Male,IT,Mid,Hybrid,West,3.0,75300.0,No,3,4,0,7,167,No
1577,46,Male,Customer Support,Entry,Hybrid,North,10.0,24000.0,No,3,4,1,29,208,No
1578,41,Female,Customer Support,Mid,Hybrid,South,16.0,82200.0,No,2,3,2,46,164,No
1579,45,Male,Engineering,Entry,Office,Central,9.0,36500.0,No,3,3,0,12,166,No
1580,21,Female,Customer Support,Entry,Office,North,1.0,26900.0,Yes,4,3,0,12,149,No
1581,34,Male,Customer Support,Senior,Hybrid,South,0.5,79100.0,Yes,4,4,0,4,186,No
1582,48,Male,Finance,Entry,Hybrid,North,2.0,24000.0,No,4,5,1,31,209,No
1583,43,Female,HR,Entry,Hybrid,South,8.0,28600.0,No,2,5,0,16,187,No
1584,55,Female,IT,Senior,Hybrid,South,8.0,83100.0,Yes,4,3,0,39,173,No
1585,53,Male,Operations,Senior,Remote,Central,3.0,84600.0,Yes,5,3,1,37,162,No
1586,41,Female,Engineering,Senior,Hybrid,West,2.0,103400.0,No,4,5,0,46,158,No
1587,36,Female,Finance,Mid,Hybrid,East,4.0,73400.0,No,3,4,1,41,196,No
1588,29,Male,Operations,Mid,Hybrid,West,1.0,73100.0,No,3,4,0,9,158,No
1589,34,Male,IT,Senior,Office,East,6.0,98700.0,No,3,2,3,25,129,No
1590,34,Female,IT,Entry,Office,North,6.0,26500.0,Yes,3,4,0,42,230,No
1591,33,Female,IT,Senior,Hybrid,East,2.0,93500.0,No,3,3,2,12,177,No
1592,30,Female,Sales,Entry,Office,West,9.0,32100.0,No,5,4,0,23,164,No
1593,42,Female,Engineering,Senior,Office,West,5.0,101300.0,No,4,3,0,29,158,No
1594,53,Female,HR,Mid,Office,North,2.0,76500.0,No,3,5,0,27,182,No
1595,46,Female,Customer Support,Mid,Remote,East,6.0,85100.0,No,3,3,1,32,148,No
1596,35,Female,Marketing,Mid,Hybrid,North,18.0,72200.0,No,3,5,1,20,159,No
1597,47,Female,IT,Entry,Hybrid,North,1.0,24000.0,Yes,3,4,0,17,180,No
1598,41,Female,IT,Mid,Hybrid,North,18.0,81800.0,No,2,3,2,33,154,No
1599,38,Female,Customer Support,Senior,Hybrid,East,5.0,91800.0,Yes,4,3,0,26,148,Yes
1600,37,Female,IT,Mid,Remote,North,7.0,65100.0,Yes,4,3,0,53,161,No
1601,36,Female,Engineering,Mid,Office,North,8.0,78400.0,No,3,3,0,15,165,No
1602,44,Male,Sales,Entry,Office,East,2.0,31300.0,No,3,4,0,27,166,No
1603,39,Female,Marketing,Mid,Remote,Central,3.0,60500.0,Yes,4,4,0,12,166,No
1604,31,Female,Customer Support,Mid,Hybrid,West,12.0,78000.0,Yes,3,3,0,32,177,No
1605,31,Female,IT,Entry,Remote,South,13.0,44900.0,No,2,4,0,26,157,No
1606,41,Male,IT,Manager,Hybrid,North,4.0,52900.0,No,3,4,1,34,177,No
1607,42,Female,Engineering,Mid,Hybrid,East,16.0,69700.0,No,5,4,0,19,159,No
1608,35,Female,IT,Mid,Hybrid,North,4.0,57000.0,Yes,3,4,0,6,169,No
1609,28,Female,HR,Manager,Remote,North,9.0,68500.0,No,3,4,1,43,158,No
1610,49,Male,HR,Mid,Office,North,3.0,67300.0,No,3,3,0,39,135,No
1611,47,Female,IT,Manager,Office,East,8.0,37300.0,Yes,2,4,0,39,177,No
1612,21,Male,Customer Support,Mid,Remote,South,4.0,73000.0,No,2,3,1,39,192,No
1613,50,Female,Customer Support,Mid,Office,South,18.0,81100.0,Yes,3,4,3,29,176,Yes
1614,36,Female,Finance,Entry,Remote,East,6.0,39100.0,Yes,2,4,1,35,146,Yes
1615,40,Male,Customer Support,Entry,Office,Central,15.0,24000.0,No,3,4,1,17,144,No
1616,48,Female,IT,Mid,Remote,North,6.0,71100.0,No,4,4,1,23,188,No
1617,53,Male,Sales,Entry,Office,South,5.0,28000.0,No,4,4,0,42,179,No
1618,47,Male,Operations,Entry,Office,Central,6.0,36800.0,No,3,3,1,52,174,No
1619,40,Male,Engineering,Mid,Office,South,18.0,77300.0,No,2,2,1,32,188,No
1620,26,Male,Sales,Senior,Remote,East,3.0,96400.0,No,3,4,0,4,184,No
1621,21,Female,IT,Entry,Hybrid,West,18.0,36200.0,No,4,3,2,32,174,No
1622,46,Male,Operations,Senior,Hybrid,West,10.0,81700.0,Yes,4,4,1,45,199,Yes
1623,50,Male,Customer Support,Manager,Hybrid,West,17.0,53800.0,Yes,3,4,1,24,205,No
1624,31,Female,Sales,Senior,Hybrid,North,2.0,96000.0,No,3,4,0,16,197,No
1625,36,Female,Finance,Senior,Hybrid,West,8.0,93500.0,Yes,3,4,1,40,186,No
1626,33,Male,Marketing,Senior,Hybrid,West,12.0,91800.0,No,3,2,2,24,173,No
1627,33,Female,Finance,Entry,Hybrid,South,12.0,29200.0,No,2,5,0,24,172,No
1628,48,Female,IT,Mid,Hybrid,Central,8.0,66900.0,No,4,2,0,8,186,No
1629,40,Female,IT,Manager,Hybrid,East,4.0,74500.0,No,3,3,1,8,160,No
1630,36,Female,HR,Mid,Office,West,3.0,84200.0,No,2,3,0,38,170,No
1631,62,Male,HR,Senior,Remote,North,3.0,103800.0,No,3,4,0,13,159,Yes
1632,25,Female,Customer Support,Manager,Office,North,6.0,45200.0,Yes,3,3,0,49,170,No
1633,43,Female,Operations,Entry,Office,Central,5.0,24000.0,No,2,3,1,52,155,No
1634,29,Female,Marketing,Mid,Hybrid,North,4.0,70100.0,No,3,4,0,15,167,No
1635,37,Female,Engineering,Mid,Remote,North,4.0,73000.0,No,4,2,0,20,163,Yes
1636,39,Female,HR,Entry,Office,Central,5.0,24000.0,No,3,3,0,36,192,No
1637,46,Male,HR,Mid,Office,North,1.0,76300.0,No,3,2,0,46,194,No
1638,36,Female,Engineering,Senior,Remote,East,4.0,103700.0,Yes,4,3,0,30,182,No
1639,35,Female,IT,Mid,Hybrid,East,3.0,51900.0,No,4,2,0,20,141,No
1640,35,Female,Marketing,Mid,Office,East,2.0,63900.0,No,4,4,0,23,183,No
1641,28,Male,Marketing,Senior,Remote,West,2.0,105100.0,Yes,3,4,0,29,189,No
1642,44,Female,Sales,Entry,Remote,North,4.0,31400.0,No,3,3,1,22,164,No
1643,41,Female,HR,Senior,Hybrid,West,6.0,86200.0,No,3,1,3,43,186,No
1644,42,Female,IT,Entry,Remote,East,7.0,34600.0,Yes,4,2,0,20,190,No
1645,37,Female,IT,Senior,Hybrid,West,7.0,88700.0,No,5,3,1,34,139,No
1646,36,Female,HR,Mid,Remote,West,7.0,69900.0,No,3,3,0,37,190,No
1647,49,Female,IT,Mid,Hybrid,East,3.0,61800.0,Yes,4,4,1,28,167,No
1648,47,Male,Customer Support,Mid,Remote,North,2.0,72200.0,No,5,2,0,25,144,No
1649,51,Male,Engineering,Entry,Hybrid,East,2.0,37200.0,No,5,2,3,28,174,No
1650,41,Male,Customer Support,Mid,Hybrid,West,5.0,67700.0,Yes,4,2,1,18,163,No
1651,50,Female,IT,Senior,Remote,East,6.0,99800.0,No,4,4,1,37,188,No
1652,34,Female,IT,Senior,Hybrid,North,9.0,93600.0,No,4,2,0,26,183,No
1653,36,Male,IT,Entry,Office,Central,12.0,37700.0,No,3,2,1,25,182,No
1654,49,Male,Sales,Mid,Remote,North,4.0,67800.0,No,4,4,3,15,155,No
1655,46,Male,Engineering,Senior,Hybrid,North,6.0,108000.0,No,4,5,0,51,163,No
1656,35,Male,HR,Senior,Remote,Central,8.0,100100.0,Yes,4,4,0,38,165,No
1657,29,Female,IT,Mid,Office,North,5.0,74200.0,No,3,3,3,10,184,No
1658,36,Female,Customer Support,Entry,Office,West,2.0,30500.0,No,3,5,1,35,199,No
1659,32,Female,Finance,Manager,Office,East,3.0,45800.0,No,2,3,0,21,182,No
1660,54,Male,Sales,Mid,Hybrid,North,9.0,67200.0,No,4,3,0,17,154,No
1661,45,Female,IT,Mid,Office,East,4.0,74400.0,No,4,3,1,19,162,No
1662,31,Male,Operations,Senior,Hybrid,East,4.0,83200.0,Yes,4,5,2,34,179,No
1663,29,Female,Customer Support,Entry,Hybrid,West,1.0,24000.0,No,2,4,0,26,194,No
1664,31,Female,IT,Senior,Remote,North,11.0,85600.0,No,3,4,0,27,169,No
1665,33,Male,Engineering,Entry,Office,South,8.0,33100.0,No,3,4,0,31,185,No
1666,36,Male,Customer Support,Senior,Hybrid,West,1.0,99300.0,No,3,3,2,39,140,No
1667,48,Female,Customer Support,Manager,Unknown,West,7.0,61400.0,No,5,3,2,56,160,No
1668,29,Female,IT,Manager,Remote,East,7.0,47000.0,Yes,5,3,1,25,186,No
1669,59,Female,Sales,Manager,Office,Central,15.0,42700.0,No,4,3,0,23,123,No
1670,30,Female,Customer Support,Senior,Remote,Central,2.0,80800.0,Yes,3,4,1,29,193,No
1671,25,Male,Finance,Entry,Remote,South,7.0,30400.0,Yes,3,3,1,36,179,No
1672,53,Female,Operations,Manager,Office,South,3.0,62600.0,No,4,4,1,41,173,No
1673,50,Male,Marketing,Manager,Office,South,3.0,49300.0,No,5,4,1,16,130,No
1674,36,Male,Sales,Mid,Hybrid,Central,13.0,72200.0,No,5,4,1,57,190,No
1675,41,Female,Customer Support,Mid,Remote,North,9.0,71900.0,No,4,3,3,14,210,No
1676,42,Female,Engineering,Entry,Remote,East,1.0,30300.0,No,3,3,0,39,166,No
1677,39,Male,Marketing,Mid,Hybrid,North,1.0,81000.0,Yes,4,3,1,37,161,No
1678,26,Male,HR,Senior,Hybrid,North,7.0,111300.0,No,4,4,2,11,165,No
1679,21,Male,Customer Support,Mid,Hybrid,East,4.0,76500.0,Yes,3,2,0,31,186,No
1680,30,Male,Operations,Mid,Hybrid,West,2.0,77100.0,No,3,4,0,7,191,No
1681,54,Male,Marketing,Mid,Remote,Central,7.0,69800.0,No,5,4,0,18,183,No
1682,55,Male,Customer Support,Entry,Hybrid,East,7.0,27000.0,No,3,3,1,27,166,No
1683,36,Female,Marketing,Manager,Office,East,5.0,48900.0,Yes,4,3,1,30,193,No
1684,29,Male,IT,Mid,Remote,Central,5.0,68700.0,Yes,3,4,1,43,148,No
1685,41,Male,Sales,Entry,Office,North,2.0,29100.0,No,3,3,1,20,195,No
1686,42,Male,IT,Entry,Remote,West,7.0,33600.0,No,3,3,0,32,197,No
1687,43,Female,Operations,Senior,Hybrid,North,17.0,94600.0,No,3,3,0,39,163,No
1688,21,Female,Operations,Senior,Hybrid,North,2.0,91500.0,No,4,3,0,27,206,No
1689,62,Male,Operations,Entry,Hybrid,North,9.0,29100.0,No,4,2,0,28,191,No
1690,48,Female,Finance,Entry,Hybrid,East,2.0,24000.0,No,5,4,3,11,171,No
1691,36,Female,Customer Support,Mid,Hybrid,Central,8.0,79200.0,No,3,4,1,9,164,No
1692,32,Female,Engineering,Entry,Hybrid,North,4.0,24300.0,No,4,4,0,18,187,No
1693,47,Male,IT,Senior,Hybrid,West,8.0,83600.0,No,3,3,0,45,158,No
1694,42,Female,Marketing,Entry,Hybrid,West,2.0,32200.0,No,3,3,0,45,200,No
1695,39,Male,Marketing,Mid,Remote,South,0.5,76600.0,Yes,4,4,1,43,160,No
1696,42,Male,Operations,Mid,Hybrid,North,5.0,64300.0,No,3,4,0,32,220,No
1697,37,Male,IT,Mid,Hybrid,South,9.0,77600.0,No,2,2,0,34,177,No
1698,42,Male,Customer Support,Mid,Hybrid,North,6.0,77700.0,Yes,4,3,1,23,145,No
1699,45,Male,Engineering,Entry,Hybrid,East,8.0,45800.0,Yes,3,2,1,24,197,No
1700,41,Male,Marketing,Entry,Remote,West,3.0,25900.0,No,4,3,0,4,163,No
1701,41,Female,Engineering,Entry,Hybrid,Central,8.0,27500.0,No,4,5,0,31,134,No
1702,51,Female,Engineering,Entry,Office,East,13.0,24000.0,No,4,3,0,34,209,No
1703,24,Male,Finance,Manager,Office,South,3.0,54400.0,No,2,4,1,21,226,No
1704,31,Male,Operations,Entry,Hybrid,South,8.0,28000.0,No,5,4,0,39,182,No
1705,38,Male,HR,Mid,Office,South,3.0,80900.0,No,3,3,0,43,184,No
1706,31,Male,Engineering,Entry,Remote,North,14.0,24100.0,Yes,1,3,0,15,180,No
1707,34,Male,Sales,Senior,Hybrid,West,1.0,98200.0,No,4,5,1,56,183,No
1708,50,Male,HR,Manager,Remote,South,6.0,47900.0,Yes,4,4,0,35,165,No
1709,37,Female,Customer Support,Senior,Hybrid,South,5.0,77400.0,No,2,5,0,47,171,No
1710,22,Female,IT,Mid,Office,East,3.0,77700.0,No,3,1,0,20,167,No
1711,34,Female,Customer Support,Senior,Office,East,3.0,78300.0,No,4,4,1,45,171,No
1712,39,Male,Finance,Mid,Hybrid,South,5.0,70600.0,Yes,5,2,3,36,147,No
1713,38,Female,Engineering,Senior,Hybrid,North,13.0,92700.0,Yes,4,3,0,24,190,Yes
1714,43,Male,Customer Support,Senior,Hybrid,North,6.0,93900.0,No,4,3,0,15,173,No
1715,42,Female,Finance,Entry,Hybrid,Central,1.0,28400.0,No,4,3,1,28,185,No
1716,37,Male,Customer Support,Mid,Hybrid,North,1.0,72300.0,No,3,3,3,37,181,No
1717,27,Male,Finance,Entry,Hybrid,Central,6.0,31300.0,No,2,3,1,29,126,No
1718,34,Male,Operations,Entry,Hybrid,South,10.0,27000.0,Yes,3,4,0,29,180,No
1719,32,Male,Operations,Senior,Remote,South,2.0,117500.0,No,4,3,0,22,188,No
1720,35,Male,Customer Support,Entry,Office,East,6.0,24900.0,Yes,4,3,0,12,154,No
1721,44,Female,Sales,Senior,Hybrid,West,10.0,83000.0,No,4,4,0,30,171,No
1722,42,Female,IT,Manager,Hybrid,North,6.0,37300.0,No,3,4,1,17,164,No
1723,45,Female,Marketing,Mid,Remote,West,5.0,77900.0,No,5,5,1,39,179,Yes
1724,35,Female,Operations,Mid,Remote,West,4.0,57700.0,No,4,4,0,38,168,No
1725,52,Male,Operations,Mid,Office,East,4.0,61100.0,Yes,4,4,0,48,136,No
1726,44,Male,Sales,Senior,Remote,East,8.0,81800.0,Yes,2,3,0,23,152,No
1727,39,Female,Finance,Entry,Office,North,9.0,32100.0,No,3,5,2,27,184,No
1728,43,Male,Customer Support,Entry,Hybrid,South,8.0,40000.0,No,4,3,0,10,180,No
1729,32,Male,Sales,Mid,Office,South,3.0,63500.0,No,2,3,0,21,219,No
1730,21,Female,Finance,Manager,Hybrid,South,0.5,53800.0,No,3,4,2,28,172,No
1731,33,Male,Engineering,Mid,Hybrid,Central,3.0,48300.0,No,4,4,1,29,137,No
1732,45,Male,Sales,Mid,Hybrid,Central,9.0,65300.0,No,5,4,0,23,200,No
1733,39,Female,Marketing,Manager,Remote,East,15.0,55400.0,No,4,3,1,20,192,No
1734,37,Female,IT,Entry,Hybrid,South,2.0,25200.0,Yes,5,4,1,31,156,No
1735,30,Female,Customer Support,Entry,Office,South,8.0,36900.0,No,4,2,1,24,188,No
1736,21,Male,Marketing,Mid,Hybrid,West,3.0,51900.0,Yes,4,4,1,44,177,No
1737,51,Male,Customer Support,Entry,Hybrid,Central,12.0,24000.0,Yes,3,2,1,31,154,No
1738,36,Female,IT,Entry,Office,North,9.0,32100.0,No,3,3,1,22,177,No
1739,34,Female,Operations,Mid,Office,Central,6.0,76000.0,No,5,5,1,41,160,No
1740,32,Male,Customer Support,Mid,Hybrid,East,6.0,76700.0,No,3,4,1,16,142,No
1741,49,Female,IT,Mid,Remote,North,11.0,73900.0,No,3,3,0,23,168,No
1742,46,Male,IT,Mid,Hybrid,North,1.0,61700.0,No,1,4,0,15,185,No
1743,29,Female,Sales,Mid,Hybrid,West,5.0,65000.0,No,4,3,0,25,171,No
1744,48,Male,Engineering,Mid,Office,East,2.0,92800.0,Yes,2,3,0,44,159,No
1745,37,Male,Marketing,Senior,Hybrid,South,6.0,82700.0,Yes,3,2,0,30,182,Yes
1746,33,Male,Operations,Senior,Hybrid,West,6.0,81300.0,No,4,3,0,7,167,No
1747,35,Female,Marketing,Mid,Office,West,6.0,78100.0,No,1,3,1,23,154,Yes
1748,31,Female,Operations,Senior,Office,Central,2.0,84500.0,No,5,3,2,31,176,No
1749,26,Male,HR,Senior,Hybrid,South,10.0,110100.0,No,3,4,0,31,167,Yes
1750,45,Male,HR,Entry,Hybrid,West,8.0,52600.0,No,3,5,0,26,208,No
1751,36,Female,Operations,Manager,Hybrid,East,3.0,47800.0,Yes,3,4,2,37,189,No
1752,44,Female,IT,Senior,Remote,West,9.0,96800.0,No,2,3,0,35,188,No
1753,41,Female,Customer Support,Mid,Office,Central,0.5,55600.0,No,3,4,0,26,136,No
1754,43,Male,Customer Support,Entry,Remote,North,2.0,37300.0,No,3,4,3,31,186,Yes
1755,21,Female,Finance,Mid,Remote,South,5.0,51900.0,No,2,4,0,26,189,No
1756,30,Male,Operations,Mid,Hybrid,North,4.0,59900.0,Yes,5,4,2,29,139,No
1757,43,Female,Sales,Senior,Hybrid,East,12.0,95100.0,No,3,3,0,30,154,No
1758,27,Female,Engineering,Mid,Hybrid,West,8.0,76900.0,No,2,4,0,40,156,No
1759,41,Female,Engineering,Entry,Office,Central,13.0,24000.0,No,2,5,1,34,193,No
1760,25,Male,Engineering,Entry,Office,West,1.0,24000.0,No,4,4,3,28,195,No
1761,38,Male,Finance,Senior,Office,West,4.0,79000.0,No,2,5,0,23,156,No
1762,52,Male,IT,Entry,Hybrid,South,2.0,25100.0,No,3,4,0,36,148,No
1763,45,Female,IT,Senior,Office,West,6.0,86800.0,No,5,4,0,32,128,No
1764,21,Female,Sales,Mid,Hybrid,South,1.0,66300.0,Yes,4,4,0,27,138,Yes
1765,46,Female,Sales,Mid,Hybrid,South,6.0,77900.0,No,4,3,0,24,157,No
1766,54,Female,Sales,Mid,Office,West,3.0,74500.0,Yes,3,3,0,29,158,No
1767,62,Female,Engineering,Entry,Office,East,9.0,33100.0,No,3,3,1,20,171,No
1768,42,Male,Sales,Mid,Remote,West,5.0,70800.0,Yes,3,3,1,11,183,Yes
1769,26,Female,Sales,Mid,Hybrid,Central,1.0,78500.0,No,4,3,2,47,176,No
1770,42,Male,Customer Support,Entry,Office,South,10.0,27700.0,Yes,5,3,0,47,158,No
1771,52,Male,Operations,Mid,Office,North,10.0,67600.0,No,3,4,3,30,169,No
1772,36,Male,Customer Support,Senior,Hybrid,West,8.0,99100.0,Yes,3,4,0,34,154,No
1773,47,Male,Operations,Senior,Remote,East,3.0,90200.0,Yes,3,3,2,25,162,No
1774,30,Male,Customer Support,Mid,Remote,West,7.0,69000.0,Yes,4,4,1,34,166,No
1775,41,Male,Operations,Senior,Hybrid,Central,10.0,103600.0,No,3,4,0,29,186,No
1776,21,Female,Operations,Entry,Office,Central,4.0,36800.0,Yes,4,4,3,31,189,No
1777,29,Female,Marketing,Entry,Office,South,5.0,25300.0,No,4,3,0,16,154,No
1778,38,Male,HR,Mid,Office,East,5.0,79900.0,No,5,5,1,50,171,No
1779,35,Female,Finance,Mid,Hybrid,South,8.0,60500.0,No,4,3,1,15,185,No
1780,26,Male,HR,Senior,Remote,West,6.0,91400.0,Yes,3,3,0,38,168,No
1781,34,Female,IT,Entry,Remote,South,8.0,24000.0,Yes,1,4,0,19,164,No
1782,41,Male,Customer Support,Mid,Hybrid,North,4.0,72000.0,No,4,4,0,5,191,No
1783,37,Male,IT,Mid,Hybrid,West,4.0,78600.0,No,3,4,0,40,184,No
1784,39,Male,IT,Entry,Hybrid,Central,8.0,33000.0,Yes,3,3,2,30,170,No
1785,45,Male,IT,Mid,Office,North,3.0,75800.0,Yes,3,4,0,12,153,No
1786,35,Female,Customer Support,Mid,Remote,North,2.0,73200.0,No,3,4,1,36,139,No
1787,50,Male,Finance,Entry,Hybrid,West,3.0,26600.0,Yes,3,3,0,24,175,No
1788,29,Male,Marketing,Mid,Remote,Central,4.0,82800.0,No,3,5,0,50,183,No
1789,55,Female,Customer Support,Entry,Office,East,5.0,24000.0,No,3,4,0,11,150,Yes
1790,48,Male,Sales,Senior,Office,East,3.0,88000.0,No,3,3,0,21,191,No
1791,35,Male,Customer Support,Entry,Hybrid,East,4.0,31700.0,No,4,4,2,38,164,No
1792,35,Male,Finance,Entry,Remote,West,6.0,41800.0,No,3,2,0,23,136,No
1793,40,Female,IT,Entry,Hybrid,West,3.0,24900.0,No,3,3,0,19,181,No
1794,43,Male,Marketing,Entry,Hybrid,North,8.0,25700.0,No,3,3,2,31,169,No
1795,48,Male,Engineering,Entry,Hybrid,East,2.0,24000.0,Yes,3,3,2,42,168,No
1796,26,Male,IT,Mid,Office,South,5.0,67100.0,No,5,4,1,28,188,No
1797,42,Female,Operations,Entry,Office,South,5.0,34400.0,No,5,4,2,26,201,No
1798,21,Male,IT,Mid,Office,East,12.0,86200.0,No,5,5,3,19,183,No
1799,36,Male,Operations,Entry,Hybrid,South,4.0,25400.0,No,2,3,0,23,163,No
1800,51,Female,Operations,Mid,Hybrid,North,9.0,64800.0,No,3,4,0,15,136,No
1801,25,Female,Operations,Entry,Office,South,8.0,28600.0,No,4,5,0,43,183,No
1802,24,Male,Operations,Mid,Office,West,3.0,57500.0,No,3,4,1,37,172,No
1803,40,Male,Sales,Mid,Remote,East,11.0,83100.0,No,3,4,1,13,155,No
1804,50,Female,Marketing,Senior,Hybrid,South,3.0,82900.0,Yes,2,3,0,22,161,No
1805,41,Male,Marketing,Entry,Hybrid,West,4.0,30800.0,Yes,3,5,0,37,201,No
1806,21,Female,Marketing,Senior,Hybrid,Central,7.0,96700.0,No,3,3,0,36,190,No
1807,23,Male,Sales,Mid,Remote,South,4.0,77600.0,No,1,2,1,27,194,No
1808,39,Male,HR,Entry,Office,West,1.0,30300.0,No,4,3,1,25,192,No
1809,27,Female,HR,Mid,Office,North,4.0,72000.0,No,4,3,0,28,176,No
1810,39,Male,Sales,Senior,Hybrid,Central,4.0,97900.0,No,2,4,1,23,150,No
1811,40,Female,IT,Mid,Hybrid,North,2.0,79500.0,No,4,4,1,41,173,No
1812,34,Male,HR,Mid,Hybrid,Central,5.0,88200.0,No,4,3,0,37,184,No
1813,54,Male,Marketing,Mid,Hybrid,East,5.0,62100.0,No,4,3,1,32,169,No
1814,43,Male,IT,Entry,Office,South,6.0,24000.0,No,4,5,0,15,176,No
1815,49,Female,Customer Support,Manager,Hybrid,Central,2.0,36100.0,Yes,3,3,1,21,182,No
1816,46,Male,Operations,Entry,Office,West,2.0,24000.0,No,4,3,0,21,190,No
1817,37,Female,Customer Support,Entry,Remote,West,8.0,24000.0,No,4,4,1,24,190,No
1818,36,Female,HR,Entry,Hybrid,West,2.0,24000.0,Yes,4,3,3,30,164,No
1819,35,Female,Operations,Mid,Hybrid,West,6.0,68300.0,No,4,3,1,47,145,No
1820,44,Male,Operations,Senior,Hybrid,East,4.0,101700.0,Yes,5,4,1,30,202,Yes
1821,32,Male,Engineering,Senior,Remote,West,3.0,99600.0,Yes,4,3,1,12,177,No
1822,54,Female,Operations,Senior,Office,South,12.0,88400.0,Yes,3,2,1,36,165,No
1823,31,Female,Operations,Mid,Remote,North,5.0,67200.0,No,4,3,1,12,134,Yes
1824,40,Female,Operations,Mid,Hybrid,East,3.0,90100.0,Yes,2,4,1,34,185,No
1825,36,Female,Marketing,Mid,Office,Central,1.0,77400.0,No,4,5,1,23,181,No
1826,34,Male,Sales,Entry,Hybrid,East,7.0,29600.0,No,3,4,0,35,165,No
1827,58,Female,Operations,Senior,Hybrid,East,2.0,95100.0,No,5,4,0,35,179,No
1828,34,Female,Operations,Mid,Hybrid,West,11.0,69400.0,No,3,3,0,30,199,No
1829,35,Male,Engineering,Mid,Hybrid,West,5.0,90000.0,No,3,4,0,16,146,No
1830,32,Male,Operations,Mid,Office,North,18.0,70300.0,No,3,3,1,21,194,No
1831,38,Female,HR,Senior,Remote,South,4.0,95300.0,Yes,3,4,0,34,152,No
1832,37,Female,Engineering,Entry,Hybrid,South,2.0,24000.0,No,3,4,0,30,147,Yes
1833,28,Female,HR,Senior,Hybrid,West,5.0,88300.0,No,4,3,0,50,166,No
1834,34,Male,IT,Senior,Remote,West,3.0,89000.0,No,3,4,0,30,198,No
1835,43,Female,IT,Senior,Hybrid,West,1.0,98400.0,No,3,3,0,38,155,No
1836,47,Male,Sales,Entry,Hybrid,South,9.0,24000.0,No,4,3,0,23,168,No
1837,38,Male,Sales,Entry,Remote,West,6.0,28400.0,No,3,3,1,18,141,No
1838,39,Male,HR,Mid,Office,West,3.0,66500.0,Yes,3,5,1,42,181,No
1839,35,Male,Customer Support,Senior,Office,West,2.0,84100.0,No,5,3,1,20,154,No
1840,33,Male,Marketing,Manager,Hybrid,Central,2.0,39700.0,No,3,3,1,11,162,No
1841,30,Female,Sales,Mid,Hybrid,Central,5.0,70400.0,Yes,3,4,1,12,189,No
1842,24,Female,Operations,Entry,Office,West,16.0,28900.0,Yes,2,4,3,32,157,No
1843,32,Male,IT,Entry,Office,East,4.0,26300.0,Yes,3,2,1,20,179,No
1844,46,Female,Engineering,Mid,Hybrid,Central,1.0,64500.0,Yes,4,5,0,10,177,No
1845,34,Male,IT,Entry,Remote,South,2.0,26800.0,No,3,3,0,51,176,No
1846,35,Female,Operations,Mid,Remote,South,5.0,69100.0,No,2,3,0,4,151,No
1847,35,Male,Finance,Senior,Hybrid,South,3.0,84600.0,Yes,4,3,0,23,175,No
1848,49,Male,Operations,Mid,Office,West,2.0,72700.0,Yes,4,3,1,47,167,No
1849,30,Male,HR,Mid,Hybrid,East,4.0,88300.0,No,4,3,0,29,166,No
1850,40,Female,Marketing,Entry,Office,South,2.0,26700.0,Yes,2,4,0,58,185,No
1851,37,Male,IT,Entry,Office,South,5.0,24000.0,No,5,2,0,37,146,Yes
1852,39,Male,Engineering,Mid,Office,South,6.0,85200.0,Yes,3,4,0,14,158,No
1853,40,Female,Operations,Mid,Office,East,7.0,83300.0,No,2,4,0,37,171,No
1854,39,Female,Marketing,Entry,Office,West,8.0,40900.0,No,4,2,1,21,201,No
1855,45,Female,Customer Support,Entry,Hybrid,Central,2.0,27600.0,Yes,5,4,0,25,135,No
1856,38,Female,Engineering,Entry,Hybrid,South,9.0,24000.0,No,3,3,0,16,175,No
1857,54,Male,IT,Mid,Remote,South,4.0,64000.0,No,3,3,1,20,167,No
1858,38,Female,IT,Mid,Remote,West,1.0,82300.0,Yes,4,4,2,37,186,No
1859,23,Female,IT,Mid,Office,South,8.0,86500.0,No,2,4,0,17,157,No
1860,44,Female,IT,Mid,Hybrid,East,11.0,63700.0,No,5,4,0,5,167,No
1861,42,Male,Operations,Entry,Hybrid,West,4.0,24000.0,No,2,2,0,33,153,No
1862,38,Female,Engineering,Mid,Hybrid,North,9.0,71800.0,Yes,4,4,0,25,163,No
1863,36,Male,Engineering,Entry,Hybrid,West,4.0,24000.0,No,3,4,0,39,184,No
1864,21,Male,Operations,Manager,Office,Central,3.0,43600.0,Yes,3,3,1,19,179,No
1865,21,Female,Operations,Entry,Hybrid,North,4.0,25900.0,Yes,3,3,0,40,166,No
1866,53,Female,Customer Support,Mid,Hybrid,West,5.0,75700.0,Yes,4,3,0,37,189,No
1867,33,Male,Engineering,Entry,Hybrid,East,5.0,24000.0,No,4,4,1,34,220,No
1868,47,Female,IT,Senior,Remote,South,4.0,95200.0,Yes,3,3,1,12,155,No
1869,24,Male,Operations,Entry,Remote,North,8.0,26900.0,Yes,3,4,0,27,182,No
1870,29,Male,Customer Support,Manager,Hybrid,North,7.0,29300.0,No,3,2,0,39,172,No
1871,44,Female,Finance,Entry,Hybrid,North,2.0,32900.0,No,4,4,0,21,193,No
1872,37,Male,HR,Senior,Hybrid,South,3.0,89900.0,No,4,2,3,4,160,No
1873,43,Female,Engineering,Mid,Hybrid,South,7.0,60600.0,No,4,4,2,20,191,No
1874,38,Male,Engineering,Entry,Remote,East,4.0,24000.0,Yes,4,4,1,17,169,No
1875,36,Female,Engineering,Entry,Hybrid,Central,3.0,29800.0,No,4,3,0,21,166,Yes
1876,32,Male,Customer Support,Mid,Remote,North,4.0,72400.0,Yes,2,4,0,11,174,No
1877,27,Male,IT,Senior,Remote,West,1.0,99800.0,Yes,4,4,0,37,174,No
1878,51,Female,Finance,Senior,Office,Central,10.0,97900.0,Yes,4,2,0,35,153,No
1879,52,Male,Operations,Entry,Hybrid,West,5.0,24000.0,No,4,3,0,17,172,No
1880,29,Female,Operations,Mid,Hybrid,South,3.0,45400.0,Yes,3,3,0,23,198,No
1881,28,Female,Operations,Entry,Office,South,1.0,29100.0,No,3,3,2,18,148,No
1882,35,Male,Operations,Entry,Office,East,14.0,33700.0,No,3,3,1,34,180,No
1883,41,Female,HR,Mid,Hybrid,West,1.0,70200.0,No,3,3,0,16,191,No
1884,36,Male,Marketing,Mid,Remote,North,6.0,77900.0,No,4,1,0,18,170,No
1885,42,Male,Finance,Entry,Remote,South,4.0,24000.0,Yes,3,5,2,29,166,No
1886,38,Female,Finance,Senior,Hybrid,South,4.0,90900.0,Yes,2,5,1,18,171,Yes
1887,37,Male,Sales,Senior,Office,East,4.0,85700.0,Yes,4,3,0,48,152,No
1888,60,Male,IT,Senior,Remote,West,3.0,100300.0,Yes,4,2,1,19,167,No
1889,33,Female,Customer Support,Entry,Hybrid,East,5.0,24000.0,Yes,4,5,0,37,205,No
1890,53,Male,HR,Senior,Remote,West,5.0,112500.0,Yes,3,2,1,39,168,No
1891,51,Female,IT,Mid,Office,North,7.0,67500.0,No,3,4,1,11,171,No
1892,43,Female,Marketing,Mid,Remote,East,7.0,79200.0,No,4,4,1,25,152,No
1893,21,Male,Operations,Entry,Office,West,2.0,24000.0,No,3,3,0,18,179,No
1894,38,Female,Sales,Senior,Remote,North,2.0,106000.0,No,3,5,0,39,150,No
1895,33,Female,Finance,Mid,Remote,West,9.0,83700.0,Yes,5,3,0,27,167,No
1896,38,Male,IT,Senior,Hybrid,West,3.0,91100.0,Yes,3,4,0,39,120,No
1897,28,Female,Operations,Mid,Hybrid,West,6.0,74500.0,No,1,3,0,48,171,No
1898,45,Male,IT,Senior,Hybrid,Central,10.0,105500.0,No,3,3,1,49,174,No
1899,47,Male,Sales,Mid,Hybrid,Central,5.0,74700.0,Yes,4,5,0,15,156,No
1900,49,Male,Sales,Manager,Remote,Central,2.0,41700.0,No,3,3,0,14,160,No
1901,35,Male,Operations,Entry,Office,North,2.0,28600.0,No,4,3,0,14,157,No
1902,28,Male,Sales,Entry,Office,Central,4.0,24000.0,No,3,4,1,42,184,No
1903,41,Male,Customer Support,Senior,Hybrid,Central,4.0,95400.0,No,4,4,0,37,160,No
1904,54,Female,IT,Mid,Hybrid,East,2.0,64900.0,Yes,2,2,0,36,199,No
1905,39,Male,Operations,Mid,Office,West,2.0,75400.0,No,3,5,0,35,200,No
1906,42,Male,HR,Senior,Hybrid,West,7.0,77900.0,Yes,3,3,0,23,172,No
1907,36,Male,HR,Mid,Remote,West,9.0,61900.0,No,4,3,2,29,202,No
1908,33,Male,Sales,Senior,Hybrid,West,3.0,86900.0,Yes,3,3,0,32,200,No
1909,44,Male,Customer Support,Mid,Hybrid,East,0.5,70600.0,No,3,3,1,29,179,No
1910,37,Male,Customer Support,Senior,Hybrid,East,6.0,80400.0,Yes,3,2,2,20,153,No
1911,42,Male,Sales,Entry,Hybrid,West,1.0,24000.0,No,4,4,0,47,178,No
1912,43,Female,IT,Mid,Office,West,1.0,79000.0,No,3,4,1,14,176,No
1913,41,Male,Engineering,Senior,Office,East,4.0,102100.0,No,4,3,0,23,160,No
1914,43,Female,Operations,Entry,Hybrid,East,10.0,24000.0,No,3,4,2,46,211,No
1915,30,Female,IT,Mid,Remote,Central,7.0,66700.0,No,4,3,0,39,184,No
1916,30,Male,IT,Mid,Hybrid,South,7.0,83500.0,No,5,3,0,13,147,No
1917,38,Male,Operations,Mid,Remote,North,4.0,75500.0,No,4,4,0,4,179,No
1918,38,Male,Marketing,Mid,Office,North,2.0,75700.0,Yes,3,3,3,16,172,Yes
1919,33,Female,Operations,Entry,Office,East,9.0,33100.0,No,5,3,0,29,180,No
1920,40,Male,Engineering,Senior,Hybrid,North,2.0,85400.0,No,4,4,2,29,168,No
1921,46,Male,Operations,Entry,Office,Central,6.0,29900.0,No,4,3,2,28,146,No
1922,49,Female,Finance,Mid,Office,West,5.0,76200.0,Yes,3,4,1,35,192,No
1923,51,Female,HR,Mid,Hybrid,South,1.0,73000.0,No,4,3,0,28,207,No
1924,26,Female,Finance,Entry,Office,South,1.0,24500.0,No,2,4,1,39,163,Yes
1925,28,Male,IT,Entry,Office,South,7.0,27600.0,No,5,5,0,37,168,No
1926,35,Male,Sales,Manager,Office,North,5.0,39700.0,No,4,3,0,4,194,No
1927,39,Male,Finance,Mid,Hybrid,South,9.0,77500.0,No,3,4,0,29,162,No
1928,36,Female,Marketing,Entry,Remote,North,6.0,24000.0,Yes,4,4,3,25,188,No
1929,33,Male,Sales,Senior,Hybrid,West,5.0,86700.0,Yes,4,4,0,31,170,Yes
1930,35,Female,HR,Mid,Hybrid,North,1.0,78100.0,No,2,4,1,25,155,No
1931,42,Male,Operations,Entry,Office,North,5.0,30600.0,No,4,3,0,9,159,Yes
1932,26,Male,Operations,Mid,Hybrid,West,4.0,67600.0,No,4,5,1,33,170,No
1933,59,Male,Customer Support,Mid,Hybrid,East,6.0,56600.0,No,3,4,1,36,172,No
1934,38,Female,Customer Support,Entry,Office,East,4.0,27600.0,No,3,3,0,6,148,No
1935,47,Female,Marketing,Senior,Hybrid,West,4.0,88300.0,Yes,4,3,1,49,175,No
1936,33,Male,Sales,Mid,Hybrid,Central,4.0,76300.0,Yes,4,4,0,39,127,No
1937,43,Male,HR,Mid,Remote,South,3.0,67400.0,No,5,3,0,17,184,No
1938,39,Male,Operations,Entry,Office,South,7.0,24000.0,No,3,5,1,15,186,No
1939,46,Female,IT,Senior,Office,East,18.0,81500.0,No,4,5,1,30,156,No
1940,36,Female,Sales,Senior,Hybrid,East,2.0,90200.0,No,3,3,1,30,172,No
1941,52,Female,IT,Senior,Hybrid,North,2.0,95000.0,No,4,4,1,35,162,No
1942,25,Female,HR,Entry,Office,North,7.0,24000.0,Yes,2,3,1,34,163,No
1943,47,Female,HR,Senior,Hybrid,West,4.0,87200.0,No,4,3,0,35,166,No
1944,39,Male,IT,Mid,Remote,North,3.0,79100.0,Yes,4,3,3,15,168,Yes
1945,29,Female,Customer Support,Mid,Office,West,1.0,82000.0,No,3,3,2,26,161,No
1946,56,Female,Engineering,Entry,Hybrid,West,2.0,30500.0,No,3,4,0,32,176,No
1947,55,Male,IT,Senior,Office,Central,2.0,91400.0,No,4,4,3,25,201,No
1948,21,Male,Engineering,Entry,Hybrid,East,1.0,24000.0,No,4,4,3,36,180,No
1949,40,Male,Sales,Mid,Hybrid,West,8.0,76900.0,Yes,3,4,1,41,167,No
1950,44,Female,Engineering,Mid,Office,South,5.0,69200.0,No,3,3,1,18,195,No
1951,42,Male,Engineering,Entry,Hybrid,Central,18.0,36300.0,No,2,3,0,28,194,No
1952,52,Male,Sales,Manager,Remote,North,5.0,58800.0,Yes,5,4,0,22,189,No
1953,50,Male,Customer Support,Senior,Hybrid,East,2.0,97700.0,No,3,3,0,23,179,No
1954,40,Female,Engineering,Mid,Remote,Central,6.0,67500.0,No,3,5,0,8,180,No
1955,58,Male,Engineering,Mid,Hybrid,East,6.0,68200.0,No,4,3,1,33,184,No
1956,46,Female,Engineering,Mid,Hybrid,West,3.0,57200.0,No,2,4,0,62,194,No
1957,35,Female,Operations,Senior,Office,South,6.0,93500.0,Yes,4,4,0,33,157,No
1958,33,Female,Sales,Entry,Remote,South,6.0,27200.0,No,5,4,0,55,168,No
1959,49,Female,Customer Support,Mid,Hybrid,East,2.0,59600.0,No,2,4,0,43,189,No
1960,31,Female,Operations,Mid,Office,Central,7.0,93300.0,No,3,4,1,19,173,No
1961,34,Female,Operations,Mid,Office,Central,5.0,77000.0,No,4,4,1,33,173,No
1962,36,Female,HR,Mid,Hybrid,West,5.0,64400.0,No,2,3,0,37,189,No
1963,41,Male,Operations,Entry,Hybrid,East,5.0,46500.0,No,3,3,1,37,152,No
1964,36,Male,IT,Manager,Hybrid,East,2.0,45500.0,No,3,5,1,19,190,No
1965,26,Male,Marketing,Entry,Office,South,11.0,35500.0,No,5,3,1,31,153,No
1966,48,Male,Sales,Entry,Hybrid,Central,4.0,28800.0,No,3,3,0,48,164,No
1967,34,Male,Marketing,Mid,Remote,West,3.0,67800.0,No,3,2,0,9,140,No
1968,56,Male,Customer Support,Mid,Hybrid,South,6.0,69000.0,No,5,3,0,40,162,No
1969,41,Female,HR,Entry,Hybrid,Central,17.0,40900.0,Yes,4,3,1,42,182,No
1970,49,Female,Operations,Mid,Hybrid,North,7.0,79900.0,No,2,3,0,7,175,No
1971,44,Male,Finance,Senior,Hybrid,North,4.0,92900.0,No,3,4,1,20,166,No
1972,50,Female,Engineering,Entry,Office,West,6.0,24000.0,Yes,4,4,1,25,180,No
1973,43,Male,Marketing,Manager,Hybrid,East,6.0,52700.0,No,5,4,1,39,180,No
1974,40,Male,Finance,Mid,Hybrid,South,5.0,60800.0,No,5,3,1,28,150,No
1975,48,Female,IT,Mid,Hybrid,East,2.0,76800.0,No,4,2,0,21,193,Yes
1976,60,Female,IT,Entry,Hybrid,East,7.0,24000.0,Yes,4,2,1,29,183,No
1977,36,Male,HR,Senior,Hybrid,West,3.0,88500.0,Yes,2,3,0,33,142,No
1978,45,Male,Engineering,Senior,Remote,North,3.0,88300.0,Yes,3,3,0,26,203,No
1979,38,Male,Marketing,Entry,Office,West,3.0,37200.0,No,2,3,1,48,165,No
1980,43,Male,IT,Entry,Remote,East,9.0,24000.0,No,4,4,1,28,150,No
1981,38,Male,Customer Support,Mid,Hybrid,North,3.0,78600.0,No,4,3,1,37,145,Yes
1982,21,Female,Finance,Entry,Hybrid,East,4.0,31100.0,No,3,5,0,15,140,No
1983,36,Male,Customer Support,Manager,Hybrid,North,15.0,49300.0,No,5,5,1,32,161,No
1984,47,Female,IT,Mid,Remote,East,3.0,68000.0,No,4,3,0,22,156,No
1985,31,Male,Operations,Mid,Office,South,4.0,76400.0,No,4,2,0,22,149,No
1986,46,Female,Engineering,Manager,Hybrid,East,4.0,46000.0,No,4,3,0,46,165,No
1987,40,Male,IT,Senior,Remote,South,3.0,90000.0,No,4,3,1,20,201,No
1988,36,Female,Marketing,Senior,Office,South,4.0,94600.0,No,2,4,0,22,157,No
1989,46,Male,Engineering,Mid,Remote,South,5.0,87500.0,No,4,2,0,7,164,No
1990,44,Male,IT,Mid,Remote,West,3.0,58400.0,No,4,2,0,17,182,No
1991,42,Male,Sales,Mid,Hybrid,South,1.0,76500.0,No,3,4,0,8,207,No
1992,47,Male,Marketing,Mid,Office,South,1.0,70700.0,No,4,3,0,42,175,No
1993,40,Female,Finance,Mid,Office,West,4.0,70000.0,No,5,3,1,32,180,No
1994,23,Male,Sales,Entry,Hybrid,West,12.0,24000.0,No,3,3,0,38,188,No
1995,35,Female,HR,Mid,Office,North,4.0,56200.0,No,3,3,1,34,181,No
1996,22,Female,Marketing,Mid,Office,West,5.0,75100.0,No,3,4,0,16,138,No
1997,44,Male,IT,Mid,Hybrid,West,9.0,60600.0,No,2,2,0,38,156,No
1998,46,Male,Finance,Entry,Hybrid,East,6.0,37100.0,No,3,4,0,26,185,No
1999,46,Female,Customer Support,Mid,Office,East,4.0,62900.0,No,4,4,0,35,160,No
2000,42,Female,Operations,Mid,Hybrid,East,4.0,77000.0,No,5,4,1,4,145,No
2001,47,Male,Customer Support,Senior,Hybrid,East,3.0,88800.0,No,3,5,0,14,166,No
2002,24,Male,HR,Senior,Hybrid,North,7.0,88400.0,No,4,3,1,20,182,No
2003,37,Male,Engineering,Entry,Office,South,9.0,24000.0,Yes,3,3,0,32,181,No
2004,25,Female,Operations,Entry,Remote,North,0.5,31900.0,No,3,5,0,9,172,No
2005,35,Male,Sales,Mid,Office,Central,7.0,78400.0,No,2,4,0,55,134,No
2006,53,Male,Customer Support,Entry,Remote,Central,6.0,25200.0,Yes,2,5,0,43,175,No
2007,48,Female,Operations,Mid,Office,West,3.0,77300.0,No,5,4,1,44,145,No
2008,44,Male,Sales,Manager,Hybrid,West,3.0,50100.0,Yes,4,4,1,45,182,No
2009,36,Female,IT,Entry,Office,North,6.0,24000.0,Yes,4,3,1,35,178,No
2010,29,Female,Marketing,Mid,Office,South,1.0,75400.0,No,4,3,0,14,160,No
2011,40,Male,Sales,Senior,Office,South,3.0,91300.0,No,4,3,0,34,144,No
2012,48,Male,IT,Mid,Hybrid,East,5.0,48500.0,Yes,3,3,1,22,194,No
2013,42,Male,Sales,Entry,Office,East,10.0,24500.0,No,3,4,1,25,177,No
2014,24,Female,HR,Entry,Office,South,12.0,24000.0,No,3,5,0,38,152,No
2015,39,Male,HR,Manager,Unknown,East,2.0,38900.0,No,4,2,1,21,201,No
2016,21,Male,Operations,Entry,Hybrid,West,6.0,25800.0,No,2,4,1,21,172,No
2017,45,Male,IT,Mid,Hybrid,South,4.0,71300.0,No,3,4,0,40,158,No
2018,32,Male,Sales,Senior,Office,Central,7.0,86500.0,No,4,4,0,18,192,No
2019,27,Male,Operations,Entry,Office,East,4.0,32700.0,No,3,3,1,24,187,No
2020,45,Male,Finance,Senior,Hybrid,West,7.0,93000.0,No,2,3,0,27,183,No
2021,43,Male,Operations,Entry,Remote,South,5.0,24200.0,Yes,3,5,0,35,176,No
2022,40,Male,Sales,Mid,Office,East,3.0,72400.0,No,4,3,1,37,149,No
2023,58,Female,Sales,Mid,Unknown,West,7.0,82800.0,No,4,4,3,20,150,No
2024,44,Male,IT,Manager,Remote,South,4.0,30600.0,No,2,3,0,8,163,No
2025,32,Male,HR,Entry,Remote,North,5.0,39700.0,No,4,3,0,43,131,No
2026,43,Female,Finance,Entry,Hybrid,Central,2.0,24000.0,No,3,4,0,4,177,No
2027,35,Male,Customer Support,Manager,Hybrid,East,4.0,43000.0,Yes,4,4,0,33,169,Yes
2028,49,Male,Finance,Entry,Hybrid,South,10.0,24400.0,No,4,4,0,27,172,No
2029,41,Male,Operations,Senior,Office,East,3.0,86000.0,No,3,3,1,31,202,No
2030,41,Male,Operations,Mid,Hybrid,East,13.0,62600.0,No,2,3,2,32,148,No
2031,25,Male,Sales,Mid,Office,West,5.0,79600.0,No,5,4,0,25,174,No
2032,39,Female,Operations,Senior,Office,Central,5.0,95400.0,No,1,5,1,27,148,No
2033,37,Male,Finance,Senior,Hybrid,South,3.0,76700.0,No,3,3,0,32,196,No
2034,29,Female,HR,Entry,Office,East,7.0,34100.0,No,5,4,0,31,150,No
2035,36,Male,Sales,Manager,Hybrid,North,1.0,54800.0,No,3,3,2,4,209,No
2036,42,Male,Customer Support,Manager,Office,West,4.0,36600.0,No,3,4,0,27,152,No
2037,38,Male,Engineering,Senior,Remote,South,3.0,95600.0,Yes,3,4,0,38,177,No
2038,25,Female,Sales,Mid,Office,South,1.0,77600.0,Yes,3,3,0,19,181,No
2039,36,Male,Operations,Mid,Hybrid,West,7.0,57600.0,No,3,3,0,34,188,No
2040,34,Male,Customer Support,Mid,Remote,West,4.0,74600.0,No,3,2,2,40,150,No
2041,40,Female,IT,Entry,Hybrid,North,5.0,24000.0,No,4,4,0,29,147,No
2042,39,Female,Customer Support,Mid,Office,West,3.0,76900.0,Yes,3,3,0,29,162,No
2043,34,Female,Operations,Mid,Hybrid,South,8.0,63600.0,No,4,3,2,12,185,No
2044,34,Female,Engineering,Mid,Hybrid,West,5.0,81400.0,No,3,3,0,27,171,No
2045,39,Female,Engineering,Mid,Office,South,11.0,69800.0,No,5,4,2,34,193,No
2046,47,Female,Sales,Mid,Hybrid,South,3.0,66500.0,No,4,4,0,23,154,No
2047,41,Female,HR,Mid,Office,Central,3.0,65500.0,No,3,3,0,23,166,No
2048,51,Male,Operations,Mid,Office,South,6.0,79900.0,No,4,3,2,34,169,No
2049,48,Male,Sales,Manager,Hybrid,Central,12.0,43500.0,Yes,5,3,2,32,168,No
2050,51,Female,Finance,Senior,Hybrid,West,3.0,103500.0,No,2,4,0,34,183,Yes
2051,50,Male,Engineering,Entry,Hybrid,South,1.0,29900.0,No,2,4,1,9,196,No
2052,52,Female,Sales,Entry,Office,West,2.0,24000.0,Yes,4,4,0,33,159,No
2053,28,Male,HR,Mid,Office,West,10.0,72200.0,No,2,4,0,9,162,No
2054,44,Male,Customer Support,Mid,Hybrid,North,4.0,72400.0,No,2,4,0,25,177,No
2055,49,Female,Finance,Senior,Hybrid,East,13.0,81200.0,No,2,3,0,51,178,No
2056,51,Female,HR,Entry,Hybrid,East,2.0,28100.0,Yes,4,3,0,35,193,No
2057,31,Female,Engineering,Entry,Office,North,6.0,32900.0,No,2,2,2,32,173,No
2058,44,Female,HR,Mid,Office,West,6.0,82200.0,No,3,3,0,18,167,No
2059,39,Male,Sales,Senior,Office,South,1.0,103800.0,Yes,1,3,0,47,206,Yes
2060,55,Male,Sales,Manager,Hybrid,Central,1.0,71500.0,Yes,4,4,1,32,178,No
2061,26,Male,Engineering,Senior,Office,South,4.0,94000.0,Yes,4,4,0,4,185,Yes
2062,31,Male,IT,Mid,Hybrid,North,7.0,77000.0,No,3,5,0,20,139,No
2063,22,Female,Operations,Senior,Hybrid,East,6.0,88500.0,Yes,4,3,1,31,168,No
2064,39,Male,Sales,Entry,Hybrid,West,4.0,45000.0,No,4,4,0,25,194,No
2065,58,Male,HR,Mid,Office,East,4.0,64000.0,No,3,4,0,41,173,No
2066,38,Male,Engineering,Manager,Hybrid,North,1.0,66600.0,No,3,5,2,14,170,No
2067,39,Female,Operations,Mid,Remote,West,2.0,87400.0,Yes,4,4,1,30,133,No
2068,43,Female,Engineering,Manager,Hybrid,West,1.0,42900.0,No,4,3,0,20,168,No
2069,37,Female,IT,Entry,Hybrid,North,6.0,37300.0,No,3,4,2,30,196,No
2070,41,Male,Operations,Entry,Hybrid,West,2.0,32100.0,No,2,4,2,21,171,No
2071,42,Female,Customer Support,Mid,Office,North,10.0,68300.0,No,4,5,0,29,181,No
2072,30,Female,HR,Senior,Hybrid,West,5.0,92800.0,No,3,3,2,46,165,No
2073,37,Female,IT,Mid,Hybrid,South,2.0,74400.0,No,3,3,0,9,164,No
2074,45,Male,Customer Support,Senior,Office,East,9.0,97200.0,No,1,5,2,53,172,No
2075,46,Male,Finance,Entry,Hybrid,South,2.0,41400.0,No,4,3,0,70,181,No
2076,50,Female,Operations,Senior,Office,East,2.0,99100.0,Yes,3,4,0,22,187,No
2077,41,Male,Engineering,Mid,Remote,West,2.0,65100.0,No,3,4,0,45,185,No
2078,41,Male,IT,Entry,Remote,North,9.0,34700.0,No,3,4,0,39,164,Yes
2079,45,Female,Finance,Senior,Hybrid,Central,13.0,78300.0,No,3,3,0,37,175,No
2080,33,Male,Sales,Senior,Hybrid,East,1.0,90500.0,Yes,4,5,1,19,146,No
2081,32,Female,Finance,Mid,Remote,South,18.0,69400.0,No,3,4,0,17,176,No
2082,37,Male,IT,Entry,Remote,South,7.0,33900.0,Yes,4,3,0,22,131,No
2083,27,Female,Marketing,Entry,Unknown,Central,3.0,43900.0,No,2,2,1,23,141,No
2084,42,Male,IT,Manager,Remote,West,6.0,52000.0,Yes,3,2,1,13,175,No
2085,47,Female,Marketing,Mid,Hybrid,West,9.0,68700.0,No,4,4,0,19,182,No
2086,32,Male,IT,Senior,Office,South,2.0,87700.0,No,3,3,0,40,147,No
2087,42,Female,Finance,Mid,Remote,Central,9.0,79500.0,Yes,5,3,1,47,182,No
2088,32,Male,Finance,Senior,Remote,East,4.0,92200.0,No,4,3,0,17,168,No
2089,29,Male,Marketing,Entry,Remote,Central,1.0,24000.0,No,2,4,0,57,194,No
2090,57,Male,HR,Mid,Remote,North,7.0,80600.0,No,2,4,3,11,200,No
2091,29,Female,Finance,Mid,Office,Central,11.0,82500.0,No,4,4,0,14,126,No
2092,26,Male,Customer Support,Entry,Remote,North,6.0,24000.0,No,3,4,2,5,209,No
2093,40,Female,Operations,Entry,Hybrid,East,2.0,24000.0,No,4,3,0,6,189,No
2094,40,Female,IT,Mid,Office,North,6.0,71100.0,No,3,2,2,42,183,No
2095,44,Male,Engineering,Senior,Hybrid,West,5.0,83700.0,No,4,3,0,22,164,No
2096,56,Female,Finance,Mid,Office,South,6.0,60500.0,No,3,4,1,27,181,No
2097,31,Male,Sales,Entry,Office,South,1.0,24000.0,No,4,4,2,24,178,No
2098,33,Male,Operations,Manager,Hybrid,South,1.0,59400.0,Yes,4,2,0,12,188,No
2099,52,Male,Sales,Entry,Remote,Central,3.0,33900.0,No,3,4,0,7,178,No
2100,46,Female,IT,Entry,Hybrid,West,8.0,50100.0,Yes,4,3,0,4,182,No
2101,45,Female,Marketing,Manager,Remote,East,7.0,44200.0,No,2,4,1,24,186,No
2102,33,Female,Sales,Senior,Office,West,8.0,106000.0,Yes,4,4,1,32,132,No
2103,48,Male,Customer Support,Manager,Remote,South,6.0,54400.0,Yes,3,2,1,15,166,Yes
2104,45,Male,Engineering,Senior,Office,East,7.0,89000.0,Yes,3,5,0,4,171,No
2105,40,Male,Operations,Mid,Hybrid,South,5.0,70700.0,No,1,3,0,37,164,No
2106,33,Female,Marketing,Mid,Remote,South,4.0,66900.0,No,2,4,0,39,194,No
2107,39,Female,Marketing,Mid,Office,East,7.0,74300.0,No,4,4,0,9,204,No
2108,53,Female,Engineering,Manager,Remote,North,2.0,58900.0,No,4,3,0,12,174,No
2109,28,Male,Finance,Senior,Hybrid,North,2.0,90700.0,No,4,4,0,35,174,No
2110,31,Female,IT,Mid,Hybrid,West,2.0,79600.0,No,3,3,0,4,174,No
2111,32,Female,Operations,Mid,Remote,South,5.0,83400.0,Yes,2,2,0,10,140,No
2112,34,Female,Operations,Mid,Hybrid,North,2.0,85400.0,No,2,4,0,44,154,No
2113,38,Male,IT,Mid,Office,East,0.5,61400.0,No,2,3,1,20,154,No
2114,47,Female,Operations,Senior,Hybrid,South,1.0,93600.0,No,4,5,2,27,187,Yes
2115,42,Female,Sales,Entry,Office,North,11.0,34400.0,Yes,5,4,0,12,163,No
2116,39,Male,Engineering,Mid,Remote,Central,5.0,62200.0,No,3,3,1,40,170,No
2117,40,Female,IT,Manager,Hybrid,West,9.0,38200.0,No,3,4,0,25,168,No
2118,44,Male,Sales,Mid,Hybrid,Central,1.0,71800.0,No,3,4,2,38,166,No
2119,23,Male,Sales,Mid,Hybrid,Central,6.0,68300.0,No,3,5,1,20,213,No
2120,48,Male,IT,Mid,Unknown,North,2.0,70400.0,No,2,3,0,12,173,No
2121,31,Female,IT,Entry,Hybrid,Central,6.0,24000.0,No,4,3,0,25,199,No
2122,34,Female,Sales,Entry,Hybrid,East,8.0,47400.0,No,3,4,1,16,157,No
2123,41,Male,IT,Entry,Unknown,South,7.0,24000.0,No,3,4,1,20,149,No
2124,37,Male,IT,Entry,Hybrid,Central,5.0,33300.0,No,5,2,0,16,189,No
2125,42,Female,Finance,Entry,Remote,Central,11.0,32700.0,No,3,4,1,11,174,No
2126,39,Male,Finance,Mid,Remote,East,8.0,56800.0,No,5,5,0,35,184,Yes
2127,35,Female,Finance,Entry,Hybrid,South,2.0,41200.0,Yes,3,4,2,32,207,Yes
2128,52,Female,Finance,Manager,Remote,South,2.0,55600.0,No,2,2,2,14,175,No
2129,44,Male,Sales,Entry,Remote,East,18.0,29400.0,No,3,3,1,47,179,No
2130,41,Male,Sales,Mid,Hybrid,East,3.0,81500.0,Yes,4,3,1,17,164,No
2131,44,Male,IT,Senior,Hybrid,South,4.0,93600.0,No,3,3,2,36,174,No
2132,32,Male,Marketing,Entry,Unknown,East,2.0,35900.0,No,2,4,0,4,176,No
2133,58,Female,Engineering,Mid,Hybrid,South,8.0,55100.0,No,4,4,0,22,181,No
2134,28,Female,Engineering,Senior,Remote,West,2.0,101400.0,Yes,3,5,0,4,177,Yes
2135,39,Male,Operations,Mid,Hybrid,East,5.0,73700.0,No,4,4,0,15,140,No
2136,35,Male,Operations,Entry,Hybrid,South,6.0,29800.0,No,3,3,0,31,202,No
2137,35,Female,Finance,Senior,Remote,West,3.0,86400.0,No,3,4,1,29,173,No
2138,34,Female,Customer Support,Mid,Hybrid,West,6.0,70000.0,Yes,5,3,0,17,203,No
2139,31,Male,Customer Support,Mid,Remote,West,13.0,69800.0,No,3,3,1,26,155,No
2140,49,Female,Customer Support,Entry,Office,North,5.0,24000.0,No,3,3,1,30,161,No
2141,27,Female,Customer Support,Entry,Hybrid,South,7.0,31200.0,Yes,4,4,2,18,167,No
2142,47,Female,HR,Senior,Hybrid,South,3.0,108200.0,No,1,4,0,34,163,No
2143,44,Male,Customer Support,Mid,Remote,North,3.0,59200.0,No,4,4,1,28,178,No
2144,35,Male,Customer Support,Entry,Hybrid,North,2.0,32400.0,No,5,3,0,19,193,No
2145,43,Male,Finance,Mid,Office,South,5.0,68200.0,No,4,2,0,48,198,No
2146,37,Female,Engineering,Manager,Office,South,9.0,45200.0,No,2,4,1,21,162,No
2147,28,Male,Sales,Entry,Hybrid,South,7.0,28700.0,No,3,4,0,13,159,No
2148,28,Female,Engineering,Entry,Remote,Central,3.0,28800.0,No,3,5,2,38,186,No
2149,44,Female,Customer Support,Mid,Hybrid,West,4.0,73700.0,Yes,4,3,2,33,150,No
2150,43,Male,Sales,Mid,Hybrid,West,13.0,61800.0,No,5,4,1,4,184,No
2151,40,Male,Operations,Mid,Hybrid,North,6.0,81800.0,No,5,4,0,4,166,No
2152,34,Male,Sales,Senior,Hybrid,Central,8.0,94700.0,No,3,2,2,32,162,No
2153,36,Male,Customer Support,Entry,Remote,Central,8.0,33300.0,No,3,2,1,17,120,No
2154,35,Male,Customer Support,Mid,Hybrid,South,3.0,82900.0,Yes,3,4,0,30,176,No
2155,22,Male,Operations,Mid,Remote,East,3.0,54700.0,No,4,4,0,21,194,No
2156,39,Female,Customer Support,Mid,Remote,South,3.0,77700.0,No,4,5,0,32,147,No
2157,43,Female,Sales,Mid,Office,South,3.0,70500.0,No,3,5,1,35,177,No
2158,39,Female,IT,Senior,Office,North,11.0,103200.0,Yes,3,3,2,4,181,Yes
2159,54,Female,HR,Mid,Remote,South,4.0,64800.0,No,5,3,0,14,160,No
2160,29,Female,Sales,Senior,Office,South,10.0,102400.0,Yes,4,2,0,45,180,No
2161,32,Female,HR,Entry,Office,North,4.0,24000.0,No,2,4,1,31,189,No
2162,39,Male,IT,Mid,Hybrid,North,4.0,75600.0,No,3,2,0,34,175,No
2163,40,Male,Finance,Mid,Hybrid,East,1.0,74600.0,No,4,3,0,54,182,No
2164,21,Female,HR,Mid,Office,East,3.0,70600.0,Yes,3,4,3,40,166,No
2165,43,Female,Customer Support,Entry,Hybrid,North,11.0,24000.0,No,5,3,3,27,187,No
2166,40,Male,IT,Manager,Office,South,11.0,46700.0,Yes,3,3,0,12,137,No
2167,21,Female,Customer Support,Senior,Remote,East,3.0,102300.0,Yes,3,3,2,42,186,No
2168,37,Male,HR,Senior,Office,West,0.5,107400.0,No,3,3,0,43,196,No
2169,31,Male,Finance,Senior,Office,Central,2.0,111600.0,No,4,2,0,30,156,No
2170,34,Male,Operations,Entry,Office,Central,3.0,32700.0,No,2,4,1,50,155,No
2171,26,Female,HR,Mid,Remote,South,3.0,74300.0,No,3,3,0,31,203,No
2172,42,Male,IT,Mid,Office,South,3.0,76000.0,No,4,4,1,29,179,No
2173,54,Female,Operations,Senior,Hybrid,South,5.0,111400.0,No,2,3,0,42,141,No
2174,40,Male,IT,Entry,Hybrid,Central,2.0,32700.0,No,2,3,0,34,167,No
2175,21,Female,Finance,Entry,Office,North,4.0,28800.0,No,2,4,1,37,137,No
2176,41,Male,Operations,Mid,Hybrid,West,6.0,69500.0,Yes,3,3,0,4,167,No
2177,36,Female,HR,Entry,Office,South,3.0,26600.0,Yes,3,3,0,32,170,No
2178,28,Male,Customer Support,Senior,Hybrid,East,5.0,97500.0,Yes,3,3,0,22,183,No
2179,41,Male,IT,Entry,Hybrid,South,13.0,24000.0,No,3,5,1,21,172,No
2180,46,Female,Engineering,Mid,Hybrid,West,7.0,66400.0,No,3,4,1,25,203,No
2181,32,Male,Customer Support,Senior,Office,West,6.0,93400.0,No,4,5,1,20,173,No
2182,23,Female,Engineering,Mid,Office,East,3.0,67900.0,Yes,4,5,0,37,133,No
2183,21,Female,Customer Support,Entry,Office,East,3.0,33400.0,No,5,3,0,13,183,No
2184,32,Female,Sales,Entry,Hybrid,East,4.0,34100.0,Yes,3,3,0,6,173,No
2185,37,Male,Operations,Entry,Hybrid,West,6.0,30400.0,No,3,4,0,26,168,No
2186,33,Female,IT,Entry,Hybrid,South,5.0,32400.0,No,4,3,0,44,192,No
2187,32,Male,Customer Support,Mid,Hybrid,South,5.0,73100.0,No,3,4,1,22,188,No
2188,43,Male,Operations,Mid,Office,East,8.0,37900.0,No,3,3,1,25,154,No
2189,42,Male,IT,Entry,Office,Central,6.0,24000.0,No,2,3,0,24,176,No
2190,40,Female,Engineering,Entry,Office,West,8.0,34400.0,No,3,2,1,58,201,No
2191,45,Male,Sales,Manager,Hybrid,West,2.0,42500.0,No,4,3,3,39,173,No
2192,32,Female,Operations,Entry,Office,North,2.0,35700.0,Yes,5,3,2,21,145,Yes
2193,28,Male,Marketing,Mid,Office,West,12.0,80200.0,Yes,5,3,3,25,179,No
2194,33,Female,Sales,Mid,Remote,North,0.5,69600.0,No,4,4,0,19,165,No
2195,33,Female,Operations,Entry,Hybrid,North,2.0,24000.0,Yes,4,3,1,50,172,No
2196,21,Male,Customer Support,Manager,Office,South,3.0,50100.0,No,4,4,1,10,152,No
2197,33,Female,Sales,Entry,Hybrid,West,10.0,27600.0,Yes,3,3,0,16,178,No
2198,48,Female,Operations,Mid,Office,West,2.0,77600.0,No,3,3,0,39,159,No
2199,45,Female,IT,Mid,Office,North,1.0,50900.0,No,4,3,0,48,187,No
2200,43,Female,Marketing,Senior,Remote,South,2.0,87400.0,Yes,3,3,0,28,198,No
2201,39,Female,Sales,Mid,Office,West,3.0,62900.0,Yes,4,4,0,25,175,No
2202,51,Male,Engineering,Senior,Office,West,5.0,71300.0,No,1,3,0,28,152,No
2203,28,Female,Customer Support,Mid,Office,West,7.0,67500.0,Yes,3,2,0,29,156,No
2204,29,Female,IT,Mid,Hybrid,North,8.0,58500.0,Yes,4,4,0,53,175,No
2205,48,Female,Finance,Senior,Remote,Central,1.0,90500.0,Yes,4,4,2,33,177,No
2206,38,Male,Operations,Mid,Office,Central,0.5,67600.0,No,3,3,0,24,160,Yes
2207,32,Female,Marketing,Mid,Hybrid,South,5.0,76100.0,No,2,4,0,33,167,No
2208,43,Female,HR,Entry,Hybrid,West,2.0,25700.0,No,3,5,0,39,183,No
2209,34,Male,IT,Entry,Office,Central,3.0,24000.0,No,4,3,0,17,192,No
2210,30,Male,Sales,Mid,Hybrid,West,4.0,75100.0,No,4,4,0,31,171,No
2211,30,Female,Engineering,Entry,Office,East,3.0,49800.0,No,4,5,3,28,183,No
2212,41,Male,HR,Mid,Office,North,1.0,81700.0,No,4,4,1,14,171,No
2213,40,Female,Customer Support,Entry,Hybrid,South,5.0,34100.0,No,4,3,0,23,177,No
2214,52,Male,Operations,Mid,Office,South,15.0,70200.0,No,4,5,1,22,158,No
2215,35,Female,Engineering,Senior,Remote,North,4.0,89600.0,Yes,4,4,0,22,179,Yes
2216,35,Female,Sales,Mid,Hybrid,West,16.0,67000.0,No,3,4,0,50,198,No
2217,51,Female,Sales,Mid,Hybrid,North,0.5,74200.0,No,3,3,0,28,178,No
2218,47,Male,Engineering,Entry,Hybrid,North,2.0,24000.0,Yes,4,4,0,32,179,Yes
2219,39,Male,Engineering,Entry,Office,South,13.0,30000.0,Yes,3,3,1,36,153,No
2220,24,Female,Finance,Mid,Office,North,2.0,66000.0,Yes,2,4,0,27,178,No
2221,31,Male,Finance,Senior,Hybrid,West,5.0,78600.0,Yes,5,3,0,23,130,No
2222,29,Female,HR,Senior,Hybrid,West,4.0,87900.0,Yes,4,2,1,46,184,No
2223,38,Female,HR,Mid,Office,West,3.0,83300.0,No,4,3,0,46,200,No
2224,33,Female,IT,Senior,Office,North,8.0,95200.0,No,3,4,1,39,160,No
2225,52,Male,Customer Support,Senior,Office,North,4.0,62000.0,Yes,4,4,2,27,166,No
2226,24,Male,IT,Senior,Hybrid,Central,7.0,87900.0,No,2,4,0,32,190,No
2227,28,Male,Marketing,Senior,Hybrid,East,13.0,102100.0,No,3,3,0,18,155,No
2228,40,Female,Sales,Entry,Hybrid,South,8.0,25300.0,No,4,4,0,29,180,No
2229,43,Female,Sales,Entry,Hybrid,West,2.0,32700.0,No,4,4,0,14,156,No
2230,21,Male,Operations,Mid,Office,North,18.0,68400.0,No,2,5,1,38,182,No
2231,22,Male,Finance,Mid,Hybrid,West,6.0,73700.0,Yes,4,3,0,48,166,No
2232,36,Female,Operations,Senior,Hybrid,Central,4.0,94300.0,Yes,3,4,0,14,120,No
2233,50,Female,Sales,Mid,Hybrid,North,2.0,66200.0,No,3,4,1,49,150,Yes
2234,55,Female,Engineering,Entry,Hybrid,South,5.0,33100.0,No,2,4,1,36,169,No
2235,34,Male,Marketing,Senior,Hybrid,South,2.0,107800.0,Yes,5,2,0,19,208,No
2236,36,Female,Customer Support,Entry,Office,South,1.0,31500.0,No,3,5,0,31,166,No
2237,30,Female,Sales,Senior,Remote,East,2.0,94900.0,No,4,4,0,46,157,No
2238,44,Female,Finance,Entry,Office,Central,1.0,24000.0,No,2,3,0,43,177,No
2239,52,Female,Finance,Mid,Hybrid,East,1.0,80400.0,No,2,3,0,42,120,No
2240,49,Male,Operations,Mid,Hybrid,North,3.0,67400.0,Yes,4,4,0,24,196,No
2241,38,Female,IT,Mid,Hybrid,West,4.0,77000.0,Yes,2,3,0,17,183,No
2242,30,Female,Sales,Entry,Office,West,6.0,34900.0,Yes,5,3,2,28,161,No
2243,38,Male,Finance,Entry,Remote,West,6.0,36900.0,Yes,5,3,0,29,185,No
2244,50,Female,IT,Mid,Remote,Central,3.0,81100.0,No,3,4,1,25,177,No
2245,34,Female,Finance,Mid,Hybrid,Central,3.0,80700.0,No,3,4,0,21,168,No
2246,22,Female,IT,Senior,Office,East,5.0,82700.0,No,1,3,0,16,182,No
2247,35,Female,IT,Entry,Hybrid,East,2.0,24000.0,No,2,3,3,37,169,No
2248,35,Female,Operations,Mid,Hybrid,North,7.0,59600.0,No,4,4,1,20,174,No
2249,22,Male,Finance,Entry,Office,West,3.0,24000.0,Yes,5,3,0,38,182,No
2250,40,Male,Finance,Manager,Remote,South,8.0,63700.0,No,3,3,1,24,163,No
2251,43,Female,Operations,Senior,Office,West,5.0,85100.0,No,3,3,1,27,168,No
2252,55,Female,Customer Support,Manager,Hybrid,East,4.0,39900.0,No,2,4,1,14,148,No
2253,26,Female,Finance,Senior,Remote,South,9.0,93500.0,No,2,5,0,33,145,No
2254,45,Male,Operations,Mid,Hybrid,East,1.0,65300.0,No,5,3,0,25,137,No
2255,47,Female,Engineering,Mid,Hybrid,South,6.0,92400.0,Yes,4,4,2,15,178,No
2256,43,Male,Operations,Mid,Hybrid,South,12.0,69500.0,Yes,2,3,0,25,165,No
2257,29,Female,Engineering,Senior,Office,South,5.0,98000.0,No,4,3,0,18,147,No
2258,28,Female,Customer Support,Mid,Hybrid,West,4.0,65000.0,No,5,3,1,9,163,No
2259,39,Female,Sales,Mid,Hybrid,North,8.0,57000.0,Yes,3,4,0,37,150,No
2260,39,Male,HR,Senior,Remote,West,3.0,87400.0,Yes,3,2,1,14,175,No
2261,33,Female,Marketing,Senior,Hybrid,North,3.0,87500.0,No,4,3,0,33,191,No
2262,50,Female,Engineering,Manager,Office,South,2.0,43500.0,No,4,4,2,55,198,No
2263,34,Female,HR,Entry,Office,South,3.0,24000.0,No,4,4,0,17,168,No
2264,21,Female,Sales,Entry,Office,Central,7.0,29200.0,No,3,5,0,34,167,No
2265,36,Male,Operations,Mid,Office,East,4.0,69000.0,Yes,3,4,3,23,135,Yes
2266,42,Female,Sales,Mid,Remote,East,2.0,58100.0,Yes,2,4,1,31,142,No
2267,41,Male,Marketing,Mid,Hybrid,West,10.0,73000.0,No,2,2,0,7,198,No
2268,41,Female,Operations,Mid,Unknown,East,9.0,78900.0,No,4,4,2,33,174,No
2269,51,Male,Marketing,Senior,Office,North,2.0,104800.0,No,3,4,0,29,193,No
2270,28,Male,Customer Support,Entry,Hybrid,East,9.0,24000.0,Yes,4,3,0,57,133,No
2271,34,Male,Operations,Mid,Office,West,7.0,65400.0,No,3,3,2,4,169,No
2272,52,Female,Operations,Senior,Hybrid,Central,5.0,81700.0,No,3,4,1,22,136,No
2273,21,Female,Marketing,Mid,Office,North,12.0,66100.0,Yes,3,5,0,33,128,No
2274,38,Female,Customer Support,Mid,Office,North,6.0,84500.0,No,4,4,3,39,153,No
2275,49,Female,Customer Support,Entry,Office,West,2.0,24000.0,No,4,3,1,27,207,No
2276,49,Female,Sales,Entry,Hybrid,North,3.0,24000.0,Yes,3,4,3,43,155,No
2277,44,Female,Operations,Senior,Unknown,North,1.0,86500.0,Yes,3,3,1,29,196,No
2278,44,Male,IT,Mid,Hybrid,East,6.0,86600.0,No,3,4,0,30,166,No
2279,29,Female,Customer Support,Entry,Remote,South,12.0,24000.0,No,3,3,3,7,196,No
2280,50,Male,Operations,Manager,Office,Central,6.0,45000.0,Yes,4,4,1,35,185,No
2281,27,Male,HR,Mid,Hybrid,North,5.0,64200.0,No,3,3,1,46,197,No
2282,28,Female,IT,Senior,Office,East,8.0,78500.0,No,3,3,0,16,161,No
2283,41,Male,Finance,Mid,Hybrid,North,7.0,81900.0,No,4,4,2,23,176,No
2284,34,Female,Marketing,Manager,Office,West,10.0,33800.0,No,4,3,1,11,173,No
2285,40,Female,IT,Entry,Hybrid,Central,4.0,24000.0,No,4,4,0,34,222,No
2286,42,Female,Sales,Entry,Hybrid,West,6.0,27300.0,Yes,3,3,0,26,189,No
2287,54,Female,Customer Support,Senior,Remote,South,4.0,87200.0,Yes,5,4,3,38,168,No
2288,42,Female,Customer Support,Senior,Office,North,1.0,78400.0,No,3,3,1,27,212,No
2289,32,Female,IT,Mid,Office,North,2.0,70500.0,No,3,4,1,27,213,No
2290,44,Female,IT,Entry,Hybrid,West,3.0,24000.0,No,5,4,1,27,158,No
2291,31,Male,Engineering,Mid,Remote,West,1.0,79300.0,No,3,3,0,30,177,No
2292,46,Male,Marketing,Senior,Hybrid,West,5.0,98600.0,Yes,5,3,1,28,163,No
2293,39,Male,Operations,Senior,Hybrid,Central,8.0,111500.0,No,2,5,0,33,140,No
2294,42,Male,Finance,Mid,Hybrid,North,3.0,73000.0,No,3,4,0,45,175,No
2295,22,Female,IT,Entry,Office,West,1.0,33300.0,No,2,3,2,40,120,No
2296,21,Female,Sales,Mid,Remote,West,2.0,68800.0,No,2,4,0,49,173,No
2297,24,Male,Marketing,Senior,Office,South,4.0,109400.0,No,4,3,0,14,170,No
2298,54,Female,Sales,Mid,Office,North,8.0,72100.0,No,4,4,0,19,170,No
2299,28,Male,Sales,Mid,Office,South,5.0,71100.0,Yes,3,2,2,41,167,No
2300,45,Female,Marketing,Manager,Office,South,5.0,54900.0,No,5,4,0,16,162,No
2301,32,Male,Engineering,Entry,Office,West,6.0,24000.0,No,4,3,1,47,137,No
2302,36,Male,Marketing,Mid,Remote,West,9.0,67500.0,No,3,3,0,22,143,No
2303,38,Male,HR,Mid,Hybrid,South,12.0,76900.0,No,2,2,0,26,170,No
2304,53,Male,Operations,Mid,Hybrid,West,3.0,78600.0,Yes,4,4,0,24,170,Yes
2305,43,Male,HR,Senior,Office,South,4.0,99400.0,No,3,4,3,28,188,No
2306,41,Male,Finance,Mid,Office,East,3.0,71300.0,No,4,2,0,48,161,No
2307,50,Male,Operations,Mid,Office,North,6.0,74400.0,Yes,4,4,0,44,150,No
2308,32,Female,HR,Entry,Hybrid,East,1.0,36600.0,No,3,3,0,51,165,No
2309,48,Male,Operations,Senior,Hybrid,Central,14.0,84200.0,No,5,4,1,55,127,No
2310,46,Male,Customer Support,Entry,Hybrid,Central,6.0,28000.0,No,3,3,0,23,175,No
2311,46,Female,Engineering,Entry,Remote,East,6.0,24000.0,Yes,4,4,1,16,182,No
2312,37,Female,Sales,Mid,Remote,East,2.0,78700.0,No,4,2,0,30,197,No
2313,34,Male,Finance,Mid,Remote,South,3.0,65000.0,Yes,4,4,1,32,177,No
2314,30,Female,IT,Manager,Hybrid,West,1.0,43200.0,No,5,4,0,10,148,No
2315,31,Male,Finance,Senior,Office,North,2.0,92900.0,No,3,4,1,38,157,No
2316,30,Male,IT,Senior,Hybrid,Central,9.0,99600.0,Yes,2,3,0,16,167,No
2317,41,Male,IT,Mid,Hybrid,West,1.0,93500.0,Yes,3,5,2,23,157,No
2318,36,Female,Customer Support,Mid,Office,South,16.0,58000.0,No,5,3,1,37,148,No
2319,42,Female,Operations,Manager,Hybrid,West,10.0,42400.0,No,5,4,0,34,159,No
2320,42,Male,Engineering,Mid,Office,Central,6.0,74100.0,Yes,3,3,1,29,190,No
2321,28,Female,Sales,Senior,Office,West,2.0,87500.0,Yes,3,3,2,31,178,Yes
2322,28,Male,Sales,Mid,Remote,North,7.0,79500.0,Yes,3,3,0,36,188,No
2323,36,Male,HR,Entry,Hybrid,East,7.0,26500.0,No,4,3,0,21,155,No
2324,31,Female,Sales,Mid,Hybrid,East,3.0,80000.0,No,4,4,0,32,198,No
2325,30,Female,IT,Entry,Remote,East,6.0,25800.0,Yes,4,5,0,28,178,No
2326,53,Female,Engineering,Entry,Hybrid,North,4.0,32900.0,No,4,4,1,30,179,No
2327,24,Male,IT,Entry,Hybrid,North,1.0,24000.0,No,5,3,2,42,170,No
2328,56,Male,IT,Entry,Hybrid,Central,2.0,45400.0,No,3,3,0,31,121,No
2329,41,Female,Operations,Mid,Hybrid,North,9.0,56700.0,No,3,4,3,45,199,No
2330,47,Female,Operations,Senior,Office,South,3.0,87600.0,No,3,3,0,22,177,No
2331,46,Male,Operations,Mid,Office,South,3.0,59200.0,No,3,4,2,27,151,No
2332,44,Female,Finance,Senior,Hybrid,West,5.0,101200.0,Yes,4,4,0,10,212,No
2333,53,Male,Customer Support,Mid,Remote,South,1.0,76900.0,Yes,4,3,2,16,171,No
2334,28,Female,Sales,Entry,Hybrid,South,5.0,24000.0,Yes,5,5,2,24,164,No
2335,37,Male,HR,Entry,Hybrid,Central,5.0,37000.0,No,3,3,0,34,151,No
2336,30,Male,Marketing,Manager,Hybrid,Central,7.0,43700.0,No,4,4,0,22,158,No
2337,23,Male,Customer Support,Mid,Hybrid,North,2.0,75500.0,Yes,3,4,0,15,139,No
2338,32,Female,Finance,Manager,Remote,East,3.0,55600.0,Yes,4,4,0,32,162,No
2339,55,Male,Operations,Mid,Office,East,5.0,69800.0,No,5,3,3,8,168,No
2340,36,Male,Sales,Senior,Hybrid,East,2.0,102200.0,No,3,3,1,8,182,No
2341,56,Female,IT,Senior,Remote,South,5.0,92700.0,No,5,3,1,18,135,No
2342,57,Female,Sales,Manager,Hybrid,West,5.0,53000.0,No,3,4,1,33,155,Yes
2343,62,Male,Marketing,Entry,Hybrid,South,0.5,25500.0,No,3,4,0,18,146,Yes
2344,55,Female,IT,Manager,Hybrid,West,8.0,33200.0,Yes,3,2,1,29,189,No
2345,59,Male,Marketing,Mid,Hybrid,North,2.0,70900.0,No,4,4,0,37,184,No
2346,41,Female,Sales,Senior,Hybrid,South,5.0,86100.0,No,3,3,1,34,133,No
2347,40,Female,Customer Support,Mid,Remote,South,14.0,84500.0,No,4,3,1,49,165,No
2348,41,Male,Customer Support,Mid,Office,North,2.0,59700.0,Yes,1,3,1,30,199,No
2349,38,Female,Sales,Mid,Office,South,6.0,83000.0,No,3,3,0,45,186,No
2350,39,Female,Sales,Senior,Hybrid,West,17.0,92400.0,No,5,5,1,35,164,No
2351,45,Female,Sales,Entry,Hybrid,North,7.0,31700.0,No,2,3,0,23,180,No
2352,34,Male,Customer Support,Mid,Hybrid,West,10.0,59600.0,No,3,3,0,16,187,No
2353,26,Female,IT,Mid,Office,Central,2.0,69200.0,Yes,4,3,1,30,206,No
2354,41,Male,Operations,Senior,Unknown,East,12.0,88000.0,No,3,5,0,12,162,No
2355,32,Female,HR,Mid,Hybrid,North,1.0,90900.0,Yes,3,4,0,25,198,No
2356,33,Female,Customer Support,Mid,Hybrid,East,7.0,65800.0,No,4,3,2,26,160,No
2357,37,Male,Operations,Mid,Hybrid,South,4.0,82400.0,No,4,4,0,42,159,No
2358,35,Male,Operations,Mid,Remote,North,3.0,82500.0,No,3,4,0,19,167,No
2359,48,Male,Engineering,Mid,Hybrid,East,3.0,82300.0,No,4,3,0,33,174,No
2360,36,Female,IT,Senior,Office,East,7.0,88700.0,No,4,3,0,16,186,No
2361,48,Male,Customer Support,Senior,Remote,North,2.0,110200.0,No,4,2,0,38,169,No
2362,40,Female,Sales,Mid,Office,South,3.0,90100.0,Yes,4,3,0,46,161,No
2363,37,Male,HR,Entry,Hybrid,East,7.0,31300.0,No,5,3,0,18,154,No
2364,39,Female,Customer Support,Mid,Office,South,9.0,67800.0,No,3,4,0,30,183,No
2365,26,Female,Marketing,Entry,Hybrid,West,4.0,24000.0,No,3,3,0,59,172,No
2366,41,Male,Marketing,Entry,Hybrid,North,12.0,32200.0,Yes,3,4,1,19,177,No
2367,46,Male,IT,Senior,Hybrid,East,5.0,94600.0,No,4,4,0,11,179,No
2368,47,Female,HR,Mid,Hybrid,Central,5.0,73600.0,Yes,3,3,0,31,199,No
2369,26,Female,Finance,Mid,Hybrid,West,18.0,59900.0,Yes,1,5,1,15,193,No
2370,24,Female,Operations,Manager,Hybrid,West,6.0,50300.0,No,4,3,0,32,186,Yes
2371,33,Female,HR,Entry,Hybrid,North,15.0,38300.0,No,3,4,0,38,168,No
2372,50,Male,Finance,Entry,Hybrid,North,18.0,35300.0,No,5,2,0,16,145,No
2373,40,Female,Finance,Entry,Remote,West,2.0,24300.0,Yes,4,4,1,10,161,No
2374,31,Female,IT,Entry,Hybrid,West,2.0,27000.0,No,5,2,0,40,169,No
2375,25,Male,Finance,Senior,Hybrid,South,1.0,80800.0,No,3,5,0,49,157,No
2376,32,Female,Sales,Senior,Office,South,7.0,88000.0,No,4,4,0,24,182,No
2377,31,Female,Customer Support,Mid,Remote,West,7.0,68900.0,No,4,3,0,45,172,No
2378,46,Male,Operations,Entry,Office,South,3.0,33700.0,No,5,4,0,49,153,No
2379,47,Male,Sales,Mid,Hybrid,West,0.5,65600.0,No,4,2,1,37,198,No
2380,29,Male,Marketing,Entry,Remote,South,6.0,24000.0,Yes,3,3,1,30,180,No
2381,45,Male,Customer Support,Mid,Hybrid,Central,1.0,78800.0,No,4,4,1,36,173,No
2382,44,Male,IT,Mid,Office,West,4.0,68200.0,No,3,4,0,38,193,No
2383,27,Female,IT,Entry,Hybrid,West,8.0,24000.0,No,3,3,0,4,155,No
2384,37,Female,Sales,Senior,Remote,North,5.0,101300.0,No,3,4,0,27,159,No
2385,41,Male,Sales,Senior,Remote,Central,9.0,98100.0,Yes,3,4,1,12,164,No
2386,39,Male,Customer Support,Mid,Office,East,4.0,70100.0,No,3,4,0,17,181,No
2387,23,Female,Engineering,Mid,Remote,North,3.0,68800.0,No,3,2,1,32,178,No
2388,39,Male,Sales,Mid,Hybrid,East,2.0,75400.0,No,4,3,2,27,230,No
2389,44,Female,Marketing,Entry,Hybrid,West,7.0,32800.0,Yes,4,4,0,28,152,No
2390,52,Female,Sales,Entry,Office,Central,4.0,29900.0,No,4,2,1,26,173,No
2391,32,Male,Operations,Mid,Hybrid,South,2.0,73100.0,No,4,3,1,26,166,No
2392,33,Male,Marketing,Manager,Office,South,6.0,44500.0,No,2,5,1,28,180,No
2393,36,Female,Finance,Mid,Hybrid,West,1.0,67100.0,No,4,3,1,47,188,No
2394,41,Female,Sales,Mid,Hybrid,Central,5.0,70500.0,Yes,4,3,0,36,176,No
2395,39,Male,Operations,Mid,Hybrid,Central,6.0,63400.0,No,5,3,1,17,178,No
2396,43,Female,Engineering,Mid,Hybrid,East,6.0,62300.0,Yes,3,4,0,23,164,No
2397,28,Male,IT,Entry,Hybrid,South,12.0,27200.0,No,5,4,3,36,204,No
2398,42,Female,IT,Mid,Office,North,4.0,80900.0,No,4,5,0,25,162,No
2399,31,Male,Sales,Senior,Office,North,6.0,75300.0,No,1,3,0,34,120,No
2400,37,Male,Operations,Senior,Hybrid,Central,6.0,90500.0,No,3,4,1,28,159,No
2401,53,Male,Operations,Manager,Hybrid,Central,4.0,52500.0,Yes,3,2,1,31,219,Yes
2402,25,Male,Customer Support,Entry,Hybrid,West,2.0,37700.0,No,3,2,1,43,147,No
2403,35,Male,Marketing,Mid,Office,West,8.0,88200.0,No,4,5,0,33,181,No
2404,27,Male,Customer Support,Mid,Office,East,0.5,69700.0,No,4,4,1,51,155,No
2405,39,Male,Customer Support,Entry,Hybrid,Central,2.0,45800.0,No,3,4,0,20,180,No
2406,47,Female,IT,Entry,Remote,South,3.0,32100.0,No,3,4,1,17,193,No
2407,40,Female,Operations,Senior,Office,East,2.0,101300.0,No,4,3,0,33,162,No
2408,37,Male,IT,Mid,Office,North,5.0,62400.0,No,3,5,0,25,197,No
2409,50,Male,Finance,Mid,Office,West,10.0,76100.0,Yes,4,3,0,30,193,No
2410,41,Female,Engineering,Entry,Hybrid,Central,16.0,36100.0,No,3,4,0,32,177,No
2411,45,Male,Marketing,Mid,Office,North,4.0,65800.0,No,3,5,1,13,170,No
2412,44,Male,Engineering,Entry,Office,South,6.0,24000.0,No,2,3,0,4,167,No
2413,21,Male,HR,Entry,Remote,West,5.0,29300.0,No,3,5,2,37,155,No
2414,37,Male,Operations,Mid,Hybrid,North,4.0,70100.0,No,5,4,0,11,149,No
2415,28,Male,Operations,Mid,Remote,South,4.0,84100.0,No,3,3,0,22,183,No
2416,31,Male,Sales,Manager,Hybrid,North,14.0,45200.0,No,3,5,2,26,178,No
2417,51,Female,IT,Mid,Hybrid,South,1.0,65700.0,No,3,3,0,27,179,No
2418,35,Male,Operations,Entry,Hybrid,Central,8.0,24000.0,No,3,3,0,37,191,No
2419,55,Male,Sales,Entry,Hybrid,South,2.0,24000.0,Yes,3,4,0,36,171,No
2420,25,Female,Engineering,Senior,Office,South,4.0,118000.0,No,4,3,0,31,198,No
2421,28,Female,Sales,Entry,Hybrid,Central,2.0,24000.0,No,3,5,0,35,138,No
2422,45,Female,IT,Entry,Remote,East,1.0,24000.0,No,4,2,1,16,207,No
2423,35,Female,Customer Support,Mid,Hybrid,North,9.0,71500.0,No,2,5,0,19,170,No
2424,41,Male,Sales,Entry,Office,Central,3.0,45800.0,Yes,3,2,0,71,157,No
2425,37,Male,Engineering,Mid,Hybrid,West,5.0,78700.0,Yes,4,1,1,30,169,No
2426,37,Female,Marketing,Mid,Hybrid,West,6.0,86000.0,Yes,3,4,2,39,203,No
2427,35,Female,Sales,Entry,Hybrid,West,12.0,24500.0,No,4,4,1,14,158,No
2428,40,Female,Marketing,Senior,Office,South,1.0,81500.0,No,3,5,0,37,173,No
2429,44,Female,Operations,Mid,Hybrid,Central,13.0,68000.0,No,3,5,2,25,150,No
2430,53,Female,Marketing,Mid,Hybrid,West,5.0,70900.0,No,5,4,0,22,179,No
2431,36,Male,Customer Support,Entry,Remote,North,5.0,28100.0,No,4,4,0,49,196,No
2432,34,Female,Marketing,Mid,Hybrid,East,4.0,70100.0,No,2,4,0,46,177,No
2433,33,Male,Operations,Mid,Office,North,3.0,77300.0,No,5,5,1,28,164,No
2434,51,Female,Finance,Mid,Hybrid,North,1.0,65600.0,No,2,3,0,31,163,No
2435,44,Female,Marketing,Mid,Hybrid,West,10.0,63700.0,No,5,3,1,23,173,No
2436,21,Female,Engineering,Manager,Hybrid,South,1.0,39200.0,No,3,4,0,14,182,Yes
2437,21,Male,Operations,Entry,Office,South,3.0,29800.0,Yes,2,4,0,29,188,No
2438,31,Male,Marketing,Senior,Hybrid,West,9.0,95000.0,No,3,5,2,31,150,No
2439,40,Female,HR,Senior,Office,South,4.0,103800.0,No,3,3,0,41,161,No
2440,38,Female,Marketing,Mid,Office,West,2.0,85900.0,Yes,3,3,1,35,200,Yes
2441,43,Female,Engineering,Mid,Remote,West,8.0,61100.0,Yes,3,4,0,16,181,No
2442,36,Female,IT,Mid,Office,West,3.0,72200.0,No,4,3,0,4,174,No
2443,51,Male,IT,Manager,Hybrid,South,3.0,48200.0,No,5,5,0,24,187,Yes
2444,45,Male,Operations,Mid,Hybrid,East,1.0,58200.0,No,4,3,1,13,124,No
2445,39,Female,Operations,Mid,Hybrid,South,3.0,67200.0,Yes,3,3,0,27,184,No
2446,48,Male,Operations,Entry,Remote,South,3.0,42100.0,No,3,4,1,33,222,No
2447,23,Male,Sales,Senior,Hybrid,North,6.0,88300.0,Yes,3,3,0,32,173,No
2448,37,Male,HR,Entry,Hybrid,North,2.0,24000.0,No,3,3,0,23,177,No
2449,39,Female,Operations,Entry,Hybrid,North,11.0,27500.0,Yes,2,4,1,33,164,No
2450,43,Female,Operations,Entry,Hybrid,South,10.0,36200.0,No,5,3,0,45,152,No
2451,23,Male,Operations,Mid,Remote,East,10.0,69300.0,No,4,4,2,33,161,Yes
2452,36,Female,Marketing,Senior,Remote,West,5.0,95100.0,No,4,4,1,33,189,No
2453,42,Male,Operations,Senior,Remote,South,8.0,73400.0,No,4,2,0,22,182,No
2454,42,Female,Customer Support,Entry,Remote,South,7.0,33200.0,No,1,3,0,30,154,No
2455,49,Male,Operations,Mid,Hybrid,Central,9.0,74000.0,Yes,5,4,1,47,158,No
2456,45,Male,Operations,Senior,Hybrid,East,9.0,102000.0,Yes,3,4,0,28,159,No
2457,37,Male,Operations,Mid,Hybrid,South,7.0,55200.0,No,3,3,0,24,174,No
2458,44,Male,Sales,Entry,Office,West,8.0,25300.0,Yes,3,3,1,43,167,Yes
2459,36,Female,IT,Mid,Remote,West,7.0,80700.0,No,4,4,1,26,170,Yes
2460,39,Female,Operations,Mid,Hybrid,South,8.0,67000.0,No,5,4,0,36,150,No
2461,45,Female,Customer Support,Manager,Hybrid,South,5.0,50500.0,No,5,4,1,31,203,No
2462,38,Female,Marketing,Mid,Hybrid,South,3.0,68300.0,Yes,3,4,0,35,177,Yes
2463,41,Female,Sales,Entry,Hybrid,East,2.0,24500.0,No,2,3,1,39,161,No
2464,47,Female,Operations,Senior,Office,Central,1.0,104500.0,No,3,4,0,44,155,Yes
2465,44,Male,IT,Entry,Remote,North,2.0,24000.0,No,3,3,1,41,163,No
2466,49,Female,Marketing,Senior,Office,Central,9.0,93500.0,No,2,4,0,46,194,No
2467,59,Male,Customer Support,Mid,Hybrid,West,12.0,74300.0,No,4,3,0,26,201,No
2468,44,Female,Operations,Entry,Hybrid,Central,7.0,36400.0,No,3,3,0,14,158,No
2469,34,Male,Operations,Mid,Office,East,5.0,70900.0,No,4,4,1,27,162,No
2470,43,Male,Finance,Entry,Remote,West,1.0,36700.0,No,4,2,2,63,138,No
2471,42,Female,HR,Entry,Hybrid,West,4.0,27500.0,Yes,4,5,0,27,139,No
2472,44,Female,Customer Support,Mid,Remote,East,3.0,73100.0,No,3,3,1,6,174,No
2473,51,Female,Marketing,Senior,Hybrid,West,3.0,94700.0,No,5,1,1,61,165,No
2474,23,Female,Operations,Senior,Remote,West,5.0,99900.0,Yes,3,4,0,31,164,No
2475,52,Male,Finance,Mid,Office,West,7.0,76900.0,Yes,3,3,0,19,161,No
2476,55,Male,Sales,Entry,Remote,East,5.0,24000.0,No,3,3,0,15,177,No
2477,43,Male,Sales,Mid,Remote,South,17.0,74000.0,No,4,5,0,30,174,No
2478,43,Female,IT,Mid,Remote,Central,5.0,76900.0,No,4,4,0,38,192,No
2479,36,Male,Finance,Entry,Hybrid,Central,1.0,41200.0,Yes,3,3,2,37,223,No
2480,38,Female,Engineering,Senior,Remote,North,14.0,84900.0,No,3,4,1,40,150,No
2481,44,Male,Operations,Manager,Hybrid,South,4.0,54800.0,Yes,5,4,1,11,146,No
2482,44,Female,IT,Entry,Hybrid,North,12.0,24900.0,No,2,2,1,15,203,No
2483,44,Female,Sales,Senior,Hybrid,South,1.0,95700.0,No,5,5,0,29,170,No
2484,44,Male,Finance,Mid,Office,North,2.0,62300.0,Yes,3,4,1,42,187,Yes
2485,46,Female,Customer Support,Entry,Hybrid,South,2.0,27900.0,No,3,5,1,24,149,No
2486,45,Male,Finance,Mid,Hybrid,West,9.0,74900.0,Yes,4,3,0,4,150,No
2487,29,Female,Customer Support,Entry,Office,North,10.0,24000.0,No,4,4,0,39,188,No
2488,45,Male,Customer Support,Entry,Hybrid,West,7.0,41000.0,No,3,3,0,4,146,No
2489,55,Male,Sales,Manager,Office,East,6.0,36100.0,No,4,1,1,23,200,No
2490,38,Male,Operations,Mid,Remote,East,1.0,76800.0,No,3,4,1,38,188,No
2491,51,Male,Engineering,Entry,Office,North,3.0,24000.0,No,3,4,0,38,157,No
2492,30,Male,HR,Mid,Hybrid,South,3.0,69700.0,No,2,3,0,9,202,Yes
2493,38,Male,Sales,Manager,Office,West,1.0,54300.0,No,4,1,1,40,182,No
2494,32,Male,Engineering,Mid,Hybrid,East,4.0,78400.0,No,3,3,0,45,167,No
2495,50,Male,Customer Support,Senior,Hybrid,East,7.0,93100.0,Yes,2,4,1,37,173,No
2496,53,Female,Operations,Senior,Hybrid,South,8.0,91800.0,No,3,3,1,26,132,No
2497,37,Female,Operations,Mid,Hybrid,South,7.0,77100.0,No,3,4,2,34,144,No
2498,49,Female,IT,Mid,Office,North,4.0,80600.0,No,4,3,0,20,187,No
2499,53,Male,Customer Support,Mid,Hybrid,North,3.0,84400.0,No,2,3,1,42,175,No
2500,38,Female,Operations,Senior,Office,South,4.0,82400.0,No,3,3,1,47,200,No
2501,39,Male,Sales,Mid,Hybrid,West,4.0,70200.0,Yes,2,2,0,24,179,No
2502,45,Female,Marketing,Entry,Hybrid,Central,2.0,24000.0,No,4,4,1,38,147,No
2503,30,Male,Engineering,Entry,Hybrid,East,3.0,24000.0,No,3,4,0,41,150,No
2504,39,Male,Customer Support,Mid,Office,East,3.0,65700.0,Yes,4,4,1,26,155,No
2505,57,Male,IT,Senior,Office,North,13.0,101800.0,Yes,3,4,1,4,159,No
2506,33,Female,Sales,Senior,Hybrid,East,9.0,89700.0,Yes,2,3,2,31,174,Yes
2507,46,Male,Engineering,Mid,Office,East,7.0,69400.0,No,3,1,2,4,195,No
2508,43,Male,Engineering,Entry,Hybrid,East,2.0,30700.0,No,2,3,3,48,184,No
2509,37,Female,Operations,Entry,Remote,East,8.0,24000.0,No,4,3,1,36,196,No
2510,40,Male,Operations,Senior,Office,Central,2.0,76000.0,No,5,5,1,26,179,No
2511,54,Male,HR,Mid,Hybrid,South,8.0,65300.0,No,4,3,1,40,163,No
2512,43,Female,HR,Senior,Hybrid,East,4.0,92900.0,Yes,3,4,1,15,143,No
2513,44,Male,Sales,Entry,Remote,East,10.0,32200.0,No,3,5,1,42,184,No
2514,52,Female,Sales,Mid,Remote,East,1.0,70100.0,No,4,3,0,31,169,No
2515,35,Female,IT,Senior,Remote,West,7.0,98100.0,No,4,4,1,32,187,No
2516,29,Male,Customer Support,Entry,Remote,South,10.0,36300.0,Yes,3,4,0,24,159,No
2517,54,Female,Sales,Entry,Hybrid,Central,4.0,38100.0,No,4,5,0,25,204,No
2518,39,Female,IT,Mid,Hybrid,South,4.0,73600.0,No,2,5,1,35,204,No
2519,46,Male,Operations,Mid,Hybrid,Central,5.0,61800.0,No,4,3,1,17,154,No
2520,31,Female,IT,Manager,Office,South,7.0,38800.0,No,3,3,0,13,178,No
2521,41,Female,IT,Senior,Hybrid,North,3.0,83600.0,No,3,3,0,41,140,No
2522,28,Male,Operations,Senior,Hybrid,West,3.0,84300.0,No,2,3,0,34,155,No
2523,39,Male,Finance,Entry,Office,Central,14.0,28900.0,No,4,3,1,17,154,No
2524,32,Male,Operations,Mid,Hybrid,West,4.0,89000.0,No,4,3,0,29,159,No
2525,30,Female,Engineering,Senior,Office,North,4.0,95900.0,Yes,3,4,1,29,166,No
2526,35,Female,IT,Mid,Office,South,3.0,71200.0,No,3,3,0,19,155,No
2527,21,Male,Engineering,Manager,Hybrid,North,7.0,58700.0,No,4,4,1,31,174,No
2528,28,Female,Engineering,Mid,Remote,Central,3.0,64500.0,Yes,5,3,0,28,140,No
2529,45,Female,Customer Support,Entry,Office,North,4.0,37400.0,No,5,2,0,39,191,No
2530,41,Female,Operations,Mid,Office,Central,9.0,80700.0,No,4,3,0,33,150,No
2531,28,Male,Operations,Mid,Remote,North,8.0,72500.0,No,4,3,1,22,168,No
2532,43,Female,Operations,Entry,Hybrid,North,4.0,46800.0,No,2,5,2,21,163,No
2533,30,Female,Marketing,Mid,Hybrid,West,5.0,82000.0,No,5,4,1,33,192,No
2534,44,Male,Sales,Senior,Hybrid,South,2.0,94400.0,Yes,1,5,1,6,164,No
2535,37,Male,Engineering,Entry,Remote,East,5.0,26700.0,No,4,4,1,14,200,No
2536,35,Male,Operations,Mid,Remote,West,16.0,68100.0,No,3,2,0,26,178,No
2537,37,Male,Customer Support,Mid,Office,North,8.0,70800.0,Yes,1,3,0,26,152,No
2538,61,Male,Finance,Senior,Hybrid,South,2.0,93100.0,Yes,4,2,1,40,167,No
2539,31,Male,Sales,Mid,Hybrid,North,1.0,69100.0,Yes,3,5,0,11,170,No
2540,40,Male,Operations,Manager,Hybrid,South,2.0,48100.0,No,3,4,2,23,186,No
2541,45,Female,Operations,Manager,Office,West,2.0,39300.0,No,3,4,0,28,174,No
2542,29,Male,HR,Mid,Remote,East,4.0,66900.0,No,3,3,0,24,167,No
2543,24,Male,Finance,Entry,Remote,North,10.0,24000.0,No,3,3,0,19,156,No
2544,33,Female,IT,Senior,Hybrid,East,4.0,97700.0,No,2,3,0,20,181,No
2545,45,Male,Operations,Entry,Office,North,3.0,28700.0,No,4,4,0,31,164,Yes
2546,35,Male,Finance,Senior,Remote,East,4.0,92900.0,No,3,4,0,25,157,No
2547,36,Male,Engineering,Mid,Hybrid,South,7.0,80000.0,No,5,4,1,23,150,No
2548,46,Female,IT,Mid,Hybrid,North,5.0,64200.0,No,4,4,0,14,192,No
2549,31,Male,Finance,Mid,Hybrid,East,2.0,65600.0,No,4,4,0,55,141,No
2550,37,Female,IT,Mid,Hybrid,North,8.0,58700.0,No,5,4,1,30,181,No
2551,24,Male,Operations,Manager,Hybrid,North,2.0,59200.0,Yes,4,4,1,47,171,No
2552,41,Female,Operations,Entry,Hybrid,East,5.0,33400.0,No,3,4,0,25,160,No
2553,40,Female,Operations,Manager,Office,North,3.0,62000.0,No,1,3,0,29,157,No
2554,45,Male,Engineering,Entry,Hybrid,Central,4.0,42200.0,No,4,4,0,34,171,No
2555,28,Male,IT,Senior,Hybrid,South,2.0,90200.0,No,5,4,2,27,160,Yes
2556,36,Female,Marketing,Senior,Hybrid,North,5.0,87600.0,No,4,3,0,29,159,No
2557,26,Male,Sales,Mid,Hybrid,Central,2.0,55800.0,No,3,3,1,31,191,No
2558,36,Male,IT,Entry,Office,North,3.0,24000.0,No,3,4,0,25,168,No
2559,51,Male,HR,Senior,Remote,North,4.0,91100.0,No,3,4,1,27,171,No
2560,35,Male,Sales,Senior,Hybrid,West,2.0,75500.0,Yes,4,4,0,40,155,No
2561,26,Male,Operations,Mid,Hybrid,North,11.0,62300.0,No,3,4,2,16,191,No
2562,32,Female,Marketing,Mid,Hybrid,North,3.0,71300.0,Yes,5,4,0,49,195,No
2563,24,Male,Marketing,Senior,Remote,West,4.0,102000.0,Yes,4,4,1,35,175,Yes
2564,26,Female,Operations,Entry,Remote,Central,5.0,24000.0,No,4,3,0,25,200,Yes
2565,44,Male,Operations,Mid,Hybrid,South,1.0,73200.0,No,3,3,0,39,160,No
2566,25,Female,Finance,Mid,Hybrid,East,1.0,88800.0,No,3,3,0,38,189,Yes
2567,41,Female,Sales,Entry,Hybrid,Central,4.0,24000.0,No,2,3,0,32,163,No
2568,38,Female,Sales,Senior,Hybrid,East,1.0,103800.0,Yes,5,5,0,27,161,No
2569,33,Female,Operations,Mid,Hybrid,Central,6.0,75400.0,Yes,3,5,0,9,199,No
2570,40,Male,Engineering,Manager,Office,North,6.0,61400.0,Yes,4,4,0,20,164,No
2571,30,Male,Sales,Mid,Hybrid,South,6.0,80700.0,No,2,4,1,29,152,No
2572,46,Male,Operations,Mid,Hybrid,East,8.0,66000.0,No,2,3,0,34,135,No
2573,32,Female,Marketing,Mid,Hybrid,North,4.0,72000.0,No,3,3,2,29,171,No
2574,35,Female,Customer Support,Mid,Hybrid,North,11.0,58900.0,No,3,3,0,33,150,No
2575,33,Female,Operations,Senior,Remote,North,5.0,89300.0,Yes,4,3,2,25,210,No
2576,44,Female,Operations,Mid,Hybrid,Central,10.0,72300.0,No,5,4,0,36,206,No
2577,43,Female,Marketing,Senior,Hybrid,East,7.0,96700.0,No,2,4,1,54,120,No
2578,21,Male,Customer Support,Mid,Office,Central,4.0,79100.0,No,4,4,1,30,204,No
2579,40,Male,Sales,Entry,Remote,North,5.0,42200.0,No,4,4,0,27,155,No
2580,22,Female,Engineering,Entry,Office,South,7.0,24100.0,No,3,2,0,28,196,No
2581,35,Male,Sales,Senior,Hybrid,North,1.0,104300.0,No,3,3,0,38,192,No
2582,37,Male,Customer Support,Mid,Office,South,1.0,74400.0,No,4,4,2,28,198,No
2583,35,Male,Sales,Mid,Hybrid,West,12.0,60200.0,No,3,4,2,38,207,No
2584,43,Female,IT,Mid,Hybrid,West,6.0,70600.0,No,3,3,0,39,148,No
2585,44,Male,Sales,Mid,Hybrid,West,9.0,73000.0,No,2,3,0,50,150,No
2586,31,Male,HR,Mid,Office,Central,4.0,64500.0,No,3,3,0,34,187,No
2587,31,Male,Finance,Mid,Remote,East,11.0,62600.0,Yes,2,2,0,30,173,No
2588,38,Male,IT,Manager,Hybrid,Central,4.0,40300.0,Yes,4,3,0,33,185,No
2589,24,Female,HR,Entry,Office,South,6.0,24000.0,Yes,3,4,1,28,164,No
2590,34,Female,HR,Mid,Office,East,11.0,64200.0,No,2,3,1,31,189,No
2591,50,Male,Customer Support,Entry,Hybrid,West,7.0,39100.0,Yes,4,3,0,45,145,No
2592,24,Female,Customer Support,Senior,Hybrid,East,2.0,71900.0,No,3,4,0,23,210,No
2593,35,Male,Operations,Mid,Office,East,4.0,73000.0,No,5,5,0,13,220,No
2594,33,Male,Sales,Mid,Hybrid,East,5.0,76800.0,No,3,3,1,30,135,No
2595,56,Male,IT,Senior,Remote,Central,7.0,85300.0,No,4,3,0,31,202,No
2596,33,Male,Engineering,Mid,Hybrid,West,10.0,69900.0,Yes,4,3,0,40,136,No
2597,34,Female,Sales,Entry,Office,East,7.0,24900.0,No,4,4,0,27,183,No
2598,29,Male,HR,Mid,Hybrid,South,4.0,71300.0,No,4,3,0,23,152,Yes
2599,38,Female,Engineering,Entry,Office,South,4.0,34000.0,Yes,3,2,1,21,180,No
2600,40,Female,Engineering,Senior,Office,East,4.0,99200.0,No,2,4,0,21,146,No
2601,30,Male,HR,Senior,Hybrid,South,3.0,88600.0,No,3,4,0,18,179,No
2602,47,Male,Marketing,Senior,Office,Central,3.0,80500.0,Yes,3,5,1,14,167,No
2603,40,Female,HR,Senior,Hybrid,East,9.0,95500.0,No,2,4,1,4,166,No
2604,46,Female,Marketing,Senior,Remote,West,5.0,88100.0,No,2,5,0,38,178,No
2605,35,Female,Sales,Mid,Office,South,3.0,67300.0,No,2,3,1,31,137,No
2606,40,Male,Sales,Entry,Office,South,5.0,30000.0,Yes,2,3,1,53,183,Yes
2607,36,Male,Operations,Mid,Office,North,3.0,68100.0,No,3,3,1,11,165,Yes
2608,51,Female,IT,Manager,Hybrid,Central,1.0,52800.0,No,3,5,2,52,140,No
2609,39,Male,Marketing,Manager,Office,South,7.0,72600.0,Yes,3,3,1,26,185,No
2610,38,Male,Finance,Senior,Hybrid,East,9.0,100200.0,No,4,5,0,9,159,No
2611,34,Female,Customer Support,Entry,Hybrid,Central,8.0,40100.0,No,4,3,1,4,170,No
2612,33,Female,Customer Support,Entry,Hybrid,South,8.0,32600.0,No,4,2,0,22,178,No
2613,40,Female,Operations,Senior,Office,North,2.0,94700.0,No,4,4,0,39,170,No
2614,45,Male,Customer Support,Entry,Office,North,10.0,32700.0,No,3,3,0,31,170,No
2615,32,Male,IT,Mid,Hybrid,West,3.0,76300.0,No,1,4,0,24,183,No
2616,39,Male,Operations,Mid,Office,East,2.0,79800.0,No,2,4,0,42,165,No
2617,40,Female,IT,Mid,Hybrid,South,1.0,72500.0,No,4,4,1,29,191,No
2618,41,Female,Customer Support,Mid,Office,Central,5.0,60200.0,No,4,5,3,9,194,No
2619,23,Male,Customer Support,Manager,Office,Central,11.0,36800.0,Yes,4,4,1,44,159,No
2620,30,Male,Engineering,Senior,Remote,North,10.0,98200.0,No,5,4,0,16,160,No
2621,26,Female,Customer Support,Mid,Remote,East,5.0,61900.0,Yes,4,3,1,15,184,No
2622,38,Male,Engineering,Mid,Office,West,9.0,78200.0,No,3,4,3,25,204,No
2623,30,Male,IT,Senior,Hybrid,North,16.0,106000.0,No,4,4,0,32,193,No
2624,34,Female,Engineering,Mid,Hybrid,South,3.0,70000.0,Yes,2,3,2,20,153,No
2625,27,Male,Operations,Mid,Hybrid,North,6.0,82900.0,No,4,4,1,7,165,No
2626,34,Female,HR,Mid,Remote,East,11.0,74300.0,Yes,3,3,0,21,155,No
2627,28,Female,Operations,Entry,Hybrid,West,2.0,28200.0,Yes,5,4,0,40,200,No
2628,45,Male,Finance,Entry,Hybrid,West,2.0,28700.0,No,2,2,1,28,179,No
2629,42,Female,IT,Senior,Hybrid,North,12.0,86500.0,No,3,4,2,41,151,No
2630,39,Female,IT,Mid,Hybrid,South,9.0,63400.0,No,3,3,0,34,162,No
2631,35,Female,Sales,Entry,Remote,West,3.0,24000.0,Yes,2,4,2,21,152,No
2632,21,Male,Operations,Mid,Office,South,2.0,65400.0,No,4,5,0,19,163,No
2633,34,Male,Customer Support,Manager,Hybrid,West,2.0,69300.0,Yes,3,4,0,30,182,No
2634,31,Female,Operations,Mid,Office,East,5.0,58600.0,Yes,5,4,1,30,159,No
2635,40,Male,Operations,Mid,Office,North,3.0,61400.0,No,3,3,0,29,173,No
2636,44,Female,HR,Entry,Hybrid,South,3.0,24000.0,No,3,3,0,30,177,No
2637,41,Male,HR,Manager,Hybrid,West,2.0,43200.0,Yes,5,3,0,26,133,No
2638,49,Male,IT,Senior,Hybrid,West,5.0,96400.0,Yes,2,3,0,27,137,No
2639,33,Male,Customer Support,Mid,Hybrid,East,2.0,66500.0,No,3,2,0,18,161,No
2640,33,Female,IT,Mid,Remote,South,7.0,70200.0,Yes,1,4,1,15,153,Yes
2641,47,Female,Marketing,Mid,Hybrid,Central,10.0,64400.0,Yes,3,4,0,37,179,No
2642,39,Female,Marketing,Senior,Office,North,5.0,89700.0,No,4,5,0,16,164,No
2643,36,Male,Operations,Senior,Hybrid,South,9.0,93500.0,Yes,4,3,0,5,185,No
2644,55,Female,Customer Support,Manager,Office,East,4.0,48800.0,No,4,3,1,24,181,No
2645,43,Female,IT,Mid,Remote,South,2.0,89800.0,No,3,3,2,31,188,No
2646,36,Female,Customer Support,Mid,Remote,West,3.0,71700.0,No,3,3,1,26,160,No
2647,32,Male,Marketing,Mid,Hybrid,East,1.0,70100.0,No,3,3,0,14,167,No
2648,50,Male,Customer Support,Senior,Hybrid,South,3.0,71500.0,No,3,4,0,41,211,No
2649,40,Male,Marketing,Entry,Office,East,4.0,30200.0,Yes,4,3,1,31,150,No
2650,38,Male,Customer Support,Entry,Hybrid,South,5.0,24000.0,No,3,2,0,42,184,No
2651,44,Female,Engineering,Senior,Office,South,9.0,99000.0,No,3,4,0,27,191,No
2652,46,Female,HR,Mid,Office,West,11.0,73300.0,Yes,3,4,1,34,180,No
2653,43,Female,Customer Support,Senior,Remote,South,5.0,101200.0,No,3,4,0,14,189,No
2654,46,Female,Marketing,Entry,Remote,East,2.0,24000.0,No,3,4,0,4,171,No
2655,42,Female,HR,Mid,Hybrid,East,2.0,72200.0,No,2,4,1,28,181,No
2656,43,Male,Engineering,Entry,Office,West,3.0,34100.0,No,4,4,0,12,175,No
2657,31,Female,Finance,Mid,Remote,South,3.0,63600.0,No,2,3,0,38,143,No
2658,54,Male,Operations,Senior,Hybrid,North,5.0,99500.0,No,3,5,1,39,167,No
2659,27,Male,Sales,Mid,Office,Central,2.0,77100.0,No,4,4,0,32,141,No
2660,41,Female,IT,Mid,Hybrid,South,11.0,70800.0,No,3,3,0,18,184,No
2661,26,Male,Customer Support,Entry,Office,North,8.0,42200.0,No,4,3,0,28,175,No
2662,37,Female,Finance,Senior,Hybrid,West,9.0,98600.0,Yes,5,5,0,35,190,No
2663,33,Female,Finance,Manager,Office,North,3.0,34900.0,Yes,3,3,3,33,148,No
2664,39,Male,IT,Senior,Hybrid,East,2.0,102900.0,No,3,3,0,17,173,No
2665,41,Female,Operations,Entry,Hybrid,South,3.0,24000.0,Yes,4,3,3,5,174,No
2666,29,Male,Customer Support,Mid,Hybrid,West,5.0,79200.0,No,2,4,2,33,211,No
2667,38,Male,Customer Support,Mid,Remote,Central,4.0,74700.0,Yes,3,3,2,28,167,No
2668,51,Female,Sales,Entry,Hybrid,North,11.0,24000.0,Yes,3,4,0,35,160,No
2669,26,Female,Operations,Entry,Hybrid,North,12.0,33400.0,Yes,4,5,1,28,172,No
2670,30,Female,HR,Entry,Office,West,5.0,26000.0,Yes,3,2,1,26,204,No
2671,46,Female,Operations,Entry,Remote,West,1.0,24000.0,No,4,3,0,26,188,No
2672,39,Male,HR,Senior,Remote,North,4.0,90200.0,No,3,4,0,24,184,No
2673,39,Male,Finance,Mid,Hybrid,South,18.0,79100.0,No,4,2,2,57,166,No
2674,47,Male,HR,Senior,Remote,South,1.0,85700.0,No,2,4,0,25,167,No
2675,31,Female,Operations,Manager,Hybrid,North,6.0,60000.0,No,4,4,1,24,201,No
2676,33,Male,Operations,Mid,Office,East,3.0,58300.0,No,3,2,0,37,163,No
2677,32,Male,HR,Mid,Hybrid,South,15.0,74700.0,No,1,3,0,33,161,No
2678,35,Male,Customer Support,Senior,Hybrid,North,6.0,101000.0,No,3,4,0,29,137,No
2679,50,Male,Marketing,Entry,Office,Central,3.0,34700.0,No,4,4,1,18,140,No
2680,23,Male,Finance,Mid,Remote,South,3.0,73700.0,No,2,5,0,12,194,No
2681,27,Female,Customer Support,Mid,Remote,North,1.0,70100.0,No,3,3,1,27,130,No
2682,26,Male,Customer Support,Senior,Office,West,5.0,89100.0,No,3,4,1,26,203,No
2683,51,Male,IT,Senior,Hybrid,West,6.0,83000.0,Yes,3,3,0,22,166,No
2684,32,Female,Operations,Senior,Hybrid,Central,1.0,87800.0,No,4,3,0,38,178,No
2685,35,Male,IT,Mid,Remote,North,7.0,63300.0,No,3,4,0,39,192,No
2686,23,Male,Marketing,Mid,Remote,West,12.0,61900.0,No,2,4,1,42,159,No
2687,36,Male,IT,Senior,Office,South,2.0,110200.0,No,5,4,1,16,183,No
2688,46,Female,Marketing,Senior,Hybrid,South,7.0,78500.0,No,3,4,0,40,151,No
2689,40,Female,IT,Mid,Hybrid,South,7.0,82100.0,No,4,3,1,5,158,No
2690,37,Female,Operations,Manager,Office,North,5.0,38900.0,No,5,3,2,27,180,No
2691,24,Male,Engineering,Senior,Hybrid,South,5.0,84800.0,No,4,4,0,38,179,No
2692,35,Female,Finance,Mid,Hybrid,East,3.0,62700.0,No,4,4,0,16,178,No
2693,39,Female,Customer Support,Entry,Hybrid,North,1.0,24000.0,No,4,4,0,12,201,No
2694,29,Male,Engineering,Entry,Office,South,6.0,36300.0,No,4,4,0,27,169,Yes
2695,44,Male,Customer Support,Senior,Office,North,8.0,99300.0,No,4,3,0,48,203,No
2696,46,Male,IT,Entry,Hybrid,East,2.0,25900.0,Yes,4,3,2,48,172,No
2697,33,Female,Customer Support,Mid,Remote,Central,3.0,96400.0,Yes,3,4,0,42,183,No
2698,45,Male,Sales,Mid,Hybrid,West,2.0,71800.0,No,4,3,1,16,186,No
2699,37,Female,Finance,Senior,Remote,North,6.0,94500.0,No,4,3,3,28,161,No
2700,48,Female,Customer Support,Senior,Office,West,5.0,87800.0,Yes,1,5,0,55,175,No
2701,56,Male,Marketing,Senior,Office,East,2.0,86800.0,No,4,4,1,39,142,Yes
2702,28,Male,Operations,Mid,Remote,East,4.0,67200.0,No,3,4,1,9,173,No
2703,45,Male,Finance,Entry,Remote,Central,4.0,35700.0,No,4,2,0,38,172,No
2704,50,Male,Customer Support,Mid,Hybrid,North,6.0,77100.0,No,2,3,0,19,182,No
2705,29,Male,Marketing,Entry,Remote,North,3.0,39600.0,No,3,4,0,25,169,No
2706,33,Female,HR,Mid,Remote,West,9.0,65500.0,No,3,2,1,37,207,No
2707,33,Female,Customer Support,Manager,Hybrid,West,6.0,55300.0,Yes,4,4,3,24,137,No
2708,37,Female,IT,Mid,Office,East,9.0,74700.0,Yes,3,2,0,22,147,No
2709,35,Female,IT,Mid,Hybrid,South,6.0,75900.0,Yes,1,3,0,41,152,No
2710,36,Female,Operations,Mid,Hybrid,South,6.0,64200.0,No,3,2,0,37,170,No
2711,46,Male,Engineering,Senior,Office,West,1.0,84700.0,No,3,4,1,32,155,No
2712,21,Male,IT,Mid,Office,West,5.0,76900.0,No,4,2,0,53,148,No
2713,29,Female,IT,Mid,Hybrid,Central,4.0,79900.0,No,4,3,0,31,161,No
2714,44,Female,Sales,Entry,Office,Central,10.0,24000.0,No,3,4,2,32,142,No
2715,43,Male,Customer Support,Mid,Hybrid,West,9.0,77500.0,No,4,4,0,24,178,No
2716,28,Female,IT,Mid,Remote,West,11.0,82800.0,No,5,4,0,16,177,No
2717,43,Female,Operations,Mid,Hybrid,East,3.0,68700.0,No,4,4,0,11,146,No
2718,50,Male,Engineering,Senior,Hybrid,Central,5.0,81100.0,No,2,3,0,38,188,No
2719,38,Female,Sales,Entry,Remote,North,11.0,24000.0,No,5,3,1,23,144,No
2720,29,Female,Operations,Mid,Hybrid,South,3.0,65900.0,No,4,4,2,59,160,No
2721,46,Female,Operations,Entry,Hybrid,West,10.0,24000.0,No,5,3,1,17,176,No
2722,54,Female,Customer Support,Entry,Office,South,9.0,27700.0,No,2,3,0,19,172,No
2723,30,Male,Finance,Entry,Remote,North,4.0,27900.0,Yes,3,5,1,32,140,No
2724,38,Male,HR,Entry,Hybrid,West,13.0,25500.0,No,4,4,0,16,180,No
2725,48,Male,IT,Manager,Hybrid,North,10.0,56100.0,No,2,4,1,10,170,No
2726,39,Female,Marketing,Manager,Hybrid,East,2.0,43200.0,No,4,4,1,36,209,No
2727,22,Female,Customer Support,Senior,Office,North,12.0,105400.0,Yes,5,3,1,4,183,No
2728,42,Female,Sales,Mid,Hybrid,East,4.0,80500.0,No,3,3,1,30,200,No
2729,29,Male,Finance,Senior,Hybrid,North,6.0,101800.0,Yes,5,2,2,31,152,No
2730,27,Male,Customer Support,Senior,Hybrid,North,6.0,88100.0,Yes,4,5,2,39,139,No
2731,22,Male,Sales,Mid,Office,West,7.0,71000.0,No,2,4,2,34,198,No
2732,49,Male,IT,Entry,Remote,North,11.0,34500.0,Yes,3,3,0,61,178,No
2733,30,Female,Operations,Senior,Hybrid,East,6.0,92200.0,No,4,4,0,24,208,No
2734,41,Female,Finance,Manager,Hybrid,East,4.0,43700.0,No,2,4,3,12,193,No
2735,43,Male,IT,Entry,Hybrid,East,2.0,24000.0,No,4,4,0,61,192,No
2736,39,Female,HR,Mid,Office,East,3.0,65800.0,Yes,4,4,1,29,180,No
2737,41,Male,IT,Mid,Office,North,9.0,61600.0,Yes,4,4,1,18,154,No
2738,41,Male,Operations,Mid,Hybrid,West,10.0,97800.0,No,3,4,0,9,151,No
2739,39,Male,Marketing,Senior,Hybrid,South,4.0,76400.0,Yes,4,4,0,24,130,No
2740,31,Male,Operations,Mid,Hybrid,West,8.0,63200.0,Yes,5,4,0,19,161,No
2741,30,Female,Sales,Manager,Hybrid,South,3.0,55400.0,No,3,3,0,19,171,No
2742,37,Female,Customer Support,Senior,Hybrid,East,1.0,87900.0,Yes,4,4,3,4,169,No
2743,37,Female,IT,Entry,Hybrid,Central,1.0,24800.0,No,5,5,0,24,171,No
2744,42,Female,Customer Support,Senior,Hybrid,South,10.0,97600.0,Yes,4,3,0,33,128,No
2745,48,Male,Finance,Senior,Remote,North,1.0,103300.0,Yes,3,4,0,16,175,No
2746,41,Female,Customer Support,Mid,Office,Central,8.0,69500.0,No,3,3,0,23,202,No
2747,31,Female,IT,Mid,Hybrid,South,6.0,80300.0,No,2,4,0,22,155,Yes
2748,21,Male,IT,Senior,Hybrid,West,10.0,78700.0,Yes,2,4,0,29,142,Yes
2749,31,Female,Operations,Mid,Hybrid,Central,5.0,66500.0,Yes,4,4,0,48,140,No
2750,26,Male,Sales,Entry,Office,Central,7.0,32500.0,No,4,3,3,31,158,No
2751,31,Female,IT,Mid,Office,South,6.0,89800.0,No,3,3,1,14,163,No
2752,40,Female,Marketing,Entry,Hybrid,West,6.0,24000.0,No,4,3,0,27,175,No
2753,39,Female,Customer Support,Mid,Hybrid,East,5.0,61700.0,No,4,2,1,32,186,No
2754,55,Female,Sales,Entry,Hybrid,East,7.0,31100.0,No,3,4,0,13,152,No
2755,42,Female,Customer Support,Mid,Hybrid,East,4.0,72500.0,No,3,4,0,17,161,No
2756,55,Female,Customer Support,Mid,Office,Central,9.0,65500.0,No,2,5,0,17,138,No
2757,44,Female,Customer Support,Senior,Hybrid,Central,5.0,83000.0,No,4,3,1,26,182,No
2758,48,Female,Marketing,Mid,Office,West,8.0,67400.0,No,3,4,0,23,163,No
2759,35,Male,Marketing,Manager,Remote,East,3.0,54700.0,No,4,3,1,8,166,No
2760,28,Female,Operations,Senior,Hybrid,North,4.0,91000.0,No,3,3,0,21,197,No
2761,34,Male,Operations,Entry,Hybrid,North,1.0,38500.0,Yes,3,5,0,28,173,No
2762,38,Female,Engineering,Mid,Hybrid,South,6.0,70800.0,Yes,4,3,0,41,205,No
2763,32,Female,Sales,Entry,Office,North,6.0,33400.0,No,2,4,0,12,186,No
2764,29,Female,Finance,Senior,Hybrid,North,3.0,96500.0,No,3,4,3,17,162,No
2765,42,Male,Sales,Mid,Remote,South,5.0,68400.0,No,3,2,1,14,148,No
2766,29,Female,Engineering,Mid,Hybrid,South,2.0,79500.0,No,5,3,0,8,168,No
2767,24,Male,HR,Entry,Hybrid,South,9.0,24000.0,Yes,5,4,1,4,191,No
2768,28,Male,Marketing,Mid,Remote,North,9.0,67000.0,Yes,4,4,0,33,143,Yes
2769,36,Female,Customer Support,Senior,Hybrid,West,5.0,90300.0,No,3,2,0,29,159,No
2770,29,Female,Engineering,Senior,Office,West,4.0,97400.0,No,5,3,0,33,154,No
2771,36,Male,IT,Entry,Hybrid,Central,1.0,33700.0,No,3,4,1,31,162,Yes
2772,43,Male,Customer Support,Mid,Office,South,8.0,64700.0,No,2,3,0,23,179,No
2773,43,Male,Customer Support,Mid,Hybrid,North,2.0,63400.0,No,2,4,1,20,175,No
2774,32,Female,Sales,Mid,Hybrid,South,9.0,72700.0,Yes,3,3,0,41,174,No
2775,26,Female,Marketing,Entry,Office,East,1.0,24000.0,Yes,2,4,0,36,143,No
2776,33,Male,Finance,Mid,Hybrid,West,2.0,81100.0,Yes,5,5,1,26,185,No
2777,44,Female,Operations,Senior,Hybrid,Central,2.0,92000.0,No,3,3,3,16,191,No
2778,46,Female,Operations,Mid,Hybrid,Central,2.0,61500.0,No,2,4,0,29,166,No
2779,41,Male,IT,Senior,Hybrid,North,18.0,83300.0,No,4,4,1,30,153,No
2780,49,Female,Sales,Mid,Remote,South,4.0,74800.0,No,4,4,0,20,187,No
2781,54,Male,Sales,Mid,Office,West,7.0,74600.0,No,5,3,0,31,198,No
2782,34,Male,Sales,Mid,Remote,West,2.0,65100.0,No,2,4,0,35,179,No
2783,51,Female,Operations,Entry,Hybrid,South,3.0,27000.0,Yes,2,1,0,33,156,No
2784,36,Male,Finance,Entry,Remote,Central,14.0,24000.0,No,5,4,1,39,150,No
2785,47,Female,IT,Manager,Remote,South,4.0,47700.0,No,1,2,1,38,182,No
2786,44,Female,Marketing,Senior,Hybrid,West,5.0,107300.0,No,2,5,0,40,140,No
2787,21,Male,Marketing,Senior,Hybrid,East,6.0,113200.0,Yes,3,3,0,22,143,No
2788,29,Female,Operations,Entry,Hybrid,East,13.0,26100.0,No,2,3,0,37,175,Yes
2789,27,Male,Engineering,Entry,Hybrid,North,0.5,31900.0,Yes,4,4,0,34,202,No
2790,22,Female,Finance,Entry,Hybrid,Central,10.0,31500.0,No,2,4,0,38,194,No
2791,46,Male,Customer Support,Manager,Hybrid,East,11.0,34500.0,No,5,4,0,29,179,No
2792,57,Female,Sales,Senior,Remote,East,7.0,83700.0,Yes,4,4,0,34,129,No
2793,36,Female,Marketing,Mid,Office,West,4.0,51200.0,No,4,3,0,16,122,No
2794,46,Female,Engineering,Manager,Remote,South,6.0,54000.0,No,3,3,0,34,168,No
2795,51,Male,Customer Support,Entry,Hybrid,North,2.0,45500.0,Yes,2,4,0,43,206,No
2796,40,Male,Operations,Mid,Hybrid,North,1.0,81600.0,No,3,3,0,48,153,No
2797,38,Female,Operations,Entry,Remote,West,5.0,28400.0,Yes,2,4,1,27,188,Yes
2798,36,Male,Finance,Mid,Office,West,0.5,71100.0,No,5,2,0,49,177,No
2799,43,Male,Marketing,Manager,Hybrid,South,3.0,46800.0,No,4,4,1,26,160,No
2800,46,Female,Customer Support,Senior,Office,North,2.0,103500.0,No,3,4,1,36,163,No
2801,42,Male,Engineering,Entry,Office,North,4.0,29900.0,Yes,5,3,0,29,137,No
2802,42,Female,Operations,Entry,Hybrid,Central,4.0,28600.0,No,3,5,0,43,180,No
2803,38,Female,Sales,Mid,Hybrid,Central,2.0,62100.0,No,5,5,1,30,158,No
2804,24,Male,Operations,Entry,Hybrid,East,7.0,33400.0,Yes,5,4,0,21,188,No
2805,46,Female,Sales,Mid,Hybrid,North,11.0,70700.0,No,4,4,1,40,166,No
2806,26,Female,IT,Mid,Hybrid,West,2.0,75600.0,No,2,4,1,22,165,No
2807,44,Female,Finance,Mid,Hybrid,East,2.0,81000.0,Yes,3,4,0,32,129,Yes
2808,45,Female,Marketing,Mid,Remote,South,5.0,57300.0,No,5,4,0,8,177,No
2809,28,Female,IT,Entry,Hybrid,East,1.0,25300.0,No,3,4,0,38,181,No
2810,33,Male,IT,Manager,Remote,West,5.0,46000.0,No,3,4,0,5,196,No
2811,57,Male,Sales,Mid,Remote,South,10.0,67200.0,No,3,4,1,22,154,No
2812,37,Female,Customer Support,Mid,Office,East,2.0,61900.0,No,3,4,1,12,176,No
2813,27,Female,Marketing,Mid,Office,North,12.0,65500.0,No,4,4,1,15,179,No
2814,45,Female,Sales,Senior,Office,Central,3.0,84100.0,No,2,4,1,28,145,No
2815,31,Male,Sales,Entry,Hybrid,East,4.0,35400.0,Yes,3,3,0,20,158,Yes
2816,21,Male,Operations,Entry,Hybrid,East,3.0,31400.0,No,4,4,0,37,147,No
2817,43,Female,IT,Senior,Hybrid,Central,8.0,96800.0,Yes,3,4,2,25,149,No
2818,30,Female,Operations,Senior,Hybrid,East,5.0,76700.0,Yes,4,3,2,30,163,No
2819,41,Male,HR,Entry,Remote,East,4.0,45500.0,No,3,5,1,18,157,Yes
2820,31,Male,Engineering,Mid,Hybrid,West,2.0,68300.0,No,2,3,1,37,171,No
2821,44,Male,IT,Manager,Remote,East,6.0,65700.0,Yes,5,5,0,30,184,No
2822,40,Male,Marketing,Entry,Remote,East,11.0,34700.0,No,4,2,0,34,183,No
2823,21,Female,Sales,Entry,Hybrid,North,4.0,25900.0,Yes,3,2,1,37,187,No
2824,41,Male,Engineering,Mid,Office,West,5.0,90400.0,Yes,4,3,0,38,166,No
2825,35,Female,Engineering,Mid,Office,East,1.0,77100.0,No,3,4,0,33,161,No
2826,51,Male,Marketing,Mid,Hybrid,North,5.0,69900.0,Yes,4,4,1,30,146,No
2827,42,Male,HR,Mid,Hybrid,North,18.0,68500.0,No,4,5,2,41,185,No
2828,45,Male,IT,Mid,Hybrid,North,2.0,81300.0,Yes,5,3,0,30,191,No
2829,32,Female,Customer Support,Mid,Office,South,6.0,67200.0,No,3,4,0,23,196,Yes
2830,31,Female,Marketing,Mid,Hybrid,South,3.0,68600.0,Yes,2,2,0,39,177,No
2831,38,Male,IT,Senior,Hybrid,Central,1.0,88600.0,Yes,2,3,1,41,162,Yes
2832,35,Female,HR,Entry,Hybrid,West,3.0,24000.0,No,5,3,2,27,149,No
2833,50,Male,HR,Mid,Hybrid,South,16.0,65700.0,No,4,3,1,35,144,No
2834,37,Female,Customer Support,Mid,Hybrid,West,6.0,88000.0,Yes,5,4,0,33,132,No
2835,27,Male,Marketing,Mid,Remote,West,5.0,81100.0,Yes,2,3,1,29,192,No
2836,31,Female,Operations,Entry,Office,South,2.0,30100.0,No,4,4,0,10,179,No
2837,47,Male,Operations,Mid,Hybrid,Central,9.0,67100.0,No,2,4,0,15,218,No
2838,36,Female,IT,Senior,Office,North,12.0,89000.0,No,4,3,1,24,169,No
2839,36,Male,Finance,Entry,Remote,East,11.0,24700.0,Yes,3,3,1,28,172,No
2840,48,Female,Sales,Senior,Office,West,9.0,110100.0,Yes,3,3,1,14,178,No
2841,30,Male,Customer Support,Senior,Office,West,2.0,96600.0,No,3,5,1,4,183,No
2842,21,Male,HR,Mid,Hybrid,East,2.0,78700.0,No,4,3,0,27,157,No
2843,30,Female,HR,Entry,Hybrid,East,1.0,29800.0,No,3,2,0,28,170,No
2844,40,Female,IT,Senior,Office,East,2.0,86000.0,Yes,5,3,0,38,186,No
2845,36,Male,IT,Entry,Hybrid,South,6.0,28900.0,No,3,3,3,51,203,No
2846,24,Female,Operations,Senior,Office,East,2.0,84300.0,No,4,2,2,12,153,No
2847,47,Female,IT,Senior,Unknown,South,9.0,104800.0,No,4,3,2,32,175,No
2848,39,Male,Sales,Entry,Office,East,10.0,24000.0,No,4,3,1,57,173,No
2849,42,Female,Customer Support,Senior,Hybrid,South,10.0,88900.0,Yes,4,4,2,12,165,No
2850,42,Female,Finance,Mid,Remote,West,1.0,79300.0,No,5,3,1,16,191,No
2851,26,Female,Finance,Mid,Office,West,5.0,65700.0,No,4,5,0,40,217,No
2852,41,Female,HR,Mid,Office,Central,5.0,70000.0,No,1,4,1,30,178,No
2853,46,Male,Customer Support,Mid,Hybrid,South,10.0,48300.0,Yes,3,3,1,31,155,No
2854,48,Male,Finance,Senior,Hybrid,South,1.0,91100.0,No,5,3,1,35,142,No
2855,44,Male,Marketing,Senior,Office,East,5.0,99300.0,Yes,3,3,0,37,170,No
2856,43,Male,Engineering,Entry,Hybrid,North,1.0,24000.0,No,3,4,3,33,190,No
2857,22,Male,Marketing,Mid,Remote,West,9.0,77000.0,No,3,3,2,35,167,No
2858,38,Female,HR,Mid,Office,East,0.5,71900.0,No,5,3,1,14,176,No
2859,29,Male,Marketing,Mid,Hybrid,North,16.0,81800.0,No,2,2,0,40,210,No
2860,50,Female,HR,Mid,Remote,East,7.0,65400.0,No,3,3,0,47,184,No
2861,48,Male,HR,Mid,Remote,East,4.0,69800.0,No,4,3,2,41,172,No
2862,29,Female,Operations,Senior,Office,South,3.0,80800.0,Yes,4,4,1,34,144,No
2863,38,Female,Finance,Mid,Hybrid,South,10.0,71200.0,Yes,4,2,0,51,187,No
2864,40,Male,Sales,Entry,Office,South,1.0,24200.0,No,4,4,1,30,182,No
2865,46,Female,HR,Mid,Remote,Central,0.5,80600.0,No,3,3,0,40,188,No
2866,23,Female,Sales,Entry,Hybrid,Central,6.0,24000.0,No,4,2,1,48,146,No
2867,21,Female,HR,Entry,Hybrid,North,4.0,24200.0,No,4,4,0,24,170,No
2868,38,Female,Operations,Entry,Hybrid,East,6.0,24000.0,Yes,3,4,0,44,183,No
2869,21,Male,Engineering,Mid,Hybrid,South,5.0,72200.0,Yes,3,3,0,14,142,No
2870,39,Male,Sales,Manager,Office,South,7.0,67900.0,No,3,4,0,18,174,No
2871,43,Male,Operations,Mid,Hybrid,East,5.0,40500.0,No,3,2,2,16,193,Yes
2872,49,Female,HR,Entry,Hybrid,North,3.0,27600.0,No,4,2,1,4,158,No
2873,32,Male,Sales,Senior,Office,West,5.0,104600.0,No,2,3,0,19,192,No
2874,39,Female,IT,Entry,Hybrid,East,8.0,24000.0,Yes,4,3,0,29,172,No
2875,44,Male,Sales,Manager,Remote,West,8.0,54700.0,No,3,3,1,24,173,Yes
2876,27,Female,IT,Mid,Hybrid,North,6.0,82600.0,Yes,3,4,1,13,191,No
2877,46,Female,IT,Entry,Remote,West,1.0,25500.0,No,3,4,0,4,157,Yes
2878,40,Male,HR,Mid,Remote,Central,5.0,66100.0,No,4,5,1,19,145,No
2879,33,Female,Operations,Mid,Remote,East,1.0,80400.0,No,5,4,2,18,166,No
2880,39,Male,Sales,Senior,Hybrid,West,9.0,98500.0,No,5,4,0,51,178,No
2881,37,Female,IT,Entry,Office,West,8.0,27400.0,Yes,4,3,1,28,178,No
2882,45,Female,Sales,Senior,Office,East,2.0,99500.0,No,3,2,0,49,177,No
2883,35,Male,Operations,Senior,Hybrid,West,7.0,102600.0,No,4,5,0,19,156,No
2884,40,Female,Finance,Senior,Office,East,5.0,93500.0,No,2,4,1,41,181,No
2885,32,Female,Operations,Senior,Office,West,3.0,96700.0,Yes,4,5,2,31,169,No
2886,30,Female,IT,Entry,Hybrid,North,7.0,32700.0,Yes,4,3,0,18,202,No
2887,40,Male,Sales,Mid,Hybrid,East,12.0,67800.0,No,2,4,1,31,189,No
2888,30,Male,Engineering,Senior,Hybrid,East,3.0,104700.0,No,3,4,1,26,181,No
2889,45,Male,Sales,Mid,Hybrid,South,6.0,62700.0,No,4,4,1,24,167,No
2890,43,Male,Sales,Entry,Remote,North,2.0,26800.0,No,4,4,1,8,164,No
2891,31,Male,Sales,Mid,Hybrid,South,3.0,78900.0,No,4,3,1,52,166,No
2892,40,Female,Engineering,Entry,Hybrid,Central,5.0,24000.0,No,5,4,1,35,177,No
2893,31,Male,Operations,Senior,Hybrid,South,2.0,101800.0,Yes,3,3,0,15,191,Yes
2894,24,Female,Operations,Mid,Hybrid,Central,2.0,73700.0,No,2,4,0,33,142,No
2895,33,Female,Engineering,Mid,Office,West,2.0,83900.0,No,4,3,2,24,161,No
2896,38,Female,Sales,Manager,Office,South,10.0,55500.0,No,5,3,2,45,196,No
2897,43,Female,Engineering,Mid,Hybrid,East,8.0,70500.0,No,5,3,0,25,160,No
2898,39,Female,IT,Senior,Hybrid,North,5.0,96100.0,No,4,4,1,27,154,No
2899,46,Female,Operations,Entry,Hybrid,North,8.0,30400.0,No,5,4,0,20,192,No
2900,29,Male,HR,Entry,Office,West,9.0,46200.0,No,3,3,1,34,181,No
2901,35,Female,Finance,Entry,Hybrid,West,4.0,28800.0,No,5,4,0,28,175,No
2902,53,Female,Engineering,Mid,Hybrid,East,2.0,70800.0,Yes,2,4,3,43,183,No
2903,21,Male,Sales,Mid,Office,West,6.0,70200.0,Yes,1,3,1,32,165,No
2904,34,Male,Engineering,Mid,Hybrid,East,10.0,73700.0,No,2,3,1,57,172,No
2905,28,Female,Finance,Entry,Hybrid,West,8.0,24000.0,Yes,3,3,0,26,173,No
2906,36,Female,Operations,Entry,Hybrid,North,12.0,24600.0,No,3,3,0,18,164,No
2907,34,Female,Engineering,Mid,Office,East,9.0,62900.0,No,3,3,1,19,164,No
2908,43,Male,Sales,Entry,Remote,Central,17.0,24000.0,No,4,4,0,19,153,No
2909,40,Male,Engineering,Senior,Remote,North,6.0,101200.0,No,4,4,0,18,161,No
2910,26,Female,Operations,Manager,Office,Central,4.0,50200.0,No,4,3,2,46,162,No
2911,33,Female,Marketing,Senior,Hybrid,South,8.0,87300.0,No,3,3,0,25,134,No
2912,38,Female,Sales,Mid,Hybrid,South,11.0,70600.0,Yes,4,3,0,32,183,No
2913,45,Female,Operations,Mid,Office,West,6.0,69800.0,No,3,3,1,13,176,No
2914,60,Female,Marketing,Mid,Hybrid,Central,9.0,72500.0,No,3,4,1,28,201,No
2915,44,Female,HR,Manager,Office,North,3.0,36400.0,Yes,3,2,0,4,145,No
2916,29,Male,IT,Manager,Remote,South,9.0,40200.0,Yes,4,3,1,32,151,No
2917,37,Male,IT,Mid,Hybrid,North,18.0,59000.0,No,3,3,0,22,190,No
2918,40,Female,Customer Support,Mid,Remote,South,3.0,63900.0,Yes,4,4,0,47,147,No
2919,33,Male,Sales,Senior,Hybrid,East,6.0,87500.0,No,4,3,0,38,170,No
2920,42,Male,Marketing,Entry,Remote,Central,7.0,24000.0,No,3,3,0,38,166,No
2921,21,Male,Engineering,Mid,Office,South,4.0,78900.0,Yes,2,5,2,18,202,No
2922,43,Male,Sales,Mid,Hybrid,North,4.0,88600.0,No,3,5,2,32,170,No
2923,34,Female,IT,Senior,Office,West,5.0,101400.0,No,3,4,0,52,170,No
2924,37,Male,Marketing,Mid,Remote,North,10.0,66900.0,Yes,3,4,2,19,175,No
2925,51,Male,Sales,Mid,Office,South,1.0,73900.0,No,1,3,1,18,154,No
2926,27,Male,Operations,Entry,Hybrid,East,2.0,27400.0,No,2,3,0,29,161,No
2927,40,Male,Marketing,Mid,Hybrid,North,4.0,66500.0,No,4,3,0,31,149,No
2928,45,Male,Operations,Senior,Office,West,9.0,105900.0,No,3,4,0,36,184,No
2929,40,Male,Finance,Senior,Hybrid,South,5.0,112100.0,No,4,3,0,35,185,No
2930,23,Female,Marketing,Mid,Hybrid,North,3.0,58800.0,No,3,3,0,31,154,No
2931,50,Male,Operations,Entry,Office,North,13.0,41000.0,No,4,3,0,20,166,No
2932,36,Male,IT,Senior,Hybrid,West,6.0,88700.0,Yes,3,4,1,52,174,No
2933,33,Female,Operations,Senior,Hybrid,North,4.0,91600.0,Yes,4,3,0,46,143,No
2934,35,Male,Customer Support,Mid,Office,Central,7.0,74500.0,No,3,3,0,34,182,No
2935,35,Male,Marketing,Mid,Office,North,7.0,85900.0,Yes,4,2,0,43,150,No
2936,27,Male,HR,Entry,Hybrid,South,6.0,30500.0,No,5,3,0,28,137,No
2937,39,Male,Finance,Senior,Hybrid,Central,3.0,97700.0,No,4,4,0,14,172,No
2938,33,Female,Sales,Mid,Remote,South,9.0,79700.0,No,3,3,0,39,183,No
2939,44,Female,IT,Mid,Remote,North,14.0,81100.0,No,2,3,1,13,189,No
2940,43,Male,Sales,Senior,Office,North,6.0,98600.0,No,3,3,0,53,180,No
2941,53,Male,Engineering,Mid,Office,South,1.0,81200.0,No,4,3,0,15,157,No
2942,36,Female,IT,Manager,Hybrid,Central,18.0,44600.0,No,4,3,0,45,208,No
2943,31,Female,Customer Support,Mid,Office,North,7.0,56400.0,Yes,3,3,3,51,172,No
2944,25,Female,IT,Mid,Hybrid,Central,2.0,88400.0,Yes,4,3,1,12,152,No
2945,58,Female,IT,Manager,Office,South,9.0,40700.0,No,4,5,1,11,190,No
2946,44,Female,HR,Manager,Unknown,East,10.0,45200.0,No,5,5,1,35,177,No
2947,32,Female,Finance,Manager,Office,South,5.0,47000.0,No,3,4,1,47,212,No
2948,53,Female,Customer Support,Senior,Remote,South,1.0,89500.0,Yes,5,4,0,37,202,No
2949,50,Female,Engineering,Mid,Office,East,6.0,65500.0,Yes,5,2,1,19,163,No
2950,26,Male,Customer Support,Entry,Office,East,2.0,32200.0,Yes,4,5,0,47,147,No
2951,31,Male,IT,Mid,Office,West,7.0,76300.0,No,4,4,0,56,161,No
2952,37,Female,Customer Support,Manager,Hybrid,South,3.0,55600.0,No,5,3,0,17,125,No
2953,28,Male,Sales,Mid,Office,Central,7.0,77000.0,No,3,5,0,33,172,No
2954,37,Male,Engineering,Senior,Hybrid,West,4.0,90200.0,Yes,3,3,1,36,191,No
2955,44,Male,Operations,Manager,Hybrid,North,6.0,46200.0,Yes,2,4,0,26,171,Yes
2956,26,Male,Finance,Manager,Hybrid,South,9.0,60100.0,Yes,3,3,0,18,181,No
2957,41,Male,IT,Manager,Hybrid,South,9.0,45300.0,Yes,3,4,1,16,186,No
2958,49,Male,Sales,Mid,Remote,North,3.0,67100.0,No,3,4,2,8,201,No
2959,42,Male,IT,Mid,Remote,West,4.0,80400.0,Yes,3,4,0,39,174,No
2960,37,Male,Engineering,Manager,Office,Central,4.0,49800.0,Yes,2,5,0,23,167,No
2961,32,Male,Customer Support,Entry,Office,North,6.0,24000.0,No,5,4,1,49,160,No
2962,45,Female,Engineering,Entry,Remote,North,11.0,24000.0,No,4,4,0,35,203,No
2963,27,Male,Sales,Manager,Hybrid,East,5.0,60100.0,No,3,3,0,28,159,No
2964,40,Male,Operations,Mid,Remote,Central,7.0,77300.0,Yes,5,3,0,46,208,No
2965,38,Female,IT,Mid,Remote,Central,4.0,74100.0,No,4,3,0,28,164,No
2966,48,Female,Operations,Entry,Hybrid,South,3.0,24000.0,Yes,4,3,0,22,154,No
2967,33,Male,Finance,Mid,Remote,South,1.0,74200.0,Yes,2,5,1,38,180,No
2968,34,Female,IT,Manager,Hybrid,East,4.0,48100.0,No,3,4,0,22,176,No
2969,27,Female,Operations,Mid,Hybrid,West,2.0,63800.0,No,4,3,1,31,138,No
2970,42,Female,IT,Mid,Hybrid,North,2.0,66600.0,Yes,3,3,0,33,185,No
2971,34,Female,HR,Mid,Remote,West,6.0,78300.0,No,3,3,0,29,134,No
2972,30,Male,Operations,Senior,Office,North,7.0,105200.0,No,3,3,1,33,207,No
2973,31,Female,Sales,Senior,Office,South,9.0,84500.0,No,4,4,2,33,143,No
2974,43,Female,Engineering,Mid,Hybrid,Central,1.0,63600.0,No,4,4,1,31,177,No
2975,28,Female,Operations,Mid,Hybrid,Central,8.0,78200.0,No,5,4,1,22,182,No
2976,29,Male,Customer Support,Entry,Hybrid,North,0.5,24300.0,Yes,3,3,0,16,190,No
2977,46,Female,Operations,Mid,Hybrid,West,3.0,77000.0,Yes,3,4,0,20,142,No
2978,37,Female,Marketing,Entry,Remote,North,4.0,24200.0,Yes,4,2,0,20,181,No
2979,47,Female,Marketing,Mid,Hybrid,Central,3.0,77200.0,No,2,3,1,36,150,No
2980,35,Male,Customer Support,Mid,Hybrid,South,5.0,59600.0,No,3,4,1,49,176,No
2981,38,Female,Operations,Mid,Remote,Central,6.0,76900.0,Yes,4,4,1,28,132,No
2982,39,Male,IT,Entry,Office,North,0.5,24000.0,Yes,5,4,1,43,181,No
2983,50,Male,Sales,Entry,Hybrid,West,7.0,36300.0,No,4,4,0,20,197,No
2984,50,Male,Operations,Entry,Office,North,3.0,27700.0,No,4,4,1,27,165,No
2985,48,Female,Sales,Senior,Office,West,8.0,98000.0,No,4,5,0,26,173,No
2986,32,Female,IT,Entry,Hybrid,West,8.0,30100.0,No,1,5,0,35,183,No
2987,29,Female,Sales,Entry,Remote,South,5.0,24000.0,No,3,3,0,21,178,No
2988,45,Female,Operations,Manager,Hybrid,Central,9.0,62300.0,No,3,5,1,37,139,No
2989,50,Male,IT,Entry,Office,Central,2.0,31000.0,Yes,5,5,2,33,147,No
2990,48,Male,Operations,Senior,Hybrid,South,3.0,100800.0,No,4,2,1,30,163,No
2991,38,Male,Customer Support,Mid,Hybrid,Central,1.0,64800.0,No,4,3,1,21,173,No
2992,45,Female,Customer Support,Senior,Hybrid,South,7.0,96200.0,No,4,4,2,8,162,No
2993,45,Female,Finance,Mid,Hybrid,West,5.0,60200.0,No,3,4,1,23,173,No
2994,39,Female,Operations,Entry,Hybrid,Central,4.0,29300.0,Yes,4,2,0,37,191,Yes
2995,40,Female,Operations,Senior,Remote,West,4.0,85500.0,No,3,3,1,7,164,No
2996,39,Female,HR,Senior,Hybrid,South,4.0,139100.0,No,5,4,0,9,149,No
2997,31,Male,Operations,Mid,Hybrid,North,2.0,77400.0,No,2,3,0,25,181,Yes
2998,32,Male,IT,Senior,Office,North,2.0,106000.0,Yes,4,4,2,18,196,No
2999,32,Male,Engineering,Mid,Hybrid,South,14.0,69800.0,No,3,5,0,67,177,No
3000,24,Female,Sales,Senior,Office,West,7.0,97600.0,No,4,3,1,31,162,No
3001,39,Female,Customer Support,Senior,Hybrid,West,4.0,102100.0,Yes,2,5,1,23,168,No
3002,38,Female,Operations,Entry,Office,North,4.0,24000.0,No,4,5,1,42,161,No
3003,45,Female,IT,Senior,Remote,Central,6.0,87900.0,No,3,2,1,27,177,Yes
3004,49,Male,Marketing,Manager,Office,North,10.0,58800.0,No,3,3,1,27,129,No
3005,50,Female,Sales,Senior,Hybrid,East,5.0,92000.0,Yes,2,3,2,50,173,No
3006,51,Female,Customer Support,Entry,Office,East,17.0,24000.0,No,3,3,1,4,167,No
3007,31,Female,Operations,Senior,Office,West,7.0,88300.0,Yes,4,4,0,17,189,No
3008,25,Female,Sales,Mid,Office,North,3.0,61000.0,No,2,4,2,34,143,No
3009,46,Female,Sales,Mid,Remote,South,2.0,54400.0,No,2,4,0,17,148,No
3010,50,Female,Marketing,Senior,Hybrid,North,10.0,78700.0,Yes,4,4,0,16,178,No
3011,52,Male,IT,Mid,Hybrid,East,2.0,72400.0,Yes,4,3,2,38,197,No
3012,42,Male,Customer Support,Senior,Hybrid,East,8.0,100000.0,Yes,3,4,0,20,168,No
3013,21,Female,Customer Support,Mid,Office,North,6.0,94700.0,No,3,5,0,33,166,No
3014,41,Female,Marketing,Mid,Remote,South,1.0,71600.0,No,3,2,1,25,155,No
3015,43,Female,IT,Manager,Remote,East,6.0,38500.0,No,3,4,3,32,172,No
3016,49,Male,Marketing,Mid,Office,West,7.0,71700.0,Yes,3,4,1,27,152,No
3017,51,Female,Engineering,Mid,Remote,East,4.0,78300.0,No,2,3,0,38,144,Yes
3018,46,Male,Sales,Mid,Remote,West,4.0,81300.0,No,3,4,1,39,182,No
3019,33,Male,Finance,Entry,Hybrid,West,4.0,36400.0,Yes,3,4,0,20,154,No
3020,29,Female,IT,Mid,Office,Central,10.0,77200.0,No,5,3,0,9,184,No
3021,43,Male,Finance,Mid,Office,South,3.0,72900.0,No,3,5,0,26,170,No
3022,31,Female,Marketing,Manager,Hybrid,East,1.0,56600.0,Yes,5,2,0,21,191,No
3023,51,Male,HR,Manager,Hybrid,Central,5.0,39300.0,No,5,4,3,19,149,No
3024,23,Male,Operations,Senior,Remote,South,1.0,75900.0,No,3,3,0,7,187,No
3025,43,Female,Finance,Entry,Hybrid,West,6.0,46800.0,No,3,4,1,23,171,No
3026,41,Male,Sales,Senior,Hybrid,Central,2.0,93600.0,No,5,4,0,29,141,No
3027,36,Male,IT,Entry,Hybrid,North,4.0,32800.0,No,4,3,0,21,157,No
3028,30,Female,Customer Support,Senior,Hybrid,North,2.0,68800.0,Yes,4,4,1,27,157,No
3029,21,Female,Operations,Mid,Hybrid,East,12.0,85900.0,No,3,5,0,36,179,No
3030,33,Female,Finance,Manager,Hybrid,West,6.0,60400.0,No,3,3,0,45,152,No
3031,33,Female,Customer Support,Mid,Hybrid,East,2.0,57900.0,No,2,3,0,46,146,No
3032,48,Female,Sales,Entry,Office,North,5.0,25100.0,No,5,5,0,20,163,No
3033,31,Female,IT,Manager,Office,East,2.0,52400.0,No,4,4,2,19,189,No
3034,42,Female,IT,Mid,Hybrid,South,4.0,60600.0,No,3,2,0,11,173,No
3035,26,Male,Engineering,Senior,Remote,South,10.0,98400.0,No,3,4,1,38,165,No
3036,42,Female,Marketing,Senior,Hybrid,North,6.0,103400.0,No,3,4,0,30,183,No
3037,21,Male,Operations,Mid,Office,Central,2.0,74900.0,No,3,3,1,45,152,No
3038,57,Male,Sales,Mid,Office,West,1.0,57900.0,Yes,4,5,1,30,207,Yes
3039,37,Female,IT,Mid,Remote,North,7.0,62700.0,No,1,2,0,21,204,No
3040,21,Male,Operations,Senior,Hybrid,South,13.0,92900.0,No,3,2,0,27,162,No
3041,32,Female,Finance,Manager,Hybrid,North,4.0,47800.0,No,3,4,0,25,173,No
3042,30,Male,Engineering,Mid,Office,East,10.0,69900.0,No,4,3,2,19,169,No
3043,32,Female,Customer Support,Senior,Hybrid,South,6.0,91600.0,No,3,3,1,29,160,No
3044,35,Female,HR,Mid,Office,North,7.0,55800.0,No,2,3,0,18,189,No
3045,32,Female,Marketing,Mid,Remote,West,2.0,79300.0,No,2,4,1,45,141,No
3046,31,Male,Engineering,Senior,Hybrid,South,4.0,99600.0,No,5,4,1,7,163,No
3047,28,Female,HR,Senior,Office,West,4.0,98700.0,No,3,3,0,42,181,Yes
3048,45,Female,Operations,Mid,Hybrid,South,1.0,75900.0,No,2,3,0,22,202,No
3049,49,Male,Engineering,Mid,Hybrid,West,3.0,69400.0,No,2,3,0,4,198,No
3050,36,Male,IT,Entry,Hybrid,North,3.0,24000.0,No,3,4,0,6,157,No
3051,38,Female,Customer Support,Entry,Office,South,2.0,24000.0,No,4,3,1,27,155,No
3052,28,Male,Sales,Mid,Hybrid,Central,4.0,85900.0,Yes,4,3,1,23,162,No
3053,39,Female,Operations,Senior,Office,South,8.0,93800.0,No,5,4,2,33,199,No
3054,40,Male,Customer Support,Mid,Office,North,8.0,57100.0,No,2,4,0,23,179,No
3055,36,Male,Operations,Mid,Hybrid,East,11.0,71700.0,No,3,4,1,35,228,No
3056,42,Female,Operations,Senior,Office,South,9.0,75200.0,No,4,4,0,28,183,No
3057,41,Male,Operations,Entry,Hybrid,North,6.0,30200.0,No,3,3,0,36,204,No
3058,29,Female,IT,Entry,Remote,North,11.0,29300.0,Yes,2,4,0,38,169,No
3059,49,Female,IT,Manager,Remote,West,3.0,45100.0,No,4,3,0,34,154,No
3060,36,Male,IT,Entry,Hybrid,West,5.0,24000.0,Yes,3,4,0,24,219,No
3061,53,Female,Operations,Mid,Hybrid,North,14.0,77100.0,No,2,4,1,45,144,No
3062,42,Female,HR,Mid,Remote,Central,3.0,71300.0,No,3,5,0,27,176,No
3063,56,Male,IT,Entry,Hybrid,North,0.5,24000.0,No,5,3,0,19,173,No
3064,49,Female,Customer Support,Mid,Hybrid,North,1.0,82800.0,No,5,3,0,23,159,No
3065,40,Female,Finance,Entry,Hybrid,West,4.0,24000.0,No,2,3,1,33,178,No
3066,31,Female,HR,Mid,Office,East,2.0,60100.0,No,2,3,0,40,168,No
3067,32,Female,HR,Senior,Hybrid,South,1.0,106200.0,Yes,4,4,0,36,153,No
3068,43,Female,IT,Mid,Remote,North,8.0,81500.0,No,5,2,1,36,145,No
3069,39,Male,Marketing,Mid,Hybrid,West,6.0,68200.0,No,5,4,0,24,179,No
3070,33,Male,HR,Mid,Hybrid,South,1.0,60700.0,No,2,4,0,41,155,No
3071,45,Female,Sales,Manager,Office,Central,9.0,41800.0,No,5,4,0,28,160,No
3072,38,Female,Engineering,Entry,Hybrid,North,16.0,24100.0,Yes,3,4,2,21,154,No
3073,46,Female,Customer Support,Senior,Hybrid,South,3.0,104900.0,Yes,2,4,0,5,155,No
3074,29,Female,Marketing,Mid,Hybrid,East,6.0,83700.0,No,3,4,1,35,168,No
3075,47,Male,Customer Support,Manager,Hybrid,East,2.0,51500.0,No,3,4,0,21,146,No
3076,43,Male,Engineering,Mid,Hybrid,West,5.0,77900.0,No,4,2,1,15,164,No
3077,49,Female,Finance,Entry,Remote,East,7.0,26100.0,Yes,2,2,1,13,182,No
3078,47,Female,Operations,Mid,Hybrid,East,4.0,64100.0,Yes,4,3,3,39,183,No
3079,37,Female,Operations,Entry,Remote,South,2.0,24000.0,No,4,4,2,30,160,No
3080,37,Male,IT,Senior,Remote,North,3.0,96900.0,No,4,3,2,34,156,No
3081,54,Male,IT,Mid,Office,West,1.0,80100.0,No,3,4,0,25,194,No
3082,35,Female,Sales,Mid,Office,West,5.0,67400.0,No,4,2,1,28,179,No
3083,45,Female,Operations,Entry,Remote,South,13.0,38700.0,No,2,3,1,27,181,No
3084,35,Female,Customer Support,Senior,Office,North,1.0,90500.0,No,4,3,0,14,196,No
3085,21,Female,Customer Support,Mid,Office,East,11.0,72800.0,Yes,3,4,0,38,191,No
3086,27,Female,Finance,Manager,Office,West,4.0,48000.0,No,3,3,0,18,188,No
3087,42,Male,IT,Senior,Hybrid,Central,1.0,105100.0,No,3,4,1,21,135,No
3088,44,Female,HR,Mid,Hybrid,North,8.0,76400.0,No,2,5,1,32,159,No
3089,42,Male,Operations,Senior,Office,North,5.0,93500.0,No,4,5,1,40,143,No
3090,48,Male,Engineering,Mid,Hybrid,West,2.0,72700.0,No,3,5,0,21,198,No
3091,42,Female,Customer Support,Mid,Office,Central,2.0,61300.0,No,4,4,1,37,163,No
3092,31,Male,Engineering,Entry,Remote,Central,3.0,24000.0,No,4,4,0,32,155,No
3093,43,Female,Customer Support,Mid,Office,West,4.0,67200.0,No,3,3,2,25,177,No
3094,40,Male,Engineering,Mid,Office,Central,5.0,70300.0,No,3,3,0,27,183,No
3095,33,Male,HR,Entry,Hybrid,South,5.0,32800.0,Yes,2,4,1,27,180,No
3096,42,Male,Sales,Senior,Hybrid,North,8.0,92500.0,No,5,2,3,31,171,No
3097,39,Female,Sales,Entry,Hybrid,South,5.0,24000.0,Yes,4,5,0,42,195,No
3098,33,Female,Finance,Mid,Office,East,6.0,45500.0,Yes,4,3,0,32,164,Yes
3099,36,Female,IT,Entry,Hybrid,North,5.0,32700.0,No,3,3,0,25,140,No
3100,51,Male,IT,Mid,Hybrid,East,0.5,73900.0,No,3,4,0,23,163,No
3101,50,Female,Engineering,Senior,Remote,West,1.0,101300.0,No,5,4,1,30,162,No
3102,40,Male,IT,Entry,Hybrid,South,2.0,28200.0,No,5,3,3,22,183,No
3103,39,Female,Engineering,Mid,Remote,West,5.0,82300.0,No,5,3,2,7,189,No
3104,25,Male,Customer Support,Mid,Hybrid,Central,5.0,67000.0,Yes,3,2,2,42,155,No
3105,53,Female,Operations,Senior,Hybrid,East,4.0,93600.0,Yes,4,2,0,26,128,Yes
3106,47,Male,Marketing,Entry,Office,East,6.0,30200.0,Yes,4,5,0,26,210,No
3107,45,Female,Finance,Senior,Office,West,7.0,99900.0,No,3,3,0,44,175,No
3108,21,Male,Operations,Mid,Hybrid,South,4.0,75700.0,No,5,3,1,22,130,No
3109,38,Female,IT,Mid,Hybrid,West,8.0,76300.0,Yes,5,4,1,33,138,No
3110,37,Female,Engineering,Mid,Hybrid,West,4.0,74400.0,No,5,3,1,28,175,No
3111,44,Female,Finance,Mid,Remote,North,6.0,70300.0,No,4,3,0,32,161,No
3112,34,Male,IT,Mid,Hybrid,West,0.5,80100.0,No,1,4,1,21,196,No
3113,36,Male,Marketing,Entry,Office,North,4.0,24000.0,No,3,4,0,39,161,No
3114,44,Female,Operations,Mid,Office,West,8.0,66300.0,No,3,4,0,49,169,No
3115,31,Male,HR,Mid,Office,South,5.0,86300.0,Yes,4,3,1,17,159,No
3116,33,Male,Operations,Mid,Hybrid,East,2.0,65900.0,No,5,4,2,37,168,No
3117,40,Female,IT,Entry,Hybrid,North,5.0,27300.0,No,3,4,1,29,172,Yes
3118,50,Female,Marketing,Mid,Hybrid,West,4.0,84500.0,No,3,4,0,32,198,No
3119,45,Female,IT,Mid,Hybrid,Central,6.0,70900.0,No,3,4,0,34,177,No
3120,48,Male,IT,Mid,Hybrid,East,2.0,64500.0,No,5,3,2,13,173,No
3121,39,Female,IT,Senior,Hybrid,East,4.0,104800.0,No,3,3,1,19,186,No
3122,51,Female,Finance,Mid,Hybrid,West,2.0,69400.0,No,4,4,1,25,197,No
3123,22,Female,Finance,Mid,Hybrid,South,3.0,70000.0,No,5,3,0,43,144,No
3124,56,Male,HR,Entry,Remote,West,5.0,24000.0,No,4,4,0,24,158,No
3125,57,Male,IT,Manager,Hybrid,West,1.0,48900.0,No,1,5,1,34,175,No
3126,42,Female,IT,Mid,Office,South,4.0,78100.0,No,3,4,1,29,171,No
3127,45,Female,Operations,Mid,Remote,Central,1.0,68100.0,No,3,4,2,29,159,No
3128,38,Female,Sales,Entry,Hybrid,East,3.0,24000.0,No,2,3,0,30,132,No
3129,36,Female,Marketing,Entry,Hybrid,West,1.0,24000.0,Yes,3,3,2,18,165,No
3130,33,Male,Engineering,Senior,Office,West,15.0,88500.0,No,1,5,1,26,178,No
3131,38,Female,HR,Entry,Hybrid,North,8.0,25700.0,Yes,4,3,1,23,200,Yes
3132,43,Female,Engineering,Mid,Hybrid,Central,4.0,67300.0,No,3,4,2,27,172,No
3133,42,Male,Sales,Entry,Hybrid,West,11.0,43000.0,Yes,3,3,0,20,171,No
3134,56,Female,Sales,Manager,Hybrid,North,2.0,52700.0,No,2,3,0,50,155,No
3135,39,Male,Marketing,Senior,Office,North,9.0,78300.0,No,5,4,0,8,171,No
3136,25,Male,Customer Support,Manager,Hybrid,North,6.0,50600.0,Yes,3,4,1,8,161,No
3137,53,Male,Customer Support,Senior,Hybrid,Central,3.0,93600.0,Yes,4,3,1,33,182,No
3138,27,Male,Sales,Senior,Hybrid,East,7.0,104800.0,No,3,3,0,38,180,No
3139,33,Male,Customer Support,Mid,Hybrid,North,8.0,70600.0,No,5,3,0,47,199,No
3140,40,Male,Finance,Entry,Hybrid,Central,4.0,26300.0,No,4,4,1,25,177,No
3141,42,Male,Finance,Mid,Office,West,8.0,88800.0,No,4,3,1,28,182,No
3142,25,Male,IT,Mid,Hybrid,South,7.0,62400.0,No,3,5,0,34,144,Yes
3143,31,Male,Engineering,Senior,Office,West,5.0,101200.0,Yes,5,3,0,45,178,No
3144,25,Female,Sales,Entry,Remote,Central,1.0,28600.0,No,3,2,0,12,186,No
3145,44,Female,Customer Support,Entry,Hybrid,North,5.0,24000.0,No,3,3,0,30,173,No
3146,49,Male,Operations,Mid,Remote,West,0.5,66200.0,Yes,3,2,0,36,170,No
3147,27,Male,Marketing,Entry,Hybrid,East,4.0,40200.0,No,3,3,0,24,167,No
3148,47,Female,Marketing,Entry,Hybrid,South,6.0,32200.0,No,4,3,1,33,204,No
3149,46,Male,Customer Support,Entry,Remote,East,2.0,33400.0,No,2,4,1,21,138,No
3150,32,Male,IT,Mid,Hybrid,West,8.0,80000.0,No,5,3,1,43,196,No
3151,21,Female,Sales,Entry,Office,Central,3.0,31100.0,No,4,4,0,7,179,No
3152,28,Female,Operations,Entry,Hybrid,East,2.0,24000.0,No,3,3,1,25,161,No
3153,33,Female,Finance,Entry,Remote,West,7.0,24000.0,No,4,3,0,35,182,No
3154,52,Male,Sales,Senior,Office,West,11.0,107900.0,Yes,2,4,1,25,179,No
3155,37,Female,IT,Entry,Office,North,5.0,29900.0,No,4,2,1,38,151,No
3156,29,Male,Finance,Entry,Office,West,11.0,28700.0,Yes,4,4,1,29,192,No
3157,39,Female,Sales,Senior,Hybrid,East,3.0,110200.0,No,3,2,0,32,175,Yes
3158,26,Female,Sales,Senior,Remote,South,2.0,84400.0,No,4,4,0,35,155,No
3159,43,Female,Engineering,Entry,Office,North,9.0,24000.0,No,4,4,1,27,202,No
3160,29,Male,Finance,Entry,Remote,South,6.0,24000.0,No,3,4,2,8,183,No
3161,31,Male,Engineering,Entry,Office,West,1.0,24000.0,No,5,3,1,49,179,No
3162,41,Female,Engineering,Senior,Hybrid,West,12.0,95100.0,Yes,3,4,0,44,192,No
3163,54,Male,Sales,Entry,Hybrid,South,4.0,40500.0,No,5,3,1,37,172,No
3164,58,Male,Marketing,Manager,Remote,Central,4.0,57600.0,No,5,5,0,24,188,Yes
3165,29,Female,Operations,Senior,Remote,West,13.0,70900.0,No,4,4,0,33,187,No
3166,33,Male,Marketing,Mid,Office,East,11.0,97200.0,No,3,3,0,7,160,No
3167,43,Female,Sales,Entry,Remote,West,10.0,24300.0,Yes,3,5,1,9,168,No
3168,49,Female,IT,Senior,Remote,East,3.0,105100.0,No,4,4,1,57,162,No
3169,21,Female,Sales,Senior,Hybrid,East,5.0,98900.0,No,3,3,0,13,199,No
3170,39,Male,Operations,Senior,Hybrid,South,6.0,94000.0,No,4,4,1,24,142,No
3171,34,Male,Engineering,Entry,Hybrid,South,2.0,25900.0,No,4,5,1,30,178,No
3172,21,Female,Marketing,Senior,Remote,North,1.0,84000.0,Yes,3,3,1,32,198,No
3173,26,Female,Marketing,Senior,Hybrid,East,4.0,82400.0,No,3,4,0,28,147,No
3174,33,Male,Engineering,Manager,Remote,South,8.0,48500.0,No,5,3,0,24,172,No
3175,39,Female,Marketing,Mid,Hybrid,South,0.5,59500.0,No,4,4,2,27,195,No
3176,47,Female,Sales,Mid,Office,South,5.0,86800.0,No,3,4,0,42,164,No
3177,41,Female,Customer Support,Mid,Hybrid,West,2.0,72900.0,No,3,4,1,36,174,No
3178,47,Male,Finance,Senior,Remote,Central,8.0,112800.0,No,4,2,1,36,167,No
3179,38,Female,Sales,Manager,Remote,South,6.0,46100.0,No,3,3,3,5,152,No
3180,32,Female,Operations,Mid,Office,North,2.0,66700.0,No,4,4,0,34,164,Yes
3181,36,Male,Engineering,Entry,Unknown,South,8.0,33300.0,Yes,3,3,1,30,158,No
3182,44,Male,IT,Entry,Remote,South,5.0,25700.0,No,4,4,0,20,140,No
3183,47,Male,Operations,Mid,Hybrid,West,4.0,80800.0,No,3,3,0,50,200,No
3184,37,Female,IT,Senior,Hybrid,North,15.0,106900.0,No,5,4,0,10,180,No
3185,30,Male,Sales,Entry,Remote,East,4.0,37900.0,No,4,4,1,28,163,No
3186,41,Female,Sales,Mid,Office,Central,3.0,84300.0,No,3,4,0,42,162,No
3187,42,Male,Marketing,Manager,Office,Central,7.0,57400.0,Yes,4,4,0,30,163,No
3188,49,Male,Customer Support,Mid,Office,South,12.0,67100.0,No,5,2,3,4,156,No
3189,32,Male,Sales,Entry,Hybrid,North,0.5,38300.0,No,3,5,1,45,163,No
3190,32,Female,IT,Mid,Hybrid,West,9.0,78300.0,No,3,2,1,8,153,No
3191,45,Male,IT,Mid,Office,South,7.0,66400.0,Yes,1,5,0,14,185,No
3192,34,Male,Sales,Entry,Office,East,11.0,24000.0,Yes,4,2,3,40,134,No
3193,34,Female,Operations,Mid,Office,East,10.0,71200.0,Yes,2,4,1,16,175,No
3194,49,Male,Marketing,Mid,Hybrid,East,6.0,82000.0,Yes,3,2,3,25,153,Yes
3195,26,Female,Operations,Mid,Hybrid,South,7.0,73100.0,No,2,5,0,16,189,Yes
3196,57,Female,Finance,Mid,Hybrid,North,5.0,71900.0,No,5,3,0,29,168,No
3197,32,Female,Operations,Entry,Hybrid,Central,11.0,26600.0,No,5,3,1,42,178,No
3198,46,Female,Sales,Entry,Office,Central,3.0,24800.0,No,4,4,1,9,159,No
3199,37,Female,IT,Entry,Office,West,5.0,24000.0,Yes,4,5,2,31,197,Yes
3200,40,Female,Engineering,Entry,Office,South,8.0,35200.0,No,3,4,0,7,146,No
3201,36,Male,Customer Support,Senior,Hybrid,Central,8.0,84800.0,No,3,3,1,53,158,No
3202,46,Male,Engineering,Entry,Office,North,8.0,28600.0,Yes,2,3,0,17,151,No
3203,35,Female,Engineering,Mid,Remote,South,6.0,68300.0,No,4,4,0,35,170,No
3204,33,Female,Operations,Entry,Hybrid,Central,8.0,34900.0,No,2,3,3,32,173,No
3205,54,Female,Engineering,Entry,Remote,South,7.0,24900.0,No,5,4,1,30,146,No
3206,38,Male,HR,Entry,Office,North,13.0,24000.0,No,2,3,0,23,150,No
3207,32,Female,Sales,Mid,Office,West,2.0,80900.0,No,4,4,1,12,149,No
3208,25,Female,Sales,Mid,Hybrid,West,8.0,64600.0,No,5,4,0,46,142,No
3209,55,Female,Sales,Senior,Remote,South,4.0,95400.0,No,2,5,0,17,157,No
3210,33,Female,Sales,Entry,Hybrid,West,5.0,39500.0,No,3,3,0,27,206,No
3211,57,Female,Finance,Mid,Office,West,14.0,65400.0,No,3,3,1,24,174,No
3212,42,Female,Marketing,Senior,Hybrid,South,13.0,93100.0,Yes,5,3,1,40,158,No
3213,39,Male,Customer Support,Mid,Hybrid,North,11.0,68100.0,Yes,3,3,0,55,166,No
3214,40,Female,Operations,Entry,Hybrid,East,3.0,29200.0,No,2,4,0,20,140,No
3215,58,Female,Sales,Entry,Office,South,3.0,27400.0,No,4,3,0,30,141,No
3216,21,Male,Marketing,Entry,Unknown,East,2.0,36300.0,No,2,5,0,41,154,No
3217,40,Female,Finance,Senior,Hybrid,Central,12.0,88400.0,No,3,3,0,44,146,No
3218,36,Female,Sales,Mid,Office,North,2.0,83500.0,Yes,3,4,1,26,188,No
3219,36,Female,IT,Mid,Hybrid,East,4.0,86400.0,No,4,5,1,27,209,No
3220,39,Male,Finance,Senior,Office,North,3.0,96300.0,No,3,4,0,43,188,No
3221,36,Female,IT,Mid,Hybrid,North,3.0,64900.0,No,3,4,1,6,155,No
3222,40,Female,Customer Support,Mid,Remote,Central,1.0,71600.0,No,4,4,1,39,171,No
3223,38,Male,Marketing,Entry,Office,West,3.0,26900.0,No,4,3,0,18,181,Yes
3224,26,Male,Marketing,Mid,Remote,North,5.0,88000.0,No,3,4,1,30,179,No
3225,41,Female,Sales,Entry,Office,South,2.0,27100.0,No,2,3,0,29,201,No
3226,44,Male,Customer Support,Entry,Remote,North,3.0,40400.0,No,4,3,0,21,147,No
3227,33,Female,Marketing,Mid,Remote,East,11.0,73000.0,No,3,4,0,32,174,No
3228,55,Male,IT,Senior,Hybrid,Central,2.0,94400.0,No,4,4,1,24,170,No
3229,50,Female,Operations,Mid,Hybrid,South,4.0,68800.0,No,2,4,0,40,164,No
3230,46,Female,Operations,Senior,Hybrid,South,5.0,91700.0,No,4,4,0,19,140,No
3231,45,Female,HR,Entry,Office,South,3.0,36000.0,No,4,3,1,15,142,No
3232,38,Male,Sales,Manager,Hybrid,Central,9.0,43400.0,No,3,4,0,29,197,No
3233,48,Female,Operations,Entry,Hybrid,Central,11.0,36600.0,No,3,3,2,27,188,No
3234,52,Female,Sales,Senior,Hybrid,South,1.0,107000.0,No,4,4,0,46,148,No
3235,45,Male,IT,Senior,Office,North,3.0,88700.0,No,3,4,0,28,135,No
3236,33,Male,Sales,Mid,Hybrid,West,2.0,82900.0,No,4,4,1,28,172,No
3237,38,Male,Engineering,Mid,Hybrid,West,4.0,81400.0,No,4,3,0,13,169,No
3238,43,Female,IT,Senior,Office,North,5.0,101800.0,No,3,2,0,30,139,No
3239,46,Female,Finance,Senior,Hybrid,Central,1.0,88300.0,No,4,3,0,14,212,No
3240,37,Female,Finance,Entry,Remote,Central,5.0,26900.0,No,3,5,0,26,196,No
3241,33,Female,Customer Support,Senior,Office,North,1.0,92900.0,No,4,3,3,17,149,No
3242,52,Female,Operations,Entry,Hybrid,North,13.0,46800.0,No,3,3,0,34,197,No
3243,28,Male,Engineering,Mid,Hybrid,Central,10.0,71900.0,No,3,4,2,27,176,No
3244,30,Male,IT,Mid,Hybrid,South,5.0,70400.0,No,3,4,1,42,185,No
3245,26,Male,Sales,Senior,Hybrid,East,1.0,83700.0,No,3,3,1,16,154,No
3246,30,Male,Operations,Mid,Hybrid,East,8.0,63300.0,No,4,4,1,28,183,No
3247,49,Male,Finance,Entry,Hybrid,South,3.0,24000.0,No,3,4,0,29,215,No
3248,50,Male,Customer Support,Mid,Hybrid,East,9.0,75300.0,Yes,3,2,3,26,195,Yes
3249,37,Male,Customer Support,Entry,Hybrid,North,8.0,24000.0,No,4,1,1,41,186,No
3250,42,Male,HR,Mid,Hybrid,Central,4.0,66000.0,No,3,3,1,27,134,No
3251,38,Female,Engineering,Mid,Office,North,4.0,55300.0,Yes,3,3,0,15,188,No
3252,27,Female,Operations,Senior,Office,West,3.0,106600.0,No,3,4,1,33,180,No
3253,58,Male,IT,Entry,Office,Central,1.0,29000.0,Yes,3,3,1,49,155,No
3254,50,Female,Operations,Entry,Hybrid,East,5.0,30800.0,No,2,4,0,20,165,No
3255,41,Female,Sales,Mid,Hybrid,Central,7.0,62200.0,No,4,4,0,27,169,No
3256,30,Female,Customer Support,Entry,Hybrid,West,5.0,38500.0,No,3,3,1,30,182,No
3257,36,Female,Sales,Entry,Hybrid,North,4.0,41500.0,No,2,3,0,39,142,No
3258,32,Female,Finance,Mid,Hybrid,North,7.0,72600.0,No,3,3,0,37,172,No
3259,39,Male,Operations,Mid,Office,South,4.0,67700.0,No,2,4,1,29,202,No
3260,41,Female,Sales,Entry,Remote,South,5.0,33000.0,Yes,3,3,0,23,182,No
3261,35,Female,Sales,Mid,Hybrid,Central,4.0,78600.0,No,5,5,2,22,149,No
3262,25,Male,Marketing,Senior,Hybrid,East,4.0,101800.0,No,2,5,1,34,176,No
3263,57,Male,Sales,Mid,Hybrid,West,2.0,78000.0,No,3,3,1,19,181,No
3264,40,Male,HR,Mid,Hybrid,North,3.0,80700.0,No,5,3,0,11,130,No
3265,42,Male,Finance,Entry,Office,West,13.0,24000.0,No,4,3,0,25,177,No
3266,34,Female,IT,Entry,Hybrid,West,2.0,36200.0,No,3,4,0,22,171,No
3267,24,Male,IT,Mid,Remote,South,14.0,67900.0,No,2,3,2,23,140,No
3268,37,Male,Customer Support,Mid,Remote,East,5.0,49400.0,Yes,4,3,0,34,209,No
3269,35,Female,Engineering,Entry,Remote,East,1.0,24000.0,No,3,4,1,29,177,No
3270,44,Female,Sales,Entry,Office,North,8.0,24000.0,No,4,4,0,25,167,No
3271,46,Male,Engineering,Mid,Office,South,1.0,74200.0,No,3,3,0,14,154,No
3272,45,Male,Operations,Mid,Remote,East,8.0,79500.0,No,4,4,1,23,173,No
3273,47,Male,Operations,Manager,Hybrid,North,6.0,51700.0,No,5,4,0,9,179,No
3274,54,Female,Marketing,Entry,Hybrid,Central,5.0,46100.0,No,4,5,0,19,198,No
3275,42,Male,Marketing,Entry,Office,South,6.0,24000.0,No,2,3,0,18,169,No
3276,48,Female,Customer Support,Mid,Office,East,6.0,54100.0,No,3,4,2,28,144,No
3277,42,Female,Operations,Entry,Hybrid,North,4.0,30500.0,No,4,4,1,29,169,No
3278,21,Female,Operations,Entry,Hybrid,Central,14.0,24000.0,No,2,5,0,25,169,No
3279,37,Male,Finance,Mid,Hybrid,West,11.0,62200.0,Yes,5,4,2,14,204,No
3280,30,Male,Sales,Mid,Remote,North,8.0,69300.0,No,4,4,1,7,177,No
3281,40,Female,Marketing,Entry,Hybrid,East,4.0,24000.0,No,4,3,2,44,179,No
3282,31,Female,Sales,Mid,Remote,South,3.0,65800.0,Yes,3,3,0,18,160,No
3283,43,Male,IT,Mid,Remote,West,6.0,85700.0,No,3,3,0,25,178,No
3284,47,Male,Sales,Entry,Hybrid,North,3.0,29100.0,No,3,4,0,22,154,No
3285,49,Male,IT,Senior,Remote,South,4.0,91600.0,No,5,4,0,38,174,No
3286,53,Female,Operations,Mid,Hybrid,West,8.0,86400.0,No,5,3,1,31,187,No
3287,23,Female,Operations,Manager,Hybrid,North,11.0,47300.0,No,5,4,1,19,171,No
3288,27,Male,HR,Manager,Office,West,6.0,38900.0,Yes,2,3,0,34,193,Yes
3289,62,Female,Sales,Mid,Hybrid,West,5.0,60100.0,Yes,4,3,0,12,199,No
3290,47,Female,HR,Entry,Office,South,1.0,27300.0,Yes,4,4,2,27,194,No
3291,40,Female,Finance,Senior,Hybrid,West,8.0,79200.0,No,3,4,1,4,172,No
3292,38,Female,Marketing,Mid,Remote,North,8.0,61400.0,Yes,4,4,1,32,152,No
3293,37,Male,Operations,Entry,Hybrid,East,10.0,24600.0,No,2,5,1,23,151,No
3294,21,Female,Operations,Mid,Office,North,18.0,82200.0,No,5,2,0,25,182,No
3295,31,Male,Operations,Mid,Hybrid,South,3.0,83600.0,Yes,2,4,1,42,176,No
3296,37,Male,Engineering,Senior,Hybrid,North,12.0,99900.0,Yes,4,3,2,19,170,No
3297,32,Female,Marketing,Senior,Hybrid,West,12.0,94000.0,No,4,3,2,20,160,No
3298,33,Male,Operations,Senior,Office,East,5.0,88900.0,No,3,4,0,10,171,No
3299,61,Female,HR,Senior,Hybrid,North,1.0,97500.0,No,5,3,0,29,143,No
3300,36,Male,Sales,Mid,Office,Central,11.0,88000.0,No,2,3,0,27,158,No
3301,41,Male,Engineering,Mid,Hybrid,West,13.0,73300.0,Yes,3,2,0,37,167,No
3302,40,Female,Finance,Manager,Office,North,2.0,45800.0,No,2,2,0,28,185,No
3303,43,Female,IT,Manager,Office,West,7.0,48600.0,Yes,3,3,1,32,190,No
3304,34,Male,Engineering,Senior,Office,South,5.0,91600.0,No,3,4,0,34,132,No
3305,49,Female,Marketing,Senior,Hybrid,North,5.0,98900.0,Yes,3,4,1,32,139,No
3306,42,Male,Sales,Mid,Hybrid,North,1.0,65100.0,No,5,4,2,26,185,No
3307,26,Male,Sales,Entry,Hybrid,Central,11.0,31700.0,No,2,4,0,34,173,No
3308,37,Male,Sales,Senior,Hybrid,East,4.0,99100.0,Yes,2,4,0,36,184,No
3309,36,Female,Operations,Entry,Hybrid,Central,16.0,31100.0,No,3,3,0,40,159,No
3310,36,Male,Sales,Entry,Hybrid,Central,4.0,24000.0,No,4,4,3,55,160,No
3311,43,Female,Engineering,Mid,Hybrid,South,3.0,70700.0,No,4,4,1,16,156,No
3312,44,Female,Engineering,Mid,Remote,South,4.0,67300.0,No,4,2,0,34,120,No
3313,43,Female,Operations,Mid,Office,West,4.0,71300.0,No,1,4,0,28,149,No
3314,41,Male,Operations,Entry,Hybrid,South,4.0,24000.0,No,5,3,1,30,150,No
3315,39,Male,IT,Entry,Office,North,11.0,39200.0,No,3,3,1,37,152,No
3316,21,Female,Sales,Entry,Hybrid,South,4.0,29700.0,No,3,5,0,31,152,No
3317,45,Female,Marketing,Mid,Office,North,12.0,57400.0,Yes,3,4,0,15,153,No
3318,42,Male,Sales,Entry,Remote,South,10.0,24000.0,Yes,1,3,2,22,166,No
3319,29,Male,Sales,Mid,Office,South,9.0,82800.0,No,3,3,1,35,182,No
3320,41,Male,Finance,Entry,Office,North,8.0,26400.0,Yes,4,4,0,19,120,No
3321,44,Female,Sales,Mid,Hybrid,East,2.0,68500.0,No,4,3,0,15,152,No
3322,49,Male,HR,Mid,Office,South,9.0,82200.0,No,3,3,0,24,153,No
3323,43,Female,Marketing,Mid,Remote,Central,10.0,70600.0,No,4,3,0,11,140,No
3324,41,Female,Customer Support,Senior,Hybrid,Central,12.0,83200.0,No,4,5,2,19,193,No
3325,47,Male,Operations,Entry,Hybrid,South,1.0,24000.0,No,3,2,0,51,149,No
3326,35,Male,Customer Support,Mid,Hybrid,Central,10.0,77600.0,No,4,2,0,21,179,No
3327,42,Male,HR,Mid,Remote,South,1.0,90300.0,No,3,3,0,33,155,No
3328,32,Male,Customer Support,Entry,Office,North,8.0,35600.0,No,3,3,0,18,196,No
3329,48,Male,Operations,Senior,Hybrid,East,7.0,90600.0,No,3,4,0,36,154,No
3330,24,Male,IT,Manager,Office,South,2.0,48000.0,No,1,3,0,25,153,No
3331,45,Female,Engineering,Mid,Remote,South,5.0,72400.0,No,4,4,0,37,167,No
3332,38,Male,IT,Manager,Remote,North,5.0,31800.0,No,3,4,0,24,201,No
3333,47,Male,Sales,Mid,Hybrid,West,7.0,72200.0,No,3,3,3,22,181,No
3334,31,Female,IT,Mid,Hybrid,Central,5.0,77300.0,Yes,4,3,2,26,158,No
3335,39,Male,Finance,Entry,Hybrid,Central,6.0,44000.0,No,4,3,1,28,174,No
3336,39,Male,Finance,Entry,Hybrid,West,4.0,37800.0,No,4,4,0,31,159,No
3337,42,Male,Operations,Entry,Remote,West,18.0,45400.0,No,5,4,0,20,201,No
3338,29,Female,Customer Support,Mid,Hybrid,Central,7.0,87100.0,No,4,4,1,17,186,Yes
3339,44,Male,IT,Mid,Remote,North,4.0,84600.0,No,3,3,1,11,170,No
3340,21,Male,Operations,Entry,Hybrid,West,3.0,28200.0,Yes,4,4,0,21,175,No
3341,32,Female,Finance,Mid,Hybrid,South,8.0,75100.0,No,3,3,2,8,158,No
3342,24,Female,Customer Support,Entry,Hybrid,West,18.0,24000.0,No,3,4,1,13,171,No
3343,45,Female,IT,Mid,Hybrid,Central,11.0,73200.0,No,3,4,0,25,182,No
3344,42,Male,Sales,Entry,Remote,South,5.0,33100.0,Yes,4,2,2,35,189,No
3345,42,Female,Operations,Mid,Hybrid,South,1.0,69400.0,No,4,3,1,24,162,No
3346,51,Male,Marketing,Mid,Hybrid,West,3.0,58100.0,No,4,3,2,52,128,No
3347,35,Male,Customer Support,Senior,Hybrid,East,3.0,108200.0,No,4,4,2,32,185,No
3348,43,Male,Operations,Entry,Hybrid,West,1.0,31700.0,Yes,4,3,0,30,158,No
3349,39,Female,Customer Support,Mid,Remote,South,4.0,87500.0,No,4,3,0,14,188,No
3350,37,Male,Finance,Manager,Hybrid,South,8.0,56700.0,No,3,4,0,35,140,No
3351,50,Female,Sales,Entry,Hybrid,South,4.0,40300.0,No,4,4,0,35,177,No
3352,57,Male,Sales,Mid,Hybrid,West,9.0,82500.0,No,3,4,0,17,167,No
3353,34,Male,Sales,Entry,Hybrid,West,3.0,24000.0,No,3,4,0,28,162,No
3354,46,Female,Finance,Entry,Hybrid,South,2.0,24000.0,No,3,4,1,46,200,No
3355,41,Female,Operations,Mid,Office,West,3.0,68100.0,Yes,3,3,0,31,156,Yes
3356,41,Male,Finance,Entry,Hybrid,North,3.0,24000.0,No,3,4,0,38,198,No
3357,40,Male,Operations,Mid,Hybrid,Central,1.0,87900.0,No,3,4,1,24,214,No
3358,35,Male,Operations,Manager,Hybrid,South,2.0,50400.0,Yes,4,3,0,7,146,Yes
3359,21,Male,Marketing,Entry,Hybrid,North,1.0,32100.0,Yes,5,3,0,34,153,No
3360,52,Male,Marketing,Entry,Hybrid,Central,1.0,24000.0,No,4,2,1,26,168,No
3361,32,Male,Finance,Senior,Hybrid,West,4.0,101400.0,No,4,4,0,31,166,No
3362,36,Female,Finance,Mid,Office,South,3.0,68300.0,Yes,2,5,0,29,193,Yes
3363,36,Male,Operations,Senior,Office,West,17.0,105300.0,No,5,3,0,19,193,No
3364,31,Male,Operations,Mid,Office,West,2.0,65800.0,Yes,3,4,0,29,161,No
3365,40,Male,Finance,Mid,Office,East,4.0,84000.0,Yes,3,5,0,20,155,No
3366,38,Male,Finance,Manager,Office,South,6.0,58500.0,Yes,5,3,0,16,164,No
3367,32,Female,Marketing,Entry,Hybrid,South,10.0,24000.0,No,2,4,2,37,175,No
3368,39,Male,Operations,Senior,Office,West,12.0,106800.0,No,4,5,0,18,148,No
3369,38,Male,Sales,Mid,Remote,South,6.0,82300.0,No,3,3,2,26,146,No
3370,46,Male,HR,Senior,Hybrid,Central,4.0,98400.0,Yes,3,3,2,17,156,No
3371,26,Female,Customer Support,Entry,Hybrid,Central,3.0,24000.0,Yes,3,5,1,45,162,No
3372,31,Female,Sales,Mid,Office,South,5.0,79200.0,No,2,3,2,34,164,No
3373,45,Male,Customer Support,Entry,Hybrid,South,11.0,28600.0,No,3,3,0,16,131,No
3374,32,Male,IT,Manager,Office,North,5.0,50400.0,No,4,3,0,28,162,Yes
3375,30,Female,Operations,Entry,Office,East,7.0,28700.0,No,3,5,0,28,145,No
3376,33,Female,HR,Entry,Hybrid,South,9.0,27700.0,No,5,4,3,29,172,No
3377,37,Female,Sales,Senior,Hybrid,West,6.0,86200.0,Yes,3,4,1,21,146,No
3378,37,Female,Engineering,Mid,Remote,West,7.0,58400.0,Yes,2,4,3,20,177,No
3379,36,Male,HR,Mid,Hybrid,South,6.0,56500.0,Yes,3,3,0,46,168,No
3380,29,Male,Engineering,Mid,Hybrid,South,2.0,74700.0,Yes,2,4,0,17,199,No
3381,45,Male,IT,Mid,Hybrid,Central,5.0,50200.0,No,4,3,0,15,177,No
3382,50,Female,Customer Support,Entry,Hybrid,West,6.0,34500.0,No,5,3,1,6,167,No
3383,21,Female,Engineering,Mid,Remote,East,14.0,76600.0,No,4,3,0,25,170,No
3384,24,Male,Operations,Mid,Office,South,3.0,69300.0,No,3,4,1,13,172,No
3385,47,Male,IT,Mid,Office,West,6.0,81200.0,No,3,5,2,54,159,No
3386,52,Female,Marketing,Entry,Remote,West,4.0,25700.0,No,4,3,1,12,166,No
3387,21,Female,Operations,Entry,Remote,West,13.0,31800.0,Yes,3,4,0,19,161,No
3388,45,Female,Engineering,Senior,Office,West,10.0,76400.0,Yes,3,3,0,54,164,No
3389,53,Male,HR,Entry,Hybrid,North,6.0,24000.0,Yes,3,4,1,41,162,Yes
3390,30,Female,IT,Mid,Office,Central,0.5,69900.0,Yes,5,4,0,6,164,No
3391,52,Female,Sales,Mid,Hybrid,West,11.0,75800.0,Yes,3,3,0,28,170,No
3392,36,Female,Marketing,Mid,Hybrid,South,1.0,80600.0,No,4,3,0,31,182,No
3393,41,Female,Engineering,Senior,Remote,South,1.0,92400.0,No,4,3,0,16,189,Yes
3394,32,Female,Sales,Mid,Office,East,9.0,74200.0,No,3,4,0,35,158,No
3395,47,Female,Marketing,Senior,Hybrid,North,7.0,101100.0,No,3,4,0,11,143,No
3396,46,Male,Engineering,Mid,Office,North,6.0,70900.0,No,2,5,2,7,187,Yes
3397,54,Male,Sales,Senior,Remote,North,3.0,99300.0,Yes,5,4,1,39,214,No
3398,51,Female,Sales,Senior,Hybrid,South,1.0,83800.0,No,3,3,2,35,181,No
3399,38,Female,Marketing,Entry,Hybrid,South,0.5,24000.0,No,4,5,1,50,164,No
3400,62,Female,Operations,Manager,Hybrid,East,6.0,45200.0,No,3,4,1,27,175,No
3401,50,Male,Sales,Senior,Remote,Central,2.0,101000.0,No,3,3,0,47,174,No
3402,43,Female,Customer Support,Mid,Office,South,7.0,65600.0,No,4,3,1,21,170,No
3403,29,Male,Operations,Entry,Hybrid,Central,2.0,33900.0,No,3,3,0,42,153,No
3404,24,Male,Engineering,Entry,Hybrid,South,6.0,24000.0,No,2,5,1,50,191,No
3405,25,Male,Customer Support,Mid,Remote,Central,2.0,66800.0,No,4,4,1,17,155,No
3406,30,Male,Customer Support,Mid,Hybrid,Central,9.0,74200.0,No,3,5,0,6,190,No
3407,50,Female,Operations,Mid,Hybrid,East,6.0,66000.0,No,4,5,1,31,182,No
3408,42,Male,IT,Mid,Hybrid,North,5.0,67500.0,No,4,4,1,30,199,Yes
3409,32,Male,Operations,Mid,Office,East,2.0,48500.0,No,4,1,0,26,185,No
3410,37,Female,Sales,Entry,Remote,East,1.0,35600.0,No,4,3,0,39,124,No
3411,36,Male,Operations,Entry,Hybrid,Central,6.0,26900.0,No,2,2,0,14,143,No
3412,45,Male,Sales,Entry,Hybrid,North,3.0,24000.0,No,4,5,2,26,172,No
3413,30,Female,Operations,Senior,Remote,Central,5.0,110500.0,No,3,4,2,19,204,Yes
3414,41,Female,Sales,Mid,Office,West,5.0,64900.0,No,2,3,1,47,163,No
3415,41,Male,IT,Manager,Hybrid,West,5.0,45400.0,Yes,1,3,1,37,143,No
3416,30,Male,IT,Senior,Office,West,10.0,85300.0,No,3,4,1,19,187,No
3417,52,Male,Operations,Senior,Remote,South,5.0,103900.0,No,3,3,1,28,204,No
3418,35,Female,Customer Support,Mid,Hybrid,North,2.0,84900.0,No,3,3,0,26,155,No
3419,29,Male,Sales,Senior,Hybrid,Central,8.0,106000.0,Yes,4,2,0,12,160,No
3420,46,Male,Customer Support,Manager,Hybrid,West,7.0,61900.0,No,5,4,2,47,204,No
3421,38,Female,Customer Support,Senior,Remote,South,3.0,88600.0,No,3,3,1,23,145,No
3422,42,Male,Finance,Entry,Hybrid,West,2.0,43100.0,Yes,3,4,0,65,150,No
3423,27,Male,Operations,Mid,Office,North,6.0,70200.0,Yes,3,4,0,28,149,No
3424,45,Female,HR,Entry,Hybrid,East,2.0,24000.0,Yes,3,2,2,43,174,No
3425,58,Female,IT,Entry,Office,East,6.0,24200.0,No,2,3,1,28,165,No
3426,27,Male,Operations,Mid,Hybrid,Central,12.0,74900.0,No,5,3,1,32,159,No
3427,41,Male,Sales,Senior,Office,North,7.0,88200.0,No,3,3,0,23,188,No
3428,31,Male,Customer Support,Entry,Remote,North,13.0,29300.0,Yes,3,4,0,6,187,No
3429,62,Male,Engineering,Entry,Remote,East,5.0,32800.0,No,3,3,0,48,200,No
3430,49,Female,Customer Support,Senior,Office,West,5.0,97700.0,Yes,3,3,0,21,172,No
3431,41,Female,Operations,Entry,Hybrid,South,5.0,33900.0,No,3,4,0,46,186,No
3432,27,Male,Operations,Entry,Office,South,7.0,26400.0,No,5,3,1,53,148,No
3433,29,Male,Engineering,Senior,Hybrid,South,6.0,87500.0,Yes,4,4,0,20,185,No
3434,45,Female,IT,Senior,Hybrid,West,2.0,80800.0,No,4,4,1,18,186,No
3435,26,Male,Sales,Mid,Hybrid,East,5.0,71200.0,No,4,3,0,21,155,No
3436,26,Male,Operations,Mid,Remote,North,10.0,67200.0,No,5,3,0,5,183,No
3437,38,Male,Finance,Mid,Hybrid,Central,2.0,70900.0,No,3,3,2,32,176,Yes
3438,39,Male,Finance,Entry,Office,West,5.0,24000.0,Yes,3,4,1,44,180,No
3439,41,Female,Sales,Senior,Hybrid,North,7.0,80300.0,No,4,5,1,17,190,No
3440,34,Male,Operations,Senior,Hybrid,North,7.0,98600.0,No,4,3,0,34,174,No
3441,46,Female,IT,Mid,Office,East,1.0,57300.0,No,4,3,2,25,194,No
3442,30,Female,IT,Entry,Office,Central,2.0,26300.0,No,4,4,2,25,149,No
3443,44,Female,Sales,Entry,Hybrid,North,10.0,24000.0,No,4,4,1,28,154,No
3444,40,Male,Finance,Entry,Hybrid,West,10.0,24000.0,Yes,4,3,0,32,168,No
3445,43,Male,Customer Support,Mid,Hybrid,West,5.0,72800.0,No,1,4,3,20,156,No
3446,49,Female,Finance,Entry,Hybrid,North,6.0,28300.0,No,3,5,0,28,176,No
3447,34,Male,Marketing,Senior,Office,East,2.0,98900.0,No,3,4,1,21,164,No
3448,32,Male,Marketing,Entry,Office,North,2.0,24000.0,No,3,3,0,30,165,No
3449,23,Female,Finance,Mid,Remote,South,1.0,64000.0,No,4,4,0,17,164,No
3450,21,Female,Customer Support,Mid,Hybrid,North,2.0,82100.0,No,5,4,0,39,176,No
3451,36,Female,Marketing,Senior,Office,South,6.0,92000.0,No,2,3,0,24,171,No
3452,37,Male,Operations,Manager,Office,East,4.0,53300.0,No,3,4,0,13,178,No
3453,28,Female,Sales,Mid,Office,North,5.0,67500.0,No,3,3,0,25,163,No
3454,30,Male,Sales,Entry,Hybrid,West,5.0,32100.0,No,3,3,1,27,134,No
3455,52,Male,Engineering,Senior,Hybrid,North,2.0,71600.0,Yes,2,4,3,22,186,No
3456,46,Male,Customer Support,Entry,Hybrid,West,6.0,38400.0,No,5,4,0,9,155,No
3457,27,Male,Engineering,Entry,Hybrid,East,11.0,24000.0,Yes,4,4,0,26,177,No
3458,34,Male,Engineering,Entry,Remote,South,2.0,24000.0,No,3,2,0,30,171,No
3459,42,Female,Sales,Senior,Hybrid,South,5.0,84400.0,No,3,5,0,33,215,No
3460,32,Male,Customer Support,Entry,Remote,East,8.0,25600.0,No,3,4,0,40,120,Yes
3461,31,Male,HR,Mid,Hybrid,West,10.0,71000.0,No,4,4,0,34,158,No
3462,35,Female,Customer Support,Mid,Office,North,7.0,73300.0,No,3,3,1,32,178,No
3463,48,Female,Sales,Mid,Remote,North,2.0,61300.0,Yes,2,4,0,35,139,No
3464,49,Male,IT,Mid,Remote,South,1.0,79800.0,No,3,4,1,21,170,Yes
3465,31,Female,Marketing,Senior,Office,North,4.0,89300.0,No,5,3,0,39,137,No
3466,42,Male,Customer Support,Senior,Hybrid,West,4.0,88800.0,No,2,4,1,27,171,No
3467,38,Female,Operations,Mid,Hybrid,North,10.0,70000.0,No,4,3,0,26,172,No
3468,29,Male,Finance,Mid,Remote,West,3.0,78000.0,No,4,4,1,13,185,No
3469,35,Male,Finance,Senior,Hybrid,East,2.0,93700.0,No,3,5,0,33,176,No
3470,27,Male,Engineering,Senior,Hybrid,West,3.0,89100.0,Yes,4,4,1,32,152,No
3471,48,Male,HR,Mid,Office,North,7.0,69100.0,Yes,4,3,0,37,172,No
3472,52,Female,HR,Mid,Office,North,5.0,83000.0,Yes,1,2,0,11,177,No
3473,34,Female,Operations,Entry,Hybrid,Central,4.0,37500.0,No,3,4,1,37,153,No
3474,32,Male,HR,Entry,Hybrid,West,10.0,31300.0,No,3,3,1,26,190,No
3475,47,Male,Operations,Entry,Remote,East,0.5,29300.0,Yes,5,2,0,17,182,No
3476,49,Female,HR,Entry,Remote,North,9.0,48800.0,No,3,3,0,22,138,No
3477,28,Female,Customer Support,Entry,Unknown,North,0.5,32200.0,Yes,3,4,0,18,171,No
3478,37,Male,Engineering,Senior,Hybrid,North,8.0,95600.0,No,2,5,0,32,150,No
3479,37,Male,Engineering,Senior,Hybrid,South,5.0,92200.0,No,3,4,1,23,131,No
3480,31,Male,Operations,Senior,Hybrid,West,5.0,97200.0,Yes,2,4,3,27,159,No
3481,41,Male,HR,Mid,Hybrid,North,5.0,44600.0,Yes,4,4,0,22,163,No
3482,32,Female,Marketing,Mid,Hybrid,West,8.0,81200.0,No,3,3,0,26,213,No
3483,33,Female,Customer Support,Entry,Remote,West,2.0,24000.0,No,2,5,0,14,160,No
3484,37,Male,Operations,Mid,Hybrid,West,7.0,65500.0,No,5,2,1,4,172,No
3485,25,Male,Marketing,Mid,Hybrid,South,9.0,59400.0,Yes,2,4,0,60,177,No
3486,21,Female,Marketing,Mid,Remote,East,4.0,65400.0,No,4,3,0,28,164,No
3487,46,Female,Marketing,Manager,Remote,East,3.0,46900.0,No,2,3,0,63,176,No
3488,31,Male,Marketing,Senior,Hybrid,West,1.0,102000.0,No,4,5,1,27,156,No
3489,57,Male,IT,Entry,Hybrid,West,18.0,39600.0,No,4,4,2,28,149,No
3490,56,Female,Operations,Senior,Hybrid,Central,5.0,111500.0,No,3,3,0,24,159,No
3491,33,Female,Operations,Entry,Hybrid,Central,1.0,28900.0,No,2,3,0,35,145,No
3492,59,Male,Sales,Entry,Office,South,2.0,26000.0,No,2,4,0,29,183,No
3493,46,Male,Customer Support,Entry,Hybrid,Central,3.0,35000.0,No,3,3,0,12,169,No
3494,32,Female,Operations,Entry,Hybrid,West,9.0,24000.0,No,5,4,0,15,161,No
3495,21,Male,Sales,Mid,Office,East,2.0,63300.0,Yes,4,3,1,13,182,Yes
3496,44,Female,Customer Support,Mid,Hybrid,North,3.0,68700.0,No,4,3,1,29,158,No
3497,38,Male,Marketing,Entry,Office,North,8.0,27700.0,No,2,2,0,30,120,No
3498,42,Male,Marketing,Manager,Hybrid,North,4.0,31400.0,No,4,4,0,29,160,No
3499,36,Female,Finance,Mid,Office,South,5.0,81600.0,No,4,3,0,19,185,No
3500,28,Female,Customer Support,Mid,Office,East,1.0,74200.0,No,4,4,1,13,190,No
3501,34,Female,HR,Mid,Office,North,2.0,79200.0,No,3,2,1,42,146,No
3502,44,Female,Operations,Mid,Hybrid,North,2.0,57900.0,No,4,3,0,30,158,No
3503,35,Female,Sales,Mid,Hybrid,East,5.0,66000.0,No,3,4,2,35,185,No
3504,35,Female,Operations,Mid,Office,South,5.0,65600.0,Yes,4,2,3,39,140,No
3505,24,Female,Marketing,Senior,Hybrid,East,5.0,92200.0,Yes,3,5,1,4,164,No
3506,39,Male,Operations,Mid,Office,East,10.0,71700.0,No,3,4,0,29,176,No
3507,28,Male,Operations,Mid,Hybrid,East,3.0,79800.0,No,3,3,0,41,198,No
3508,46,Male,Customer Support,Entry,Hybrid,North,1.0,28900.0,No,5,4,2,13,161,No
3509,31,Male,Marketing,Senior,Hybrid,East,8.0,87300.0,No,2,3,0,14,142,No
3510,35,Female,IT,Mid,Office,East,6.0,91700.0,No,4,5,0,14,154,Yes
3511,57,Female,Engineering,Entry,Office,South,8.0,25600.0,Yes,4,4,1,9,218,No
3512,35,Male,Marketing,Manager,Hybrid,West,6.0,41800.0,Yes,3,4,2,35,176,Yes
3513,34,Male,Engineering,Mid,Hybrid,North,3.0,55000.0,No,3,4,2,30,195,No
3514,43,Female,Engineering,Entry,Office,West,3.0,28800.0,No,2,4,1,13,170,No
3515,22,Male,Engineering,Entry,Hybrid,Central,3.0,34200.0,No,5,3,0,6,154,Yes
3516,49,Male,Marketing,Mid,Remote,West,11.0,61700.0,Yes,2,4,1,17,149,No
3517,47,Male,Operations,Manager,Remote,West,17.0,55600.0,No,1,4,2,41,161,No
3518,43,Female,IT,Mid,Hybrid,East,7.0,72800.0,No,4,4,1,13,185,No
3519,21,Male,Operations,Entry,Hybrid,Central,4.0,24000.0,No,2,2,1,7,144,No
3520,36,Female,Customer Support,Mid,Remote,Central,3.0,77600.0,Yes,3,5,1,26,185,No
3521,27,Male,Operations,Mid,Unknown,South,6.0,69600.0,Yes,2,4,1,13,147,No
3522,48,Male,Customer Support,Entry,Hybrid,East,1.0,24000.0,No,3,3,0,47,164,No
3523,47,Female,Sales,Senior,Hybrid,South,7.0,102600.0,No,3,4,0,29,169,No
3524,41,Female,Finance,Entry,Office,South,3.0,36400.0,No,4,3,0,22,182,No
3525,27,Female,Operations,Senior,Office,North,0.5,83700.0,No,5,2,1,22,164,Yes
3526,51,Male,HR,Senior,Hybrid,East,13.0,96600.0,No,3,4,0,20,181,No
3527,36,Male,Sales,Entry,Hybrid,South,8.0,29800.0,Yes,3,4,0,21,164,No
3528,54,Female,IT,Senior,Hybrid,South,1.0,93400.0,Yes,3,3,1,56,178,No
3529,40,Male,Customer Support,Senior,Remote,West,9.0,89400.0,No,4,3,0,38,170,No
3530,43,Female,Operations,Mid,Remote,East,3.0,70700.0,No,2,3,0,24,174,No
3531,34,Male,Sales,Mid,Office,East,9.0,80400.0,No,3,3,1,29,174,No
3532,51,Female,Sales,Entry,Remote,East,5.0,31700.0,No,3,4,1,18,168,No
3533,43,Female,HR,Entry,Office,North,5.0,24000.0,Yes,3,4,1,39,193,No
3534,51,Female,IT,Senior,Hybrid,East,5.0,74700.0,No,5,4,0,4,182,No
3535,40,Female,Marketing,Entry,Office,East,5.0,24000.0,No,4,5,2,19,173,No
3536,38,Male,Customer Support,Entry,Office,North,2.0,24000.0,No,2,5,0,13,159,No
3537,43,Male,IT,Mid,Hybrid,Central,13.0,65200.0,Yes,4,3,1,37,218,No
3538,51,Male,Operations,Entry,Office,East,7.0,24000.0,Yes,5,3,1,26,201,No
3539,47,Female,IT,Senior,Remote,North,2.0,93400.0,No,3,4,0,5,150,Yes
3540,39,Male,Finance,Senior,Office,Central,3.0,93700.0,No,5,2,0,24,182,No
3541,21,Female,Customer Support,Senior,Remote,West,13.0,93600.0,Yes,4,4,0,25,195,No
3542,45,Male,Operations,Entry,Hybrid,East,1.0,38300.0,No,4,3,0,43,180,No
3543,25,Male,Customer Support,Mid,Hybrid,East,7.0,56900.0,No,4,4,2,29,170,No
3544,38,Male,IT,Senior,Office,West,2.0,97000.0,No,4,4,1,25,158,No
3545,37,Female,Finance,Mid,Hybrid,West,3.0,75000.0,Yes,4,2,2,26,180,No
3546,25,Female,HR,Mid,Hybrid,East,5.0,60600.0,No,3,5,3,4,152,No
3547,41,Male,Operations,Mid,Office,South,6.0,76800.0,Yes,2,3,0,15,163,Yes
3548,57,Female,Engineering,Mid,Office,North,5.0,75400.0,Yes,4,5,1,4,160,No
3549,35,Female,Sales,Entry,Remote,Central,2.0,27600.0,Yes,4,2,0,49,180,No
3550,45,Male,Customer Support,Mid,Hybrid,North,13.0,50200.0,No,3,3,0,19,197,No
3551,59,Male,Customer Support,Entry,Hybrid,East,7.0,36700.0,No,1,4,0,33,161,No
3552,46,Female,Operations,Senior,Hybrid,South,10.0,96000.0,Yes,4,3,0,13,163,No
3553,32,Female,Finance,Mid,Office,North,4.0,75600.0,Yes,3,4,3,20,196,No
3554,40,Female,Operations,Entry,Hybrid,West,8.0,24000.0,Yes,2,4,1,21,160,No
3555,42,Female,IT,Senior,Office,South,10.0,89200.0,Yes,2,3,1,31,120,No
3556,51,Female,Customer Support,Mid,Hybrid,West,6.0,59100.0,No,2,5,0,23,207,No
3557,49,Female,Operations,Entry,Hybrid,South,6.0,39600.0,Yes,4,4,0,17,190,No
3558,21,Female,Engineering,Manager,Hybrid,West,7.0,40100.0,No,5,2,0,4,186,No
3559,30,Female,Operations,Senior,Remote,East,7.0,107300.0,No,3,4,1,52,178,Yes
3560,37,Male,Operations,Mid,Hybrid,South,6.0,80600.0,No,4,4,1,19,169,No
3561,29,Male,Marketing,Senior,Office,West,9.0,96000.0,Yes,3,3,1,20,133,No
3562,21,Female,Operations,Mid,Hybrid,West,4.0,82200.0,No,4,4,0,18,166,No
3563,31,Female,Engineering,Mid,Hybrid,East,12.0,63500.0,Yes,3,4,0,42,165,No
3564,38,Male,IT,Entry,Remote,West,1.0,24000.0,Yes,4,2,0,17,168,Yes
3565,33,Female,Engineering,Entry,Remote,Central,8.0,36300.0,No,2,3,3,19,182,No
3566,29,Male,Customer Support,Mid,Office,South,12.0,63500.0,Yes,3,3,1,27,200,No
3567,38,Female,Customer Support,Mid,Hybrid,North,3.0,60100.0,Yes,4,4,0,40,169,No
3568,41,Male,Operations,Senior,Office,South,4.0,91100.0,No,4,3,0,25,166,No
3569,34,Male,Customer Support,Mid,Office,South,12.0,64100.0,No,4,5,1,26,200,No
3570,50,Male,Finance,Mid,Hybrid,South,8.0,88800.0,Yes,3,3,1,24,154,No
3571,39,Male,Customer Support,Senior,Office,North,8.0,101000.0,Yes,3,3,0,19,170,No
3572,30,Male,Sales,Manager,Hybrid,North,4.0,44800.0,No,3,5,1,47,171,No
3573,28,Female,Finance,Mid,Remote,South,4.0,63000.0,No,2,4,0,15,154,No
3574,36,Female,HR,Senior,Office,West,4.0,97000.0,No,4,4,0,30,163,No
3575,48,Female,Finance,Senior,Hybrid,Central,4.0,104700.0,No,5,3,1,18,164,No
3576,31,Male,Finance,Entry,Hybrid,North,4.0,30600.0,No,4,3,3,32,186,No
3577,43,Female,Customer Support,Mid,Office,North,7.0,63400.0,No,3,4,0,24,164,No
3578,39,Male,IT,Entry,Hybrid,South,4.0,24000.0,No,4,3,1,28,165,No
3579,56,Male,Marketing,Mid,Hybrid,North,2.0,68600.0,No,1,5,0,26,180,No
3580,42,Male,Sales,Mid,Hybrid,North,11.0,74800.0,No,3,4,0,12,160,No
3581,32,Female,Customer Support,Mid,Office,North,3.0,67800.0,No,3,3,2,24,152,No
3582,45,Male,Customer Support,Senior,Hybrid,South,4.0,103100.0,No,2,3,2,4,223,No
3583,45,Female,HR,Mid,Hybrid,East,1.0,76700.0,Yes,4,3,0,28,169,No
3584,34,Female,Marketing,Mid,Remote,East,6.0,74100.0,No,2,4,1,19,175,No
3585,28,Male,Engineering,Senior,Office,East,3.0,98600.0,No,4,3,0,22,165,No
3586,43,Female,Customer Support,Manager,Remote,Central,2.0,37500.0,No,4,3,0,25,140,No
3587,39,Male,Finance,Senior,Office,West,9.0,89500.0,No,3,5,1,27,160,No
3588,24,Female,Operations,Entry,Office,North,14.0,24000.0,No,4,2,0,4,148,No
3589,40,Female,Customer Support,Entry,Hybrid,South,3.0,31500.0,No,4,3,0,20,181,No
3590,32,Female,IT,Entry,Hybrid,East,8.0,24000.0,No,4,2,2,28,179,No
3591,24,Male,Customer Support,Mid,Office,East,6.0,72700.0,No,4,3,0,44,182,No
3592,35,Male,Finance,Entry,Hybrid,West,5.0,26500.0,No,3,3,0,56,151,No
3593,50,Female,Customer Support,Senior,Remote,East,2.0,99400.0,No,5,2,0,49,130,No
3594,49,Female,Sales,Mid,Hybrid,East,6.0,61200.0,No,5,4,0,16,125,No
3595,47,Female,Sales,Mid,Hybrid,North,8.0,76100.0,No,4,5,1,32,178,No
3596,40,Male,Engineering,Entry,Hybrid,South,17.0,24000.0,No,4,4,0,39,162,No
3597,43,Male,Customer Support,Mid,Hybrid,North,1.0,63300.0,No,4,4,0,33,145,No
3598,39,Female,Customer Support,Mid,Hybrid,South,8.0,70700.0,No,5,5,1,25,181,No
3599,28,Male,Engineering,Senior,Hybrid,South,5.0,104700.0,No,5,4,0,29,188,No
3600,30,Female,HR,Entry,Remote,West,4.0,24000.0,No,3,2,0,30,169,No
3601,33,Male,IT,Senior,Hybrid,North,11.0,78000.0,No,4,4,1,18,159,No
3602,51,Male,Sales,Entry,Office,East,3.0,24000.0,No,3,1,2,29,166,No
3603,48,Male,Operations,Entry,Hybrid,Central,14.0,24500.0,No,2,3,2,11,194,No
3604,28,Female,IT,Manager,Hybrid,South,1.0,66800.0,No,4,2,1,55,191,No
3605,38,Female,Engineering,Entry,Hybrid,South,4.0,31500.0,Yes,5,4,0,22,166,No
3606,34,Male,Sales,Entry,Remote,West,9.0,24000.0,No,4,3,1,33,173,No
3607,37,Male,Sales,Mid,Hybrid,Central,6.0,70700.0,No,3,4,0,29,230,No
3608,33,Female,IT,Mid,Office,Central,3.0,86100.0,No,4,4,1,28,212,No
3609,51,Female,IT,Entry,Hybrid,West,3.0,25800.0,No,4,3,2,34,171,No
3610,38,Female,IT,Entry,Remote,South,7.0,25900.0,No,4,4,2,40,199,No
3611,40,Female,Operations,Entry,Office,South,3.0,24400.0,No,5,1,1,28,178,No
3612,40,Male,Finance,Mid,Office,East,12.0,78300.0,No,4,2,2,37,200,No
3613,29,Female,Operations,Entry,Office,East,5.0,24000.0,No,3,5,0,33,156,No
3614,39,Female,Customer Support,Senior,Hybrid,North,4.0,101900.0,No,3,3,0,11,185,Yes
3615,48,Female,Operations,Senior,Hybrid,South,6.0,103600.0,No,3,3,1,27,191,No
3616,51,Female,Marketing,Entry,Office,South,1.0,33500.0,No,4,3,3,24,170,No
3617,28,Female,Finance,Mid,Hybrid,South,6.0,70000.0,Yes,2,2,0,34,162,No
3618,24,Female,IT,Entry,Hybrid,North,18.0,24000.0,No,5,3,0,35,175,No
3619,39,Female,Finance,Mid,Hybrid,Central,5.0,70000.0,Yes,3,3,3,29,143,No
3620,48,Female,Engineering,Entry,Office,Central,6.0,24000.0,No,3,3,2,32,162,No
3621,41,Female,Operations,Senior,Office,Central,8.0,87000.0,No,3,4,0,29,159,No
3622,44,Male,IT,Mid,Office,West,12.0,69800.0,Yes,2,3,2,20,187,No
3623,26,Female,HR,Mid,Hybrid,North,6.0,76300.0,No,3,3,0,42,181,No
3624,33,Female,Customer Support,Mid,Office,West,4.0,66400.0,Yes,4,3,0,34,183,No
3625,21,Male,Marketing,Senior,Hybrid,South,9.0,81600.0,No,5,4,1,50,194,No
3626,37,Male,Operations,Mid,Office,North,3.0,63400.0,Yes,4,2,0,25,148,Yes
3627,21,Female,Customer Support,Entry,Hybrid,West,12.0,43200.0,No,3,4,1,21,203,No
3628,50,Female,Marketing,Manager,Office,West,10.0,54900.0,No,2,4,0,4,189,No
3629,52,Female,Operations,Mid,Office,South,9.0,63400.0,No,5,3,0,55,143,No
3630,39,Female,IT,Mid,Office,North,7.0,83600.0,Yes,3,3,1,34,186,No
3631,24,Male,Sales,Mid,Hybrid,North,8.0,69800.0,Yes,3,4,1,37,182,No
3632,41,Male,Engineering,Mid,Hybrid,West,8.0,92500.0,No,2,3,0,48,179,No
3633,55,Male,Operations,Entry,Hybrid,East,6.0,30400.0,No,4,3,1,30,152,No
3634,42,Female,HR,Entry,Office,West,3.0,33100.0,No,3,3,2,19,170,No
3635,49,Male,Operations,Mid,Remote,South,8.0,79500.0,No,5,5,1,39,184,No
3636,34,Female,Sales,Mid,Hybrid,South,2.0,85400.0,No,4,3,0,25,171,No
3637,30,Male,Customer Support,Senior,Remote,North,2.0,90000.0,No,4,3,1,6,144,No
3638,37,Male,IT,Senior,Hybrid,East,12.0,106600.0,No,2,2,1,46,163,No
3639,21,Female,Customer Support,Senior,Hybrid,West,2.0,88400.0,No,3,3,0,15,178,No
3640,58,Male,Operations,Manager,Office,Central,11.0,46700.0,Yes,3,4,2,19,167,No
3641,39,Female,IT,Senior,Hybrid,Central,2.0,94100.0,No,4,3,0,37,208,No
3642,46,Male,Sales,Entry,Hybrid,South,4.0,36300.0,No,2,4,2,4,186,No
3643,34,Female,Customer Support,Mid,Hybrid,East,5.0,69000.0,No,3,4,0,29,185,No
3644,24,Female,IT,Mid,Hybrid,East,1.0,86900.0,No,3,3,0,31,174,No
3645,51,Male,Sales,Mid,Hybrid,South,7.0,83900.0,No,4,3,1,41,162,No
3646,28,Female,Marketing,Entry,Remote,North,2.0,28400.0,No,2,5,1,35,205,No
3647,41,Male,Finance,Mid,Hybrid,North,2.0,63300.0,No,5,4,1,37,163,No
3648,42,Female,Finance,Mid,Remote,East,1.0,81000.0,No,5,4,0,39,172,No
3649,39,Male,IT,Mid,Office,Central,1.0,53100.0,No,3,3,0,45,169,No
3650,31,Male,Customer Support,Senior,Office,North,9.0,100700.0,Yes,5,4,0,22,143,No
3651,37,Female,IT,Mid,Hybrid,West,3.0,64600.0,No,4,4,0,16,180,No
3652,29,Male,IT,Mid,Hybrid,North,4.0,83300.0,Yes,3,4,0,16,190,No
3653,45,Female,Finance,Mid,Office,West,4.0,59500.0,No,4,4,1,35,159,No
3654,43,Female,IT,Mid,Office,South,3.0,66000.0,No,4,4,0,24,165,No
3655,38,Male,Finance,Entry,Hybrid,North,2.0,31900.0,No,4,2,0,21,154,No
3656,33,Female,Sales,Mid,Hybrid,Central,3.0,77400.0,No,2,4,1,41,207,No
3657,57,Female,IT,Mid,Office,North,4.0,66400.0,Yes,3,3,1,35,180,No
3658,26,Female,HR,Mid,Hybrid,South,2.0,69000.0,No,4,4,0,47,197,No
3659,24,Male,Customer Support,Entry,Office,North,3.0,36600.0,No,4,2,1,31,163,Yes
3660,37,Male,Sales,Manager,Hybrid,Central,10.0,59100.0,No,5,3,1,34,182,No
3661,36,Female,IT,Senior,Remote,West,3.0,90800.0,No,3,4,0,23,140,No
3662,48,Female,Engineering,Mid,Hybrid,North,6.0,66500.0,No,3,3,0,4,159,No
3663,44,Male,Customer Support,Mid,Hybrid,West,7.0,59700.0,No,3,3,0,21,212,No
3664,38,Male,Marketing,Mid,Remote,Central,1.0,74300.0,Yes,4,4,1,19,179,No
3665,43,Male,IT,Senior,Hybrid,East,7.0,101300.0,No,3,3,1,12,164,No
3666,42,Male,HR,Mid,Hybrid,South,9.0,73400.0,Yes,3,4,1,30,134,No
3667,57,Female,IT,Senior,Office,East,7.0,85700.0,No,3,4,0,39,175,No
3668,40,Male,Sales,Senior,Hybrid,East,4.0,110100.0,No,2,3,0,22,163,Yes
3669,32,Female,Finance,Mid,Remote,East,1.0,53100.0,Yes,4,4,1,33,188,No
3670,40,Male,Operations,Mid,Hybrid,Central,7.0,79900.0,No,3,3,1,21,142,No
3671,21,Male,Finance,Mid,Hybrid,East,3.0,74000.0,Yes,5,3,0,26,189,No
3672,38,Male,Operations,Mid,Office,West,4.0,76200.0,Yes,3,2,0,21,162,No
3673,48,Male,IT,Mid,Hybrid,West,2.0,64900.0,Yes,3,2,2,32,150,No
3674,43,Female,Finance,Senior,Hybrid,South,4.0,92600.0,No,4,4,1,35,175,No
3675,41,Male,Customer Support,Entry,Remote,South,4.0,30600.0,No,4,4,0,49,207,No
3676,44,Female,Customer Support,Entry,Hybrid,West,2.0,27200.0,No,4,4,0,21,185,No
3677,48,Male,Finance,Mid,Hybrid,North,6.0,55900.0,No,3,4,1,25,177,No
3678,51,Female,Operations,Manager,Hybrid,East,12.0,65400.0,No,2,2,1,41,160,No
3679,42,Male,IT,Mid,Hybrid,South,9.0,77900.0,Yes,5,3,0,24,199,No
3680,35,Male,Sales,Mid,Remote,South,13.0,72300.0,No,4,3,0,34,178,No
3681,21,Male,Marketing,Mid,Office,West,3.0,72900.0,No,4,3,0,22,132,No
3682,47,Male,IT,Mid,Hybrid,North,2.0,87200.0,No,4,3,1,33,186,No
3683,43,Female,HR,Senior,Hybrid,South,1.0,87300.0,No,2,5,0,35,176,No
3684,39,Male,Operations,Manager,Hybrid,East,4.0,41300.0,Yes,3,3,0,44,169,No
3685,32,Female,IT,Senior,Hybrid,South,4.0,101700.0,No,2,4,0,19,196,No
3686,47,Male,Sales,Senior,Office,Central,5.0,98200.0,No,4,4,2,34,156,No
3687,36,Female,Finance,Entry,Hybrid,East,2.0,24000.0,No,2,4,0,26,160,No
3688,38,Male,Engineering,Entry,Remote,South,5.0,37800.0,No,4,4,0,8,167,No
3689,37,Male,Operations,Mid,Hybrid,West,5.0,74700.0,Yes,4,3,0,21,179,No
3690,42,Male,Finance,Mid,Hybrid,East,6.0,63900.0,No,4,2,0,19,159,No
3691,28,Female,Sales,Entry,Office,South,6.0,32400.0,Yes,4,4,0,33,151,Yes
3692,43,Male,Operations,Senior,Hybrid,South,2.0,97100.0,Yes,4,4,0,17,167,No
3693,32,Female,Sales,Entry,Office,Central,5.0,27200.0,No,3,5,0,29,161,No
3694,32,Male,Operations,Entry,Hybrid,East,9.0,31500.0,No,4,4,0,28,204,No
3695,46,Female,Marketing,Mid,Office,South,6.0,77600.0,No,3,3,0,36,130,No
3696,29,Male,HR,Senior,Remote,Central,5.0,102200.0,No,2,3,2,22,188,No
3697,46,Female,IT,Senior,Office,East,3.0,95000.0,No,3,2,0,10,130,No
3698,39,Female,Sales,Mid,Remote,West,4.0,69600.0,No,4,3,1,39,169,No
3699,23,Male,Sales,Senior,Office,South,1.0,96200.0,No,2,2,0,21,149,Yes
3700,50,Female,HR,Senior,Remote,North,8.0,104700.0,No,2,4,0,41,140,No
3701,41,Male,Customer Support,Mid,Remote,South,3.0,77700.0,No,3,4,0,28,197,No
3702,42,Male,IT,Senior,Hybrid,South,2.0,91100.0,Yes,1,5,0,29,185,No
3703,47,Male,Operations,Entry,Hybrid,West,2.0,28500.0,No,4,5,1,35,172,No
3704,51,Female,Marketing,Mid,Hybrid,South,3.0,87000.0,No,4,4,1,36,173,No
3705,40,Male,Sales,Entry,Remote,East,3.0,34700.0,No,4,3,0,27,155,Yes
3706,44,Female,IT,Mid,Office,South,10.0,73400.0,No,4,3,3,23,161,No
3707,41,Female,Finance,Mid,Office,West,3.0,82300.0,No,3,3,2,27,157,No
3708,35,Female,Marketing,Entry,Hybrid,Central,12.0,24000.0,Yes,2,5,0,6,160,No
3709,24,Male,HR,Mid,Hybrid,North,10.0,75000.0,No,4,1,0,40,166,No
3710,40,Female,Marketing,Mid,Office,Central,10.0,88900.0,No,4,5,3,18,197,No
3711,50,Male,Customer Support,Mid,Hybrid,West,7.0,77900.0,No,2,3,3,22,182,No
3712,43,Male,Marketing,Entry,Hybrid,West,1.0,42600.0,No,2,3,0,23,177,No
3713,28,Female,Engineering,Entry,Hybrid,North,9.0,27200.0,No,3,1,1,32,151,No
3714,48,Female,Marketing,Mid,Office,West,1.0,67700.0,No,4,4,2,26,180,No
3715,35,Male,Customer Support,Senior,Office,South,2.0,104400.0,No,4,4,2,36,121,No
3716,21,Female,Customer Support,Senior,Hybrid,Central,3.0,77500.0,No,4,3,1,34,157,Yes
3717,47,Male,Marketing,Mid,Hybrid,South,3.0,73600.0,No,3,4,0,18,146,No
3718,29,Male,Customer Support,Senior,Hybrid,North,8.0,103300.0,Yes,4,4,0,18,163,Yes
3719,54,Female,Engineering,Mid,Remote,West,7.0,77100.0,Yes,3,3,1,25,165,No
3720,48,Male,HR,Manager,Office,West,4.0,31100.0,No,3,2,0,37,162,No
3721,36,Male,Operations,Entry,Office,South,7.0,24000.0,No,4,3,1,34,170,No
3722,42,Female,Operations,Mid,Hybrid,West,5.0,71000.0,No,4,4,0,36,174,No
3723,60,Female,Customer Support,Mid,Hybrid,East,5.0,76300.0,No,4,3,1,25,197,No
3724,47,Female,HR,Mid,Office,West,3.0,76600.0,Yes,3,4,1,40,154,No
3725,40,Female,Customer Support,Entry,Hybrid,South,2.0,27900.0,No,3,3,2,32,154,Yes
3726,62,Female,Customer Support,Entry,Office,South,0.5,34600.0,Yes,3,3,0,21,168,No
3727,39,Female,Engineering,Mid,Hybrid,North,8.0,75900.0,No,4,3,1,25,177,No
3728,43,Female,IT,Mid,Hybrid,West,3.0,70800.0,No,3,4,1,38,171,No
3729,30,Male,Marketing,Senior,Hybrid,Central,3.0,98800.0,No,2,4,0,46,207,No
3730,23,Female,Marketing,Entry,Office,East,2.0,24000.0,No,3,5,1,7,187,No
3731,35,Male,Engineering,Senior,Office,South,6.0,99700.0,No,3,4,1,31,198,No
3732,38,Male,Engineering,Mid,Remote,North,6.0,64400.0,No,1,2,1,9,180,No
3733,41,Male,Operations,Manager,Office,Central,3.0,54400.0,Yes,3,4,0,19,172,Yes
3734,25,Female,Operations,Entry,Hybrid,Central,5.0,32200.0,Yes,4,3,1,34,120,No
3735,44,Female,IT,Senior,Office,South,3.0,91300.0,Yes,4,3,0,29,171,No
3736,31,Male,Engineering,Senior,Hybrid,West,8.0,99700.0,No,4,4,0,18,164,No
3737,43,Male,IT,Senior,Office,West,6.0,107900.0,No,5,4,1,23,164,No
3738,46,Male,Marketing,Senior,Hybrid,North,1.0,84800.0,No,3,3,1,39,190,No
3739,34,Male,Customer Support,Mid,Office,East,6.0,80600.0,Yes,2,4,0,29,144,No
3740,29,Female,HR,Senior,Hybrid,South,5.0,103800.0,Yes,4,4,0,28,192,No
3741,52,Female,IT,Mid,Remote,West,2.0,70100.0,No,4,4,0,40,183,No
3742,46,Male,IT,Mid,Office,North,2.0,79200.0,No,2,4,2,37,175,No
3743,39,Male,Customer Support,Manager,Office,West,7.0,47700.0,No,3,2,2,23,186,Yes
3744,51,Female,Operations,Mid,Office,East,8.0,83300.0,Yes,4,3,0,35,134,No
3745,39,Male,Sales,Mid,Office,West,5.0,47300.0,No,4,3,1,25,178,No
3746,32,Female,Marketing,Senior,Hybrid,West,3.0,107000.0,No,4,3,1,29,140,No
3747,29,Male,IT,Mid,Office,West,2.0,62000.0,No,3,3,0,7,177,Yes
3748,37,Male,Customer Support,Entry,Remote,North,2.0,28800.0,No,2,3,1,21,146,No
3749,45,Female,Finance,Mid,Office,West,3.0,64700.0,Yes,3,4,2,30,154,No
3750,51,Female,IT,Senior,Office,East,9.0,107500.0,Yes,4,4,0,15,161,No
3751,38,Male,Sales,Senior,Remote,North,1.0,91900.0,No,4,4,0,24,164,No
3752,49,Male,Operations,Entry,Hybrid,South,5.0,24000.0,No,3,3,2,9,174,No
3753,36,Male,HR,Mid,Hybrid,Central,4.0,82100.0,No,5,4,1,36,184,No
3754,31,Female,Marketing,Mid,Office,Central,6.0,78600.0,Yes,3,4,0,45,218,No
3755,26,Female,HR,Mid,Hybrid,South,2.0,69000.0,No,3,4,0,16,156,No
3756,33,Female,Finance,Mid,Hybrid,East,4.0,63100.0,No,2,3,1,9,172,No
3757,27,Female,IT,Manager,Remote,North,8.0,39900.0,No,3,5,1,34,168,No
3758,56,Female,IT,Mid,Remote,Central,5.0,83500.0,No,4,4,0,31,148,No
3759,42,Female,Engineering,Mid,Hybrid,Central,3.0,75800.0,No,5,3,1,33,130,No
3760,37,Male,IT,Mid,Office,North,2.0,73600.0,No,4,5,0,36,150,No
3761,53,Male,Engineering,Mid,Remote,South,10.0,76400.0,No,4,4,0,30,158,No
3762,26,Male,Finance,Mid,Office,North,1.0,54500.0,Yes,5,4,0,44,162,Yes
3763,37,Female,Sales,Entry,Hybrid,West,11.0,25100.0,Yes,3,4,1,46,141,Yes
3764,56,Female,IT,Entry,Office,East,5.0,25300.0,No,4,5,0,51,163,No
3765,37,Female,Sales,Manager,Hybrid,Central,4.0,58800.0,No,4,4,0,53,166,No
3766,60,Female,Customer Support,Entry,Office,North,9.0,24000.0,No,4,2,1,19,151,No
3767,45,Male,Operations,Mid,Remote,North,9.0,81500.0,No,2,3,0,41,185,No
3768,50,Male,Finance,Senior,Office,Central,5.0,110100.0,No,4,4,1,30,135,No
3769,50,Male,Marketing,Entry,Hybrid,Central,6.0,24000.0,Yes,4,3,0,5,175,No
3770,38,Male,Operations,Entry,Office,Central,2.0,28100.0,No,1,3,0,34,165,No
3771,34,Female,Engineering,Mid,Remote,South,4.0,76500.0,No,4,3,0,19,171,No
3772,37,Male,Engineering,Mid,Remote,Central,3.0,79900.0,No,1,4,2,28,178,No
3773,29,Male,Marketing,Mid,Remote,North,10.0,52500.0,No,2,5,0,14,175,No
3774,37,Male,Customer Support,Mid,Hybrid,South,10.0,75000.0,Yes,3,3,0,44,130,No
3775,38,Female,Customer Support,Entry,Hybrid,South,2.0,26000.0,No,5,3,1,17,164,No
3776,53,Male,Operations,Entry,Hybrid,West,2.0,25500.0,No,3,3,2,19,179,No
3777,43,Male,Marketing,Entry,Office,West,4.0,46600.0,No,4,3,0,42,179,No
3778,59,Male,Sales,Mid,Office,South,11.0,70100.0,No,3,3,0,31,154,No
3779,21,Male,Marketing,Mid,Hybrid,East,3.0,76000.0,No,3,3,0,50,148,No
3780,27,Female,Engineering,Manager,Hybrid,Central,17.0,48900.0,No,3,4,0,39,181,No
3781,35,Female,Sales,Entry,Remote,North,1.0,30200.0,Yes,5,3,0,41,179,No
3782,51,Female,Customer Support,Mid,Hybrid,Central,3.0,77000.0,Yes,3,3,0,15,148,No
3783,37,Female,Engineering,Mid,Remote,Central,2.0,80000.0,No,3,3,1,32,144,No
3784,25,Male,IT,Mid,Office,North,5.0,65000.0,Yes,4,2,0,50,161,No
3785,36,Female,Operations,Mid,Hybrid,West,3.0,73400.0,No,3,4,1,15,154,No
3786,27,Male,Engineering,Entry,Hybrid,North,11.0,29700.0,No,4,4,1,28,172,No
3787,25,Male,Engineering,Mid,Office,South,3.0,57200.0,No,4,4,0,27,196,No
3788,56,Female,Sales,Mid,Office,South,8.0,63400.0,No,3,3,0,31,144,No
3789,35,Female,Finance,Senior,Remote,East,2.0,102000.0,No,2,4,0,37,166,No
3790,40,Male,Marketing,Entry,Office,South,4.0,24000.0,No,4,4,0,30,153,No
3791,37,Male,IT,Senior,Office,South,1.0,117500.0,Yes,4,2,2,52,184,No
3792,36,Male,Finance,Mid,Hybrid,South,12.0,80700.0,No,2,4,1,4,185,No
3793,30,Female,Sales,Mid,Office,West,4.0,76100.0,Yes,4,4,2,4,150,No
3794,35,Female,IT,Entry,Hybrid,North,8.0,41600.0,No,5,3,1,25,190,No
3795,41,Female,Operations,Mid,Hybrid,East,1.0,79000.0,Yes,4,2,1,43,185,No
3796,51,Female,Operations,Senior,Hybrid,West,1.0,95700.0,No,5,3,0,26,165,No
3797,47,Male,Operations,Mid,Hybrid,North,2.0,59300.0,Yes,2,2,1,23,183,Yes
3798,27,Female,Customer Support,Mid,Hybrid,East,3.0,78000.0,Yes,4,4,2,5,141,No
3799,47,Female,HR,Entry,Hybrid,North,9.0,40600.0,No,4,4,0,24,207,No
3800,42,Male,IT,Mid,Hybrid,North,3.0,66700.0,No,3,3,1,22,169,No
3801,32,Male,Sales,Senior,Remote,North,6.0,77600.0,Yes,3,5,0,26,194,No
3802,40,Female,IT,Mid,Hybrid,Central,13.0,62400.0,No,1,3,1,26,156,No
3803,43,Female,Finance,Senior,Hybrid,South,4.0,109800.0,Yes,5,3,2,36,137,No
3804,38,Male,IT,Senior,Hybrid,West,1.0,94700.0,No,2,3,0,23,178,Yes
3805,42,Male,Sales,Mid,Office,Central,2.0,85100.0,No,4,5,0,18,153,No
3806,30,Female,IT,Mid,Hybrid,South,7.0,72200.0,Yes,3,3,0,28,156,No
3807,56,Male,Marketing,Mid,Office,Central,3.0,67500.0,Yes,3,5,1,28,173,No
3808,21,Female,Operations,Mid,Hybrid,West,1.0,91200.0,No,3,3,0,13,185,No
3809,43,Female,Engineering,Entry,Hybrid,East,18.0,24700.0,No,4,3,3,32,175,No
3810,41,Female,Customer Support,Senior,Office,West,9.0,91800.0,No,4,5,0,13,189,No
3811,44,Male,Operations,Manager,Hybrid,East,2.0,54100.0,No,4,4,0,36,164,No
3812,32,Female,Sales,Mid,Remote,North,16.0,69400.0,Yes,3,3,2,22,195,No
3813,49,Male,Operations,Manager,Office,Central,18.0,57000.0,No,2,4,1,14,185,No
3814,37,Male,Sales,Manager,Remote,South,14.0,54000.0,No,2,4,0,61,147,No
3815,27,Female,HR,Mid,Hybrid,West,4.0,76400.0,No,4,3,1,29,181,No
3816,28,Female,Finance,Senior,Hybrid,North,4.0,88500.0,No,3,4,1,41,169,No
3817,39,Female,HR,Mid,Hybrid,North,7.0,57000.0,No,2,3,1,27,152,No
3818,24,Female,IT,Entry,Remote,South,2.0,24000.0,No,3,3,0,44,180,No
3819,54,Female,Marketing,Entry,Hybrid,West,9.0,24000.0,No,3,3,0,37,177,Yes
3820,47,Male,Customer Support,Mid,Office,East,6.0,74600.0,No,2,3,0,25,181,No
3821,54,Male,Customer Support,Senior,Office,West,9.0,86700.0,No,3,4,1,40,146,No
3822,53,Male,Operations,Mid,Remote,East,3.0,58800.0,Yes,5,4,0,42,124,No
3823,35,Female,Operations,Senior,Remote,South,5.0,83700.0,No,3,4,0,23,161,No
3824,30,Male,Sales,Mid,Hybrid,West,2.0,75500.0,No,2,4,0,28,162,No
3825,21,Male,Marketing,Mid,Remote,North,3.0,78200.0,No,4,3,1,53,178,No
3826,34,Female,Operations,Mid,Remote,West,3.0,67400.0,No,4,3,0,30,120,No
3827,54,Female,IT,Mid,Hybrid,West,7.0,68400.0,No,4,3,0,41,181,No
3828,31,Male,Finance,Entry,Office,South,8.0,33500.0,No,3,4,0,38,184,No
3829,36,Male,Engineering,Entry,Hybrid,North,2.0,29500.0,No,5,3,1,41,186,No
3830,33,Female,Operations,Entry,Office,South,10.0,38700.0,No,4,4,2,40,185,No
3831,41,Female,HR,Entry,Hybrid,West,6.0,26600.0,No,5,5,0,4,146,No
3832,50,Male,Operations,Entry,Hybrid,Central,7.0,24000.0,No,5,5,1,22,151,No
3833,24,Male,HR,Mid,Remote,South,8.0,81800.0,Yes,4,3,1,24,164,Yes
3834,26,Female,HR,Mid,Remote,North,2.0,69200.0,No,3,4,3,32,165,No
3835,51,Male,IT,Entry,Office,South,10.0,24000.0,Yes,3,4,0,17,149,No
3836,45,Female,HR,Senior,Hybrid,West,3.0,102000.0,No,4,3,2,27,172,No
3837,36,Female,Marketing,Mid,Hybrid,North,4.0,85000.0,Yes,3,5,1,13,177,No
3838,53,Male,Sales,Manager,Remote,North,4.0,51600.0,No,3,2,2,4,175,No
3839,26,Male,Customer Support,Mid,Office,West,16.0,63000.0,No,3,4,1,60,171,No
3840,46,Male,IT,Entry,Hybrid,West,2.0,41800.0,No,3,3,0,23,176,No
3841,37,Male,Marketing,Senior,Hybrid,South,14.0,97400.0,Yes,3,3,0,43,164,No
3842,43,Female,Operations,Senior,Hybrid,Central,12.0,96000.0,No,4,3,0,39,180,No
3843,21,Female,Operations,Mid,Hybrid,South,1.0,68400.0,Yes,3,5,0,23,177,No
3844,36,Male,Operations,Mid,Hybrid,East,3.0,82200.0,Yes,3,5,2,46,153,No
3845,45,Male,Engineering,Mid,Office,Central,3.0,62000.0,No,2,3,1,17,206,No
3846,37,Female,Operations,Mid,Office,South,7.0,61200.0,No,3,3,0,27,200,No
3847,49,Female,Marketing,Senior,Hybrid,West,10.0,111100.0,No,4,3,0,35,183,No
3848,49,Female,Marketing,Mid,Hybrid,South,3.0,64200.0,No,3,3,0,28,192,No
3849,29,Male,IT,Entry,Remote,South,1.0,36600.0,No,3,5,0,26,176,No
3850,45,Female,IT,Entry,Unknown,North,7.0,40400.0,Yes,3,3,2,5,162,No
3851,29,Male,HR,Entry,Office,West,5.0,29900.0,No,3,3,3,37,192,No
3852,38,Female,IT,Entry,Remote,South,1.0,24000.0,Yes,3,3,0,39,175,Yes
3853,44,Female,Finance,Mid,Hybrid,South,7.0,77700.0,No,4,3,1,22,184,Yes
3854,30,Female,Finance,Senior,Office,East,5.0,106500.0,No,3,4,0,39,201,No
3855,45,Female,Operations,Entry,Office,Central,2.0,31100.0,No,4,4,1,31,139,No
3856,33,Female,IT,Mid,Hybrid,South,3.0,65300.0,Yes,2,4,0,41,179,Yes
3857,33,Male,Customer Support,Entry,Remote,Central,13.0,30800.0,Yes,3,4,0,37,152,No
3858,44,Female,HR,Mid,Hybrid,West,0.5,59500.0,No,3,3,1,24,167,No
3859,30,Male,Marketing,Mid,Hybrid,East,2.0,63200.0,Yes,3,3,0,53,155,No
3860,30,Female,Sales,Mid,Hybrid,East,1.0,69700.0,Yes,4,4,0,17,193,No
3861,47,Male,HR,Manager,Hybrid,West,4.0,50600.0,No,2,3,0,4,179,No
3862,39,Female,Sales,Manager,Hybrid,West,5.0,39200.0,Yes,4,4,0,4,171,No
3863,25,Female,Marketing,Senior,Office,South,4.0,96200.0,Yes,5,4,0,33,139,No
3864,46,Female,Finance,Senior,Hybrid,North,5.0,98700.0,No,4,4,0,4,159,No
3865,34,Male,Engineering,Mid,Remote,South,5.0,70100.0,No,3,5,0,20,161,No
3866,25,Male,Finance,Mid,Hybrid,West,3.0,52600.0,No,3,3,0,41,176,No
3867,21,Male,Operations,Mid,Remote,Central,18.0,72900.0,No,3,4,0,4,161,No
3868,46,Female,IT,Senior,Hybrid,South,5.0,110300.0,Yes,3,4,0,25,164,Yes
3869,30,Female,Operations,Entry,Hybrid,North,2.0,32100.0,No,4,4,1,27,121,No
3870,27,Female,HR,Entry,Hybrid,South,4.0,28100.0,No,2,3,0,10,189,No
3871,44,Male,Finance,Entry,Office,West,7.0,24600.0,No,4,2,0,31,146,No
3872,45,Male,IT,Mid,Remote,East,8.0,77200.0,Yes,5,4,0,26,156,No
3873,31,Female,Sales,Mid,Remote,North,7.0,73900.0,No,5,2,0,35,180,No
3874,46,Female,Sales,Entry,Office,South,5.0,34400.0,No,4,2,0,27,187,No
3875,56,Male,Engineering,Mid,Remote,East,2.0,62100.0,No,3,4,1,22,170,No
3876,50,Female,HR,Mid,Office,Central,6.0,73100.0,No,5,3,0,32,177,No
3877,49,Female,Sales,Senior,Office,Central,4.0,89800.0,No,4,4,1,43,189,No
3878,41,Female,Engineering,Entry,Hybrid,South,3.0,31300.0,No,5,2,0,45,120,No
3879,34,Male,Sales,Entry,Office,Central,5.0,24000.0,Yes,4,4,0,35,187,Yes
3880,37,Male,HR,Mid,Office,South,8.0,68500.0,Yes,4,4,0,38,127,No
3881,42,Male,Marketing,Mid,Office,Central,1.0,76900.0,Yes,3,2,0,20,163,No
3882,27,Male,Engineering,Senior,Hybrid,Central,2.0,100300.0,No,5,4,1,25,178,No
3883,31,Male,Marketing,Mid,Hybrid,East,8.0,71700.0,No,2,4,1,34,150,No
3884,25,Female,HR,Manager,Remote,West,2.0,30600.0,No,3,2,0,31,166,Yes
3885,40,Male,Engineering,Mid,Hybrid,West,10.0,77800.0,Yes,2,4,0,35,120,No
3886,39,Female,Sales,Mid,Remote,Central,4.0,86300.0,No,4,4,0,45,144,No
3887,32,Female,Engineering,Manager,Hybrid,North,6.0,42500.0,No,4,4,0,27,154,No
3888,45,Female,Customer Support,Entry,Remote,South,7.0,24200.0,No,3,3,0,10,150,No
3889,29,Female,Engineering,Senior,Hybrid,South,4.0,101300.0,No,3,2,1,17,167,No
3890,32,Male,IT,Entry,Hybrid,North,10.0,35500.0,No,2,3,1,31,204,No
3891,45,Male,Sales,Mid,Remote,Central,5.0,81900.0,Yes,4,3,0,24,187,No
3892,46,Male,Marketing,Entry,Hybrid,South,5.0,37100.0,No,3,3,0,13,187,No
3893,31,Female,Operations,Mid,Remote,South,1.0,58200.0,No,4,4,0,27,179,No
3894,40,Female,Operations,Senior,Hybrid,South,14.0,89700.0,No,3,2,2,19,141,No
3895,31,Male,Engineering,Entry,Office,Central,8.0,33600.0,No,4,4,0,35,193,No
3896,36,Male,Operations,Entry,Hybrid,Central,2.0,27200.0,No,4,5,0,46,177,Yes
3897,39,Male,Finance,Mid,Remote,South,1.0,75300.0,No,4,5,0,42,180,Yes
3898,43,Male,HR,Entry,Hybrid,Central,3.0,26800.0,No,4,5,1,17,186,No
3899,41,Female,Sales,Mid,Hybrid,South,4.0,68100.0,No,3,4,3,21,180,No
3900,40,Male,IT,Manager,Office,West,5.0,47800.0,Yes,4,4,0,10,177,No
3901,28,Female,Sales,Entry,Remote,Central,10.0,24000.0,No,3,2,0,41,153,No
3902,41,Female,Customer Support,Mid,Office,South,10.0,65500.0,Yes,3,3,1,30,149,No
3903,43,Female,Marketing,Mid,Hybrid,North,8.0,71400.0,No,4,4,0,47,149,Yes
3904,44,Male,Operations,Mid,Office,South,1.0,71600.0,Yes,5,2,1,35,120,Yes
3905,32,Female,Finance,Entry,Office,East,12.0,33100.0,No,3,3,0,23,159,No
3906,46,Female,Marketing,Senior,Remote,West,9.0,91400.0,No,3,4,1,7,180,No
3907,26,Female,Customer Support,Mid,Hybrid,Central,7.0,87100.0,No,4,2,0,32,192,No
3908,34,Male,Customer Support,Senior,Hybrid,South,4.0,105100.0,No,4,5,1,53,155,No
3909,36,Male,Operations,Mid,Hybrid,South,6.0,67500.0,No,4,4,1,38,168,No
3910,27,Female,Customer Support,Mid,Hybrid,North,1.0,73800.0,No,3,4,0,26,160,No
3911,35,Female,Operations,Senior,Remote,East,6.0,104900.0,No,5,4,0,38,174,No
3912,40,Female,HR,Senior,Remote,North,9.0,88200.0,No,2,3,1,37,142,No
3913,22,Male,Customer Support,Manager,Hybrid,North,6.0,43300.0,No,4,4,1,43,159,No
3914,34,Male,Finance,Entry,Hybrid,West,4.0,39700.0,No,3,3,0,18,154,No
3915,22,Female,Finance,Manager,Office,East,11.0,56200.0,No,4,2,0,33,182,No
3916,56,Female,Finance,Senior,Remote,West,17.0,103700.0,No,4,3,0,10,136,No
3917,40,Male,Operations,Senior,Hybrid,North,7.0,96800.0,No,4,5,0,6,177,No
3918,39,Female,Operations,Mid,Office,North,9.0,69700.0,No,3,5,1,36,188,No
3919,40,Male,Marketing,Manager,Remote,South,5.0,37900.0,No,3,3,0,43,141,No
3920,43,Male,HR,Mid,Office,East,3.0,73200.0,Yes,5,3,0,28,157,Yes
3921,47,Male,IT,Senior,Office,Central,9.0,105100.0,No,4,2,0,27,153,No
3922,24,Male,Customer Support,Mid,Remote,East,15.0,83200.0,Yes,4,4,1,32,202,No
3923,50,Male,Finance,Senior,Office,North,3.0,103600.0,Yes,5,4,0,42,198,No
3924,49,Female,Engineering,Senior,Hybrid,North,2.0,101100.0,No,3,3,1,39,189,No
3925,37,Male,IT,Entry,Hybrid,North,3.0,47900.0,No,3,2,1,32,179,No
3926,37,Female,Operations,Mid,Remote,South,3.0,58000.0,No,4,2,1,36,188,No
3927,21,Female,Operations,Mid,Office,West,11.0,74100.0,Yes,5,4,0,38,183,No
3928,27,Male,Customer Support,Senior,Hybrid,South,10.0,85600.0,Yes,3,2,1,15,203,No
3929,43,Female,Sales,Senior,Office,West,3.0,108000.0,Yes,4,4,1,34,172,No
3930,49,Female,Engineering,Senior,Office,South,5.0,89000.0,No,2,4,0,13,122,No
3931,45,Female,Operations,Senior,Hybrid,East,2.0,103100.0,No,5,2,2,41,161,No
3932,37,Male,Operations,Mid,Hybrid,Central,4.0,68000.0,No,2,4,1,38,182,No
3933,55,Male,Operations,Entry,Hybrid,West,2.0,31800.0,No,3,3,1,29,164,No
3934,47,Male,Sales,Mid,Hybrid,South,4.0,71000.0,No,4,4,0,26,195,No
3935,34,Female,Operations,Senior,Office,South,2.0,93900.0,No,3,5,0,42,154,Yes
3936,58,Female,IT,Mid,Hybrid,West,10.0,75000.0,No,2,3,0,31,189,No
3937,28,Male,Finance,Senior,Hybrid,South,6.0,102300.0,No,2,5,1,31,142,No
3938,25,Male,Operations,Manager,Office,South,6.0,49000.0,Yes,3,4,1,32,178,No
3939,34,Female,Operations,Mid,Remote,East,3.0,80000.0,Yes,5,3,0,33,155,No
3940,31,Female,Sales,Senior,Office,East,4.0,103300.0,No,5,4,1,42,144,No
3941,35,Female,Sales,Mid,Hybrid,South,5.0,68200.0,No,4,2,1,9,170,No
3942,45,Female,IT,Mid,Office,South,15.0,89000.0,No,4,4,0,27,147,No
3943,38,Female,IT,Entry,Hybrid,West,5.0,34700.0,Yes,4,3,1,4,186,No
3944,38,Male,Operations,Entry,Hybrid,Central,12.0,24100.0,No,5,5,0,33,164,No
3945,39,Male,IT,Entry,Remote,North,4.0,33500.0,No,4,3,0,20,173,No
3946,21,Male,Customer Support,Mid,Hybrid,North,5.0,81300.0,No,4,3,0,30,170,No
3947,24,Male,IT,Entry,Hybrid,West,10.0,33300.0,Yes,4,3,0,19,182,No
3948,35,Female,Sales,Mid,Remote,West,8.0,73800.0,Yes,4,4,0,18,157,No
3949,30,Female,Customer Support,Mid,Office,South,3.0,40900.0,No,2,3,0,23,193,No
3950,36,Female,IT,Mid,Office,East,6.0,63300.0,Yes,3,2,1,29,212,No
3951,51,Female,HR,Senior,Hybrid,North,7.0,100100.0,No,4,4,2,36,149,No
3952,37,Male,Engineering,Mid,Office,North,7.0,63100.0,No,2,2,1,19,203,No
3953,26,Female,Engineering,Entry,Office,West,3.0,32600.0,No,4,3,1,30,160,No
3954,31,Male,Marketing,Manager,Remote,West,2.0,58000.0,No,4,3,1,33,161,No
3955,53,Female,Sales,Senior,Office,South,12.0,93000.0,Yes,2,3,2,22,188,No
3956,52,Female,Operations,Mid,Remote,Central,18.0,56100.0,No,3,2,1,33,149,No
3957,43,Male,Engineering,Senior,Office,South,7.0,87400.0,No,3,4,0,12,183,No
3958,24,Male,Engineering,Entry,Remote,South,4.0,34200.0,Yes,3,4,0,17,182,No
3959,41,Female,Sales,Senior,Office,East,11.0,105300.0,No,3,4,0,41,170,No
3960,41,Male,Finance,Entry,Hybrid,South,2.0,24000.0,No,3,4,3,4,169,No
3961,38,Female,Finance,Mid,Hybrid,Central,2.0,72700.0,No,4,2,1,24,160,No
3962,33,Female,Sales,Entry,Hybrid,East,13.0,24000.0,Yes,5,4,0,29,185,No
3963,35,Female,Marketing,Senior,Hybrid,East,17.0,94800.0,No,4,4,0,31,163,No
3964,32,Male,IT,Entry,Remote,North,3.0,26600.0,No,3,4,2,31,193,No
3965,28,Female,Finance,Entry,Hybrid,North,3.0,49200.0,No,4,4,1,25,194,Yes
3966,50,Female,Sales,Entry,Hybrid,East,5.0,24000.0,Yes,4,4,0,23,142,Yes
3967,46,Female,Operations,Senior,Hybrid,East,2.0,103400.0,No,1,3,0,18,145,No
3968,35,Female,IT,Mid,Remote,South,1.0,81100.0,No,5,4,0,47,167,No
3969,41,Female,HR,Mid,Office,South,2.0,70200.0,No,4,2,3,37,152,No
3970,42,Male,Sales,Mid,Office,East,6.0,73100.0,No,4,4,1,32,157,Yes
3971,59,Female,Engineering,Senior,Remote,South,5.0,94000.0,Yes,2,3,0,27,155,No
3972,46,Male,Sales,Entry,Office,South,10.0,24000.0,Yes,5,3,0,21,210,No
3973,46,Male,Operations,Manager,Office,North,13.0,42500.0,Yes,4,3,0,27,194,No
3974,38,Male,IT,Mid,Office,South,7.0,68300.0,No,4,3,0,16,154,No
3975,34,Male,Sales,Entry,Hybrid,West,2.0,24000.0,Yes,2,3,0,44,132,No
3976,50,Male,IT,Entry,Hybrid,South,1.0,24000.0,No,4,4,1,17,160,No
3977,44,Male,Sales,Entry,Remote,North,4.0,26200.0,No,4,3,0,13,145,No
3978,31,Male,Sales,Mid,Hybrid,East,3.0,73500.0,No,3,3,3,64,185,No
3979,42,Female,Operations,Entry,Hybrid,East,2.0,32000.0,Yes,2,4,1,26,172,No
3980,46,Female,Operations,Senior,Hybrid,West,7.0,92200.0,Yes,3,2,0,18,159,No
3981,21,Female,Sales,Mid,Hybrid,East,7.0,65100.0,No,3,5,0,37,169,No
3982,30,Male,HR,Entry,Office,East,6.0,31800.0,No,3,3,0,12,148,No
3983,41,Male,Operations,Mid,Hybrid,West,17.0,79100.0,No,4,3,0,20,166,No
3984,21,Female,IT,Entry,Remote,West,2.0,24000.0,No,3,4,1,38,204,No
3985,22,Female,Finance,Entry,Hybrid,North,4.0,24000.0,No,3,3,2,54,157,No
3986,36,Female,Sales,Mid,Hybrid,South,5.0,68000.0,No,2,3,0,40,173,No
3987,42,Male,IT,Entry,Hybrid,East,4.0,26400.0,Yes,3,3,2,37,155,No
3988,43,Female,HR,Entry,Office,North,3.0,38300.0,No,3,4,2,45,155,No
3989,52,Female,Engineering,Manager,Hybrid,North,8.0,56200.0,No,3,5,1,25,188,No
3990,39,Male,Engineering,Mid,Office,North,3.0,72000.0,Yes,4,4,0,10,146,No
3991,35,Male,Engineering,Manager,Hybrid,East,2.0,67100.0,Yes,4,4,1,20,167,No
3992,26,Male,HR,Entry,Office,East,7.0,27700.0,No,3,3,0,44,153,No
3993,35,Female,Sales,Senior,Hybrid,South,7.0,106700.0,Yes,4,4,2,14,198,No
3994,44,Male,Finance,Mid,Office,North,1.0,83000.0,No,2,3,0,26,157,No
3995,45,Female,IT,Entry,Remote,North,10.0,38400.0,Yes,4,4,0,29,146,Yes
3996,40,Male,Sales,Senior,Remote,North,15.0,96900.0,No,4,3,0,33,168,No
3997,43,Male,Sales,Entry,Hybrid,North,1.0,29100.0,Yes,2,2,0,35,168,No
3998,49,Female,HR,Mid,Office,West,8.0,72000.0,No,3,3,0,36,193,No
3999,39,Male,Finance,Senior,Hybrid,West,6.0,101700.0,Yes,4,3,0,64,160,No
4000,50,Female,IT,Mid,Remote,South,5.0,64900.0,No,5,5,1,37,179,No
4001,31,Female,Marketing,Mid,Hybrid,South,10.0,69600.0,No,5,3,0,45,151,No
4002,37,Female,Finance,Mid,Office,Central,6.0,87000.0,No,4,3,1,29,193,No
4003,34,Female,Customer Support,Entry,Office,East,6.0,33600.0,No,3,3,1,52,189,No
4004,45,Female,IT,Manager,Hybrid,North,3.0,58600.0,No,4,3,2,19,182,No
4005,29,Male,Operations,Entry,Hybrid,Central,11.0,24000.0,No,4,4,2,40,188,No
4006,35,Male,IT,Entry,Office,West,1.0,24100.0,No,2,3,0,27,176,No
4007,21,Male,Operations,Entry,Office,South,9.0,31000.0,No,2,5,0,40,173,No
4008,43,Female,IT,Senior,Office,West,3.0,93600.0,No,2,4,0,35,148,No
4009,49,Male,IT,Senior,Hybrid,South,5.0,83000.0,No,4,4,0,44,158,No
4010,46,Male,Operations,Mid,Office,Central,2.0,78800.0,No,4,4,0,34,188,No
4011,45,Male,IT,Manager,Hybrid,West,4.0,59700.0,No,4,3,2,28,187,No
4012,46,Female,IT,Entry,Remote,South,2.0,25400.0,Yes,4,3,1,40,189,No
4013,44,Male,Engineering,Senior,Remote,West,4.0,101200.0,No,3,2,2,18,162,No
4014,44,Female,Sales,Entry,Office,South,10.0,46300.0,Yes,3,3,0,7,205,No
4015,44,Female,Operations,Mid,Hybrid,West,3.0,85700.0,No,4,5,1,4,168,No
4016,32,Female,Operations,Entry,Hybrid,South,7.0,25800.0,No,5,4,1,50,180,No
4017,36,Female,IT,Manager,Hybrid,East,3.0,40100.0,No,4,4,0,31,227,No
4018,39,Female,HR,Senior,Remote,South,2.0,96100.0,No,3,4,0,34,161,No
4019,35,Female,Sales,Mid,Remote,East,5.0,93100.0,No,4,3,1,24,185,No
4020,24,Male,Marketing,Entry,Hybrid,South,0.5,40000.0,No,5,3,0,32,141,No
4021,27,Female,IT,Entry,Hybrid,North,3.0,27900.0,No,3,5,0,20,164,No
4022,40,Female,IT,Mid,Office,North,11.0,86100.0,Yes,3,4,3,28,183,No
4023,46,Male,Finance,Mid,Office,West,7.0,82500.0,No,3,2,0,6,159,No
4024,38,Female,Engineering,Entry,Office,North,5.0,24000.0,No,4,2,0,6,172,No
4025,62,Female,Customer Support,Mid,Office,West,4.0,81600.0,No,3,4,0,12,176,No
4026,30,Male,Engineering,Mid,Office,Central,10.0,73100.0,No,4,3,1,18,174,No
4027,42,Male,Operations,Senior,Remote,South,3.0,86200.0,No,2,3,1,45,127,No
4028,50,Female,Marketing,Mid,Office,West,4.0,72800.0,Yes,3,2,1,58,216,No
4029,48,Female,Operations,Mid,Office,South,0.5,75700.0,No,3,3,1,42,149,No
4030,44,Female,Engineering,Mid,Hybrid,South,5.0,64900.0,No,5,4,2,4,155,No
4031,48,Female,Operations,Entry,Hybrid,Central,7.0,26900.0,No,4,3,1,49,139,No
4032,38,Male,Finance,Mid,Remote,West,3.0,69000.0,No,3,3,0,23,150,No
4033,53,Male,Operations,Senior,Hybrid,East,6.0,101200.0,Yes,3,3,1,9,170,No
4034,50,Female,Operations,Entry,Office,North,4.0,25300.0,No,3,4,0,51,191,No
4035,30,Female,Sales,Mid,Hybrid,Central,6.0,56700.0,No,2,3,1,23,158,No
4036,41,Male,Finance,Senior,Remote,North,5.0,90000.0,No,5,2,0,17,173,No
4037,24,Male,Finance,Mid,Remote,East,3.0,63500.0,No,3,4,0,22,177,No
4038,52,Female,Customer Support,Mid,Hybrid,West,4.0,60400.0,No,5,3,0,24,148,No
4039,40,Male,Finance,Senior,Hybrid,South,5.0,104600.0,No,3,4,1,35,133,No
4040,50,Male,Customer Support,Mid,Office,North,4.0,79200.0,No,3,3,2,31,151,No
4041,37,Female,HR,Entry,Hybrid,West,13.0,24000.0,No,3,4,1,20,197,No
4042,21,Female,Marketing,Senior,Hybrid,Central,4.0,82600.0,No,4,4,0,5,154,No
4043,62,Female,Sales,Manager,Hybrid,Central,11.0,49100.0,Yes,3,3,2,19,155,No
4044,39,Female,Engineering,Entry,Hybrid,West,2.0,24000.0,Yes,4,4,0,31,177,No
4045,29,Male,Operations,Entry,Office,South,6.0,25800.0,Yes,3,5,0,19,182,No
4046,48,Female,IT,Senior,Hybrid,South,8.0,94600.0,No,4,4,0,30,147,No
4047,56,Male,IT,Mid,Hybrid,South,1.0,74700.0,No,3,5,0,28,184,No
4048,36,Female,IT,Mid,Hybrid,West,7.0,75100.0,No,3,4,0,42,179,No
4049,37,Male,Finance,Mid,Office,North,1.0,65000.0,Yes,4,3,0,31,158,No
4050,40,Female,Marketing,Senior,Office,East,3.0,94600.0,No,2,4,0,39,132,No
4051,28,Male,Engineering,Mid,Hybrid,North,5.0,83500.0,No,5,5,0,25,185,No
4052,32,Female,Marketing,Entry,Hybrid,West,13.0,24000.0,Yes,3,4,0,48,176,No
4053,54,Male,Operations,Entry,Hybrid,North,7.0,30900.0,No,3,3,0,23,173,No
4054,37,Female,HR,Mid,Office,North,3.0,61400.0,No,4,4,0,18,142,No
4055,30,Female,Customer Support,Manager,Office,West,9.0,62600.0,No,3,4,1,44,215,No
4056,34,Male,Customer Support,Mid,Hybrid,East,2.0,79400.0,No,3,4,1,20,149,No
4057,48,Female,IT,Mid,Remote,West,1.0,79100.0,No,3,4,1,15,158,No
4058,21,Female,Engineering,Senior,Office,East,6.0,86300.0,No,5,3,0,15,189,Yes
4059,40,Female,Finance,Mid,Hybrid,West,3.0,74400.0,Yes,4,3,0,22,171,No
4060,60,Male,Customer Support,Mid,Office,Central,5.0,75400.0,Yes,2,4,1,25,173,No
4061,56,Male,Engineering,Entry,Hybrid,North,2.0,24000.0,No,4,4,0,33,145,No
4062,43,Female,Marketing,Senior,Office,South,10.0,95300.0,No,4,3,0,37,144,No
4063,50,Female,IT,Senior,Office,East,9.0,99500.0,No,2,2,0,28,177,No
4064,50,Male,Operations,Senior,Hybrid,South,1.0,81300.0,No,2,1,1,39,161,Yes
4065,37,Female,Sales,Mid,Office,East,2.0,77400.0,Yes,5,3,0,38,208,Yes
4066,46,Female,Customer Support,Mid,Hybrid,North,11.0,72900.0,No,3,4,0,17,146,No
4067,54,Female,IT,Entry,Hybrid,Central,3.0,40400.0,No,3,3,0,16,162,No
4068,27,Female,Marketing,Manager,Remote,North,2.0,46300.0,No,3,4,0,23,174,No
4069,43,Male,Engineering,Entry,Hybrid,West,6.0,29600.0,No,3,5,2,4,161,No
4070,41,Male,IT,Mid,Hybrid,North,3.0,75100.0,No,2,3,0,29,154,No
4071,39,Male,Finance,Senior,Hybrid,South,2.0,68700.0,Yes,2,4,2,25,171,No
4072,38,Male,Operations,Entry,Hybrid,West,13.0,24800.0,No,3,5,2,48,210,No
4073,40,Female,HR,Mid,Office,West,1.0,72800.0,No,3,3,0,41,157,No
4074,41,Male,IT,Entry,Office,North,4.0,24000.0,No,3,5,0,24,138,No
4075,48,Male,Sales,Mid,Hybrid,South,8.0,78100.0,No,2,4,0,40,181,No
4076,42,Female,HR,Manager,Hybrid,East,11.0,50800.0,No,3,3,1,26,163,No
4077,36,Male,Operations,Mid,Remote,West,7.0,72700.0,No,4,1,0,34,149,No
4078,30,Male,Operations,Manager,Hybrid,North,9.0,56500.0,No,3,5,0,5,183,No
4079,34,Male,IT,Entry,Office,South,8.0,24300.0,Yes,3,5,0,21,180,No
4080,40,Male,HR,Mid,Hybrid,Central,5.0,72400.0,Yes,5,3,0,30,157,Yes
4081,32,Female,Finance,Senior,Office,West,2.0,101800.0,No,3,5,0,25,137,No
4082,47,Male,IT,Senior,Remote,North,4.0,94500.0,No,5,2,0,44,189,No
4083,42,Male,Marketing,Mid,Hybrid,East,2.0,55400.0,No,4,4,0,32,157,No
4084,48,Male,Finance,Mid,Hybrid,West,5.0,72500.0,Yes,3,3,1,35,176,No
4085,32,Male,Operations,Senior,Hybrid,West,2.0,94600.0,No,3,2,0,31,168,No
4086,31,Female,Engineering,Senior,Hybrid,East,4.0,102100.0,No,5,3,1,28,180,No
4087,48,Female,Operations,Mid,Hybrid,South,4.0,68900.0,Yes,3,3,0,39,175,No
4088,39,Male,Operations,Entry,Hybrid,Central,6.0,24000.0,No,3,3,1,49,197,No
4089,36,Female,Sales,Entry,Office,South,4.0,24000.0,No,5,4,0,4,184,No
4090,44,Female,IT,Mid,Hybrid,South,5.0,85000.0,No,3,3,1,16,131,No
4091,44,Male,Sales,Mid,Office,East,1.0,74600.0,No,3,3,0,29,163,No
4092,27,Female,Customer Support,Entry,Hybrid,Central,3.0,40500.0,No,3,5,1,44,174,No
4093,50,Male,Customer Support,Mid,Hybrid,East,0.5,85800.0,Yes,2,3,0,37,163,No
4094,34,Male,IT,Mid,Office,West,7.0,65300.0,No,4,2,2,18,194,No
4095,53,Male,IT,Mid,Hybrid,West,4.0,64600.0,No,3,3,0,23,180,No
4096,26,Male,Finance,Mid,Remote,West,3.0,70900.0,Yes,4,4,1,37,133,No
4097,41,Female,Operations,Mid,Hybrid,West,5.0,77500.0,No,3,3,0,21,163,No
4098,36,Female,Operations,Entry,Hybrid,South,5.0,24000.0,No,3,4,1,31,171,No
4099,21,Female,Marketing,Senior,Remote,North,5.0,98100.0,No,3,4,2,20,155,No
4100,44,Female,Engineering,Mid,Hybrid,West,6.0,75600.0,No,4,3,2,34,185,No
4101,21,Male,IT,Entry,Hybrid,East,4.0,24000.0,No,3,4,1,36,182,No
4102,35,Male,Operations,Mid,Remote,Central,2.0,62200.0,No,4,4,0,4,179,No
4103,48,Male,Operations,Mid,Office,West,2.0,76000.0,Yes,3,4,0,50,186,No
4104,33,Female,Finance,Mid,Hybrid,North,3.0,90700.0,No,2,3,0,51,198,No
4105,30,Female,Engineering,Mid,Remote,West,12.0,69300.0,Yes,3,4,1,4,188,No
4106,45,Female,Sales,Mid,Office,South,5.0,75000.0,Yes,3,4,0,25,187,No
4107,36,Male,Marketing,Mid,Remote,Central,6.0,66600.0,Yes,3,3,0,8,171,No
4108,34,Male,Marketing,Entry,Office,East,3.0,30100.0,No,5,4,0,4,159,No
4109,49,Female,Engineering,Mid,Office,East,4.0,66400.0,No,4,4,0,38,212,No
4110,27,Female,Operations,Entry,Remote,South,2.0,25700.0,No,3,4,0,50,179,No
4111,34,Female,Finance,Mid,Office,South,7.0,94000.0,No,3,4,1,28,152,No
4112,46,Male,Customer Support,Mid,Office,South,4.0,73000.0,No,3,2,0,47,169,No
4113,27,Male,Customer Support,Senior,Hybrid,South,7.0,79900.0,Yes,3,4,0,20,164,No
4114,54,Male,Operations,Entry,Remote,Central,1.0,33800.0,No,3,3,1,11,188,No
4115,36,Male,Customer Support,Mid,Unknown,North,7.0,82200.0,Yes,4,4,0,23,165,No
4116,46,Male,IT,Mid,Office,West,2.0,78100.0,Yes,5,2,1,19,140,No
4117,46,Male,Operations,Mid,Hybrid,South,2.0,70400.0,No,3,5,1,33,183,No
4118,37,Male,Customer Support,Senior,Office,South,8.0,85700.0,Yes,4,2,0,41,160,No
4119,34,Female,Finance,Entry,Hybrid,Central,9.0,24000.0,No,3,4,2,14,125,No
4120,38,Male,Operations,Mid,Remote,South,5.0,70300.0,No,3,3,0,12,189,No
4121,44,Female,Engineering,Mid,Office,Central,9.0,68700.0,No,2,4,1,39,145,No
4122,29,Male,Customer Support,Senior,Hybrid,West,3.0,89000.0,No,3,5,0,24,151,No
4123,27,Male,Customer Support,Entry,Office,South,3.0,38900.0,No,3,4,1,37,173,No
4124,51,Female,Finance,Manager,Office,Central,11.0,58300.0,No,3,4,0,18,174,No
4125,31,Female,Engineering,Manager,Remote,East,1.0,61400.0,No,2,5,0,20,160,No
4126,41,Male,IT,Senior,Office,Central,7.0,86900.0,No,1,3,1,40,178,No
4127,36,Male,Operations,Mid,Hybrid,South,4.0,63700.0,No,2,4,3,38,188,No
4128,37,Male,HR,Mid,Office,Central,5.0,72700.0,No,3,5,0,45,153,No
4129,51,Male,Customer Support,Entry,Hybrid,Central,5.0,31700.0,Yes,3,4,2,25,172,No
4130,37,Male,Engineering,Senior,Remote,South,5.0,94600.0,Yes,3,3,1,44,174,No
4131,35,Male,Marketing,Mid,Office,East,4.0,75100.0,No,4,4,1,33,195,No
4132,36,Male,Operations,Entry,Hybrid,Central,5.0,42300.0,No,3,4,1,33,175,No
4133,33,Female,HR,Mid,Office,East,6.0,70000.0,No,3,4,0,18,134,No
4134,32,Female,Operations,Senior,Hybrid,East,3.0,101300.0,No,5,3,0,36,217,No
4135,34,Male,Operations,Senior,Remote,North,4.0,98700.0,Yes,3,4,1,25,173,Yes
4136,53,Female,Sales,Mid,Office,South,5.0,72900.0,Yes,3,3,1,50,176,No
4137,44,Male,Operations,Mid,Office,North,9.0,78800.0,No,4,3,0,28,169,No
4138,35,Female,Customer Support,Senior,Office,West,1.0,87100.0,No,3,5,2,26,176,No
4139,47,Female,Marketing,Senior,Office,Central,2.0,85300.0,No,3,3,0,43,179,Yes
4140,24,Female,Customer Support,Senior,Office,North,14.0,97900.0,No,3,3,1,29,186,No
4141,50,Female,Finance,Mid,Hybrid,East,6.0,57300.0,No,4,3,1,18,168,No
4142,50,Male,Operations,Mid,Office,South,6.0,76600.0,No,3,3,1,10,123,No
4143,58,Male,Sales,Senior,Office,West,18.0,83800.0,No,4,3,0,17,162,No
4144,47,Female,Finance,Entry,Hybrid,East,6.0,41700.0,No,5,4,0,6,166,No
4145,42,Male,HR,Mid,Office,North,3.0,68400.0,Yes,2,3,0,27,157,No
4146,50,Female,IT,Entry,Remote,South,0.5,41100.0,Yes,4,2,0,38,149,No
4147,32,Female,Sales,Mid,Hybrid,Central,4.0,70100.0,No,3,2,0,21,161,No
4148,34,Male,Marketing,Senior,Hybrid,Central,5.0,91700.0,No,3,4,1,58,188,No
4149,37,Male,HR,Entry,Remote,Central,8.0,35800.0,No,4,4,0,11,177,No
4150,50,Female,HR,Mid,Office,West,8.0,74600.0,No,5,4,0,34,144,No
4151,30,Male,IT,Entry,Hybrid,South,7.0,27400.0,No,4,3,1,33,136,No
4152,29,Male,Operations,Senior,Hybrid,South,9.0,90400.0,No,4,4,1,23,135,No
4153,40,Male,HR,Senior,Office,Central,5.0,90400.0,Yes,3,2,0,26,175,No
4154,44,Female,HR,Mid,Hybrid,South,1.0,93200.0,Yes,4,5,1,48,140,No
4155,32,Female,Operations,Senior,Hybrid,South,4.0,78900.0,No,3,4,0,41,169,No
4156,44,Female,Sales,Entry,Remote,Central,4.0,24000.0,No,3,4,0,39,184,No
4157,50,Male,Engineering,Senior,Hybrid,South,5.0,104600.0,No,3,3,1,17,178,No
4158,49,Male,Sales,Senior,Office,West,9.0,103900.0,No,3,3,0,34,164,No
4159,41,Male,HR,Entry,Hybrid,North,4.0,24000.0,No,2,3,1,38,202,No
4160,37,Male,IT,Manager,Office,South,5.0,34200.0,No,2,5,1,38,158,No
4161,54,Female,Operations,Entry,Hybrid,West,18.0,39500.0,No,4,4,1,11,173,No
4162,38,Male,IT,Mid,Remote,Central,2.0,62600.0,Yes,5,3,1,32,163,No
4163,46,Male,Customer Support,Entry,Remote,North,6.0,24000.0,No,2,4,0,32,166,No
4164,56,Male,Finance,Senior,Hybrid,South,3.0,94900.0,No,3,3,0,41,187,No
4165,46,Female,Operations,Entry,Remote,Central,6.0,24000.0,Yes,3,2,0,25,183,No
4166,29,Male,IT,Entry,Office,East,10.0,36300.0,Yes,4,3,0,14,134,No
4167,27,Female,Sales,Mid,Remote,West,7.0,72200.0,Yes,3,3,0,17,150,No
4168,35,Female,HR,Manager,Hybrid,Central,6.0,42100.0,No,4,2,0,32,187,No
4169,44,Male,Operations,Entry,Remote,North,5.0,24000.0,No,2,4,2,42,144,No
4170,42,Male,HR,Mid,Hybrid,South,9.0,83700.0,Yes,4,3,0,24,150,No
4171,58,Female,Engineering,Mid,Hybrid,West,8.0,69500.0,Yes,3,3,1,32,177,No
4172,42,Female,Marketing,Senior,Remote,North,5.0,99500.0,No,3,3,0,4,190,No
4173,35,Female,Engineering,Mid,Hybrid,East,18.0,71900.0,No,4,4,1,4,187,No
4174,28,Male,IT,Mid,Office,North,3.0,56200.0,No,3,3,0,34,138,No
4175,49,Male,Customer Support,Manager,Hybrid,West,17.0,56700.0,Yes,3,4,2,33,165,No
4176,38,Female,Operations,Mid,Office,Central,9.0,81700.0,No,5,3,0,37,163,No
4177,24,Male,Operations,Mid,Office,North,2.0,88600.0,Yes,3,5,0,4,158,No
4178,38,Female,Engineering,Senior,Office,East,3.0,76900.0,No,5,5,2,45,139,No
4179,29,Male,Operations,Mid,Office,North,6.0,43600.0,No,1,4,0,21,198,No
4180,34,Female,Customer Support,Mid,Hybrid,West,1.0,77800.0,No,3,3,0,21,168,No
4181,38,Male,Marketing,Mid,Hybrid,West,8.0,66600.0,No,2,3,0,36,151,No
4182,30,Female,Sales,Senior,Hybrid,Central,4.0,81100.0,No,3,2,0,29,178,No
4183,34,Male,Marketing,Manager,Hybrid,North,8.0,51000.0,No,3,3,0,48,167,No
4184,31,Male,Operations,Mid,Remote,North,7.0,68000.0,No,4,4,0,37,187,No
4185,32,Female,Engineering,Mid,Office,East,4.0,60500.0,No,3,3,0,47,161,No
4186,29,Male,Customer Support,Mid,Office,East,3.0,71300.0,Yes,2,3,0,23,162,Yes
4187,34,Male,Sales,Entry,Hybrid,Central,1.0,33100.0,No,4,4,1,43,171,No
4188,30,Male,Sales,Entry,Hybrid,East,18.0,29600.0,No,2,4,1,4,184,No
4189,43,Male,Sales,Entry,Hybrid,Central,7.0,29600.0,No,5,4,1,27,151,No
4190,40,Male,Operations,Entry,Remote,South,2.0,32000.0,No,2,3,0,12,142,No
4191,49,Female,Sales,Mid,Remote,East,4.0,56800.0,No,3,3,1,30,181,No
4192,55,Male,Marketing,Entry,Office,South,9.0,27500.0,Yes,5,4,2,30,176,No
4193,44,Male,Operations,Entry,Hybrid,South,5.0,30200.0,Yes,3,4,3,39,172,No
4194,42,Female,Customer Support,Mid,Office,East,1.0,68600.0,No,4,3,2,31,172,No
4195,45,Male,IT,Entry,Office,West,8.0,24000.0,No,3,2,0,19,171,No
4196,42,Male,Operations,Entry,Remote,South,1.0,24000.0,Yes,3,4,2,23,198,No
4197,38,Male,Sales,Entry,Hybrid,North,8.0,25400.0,Yes,3,4,0,30,175,No
4198,38,Female,Customer Support,Entry,Office,East,6.0,36200.0,No,4,2,0,20,167,No
4199,29,Female,IT,Mid,Office,South,5.0,85700.0,Yes,5,3,0,42,150,No
4200,46,Female,Sales,Senior,Hybrid,South,4.0,105900.0,No,2,4,0,24,163,No
4201,38,Male,IT,Senior,Hybrid,West,4.0,80000.0,No,3,3,1,40,182,No
4202,51,Male,Customer Support,Senior,Remote,East,7.0,85500.0,No,3,5,3,20,185,No
4203,46,Male,Sales,Mid,Remote,West,2.0,77900.0,Yes,3,5,1,36,141,No
4204,32,Male,Operations,Senior,Remote,South,3.0,105700.0,No,4,2,1,26,188,No
4205,49,Male,Marketing,Mid,Remote,North,11.0,63300.0,No,3,3,0,42,168,No
4206,21,Female,Marketing,Mid,Hybrid,North,17.0,73600.0,Yes,3,4,1,51,218,No
4207,55,Female,IT,Mid,Hybrid,South,4.0,61800.0,No,5,3,0,31,195,No
4208,26,Male,Sales,Mid,Hybrid,East,5.0,74500.0,No,2,4,0,51,167,No
4209,42,Male,HR,Mid,Remote,West,2.0,66200.0,No,4,3,0,26,147,No
4210,42,Male,IT,Entry,Office,North,3.0,29600.0,Yes,3,2,2,30,150,Yes
4211,48,Female,Marketing,Senior,Hybrid,North,1.0,83100.0,Yes,3,4,0,27,160,No
4212,35,Male,Finance,Entry,Hybrid,East,1.0,24000.0,No,3,3,2,16,206,No
4213,21,Male,HR,Mid,Hybrid,Central,3.0,99900.0,Yes,3,5,0,46,164,No
4214,35,Male,Sales,Senior,Hybrid,West,9.0,94600.0,Yes,3,4,0,30,175,No
4215,36,Male,Operations,Mid,Hybrid,West,5.0,91200.0,Yes,3,3,1,23,167,No
4216,21,Female,IT,Entry,Remote,South,11.0,41600.0,Yes,4,4,1,19,166,No
4217,38,Male,Marketing,Mid,Office,Central,3.0,57300.0,No,2,3,2,51,162,No
4218,28,Male,Sales,Mid,Office,South,10.0,75300.0,Yes,2,4,0,26,199,No
4219,44,Male,Engineering,Manager,Hybrid,East,18.0,38300.0,Yes,2,3,0,26,188,No
4220,36,Male,Marketing,Mid,Office,Central,6.0,69300.0,Yes,4,4,0,40,142,No
4221,56,Female,IT,Senior,Hybrid,North,1.0,77000.0,No,4,4,0,47,137,No
4222,36,Male,Sales,Mid,Office,Central,1.0,57800.0,No,2,4,0,22,187,No
4223,42,Male,Finance,Senior,Hybrid,Central,1.0,86300.0,Yes,2,4,1,36,192,Yes
4224,36,Female,IT,Senior,Hybrid,North,2.0,89100.0,No,5,5,0,35,152,No
4225,23,Female,IT,Entry,Office,West,8.0,28300.0,Yes,5,3,2,26,162,No
4226,36,Female,Customer Support,Entry,Hybrid,West,3.0,24000.0,No,5,5,0,23,192,No
4227,45,Male,Operations,Entry,Hybrid,East,10.0,29300.0,No,4,4,0,21,183,No
4228,43,Male,IT,Mid,Unknown,East,3.0,82200.0,No,4,3,0,40,170,No
4229,35,Male,Operations,Senior,Hybrid,West,18.0,96500.0,No,3,3,0,31,182,No
4230,25,Female,IT,Mid,Office,North,12.0,71400.0,No,2,4,0,29,165,No
4231,44,Male,Engineering,Mid,Office,West,3.0,75100.0,No,2,3,1,19,162,No
4232,42,Male,Sales,Manager,Remote,West,2.0,37100.0,No,3,2,0,40,192,Yes
4233,46,Female,Marketing,Entry,Office,Central,12.0,36600.0,No,4,4,2,32,157,No
4234,36,Female,Customer Support,Entry,Remote,West,2.0,24000.0,No,3,4,0,18,161,No
4235,23,Male,Sales,Senior,Hybrid,South,3.0,108000.0,Yes,4,3,1,24,205,No
4236,43,Female,IT,Senior,Hybrid,South,2.0,100900.0,No,3,2,0,37,153,No
4237,38,Male,Finance,Mid,Hybrid,Central,5.0,77000.0,No,4,4,0,7,204,No
4238,51,Female,Customer Support,Entry,Office,Central,10.0,33400.0,Yes,4,5,0,28,174,No
4239,38,Male,Operations,Manager,Hybrid,East,3.0,50000.0,No,5,3,0,38,171,No
4240,38,Female,Operations,Senior,Hybrid,East,9.0,86900.0,Yes,4,4,0,31,181,No
4241,42,Female,Customer Support,Mid,Remote,South,6.0,63500.0,Yes,5,5,0,37,187,No
4242,33,Male,Customer Support,Entry,Hybrid,East,2.0,43800.0,No,3,4,0,4,198,No
4243,32,Male,HR,Mid,Office,South,3.0,72900.0,No,5,4,0,12,166,No
4244,37,Male,Operations,Senior,Remote,West,1.0,84000.0,No,4,3,0,39,179,No
4245,30,Female,Marketing,Senior,Remote,South,2.0,98700.0,No,2,3,3,33,162,No
4246,36,Male,IT,Mid,Hybrid,Central,14.0,75100.0,Yes,5,4,2,25,160,No
4247,55,Male,Customer Support,Mid,Hybrid,Central,5.0,69000.0,No,3,3,1,31,173,No
4248,47,Male,Sales,Mid,Hybrid,Central,5.0,63900.0,No,3,3,3,35,185,No
4249,41,Female,IT,Mid,Hybrid,West,5.0,78600.0,Yes,4,3,0,22,152,No
4250,52,Female,Customer Support,Mid,Office,East,2.0,80500.0,No,3,2,0,20,139,No
4251,31,Male,Finance,Entry,Hybrid,North,3.0,30900.0,Yes,3,3,0,12,150,No
4252,60,Female,Sales,Entry,Hybrid,East,6.0,28600.0,No,4,5,1,45,161,No
4253,34,Female,IT,Senior,Office,Central,1.0,87000.0,No,3,2,1,29,196,No
4254,56,Female,Operations,Entry,Office,East,0.5,32300.0,No,3,5,1,46,154,No
4255,56,Male,Customer Support,Entry,Hybrid,West,3.0,24000.0,No,3,4,0,12,180,No
4256,22,Male,Sales,Senior,Hybrid,North,2.0,82500.0,No,4,4,0,30,193,No
4257,51,Female,Sales,Senior,Office,Central,11.0,104100.0,No,5,3,0,14,155,No
4258,35,Female,HR,Entry,Remote,Central,2.0,24000.0,No,2,4,0,49,198,No
4259,33,Female,Engineering,Mid,Office,North,6.0,54900.0,Yes,3,5,0,61,182,No
4260,43,Female,IT,Senior,Hybrid,South,2.0,105800.0,No,3,4,1,43,151,No
4261,29,Female,Engineering,Mid,Remote,South,6.0,56300.0,No,3,4,1,15,163,No
4262,43,Female,Customer Support,Mid,Office,West,5.0,68500.0,No,5,4,0,14,155,No
4263,30,Male,IT,Mid,Office,West,12.0,62100.0,No,4,3,1,27,165,Yes
4264,40,Male,Customer Support,Entry,Hybrid,South,2.0,24000.0,No,3,4,0,30,178,No
4265,50,Female,Marketing,Senior,Hybrid,West,2.0,114000.0,No,2,4,0,34,157,No
4266,41,Female,Operations,Entry,Hybrid,West,18.0,27100.0,Yes,4,4,1,34,178,No
4267,35,Female,HR,Mid,Remote,South,10.0,75200.0,Yes,3,4,1,28,174,Yes
4268,43,Female,Customer Support,Entry,Remote,Central,3.0,35100.0,No,3,4,1,25,149,No
4269,25,Male,Customer Support,Entry,Office,South,2.0,24000.0,Yes,4,5,0,18,178,No
4270,30,Male,Marketing,Entry,Hybrid,North,2.0,37700.0,No,4,4,0,36,192,No
4271,34,Male,Engineering,Senior,Hybrid,South,10.0,97400.0,No,3,4,1,4,166,No
4272,45,Male,HR,Entry,Remote,North,3.0,34800.0,Yes,3,2,0,29,185,No
4273,42,Female,Customer Support,Entry,Remote,North,2.0,24000.0,No,5,4,2,31,150,No
4274,43,Male,Customer Support,Entry,Office,South,2.0,32000.0,Yes,4,4,0,25,201,No
4275,38,Male,IT,Senior,Office,West,7.0,93900.0,No,4,4,0,38,183,No
4276,31,Male,Sales,Mid,Office,North,4.0,82200.0,No,3,4,1,40,185,No
4277,51,Female,HR,Manager,Hybrid,South,10.0,45100.0,No,3,3,0,30,157,No
4278,32,Female,Customer Support,Mid,Hybrid,East,16.0,90300.0,Yes,3,3,1,56,185,No
4279,42,Male,IT,Mid,Hybrid,North,5.0,75000.0,No,2,5,0,20,179,No
4280,37,Female,Marketing,Mid,Unknown,South,6.0,70900.0,No,3,2,1,22,185,No
4281,43,Male,Sales,Entry,Remote,South,4.0,25800.0,No,3,3,2,23,197,No
4282,33,Male,Finance,Manager,Remote,North,5.0,49900.0,Yes,3,2,1,42,161,No
4283,47,Male,Operations,Manager,Office,North,1.0,44300.0,No,3,3,1,32,197,No
4284,50,Male,Sales,Entry,Hybrid,Central,6.0,34000.0,No,3,5,0,5,186,No
4285,47,Male,Customer Support,Mid,Hybrid,Central,8.0,71900.0,No,3,4,1,24,147,No
4286,39,Male,IT,Entry,Office,East,2.0,45500.0,No,2,4,1,21,204,No
4287,34,Male,Engineering,Mid,Hybrid,East,14.0,68100.0,No,2,2,1,48,160,No
4288,62,Male,IT,Senior,Office,North,3.0,92900.0,No,4,3,0,18,175,No
4289,29,Male,Engineering,Manager,Remote,South,12.0,46100.0,No,4,3,1,28,176,No
4290,46,Female,Operations,Mid,Hybrid,West,7.0,88800.0,No,2,5,0,9,152,No
4291,41,Male,Sales,Mid,Hybrid,Central,2.0,59000.0,Yes,5,4,0,30,188,No
4292,37,Female,Sales,Senior,Hybrid,West,10.0,94800.0,No,4,4,1,51,162,No
4293,40,Female,Sales,Entry,Office,East,5.0,30800.0,No,2,4,2,18,145,No
4294,33,Male,Operations,Mid,Remote,East,6.0,61800.0,No,4,3,0,39,155,No
4295,42,Female,Customer Support,Mid,Remote,South,4.0,95800.0,Yes,3,5,0,26,135,Yes
4296,41,Female,HR,Senior,Hybrid,East,4.0,85600.0,Yes,4,5,0,28,144,Yes
4297,62,Female,HR,Manager,Office,South,1.0,50300.0,No,4,4,1,35,191,No
4298,48,Female,Operations,Entry,Remote,West,7.0,43200.0,No,4,4,0,13,140,No
4299,43,Female,Operations,Entry,Hybrid,South,4.0,24600.0,No,5,3,0,19,178,No
4300,43,Female,Marketing,Entry,Office,East,6.0,29300.0,Yes,4,4,0,17,159,No
4301,55,Male,HR,Entry,Hybrid,West,6.0,24900.0,No,4,2,1,48,193,No
4302,29,Female,Marketing,Mid,Office,Central,6.0,71500.0,Yes,5,3,0,41,171,No
4303,36,Female,Engineering,Senior,Office,North,7.0,103700.0,Yes,3,2,0,40,147,No
4304,21,Male,Finance,Mid,Hybrid,North,1.0,68200.0,No,3,4,0,40,183,No
4305,43,Male,Sales,Mid,Remote,West,4.0,48100.0,No,4,4,1,38,163,No
4306,46,Male,Sales,Mid,Hybrid,South,2.0,71700.0,No,2,4,0,9,184,No
4307,29,Male,Operations,Mid,Office,North,0.5,72600.0,Yes,3,4,0,21,177,No
4308,51,Male,Finance,Senior,Office,East,6.0,95800.0,Yes,5,4,1,25,150,No
4309,32,Male,Engineering,Mid,Hybrid,South,16.0,70400.0,Yes,2,3,0,30,168,No
4310,35,Female,Operations,Mid,Hybrid,West,0.5,64200.0,No,4,2,0,16,159,No
4311,39,Male,Operations,Senior,Remote,West,7.0,91800.0,Yes,2,5,1,11,166,No
4312,52,Female,Customer Support,Mid,Hybrid,East,3.0,87900.0,No,4,3,0,15,168,No
4313,30,Female,IT,Entry,Hybrid,West,4.0,27600.0,No,5,4,0,19,139,Yes
4314,41,Male,Customer Support,Mid,Hybrid,South,7.0,77900.0,No,2,4,0,24,177,No
4315,45,Female,Sales,Mid,Remote,North,6.0,62700.0,Yes,2,3,0,33,164,No
4316,43,Female,Operations,Mid,Hybrid,South,4.0,69400.0,No,4,3,0,26,145,No
4317,43,Male,Engineering,Senior,Hybrid,West,3.0,85000.0,Yes,3,5,1,43,148,No
4318,45,Male,Customer Support,Mid,Hybrid,North,6.0,83600.0,No,3,3,0,35,136,No
4319,33,Male,Customer Support,Mid,Office,South,1.0,58000.0,No,4,5,3,24,210,No
4320,53,Female,Finance,Senior,Hybrid,West,7.0,97400.0,No,4,4,0,33,170,No
4321,37,Female,Customer Support,Mid,Remote,East,3.0,75100.0,No,4,4,0,27,178,No
4322,36,Female,Operations,Mid,Office,North,11.0,74500.0,No,3,4,0,21,200,No
4323,50,Female,Operations,Entry,Hybrid,West,4.0,24000.0,No,4,3,1,29,225,No
4324,32,Male,Sales,Mid,Hybrid,North,11.0,53800.0,No,3,4,0,33,157,No
4325,41,Female,IT,Mid,Hybrid,South,2.0,73100.0,Yes,3,5,0,40,160,Yes
4326,31,Female,Operations,Entry,Office,East,2.0,24000.0,Yes,3,5,0,54,151,Yes
4327,61,Male,Sales,Mid,Remote,East,2.0,66200.0,Yes,4,5,0,43,168,No
4328,59,Female,Marketing,Entry,Hybrid,North,12.0,24200.0,Yes,3,4,1,16,135,No
4329,37,Female,Customer Support,Entry,Office,East,4.0,24000.0,Yes,4,4,0,9,197,No
4330,43,Female,Engineering,Mid,Office,South,3.0,61000.0,Yes,3,3,0,44,181,No
4331,38,Female,Sales,Entry,Remote,West,6.0,28000.0,Yes,3,5,2,27,167,No
4332,35,Male,Engineering,Mid,Hybrid,West,3.0,54800.0,No,4,3,0,20,142,No
4333,39,Female,Sales,Mid,Office,South,6.0,67400.0,No,4,3,0,48,200,No
4334,38,Female,HR,Mid,Hybrid,East,4.0,66000.0,No,4,4,1,26,162,No
4335,24,Female,Customer Support,Entry,Remote,East,3.0,27800.0,No,3,2,1,27,206,No
4336,40,Male,Sales,Mid,Hybrid,West,4.0,93500.0,Yes,3,3,0,20,165,No
4337,38,Female,Sales,Entry,Hybrid,South,4.0,24000.0,No,4,3,1,4,172,No
4338,41,Male,Sales,Mid,Office,East,8.0,75700.0,No,4,2,0,17,146,No
4339,37,Female,Operations,Senior,Remote,West,1.0,96000.0,No,5,3,0,20,195,No
4340,35,Male,Customer Support,Mid,Hybrid,East,3.0,77000.0,Yes,4,4,1,8,137,No
4341,46,Female,Sales,Mid,Remote,North,5.0,70100.0,No,3,4,1,29,186,No
4342,43,Female,Sales,Manager,Office,South,2.0,63000.0,No,3,4,0,31,199,No
4343,51,Male,Operations,Entry,Office,North,4.0,34200.0,No,3,3,1,39,138,No
4344,42,Male,IT,Senior,Hybrid,West,3.0,100300.0,No,3,3,1,19,190,Yes
4345,36,Female,Marketing,Senior,Office,North,3.0,81300.0,Yes,3,4,0,6,200,Yes
4346,44,Female,Engineering,Mid,Hybrid,South,2.0,72900.0,No,3,5,0,24,180,No
4347,21,Male,Customer Support,Entry,Office,South,16.0,24000.0,No,5,4,0,13,183,No
4348,57,Male,Customer Support,Entry,Office,North,1.0,24000.0,Yes,4,4,0,28,179,No
4349,40,Female,Operations,Manager,Hybrid,Central,3.0,44400.0,Yes,4,5,0,38,172,No
4350,58,Female,Customer Support,Entry,Office,South,4.0,27500.0,No,3,3,1,22,151,No
4351,30,Female,IT,Senior,Office,North,4.0,98100.0,Yes,4,3,0,27,170,No
4352,28,Female,Sales,Mid,Hybrid,West,10.0,80800.0,Yes,4,3,1,4,165,No
4353,41,Male,Operations,Mid,Hybrid,South,1.0,80400.0,No,5,5,1,23,209,No
4354,41,Male,Sales,Mid,Office,North,1.0,74600.0,No,3,4,0,47,170,Yes
4355,41,Male,Customer Support,Entry,Remote,East,3.0,28500.0,No,3,4,1,35,170,No
4356,40,Female,Marketing,Mid,Hybrid,West,4.0,69100.0,Yes,3,4,1,19,175,No
4357,32,Female,Engineering,Manager,Hybrid,North,3.0,47800.0,No,5,4,0,15,180,No
4358,25,Male,Finance,Entry,Office,North,8.0,24000.0,No,3,3,0,28,156,No
4359,41,Male,Operations,Manager,Hybrid,East,2.0,46100.0,No,5,3,0,34,190,No
4360,26,Male,Marketing,Manager,Remote,North,3.0,53200.0,Yes,4,4,1,19,169,No
4361,26,Male,IT,Entry,Remote,North,6.0,41900.0,No,4,3,0,26,186,No
4362,35,Female,Operations,Mid,Office,North,4.0,70700.0,No,3,3,0,5,153,No
4363,42,Female,Operations,Entry,Office,North,10.0,24000.0,No,4,4,0,38,168,No
4364,56,Male,Engineering,Mid,Hybrid,South,4.0,80700.0,No,4,4,0,18,201,No
4365,47,Male,Marketing,Manager,Hybrid,East,1.0,32000.0,Yes,5,5,0,36,211,No
4366,51,Male,Sales,Senior,Office,South,9.0,103400.0,No,4,3,1,32,184,No
4367,44,Female,HR,Manager,Remote,Central,8.0,37100.0,No,3,3,2,34,149,No
4368,41,Male,Operations,Entry,Remote,East,6.0,33900.0,Yes,4,2,0,25,134,No
4369,61,Male,Sales,Mid,Hybrid,West,18.0,67700.0,No,3,3,1,48,184,No
4370,26,Male,HR,Entry,Hybrid,West,5.0,30900.0,No,3,4,0,20,211,No
4371,34,Female,IT,Senior,Office,North,5.0,112700.0,No,4,4,1,48,163,No
4372,35,Male,Sales,Entry,Hybrid,Central,8.0,24000.0,No,3,4,0,31,167,No
4373,46,Female,Operations,Entry,Hybrid,South,5.0,24000.0,No,3,5,1,29,177,No
4374,29,Male,IT,Entry,Remote,East,5.0,28700.0,No,3,4,3,25,221,No
4375,45,Male,Operations,Entry,Remote,Central,1.0,41700.0,No,2,4,1,29,175,No
4376,43,Male,IT,Entry,Hybrid,South,1.0,29600.0,No,3,4,0,28,175,No
4377,45,Female,Marketing,Entry,Office,South,1.0,28400.0,No,4,3,0,49,164,No
4378,45,Male,IT,Senior,Office,South,3.0,95500.0,No,3,2,0,13,173,No
4379,52,Female,Customer Support,Senior,Remote,North,10.0,85000.0,No,2,3,1,26,194,No
4380,38,Male,Sales,Entry,Hybrid,North,14.0,29600.0,No,3,3,1,17,158,No
4381,43,Male,Operations,Senior,Office,East,11.0,90500.0,No,4,4,1,21,190,No
4382,31,Male,Finance,Mid,Hybrid,Central,11.0,83900.0,Yes,3,3,0,28,191,No
4383,29,Female,IT,Senior,Remote,West,2.0,101200.0,No,3,3,1,46,155,No
4384,54,Female,HR,Mid,Hybrid,Central,4.0,60100.0,No,3,4,0,34,187,No
4385,31,Male,Customer Support,Mid,Remote,South,2.0,69500.0,Yes,4,3,0,17,212,No
4386,44,Female,Engineering,Mid,Hybrid,East,6.0,76800.0,No,3,4,0,24,147,No
4387,43,Female,Finance,Entry,Hybrid,North,3.0,24000.0,No,4,3,1,42,168,No
4388,49,Male,IT,Mid,Office,South,1.0,62300.0,Yes,3,2,0,21,176,No
4389,23,Female,Marketing,Senior,Hybrid,North,6.0,89800.0,No,5,3,1,30,179,No
4390,46,Male,Operations,Senior,Remote,West,2.0,97100.0,Yes,3,3,1,33,152,No
4391,37,Male,IT,Mid,Hybrid,West,4.0,81300.0,No,2,3,1,25,146,No
4392,33,Male,Customer Support,Mid,Hybrid,East,3.0,74100.0,No,4,4,1,17,156,No
4393,36,Female,Operations,Senior,Office,North,7.0,116200.0,No,4,2,2,31,173,No
4394,47,Male,Operations,Entry,Hybrid,North,5.0,24000.0,No,4,4,3,56,162,No
4395,45,Female,Finance,Entry,Hybrid,North,4.0,34700.0,Yes,4,5,0,22,189,No
4396,37,Male,HR,Mid,Hybrid,West,11.0,62000.0,No,2,3,0,22,195,No
4397,28,Female,IT,Entry,Office,South,3.0,42500.0,No,3,3,0,37,154,No
4398,28,Male,Marketing,Mid,Remote,Central,6.0,84200.0,No,5,3,0,57,178,No
4399,45,Female,IT,Entry,Hybrid,West,3.0,34400.0,No,4,3,0,18,173,No
4400,27,Female,Customer Support,Mid,Office,West,18.0,56400.0,No,3,5,1,14,222,No
4401,37,Male,Customer Support,Mid,Hybrid,North,9.0,78300.0,No,2,3,1,38,163,No
4402,62,Female,Marketing,Senior,Remote,South,13.0,86600.0,No,2,4,1,38,179,No
4403,42,Female,Sales,Mid,Remote,West,5.0,76100.0,No,3,5,0,16,211,No
4404,45,Female,IT,Mid,Hybrid,South,10.0,58900.0,Yes,3,4,0,24,131,No
4405,28,Male,HR,Manager,Remote,East,2.0,52400.0,No,4,5,2,14,201,No
4406,27,Male,Operations,Senior,Hybrid,West,1.0,90800.0,No,2,3,1,24,159,No
4407,45,Female,Engineering,Mid,Hybrid,South,4.0,65000.0,No,3,4,3,25,142,No
4408,35,Male,Finance,Entry,Hybrid,South,6.0,33300.0,Yes,2,3,0,39,177,Yes
4409,49,Male,Customer Support,Mid,Remote,West,10.0,71500.0,No,3,5,0,43,175,No
4410,39,Female,IT,Mid,Hybrid,East,5.0,70200.0,No,5,3,0,27,183,No
4411,62,Male,Finance,Mid,Office,North,4.0,78600.0,No,4,3,1,46,186,No
4412,34,Male,Sales,Senior,Hybrid,West,8.0,111100.0,No,4,4,0,40,169,No
4413,42,Female,Marketing,Senior,Hybrid,East,13.0,96500.0,No,3,4,0,12,206,No
4414,31,Male,IT,Manager,Remote,Central,8.0,33700.0,No,2,2,1,42,199,No
4415,48,Male,IT,Mid,Hybrid,South,6.0,58000.0,No,3,3,0,38,180,No
4416,43,Female,Customer Support,Manager,Office,East,10.0,50600.0,No,2,3,0,51,178,No
4417,30,Female,Operations,Senior,Hybrid,East,9.0,103200.0,No,4,4,2,31,195,No
4418,36,Female,Sales,Entry,Office,West,8.0,29200.0,No,3,3,0,49,172,No
4419,51,Female,Sales,Mid,Hybrid,Central,9.0,76600.0,Yes,3,4,0,7,147,No
4420,50,Male,Operations,Entry,Office,East,6.0,27500.0,No,2,3,0,23,169,No
4421,26,Male,Finance,Mid,Unknown,East,14.0,80700.0,No,3,4,2,4,165,No
4422,35,Male,IT,Mid,Remote,East,1.0,77500.0,Yes,3,2,1,24,174,No
4423,55,Male,Operations,Mid,Hybrid,North,7.0,62800.0,Yes,3,3,2,30,148,No
4424,37,Female,IT,Entry,Office,Central,3.0,32000.0,No,4,3,1,28,150,No
4425,41,Female,Operations,Entry,Hybrid,North,5.0,24000.0,No,3,5,1,39,194,No
4426,48,Female,Finance,Entry,Hybrid,West,2.0,32000.0,No,4,4,0,58,173,No
4427,27,Male,IT,Mid,Remote,West,3.0,69500.0,No,4,4,0,24,166,No
4428,30,Female,Sales,Senior,Office,Central,4.0,95400.0,Yes,2,4,0,43,163,No
4429,36,Male,IT,Manager,Hybrid,South,6.0,52900.0,No,3,3,1,37,168,No
4430,50,Male,Sales,Mid,Hybrid,East,3.0,74500.0,Yes,3,4,2,32,175,No
4431,48,Male,Finance,Entry,Hybrid,Central,4.0,40800.0,No,5,3,0,38,138,No
4432,45,Female,Engineering,Senior,Hybrid,South,8.0,94300.0,No,4,4,0,24,164,No
4433,38,Male,Customer Support,Entry,Hybrid,North,10.0,29700.0,Yes,3,4,0,41,175,No
4434,49,Male,Finance,Manager,Hybrid,North,4.0,62000.0,No,3,4,1,11,169,No
4435,38,Male,Operations,Senior,Remote,North,12.0,111100.0,No,4,2,2,30,137,No
4436,44,Female,Operations,Mid,Remote,South,8.0,71800.0,No,2,3,1,24,172,Yes
4437,47,Male,Customer Support,Entry,Hybrid,West,11.0,24000.0,No,3,5,1,58,171,No
4438,54,Female,IT,Entry,Office,South,5.0,24000.0,No,3,3,0,15,158,No
4439,38,Female,IT,Mid,Remote,West,4.0,76100.0,No,1,3,0,34,153,No
4440,36,Male,Finance,Mid,Office,North,4.0,70200.0,Yes,3,4,0,43,176,No
4441,51,Female,Sales,Senior,Remote,South,6.0,78300.0,No,3,2,0,21,174,No
4442,51,Male,Finance,Mid,Hybrid,North,5.0,82100.0,No,5,3,1,28,181,No
4443,34,Female,Customer Support,Mid,Office,West,5.0,79300.0,Yes,3,4,1,22,213,No
4444,29,Male,Engineering,Entry,Office,West,8.0,38300.0,Yes,4,4,0,23,183,No
4445,50,Male,Sales,Mid,Remote,West,3.0,84100.0,No,3,4,0,48,157,No
4446,24,Male,HR,Entry,Hybrid,North,5.0,29700.0,No,4,5,1,5,197,No
4447,24,Male,Finance,Mid,Hybrid,West,2.0,74300.0,No,2,3,1,31,167,No
4448,36,Male,Operations,Mid,Office,West,5.0,81100.0,Yes,2,2,0,4,167,No
4449,39,Male,Operations,Senior,Office,Central,4.0,83100.0,No,5,3,0,39,154,No
4450,28,Female,Sales,Mid,Office,Central,4.0,68800.0,No,2,3,0,23,183,No
4451,40,Female,Customer Support,Entry,Office,West,2.0,27500.0,No,5,4,0,7,166,Yes
4452,40,Male,Engineering,Senior,Hybrid,West,3.0,102300.0,Yes,3,3,0,26,189,No
4453,34,Female,Operations,Mid,Hybrid,East,6.0,67200.0,Yes,3,4,2,14,184,No
4454,56,Male,Marketing,Senior,Hybrid,West,2.0,87600.0,Yes,3,4,3,40,155,Yes
4455,42,Female,Operations,Mid,Hybrid,South,1.0,68100.0,No,5,4,1,41,153,Yes
4456,48,Female,Finance,Senior,Hybrid,West,7.0,98200.0,Yes,3,4,1,14,177,No
4457,25,Female,Sales,Entry,Remote,Central,17.0,27400.0,No,3,4,0,35,197,No
4458,25,Male,Operations,Mid,Office,South,3.0,58900.0,No,4,5,1,20,193,No
4459,42,Male,Sales,Senior,Hybrid,South,14.0,82700.0,No,4,2,1,25,202,No
4460,55,Female,Customer Support,Entry,Remote,South,1.0,29200.0,No,5,4,2,52,175,No
4461,29,Female,HR,Senior,Hybrid,West,7.0,95500.0,No,4,3,0,24,190,No
4462,39,Male,HR,Mid,Hybrid,West,3.0,72200.0,No,3,4,1,46,195,No
4463,27,Male,Finance,Entry,Hybrid,West,17.0,24000.0,Yes,5,4,0,49,212,No
4464,32,Female,Engineering,Entry,Remote,North,4.0,35100.0,No,2,3,0,24,180,No
4465,40,Female,IT,Senior,Unknown,Central,3.0,97300.0,No,4,3,0,32,165,No
4466,34,Female,IT,Senior,Hybrid,North,0.5,97000.0,Yes,3,4,0,22,195,No
4467,26,Male,IT,Mid,Office,South,8.0,75300.0,No,4,3,0,28,146,No
4468,26,Male,Operations,Entry,Hybrid,East,8.0,42400.0,Yes,5,3,2,36,194,No
4469,21,Female,Engineering,Entry,Office,East,11.0,24000.0,Yes,2,4,0,27,199,No
4470,42,Male,IT,Entry,Hybrid,North,6.0,24200.0,Yes,4,4,0,33,193,No
4471,43,Female,Engineering,Senior,Office,South,4.0,91000.0,No,4,4,1,20,154,No
4472,43,Male,IT,Entry,Hybrid,West,10.0,39300.0,Yes,4,4,1,17,177,No
4473,30,Male,Operations,Entry,Remote,East,3.0,24600.0,No,3,4,1,24,194,No
4474,47,Male,Sales,Entry,Office,Central,1.0,24000.0,No,3,3,0,30,183,No
4475,44,Male,Operations,Mid,Remote,East,7.0,71000.0,Yes,3,4,0,44,173,No
4476,38,Female,Operations,Mid,Hybrid,South,9.0,72900.0,Yes,4,3,0,26,177,No
4477,37,Male,Operations,Mid,Office,West,1.0,82800.0,Yes,2,3,1,33,230,No
4478,32,Male,IT,Mid,Remote,East,5.0,68600.0,Yes,3,4,0,17,153,No
4479,40,Female,Customer Support,Manager,Remote,East,8.0,43800.0,No,4,5,0,39,147,No
4480,53,Female,Engineering,Mid,Hybrid,South,3.0,63800.0,No,3,4,0,24,154,No
4481,48,Male,HR,Senior,Hybrid,South,14.0,90900.0,No,3,3,0,26,215,No
4482,36,Female,Operations,Mid,Office,North,3.0,95100.0,No,3,3,1,29,187,No
4483,43,Female,Customer Support,Entry,Office,South,3.0,31400.0,No,4,2,0,22,161,No
4484,28,Female,IT,Senior,Hybrid,North,3.0,99400.0,No,3,4,0,15,217,No
4485,45,Female,Customer Support,Mid,Office,Central,2.0,72000.0,No,3,4,2,34,150,No
4486,31,Female,IT,Mid,Office,South,3.0,73200.0,Yes,3,3,0,39,161,No
4487,44,Female,Customer Support,Entry,Hybrid,Central,5.0,35100.0,Yes,4,3,0,12,149,No
4488,62,Female,Sales,Mid,Remote,East,2.0,77100.0,No,2,4,1,31,174,No
4489,33,Female,IT,Senior,Office,North,7.0,97100.0,No,3,4,1,31,182,No
4490,62,Female,Operations,Entry,Office,West,1.0,28100.0,No,3,3,0,24,175,No
4491,42,Female,Operations,Entry,Office,East,2.0,24800.0,No,4,4,0,24,196,No
4492,31,Female,Customer Support,Entry,Hybrid,East,14.0,31800.0,No,3,4,2,41,164,No
4493,31,Female,Engineering,Mid,Office,Central,3.0,72800.0,No,4,3,2,54,167,No
4494,59,Male,Sales,Senior,Remote,West,5.0,113200.0,No,4,4,0,44,179,No
4495,42,Female,IT,Mid,Office,West,5.0,81500.0,No,4,2,0,35,209,No
4496,33,Female,Finance,Senior,Remote,South,2.0,87900.0,Yes,4,4,0,42,182,No
4497,36,Female,HR,Mid,Hybrid,West,3.0,61500.0,No,2,5,2,34,167,No
4498,42,Male,Operations,Mid,Office,East,6.0,68400.0,No,5,4,2,20,188,No
4499,38,Female,Customer Support,Entry,Office,Central,3.0,24000.0,Yes,3,3,0,33,168,No
4500,41,Male,Customer Support,Entry,Remote,North,3.0,24000.0,No,4,4,1,12,178,Yes
4501,54,Male,Sales,Senior,Hybrid,Central,3.0,85300.0,No,3,4,0,19,169,No
4502,28,Male,HR,Entry,Hybrid,North,11.0,25100.0,No,3,4,1,39,148,No
4503,44,Female,Operations,Entry,Office,East,10.0,25200.0,No,4,3,0,26,159,No
4504,37,Female,HR,Senior,Hybrid,West,5.0,95300.0,No,4,2,0,18,203,No
4505,34,Male,Sales,Mid,Office,West,4.0,70100.0,Yes,3,3,0,21,178,No
4506,48,Male,Finance,Entry,Office,West,5.0,24000.0,No,5,3,1,13,175,No
4507,25,Female,HR,Senior,Office,South,6.0,104900.0,Yes,2,3,0,32,173,No
4508,21,Male,IT,Mid,Hybrid,South,6.0,75600.0,No,2,3,0,23,166,No
4509,40,Female,Marketing,Senior,Remote,Central,3.0,89100.0,Yes,2,4,1,25,173,No
4510,37,Female,Finance,Mid,Hybrid,East,4.0,64000.0,No,4,5,0,33,165,No
4511,26,Female,Operations,Entry,Office,East,3.0,24000.0,No,3,4,0,32,177,No
4512,23,Male,Operations,Entry,Office,North,6.0,24000.0,No,3,3,0,14,151,No
4513,55,Male,Customer Support,Entry,Unknown,South,11.0,37400.0,No,4,5,0,14,186,No
4514,42,Male,Sales,Senior,Hybrid,East,5.0,102500.0,No,4,4,0,27,171,No
4515,38,Female,Sales,Mid,Office,Central,5.0,66700.0,No,2,4,2,36,146,No
4516,58,Male,Finance,Senior,Office,South,2.0,106300.0,No,5,3,1,20,166,No
4517,47,Female,HR,Mid,Hybrid,North,1.0,77600.0,No,3,3,1,22,164,No
4518,54,Male,IT,Mid,Hybrid,North,3.0,73800.0,Yes,3,4,0,30,192,No
4519,27,Male,Customer Support,Entry,Hybrid,North,7.0,35800.0,Yes,3,5,1,29,169,No
4520,27,Male,IT,Entry,Hybrid,North,2.0,33600.0,No,2,5,0,27,156,No
4521,44,Female,Sales,Mid,Office,South,1.0,73400.0,Yes,4,4,2,33,132,No
4522,42,Female,HR,Mid,Office,South,7.0,69800.0,Yes,2,4,1,17,160,No
4523,49,Male,Customer Support,Manager,Office,East,6.0,49000.0,No,3,4,1,46,196,No
4524,23,Male,Customer Support,Entry,Office,North,3.0,24000.0,No,5,4,0,24,181,No
4525,44,Male,Marketing,Mid,Hybrid,North,3.0,64800.0,Yes,4,5,0,48,155,No
4526,47,Male,Operations,Entry,Hybrid,Central,4.0,44200.0,No,4,3,0,4,168,No
4527,46,Female,Marketing,Senior,Hybrid,West,3.0,86600.0,No,2,4,0,8,174,No
4528,34,Male,Marketing,Entry,Office,South,13.0,24000.0,Yes,3,4,0,27,203,Yes
4529,43,Female,IT,Mid,Hybrid,East,4.0,80100.0,No,3,5,0,40,172,No
4530,31,Male,Operations,Entry,Hybrid,Central,6.0,30200.0,No,5,5,0,31,161,No
4531,35,Female,Customer Support,Entry,Hybrid,North,4.0,30700.0,Yes,3,2,1,27,179,No
4532,29,Male,Finance,Mid,Hybrid,Central,6.0,70600.0,Yes,3,3,0,31,185,No
4533,31,Male,Operations,Mid,Hybrid,West,3.0,80200.0,No,3,3,2,28,187,No
4534,36,Female,Operations,Mid,Office,South,3.0,85800.0,No,3,3,1,52,187,No
4535,34,Male,Operations,Mid,Hybrid,Central,5.0,67300.0,No,4,5,0,22,215,Yes
4536,31,Female,Sales,Manager,Hybrid,West,3.0,55700.0,Yes,5,4,0,43,148,Yes
4537,26,Female,Marketing,Mid,Office,North,3.0,82100.0,Yes,3,4,0,19,169,No
4538,56,Female,Customer Support,Mid,Office,North,7.0,66800.0,Yes,3,3,0,24,172,No
4539,33,Male,Sales,Senior,Hybrid,South,10.0,107600.0,No,3,4,0,16,146,Yes
4540,41,Female,Finance,Mid,Remote,East,15.0,82000.0,No,2,2,0,38,150,No
4541,22,Male,Sales,Mid,Hybrid,South,7.0,60800.0,Yes,5,3,0,43,167,No
4542,50,Female,Sales,Mid,Hybrid,West,6.0,86400.0,Yes,5,3,0,26,165,No
4543,40,Female,Engineering,Entry,Office,West,2.0,24000.0,No,5,2,0,35,162,Yes
4544,34,Female,Operations,Mid,Remote,North,9.0,65800.0,Yes,4,4,1,30,136,No
4545,34,Male,Finance,Mid,Hybrid,South,12.0,78200.0,Yes,3,4,1,35,149,No
4546,46,Female,IT,Senior,Office,South,3.0,103400.0,No,3,4,0,42,160,No
4547,21,Female,Engineering,Senior,Office,North,14.0,94900.0,Yes,3,3,0,14,167,No
4548,31,Male,IT,Entry,Hybrid,Central,10.0,24000.0,No,5,4,2,15,177,No
4549,37,Female,Marketing,Entry,Office,East,7.0,25700.0,Yes,3,4,2,21,166,No
4550,37,Male,IT,Mid,Hybrid,South,4.0,68600.0,Yes,3,3,0,23,158,No
4551,61,Male,Sales,Mid,Hybrid,South,2.0,79600.0,No,3,4,0,31,179,No
4552,35,Male,Marketing,Mid,Remote,South,13.0,68300.0,No,4,4,0,28,177,No
4553,47,Male,Sales,Mid,Hybrid,Central,1.0,66100.0,Yes,1,4,1,26,153,No
4554,54,Male,Marketing,Mid,Hybrid,Central,13.0,58700.0,No,4,4,1,27,211,Yes
4555,44,Female,IT,Manager,Office,South,14.0,44700.0,No,1,4,0,31,126,No
4556,32,Female,Marketing,Mid,Remote,West,2.0,70900.0,No,5,2,1,19,185,No
4557,26,Male,Customer Support,Entry,Remote,West,1.0,24000.0,Yes,2,3,1,4,190,No
4558,45,Female,Marketing,Mid,Office,Central,3.0,56300.0,Yes,3,3,0,17,192,No
4559,53,Male,Sales,Mid,Hybrid,North,4.0,80800.0,No,2,4,0,41,178,No
4560,43,Male,Marketing,Entry,Office,North,3.0,24000.0,Yes,5,3,0,4,144,No
4561,49,Male,Engineering,Entry,Hybrid,West,3.0,24000.0,No,3,4,0,42,211,No
4562,61,Male,IT,Mid,Remote,West,4.0,86100.0,No,5,3,0,21,144,No
4563,46,Male,IT,Senior,Office,North,12.0,101600.0,Yes,5,4,0,38,150,No
4564,28,Male,Customer Support,Manager,Remote,West,4.0,59200.0,Yes,5,4,3,16,161,No
4565,38,Female,IT,Mid,Remote,West,7.0,76500.0,Yes,2,4,0,4,146,No
4566,50,Male,Marketing,Entry,Hybrid,East,2.0,39800.0,No,4,3,0,18,146,No
4567,36,Female,Marketing,Mid,Office,West,5.0,80000.0,Yes,5,4,1,26,154,No
4568,52,Male,Sales,Mid,Hybrid,West,3.0,68900.0,No,4,5,2,33,132,No
4569,37,Female,Operations,Manager,Hybrid,West,7.0,40400.0,No,3,4,1,11,174,No
4570,41,Female,Operations,Mid,Remote,West,2.0,60500.0,Yes,4,3,1,33,163,No
4571,35,Male,Finance,Mid,Hybrid,East,10.0,70700.0,No,4,2,0,28,166,No
4572,39,Male,Customer Support,Senior,Office,South,3.0,84100.0,No,2,3,0,21,177,No
4573,40,Female,IT,Mid,Hybrid,South,2.0,64800.0,No,3,3,3,29,169,No
4574,24,Male,Finance,Entry,Hybrid,South,14.0,26600.0,Yes,4,2,2,29,158,No
4575,34,Male,Customer Support,Mid,Hybrid,South,5.0,84600.0,No,4,3,0,34,180,No
4576,27,Male,IT,Mid,Office,West,4.0,58400.0,No,4,4,1,30,166,No
4577,34,Female,Customer Support,Mid,Office,North,2.0,72300.0,No,3,5,0,29,155,No
4578,31,Female,Sales,Manager,Hybrid,Central,2.0,38700.0,No,3,3,0,52,168,No
4579,47,Female,Operations,Entry,Hybrid,South,2.0,24000.0,No,3,4,1,5,197,No
4580,47,Female,Sales,Mid,Office,South,5.0,80400.0,No,3,4,0,12,160,No
4581,43,Male,Marketing,Entry,Hybrid,Central,10.0,24000.0,Yes,4,4,0,41,184,No
4582,27,Male,Customer Support,Entry,Hybrid,North,6.0,25600.0,No,5,3,0,10,151,No
4583,37,Male,Customer Support,Mid,Hybrid,West,5.0,73300.0,No,2,5,1,39,172,No
4584,26,Male,Engineering,Senior,Office,South,4.0,100300.0,No,5,3,0,32,177,No
4585,37,Female,Marketing,Mid,Office,West,8.0,67100.0,Yes,4,4,0,12,154,No
4586,44,Male,Customer Support,Mid,Hybrid,East,4.0,83300.0,Yes,2,3,2,40,164,No
4587,47,Female,Operations,Entry,Office,South,1.0,24000.0,Yes,3,4,2,42,152,No
4588,42,Female,Engineering,Mid,Remote,West,9.0,76400.0,No,3,4,2,28,154,No
4589,49,Male,Operations,Mid,Hybrid,South,2.0,70300.0,No,3,3,1,27,171,No
4590,40,Female,Customer Support,Senior,Office,South,1.0,100700.0,No,4,3,2,44,203,No
4591,36,Female,IT,Mid,Hybrid,East,6.0,90200.0,No,5,3,1,8,179,No
4592,46,Male,Operations,Senior,Hybrid,West,1.0,91500.0,No,5,4,0,36,172,No
4593,46,Male,Marketing,Senior,Office,Central,5.0,93900.0,No,4,2,0,11,200,No
4594,33,Male,IT,Mid,Remote,Central,5.0,68100.0,No,4,5,1,35,145,No
4595,41,Female,IT,Mid,Office,Central,6.0,66700.0,No,5,4,0,26,198,No
4596,35,Male,Engineering,Senior,Remote,Central,6.0,87700.0,No,2,4,0,28,164,No
4597,21,Male,HR,Manager,Hybrid,East,1.0,49800.0,No,5,3,2,48,177,No
4598,42,Female,IT,Mid,Hybrid,East,8.0,65000.0,No,2,3,0,9,185,No
4599,26,Male,Finance,Mid,Hybrid,West,4.0,65300.0,Yes,2,3,0,37,181,No
4600,41,Female,Finance,Mid,Remote,Central,3.0,43500.0,No,4,4,2,27,164,Yes
4601,24,Male,Operations,Senior,Hybrid,Central,2.0,106500.0,Yes,2,3,1,29,188,No
4602,32,Female,Engineering,Senior,Office,East,9.0,108800.0,No,3,3,1,38,163,No
4603,34,Female,Engineering,Senior,Hybrid,West,9.0,99800.0,Yes,5,5,3,38,163,No
4604,49,Male,Operations,Entry,Office,Central,3.0,24000.0,No,3,4,1,35,170,No
4605,33,Male,Marketing,Entry,Office,East,6.0,24000.0,No,5,4,0,18,182,No
4606,28,Female,Finance,Senior,Hybrid,Central,7.0,79900.0,No,1,4,1,35,152,No
4607,41,Male,Customer Support,Mid,Remote,West,4.0,77800.0,Yes,4,5,0,37,154,No
4608,36,Female,IT,Senior,Office,East,9.0,105400.0,No,2,3,1,34,137,No
4609,45,Male,Sales,Mid,Office,Central,9.0,73500.0,Yes,3,4,0,36,166,Yes
4610,29,Female,Engineering,Senior,Hybrid,South,1.0,101700.0,Yes,4,2,0,29,193,No
4611,40,Male,Customer Support,Mid,Office,South,7.0,76000.0,No,3,3,1,14,230,No
4612,60,Female,Finance,Entry,Office,East,3.0,24000.0,No,3,3,0,23,176,No
4613,36,Male,Marketing,Entry,Hybrid,South,2.0,37100.0,No,2,3,2,22,204,No
4614,40,Female,HR,Senior,Office,West,1.0,102500.0,Yes,5,4,0,28,172,No
4615,23,Male,Finance,Entry,Hybrid,West,5.0,24000.0,No,2,3,0,23,174,No
4616,30,Male,IT,Senior,Hybrid,West,4.0,101300.0,No,2,3,0,50,169,No
4617,42,Female,Sales,Mid,Hybrid,South,3.0,70700.0,No,3,3,1,33,171,No
4618,35,Female,Operations,Mid,Hybrid,South,8.0,69700.0,No,3,3,0,27,171,No
4619,44,Female,HR,Entry,Remote,Central,18.0,31500.0,No,4,2,0,31,165,No
4620,42,Female,Operations,Manager,Hybrid,South,6.0,53200.0,Yes,3,3,1,33,207,No
4621,26,Female,IT,Senior,Hybrid,West,4.0,102000.0,Yes,3,2,0,54,183,No
4622,47,Male,Engineering,Senior,Office,South,9.0,86400.0,No,4,5,2,33,157,No
4623,27,Male,Operations,Senior,Hybrid,East,2.0,99100.0,Yes,4,4,0,23,184,No
4624,31,Male,Customer Support,Mid,Remote,South,3.0,61600.0,No,3,4,0,16,192,No
4625,40,Male,Sales,Manager,Hybrid,East,5.0,48400.0,No,2,2,1,31,147,No
4626,52,Male,Operations,Mid,Remote,Central,5.0,71000.0,No,3,4,2,53,192,No
4627,29,Male,Customer Support,Mid,Office,Central,8.0,80700.0,No,4,3,1,26,190,No
4628,39,Male,Finance,Entry,Hybrid,South,12.0,28100.0,Yes,4,4,0,17,179,No
4629,39,Male,IT,Mid,Remote,North,8.0,69600.0,No,3,3,1,40,203,No
4630,44,Female,IT,Senior,Hybrid,South,12.0,106800.0,No,3,2,0,29,192,No
4631,49,Female,IT,Mid,Hybrid,North,12.0,68100.0,No,3,3,0,8,164,No
4632,34,Female,HR,Senior,Hybrid,East,6.0,89800.0,No,4,4,1,31,175,Yes
4633,47,Female,Finance,Manager,Office,North,4.0,33100.0,No,4,4,0,42,200,No
4634,50,Female,IT,Mid,Office,East,7.0,70000.0,No,3,2,1,4,163,No
4635,54,Female,Operations,Entry,Remote,West,1.0,24000.0,Yes,4,4,1,37,164,No
4636,43,Female,Sales,Mid,Hybrid,South,8.0,69700.0,Yes,4,3,1,13,178,No
4637,39,Male,Finance,Entry,Hybrid,North,8.0,30200.0,Yes,3,2,0,26,168,No
4638,34,Male,Marketing,Senior,Remote,North,2.0,84200.0,Yes,3,3,1,22,222,No
4639,25,Female,IT,Mid,Hybrid,South,11.0,64600.0,Yes,5,2,1,41,199,No
4640,35,Female,IT,Mid,Remote,East,9.0,57600.0,No,4,3,0,40,216,No
4641,39,Male,IT,Mid,Office,North,7.0,67400.0,No,5,3,0,12,197,No
4642,37,Female,Sales,Mid,Hybrid,West,4.0,63500.0,Yes,4,4,2,4,176,No
4643,43,Female,HR,Mid,Office,East,12.0,91300.0,No,4,4,0,10,132,No
4644,25,Male,Sales,Mid,Hybrid,South,1.0,85500.0,No,1,4,0,33,179,No
4645,36,Female,IT,Mid,Remote,North,4.0,84100.0,Yes,2,4,0,4,150,No
4646,56,Female,Engineering,Senior,Remote,West,7.0,82300.0,Yes,4,2,2,20,141,No
4647,47,Female,Engineering,Entry,Remote,South,10.0,26400.0,No,3,2,3,39,196,No
4648,44,Male,IT,Mid,Remote,East,9.0,61200.0,Yes,3,4,2,35,150,No
4649,42,Male,Finance,Entry,Hybrid,West,2.0,44600.0,Yes,4,3,1,8,158,Yes
4650,35,Female,HR,Mid,Office,West,6.0,79500.0,No,4,3,0,30,162,No
4651,22,Male,Customer Support,Entry,Hybrid,South,5.0,24000.0,No,4,4,1,17,175,No
4652,42,Male,Customer Support,Senior,Remote,West,1.0,97300.0,No,5,5,1,20,170,No
4653,21,Male,Sales,Entry,Hybrid,West,2.0,24000.0,Yes,5,4,0,21,187,No
4654,35,Female,Sales,Mid,Office,South,1.0,70800.0,No,3,3,1,23,183,No
4655,38,Male,HR,Entry,Hybrid,North,1.0,26400.0,Yes,5,3,3,27,140,No
4656,34,Male,Customer Support,Mid,Remote,Central,2.0,78700.0,No,3,3,3,19,202,No
4657,58,Male,Customer Support,Entry,Office,South,4.0,36900.0,Yes,4,4,0,20,149,No
4658,54,Female,Sales,Senior,Hybrid,North,4.0,94200.0,Yes,4,4,0,39,151,No
4659,47,Female,Operations,Manager,Office,North,6.0,48000.0,No,3,4,0,28,207,No
4660,30,Female,IT,Entry,Hybrid,West,3.0,24000.0,Yes,3,2,0,15,170,No
4661,55,Male,Marketing,Manager,Office,Central,10.0,64100.0,Yes,2,4,1,29,194,No
4662,44,Female,Engineering,Mid,Hybrid,Central,9.0,66100.0,No,3,4,1,10,186,No
4663,30,Male,HR,Mid,Office,South,6.0,72900.0,Yes,2,3,0,29,180,Yes
4664,38,Male,Sales,Senior,Hybrid,Central,13.0,114300.0,No,3,3,1,35,157,No
4665,47,Male,Operations,Entry,Hybrid,Central,6.0,24000.0,No,3,4,0,38,167,No
4666,33,Female,HR,Mid,Remote,East,1.0,72200.0,Yes,4,3,3,33,205,No
4667,39,Female,Customer Support,Entry,Hybrid,West,7.0,32500.0,Yes,2,3,0,15,157,Yes
4668,41,Female,Finance,Mid,Office,North,5.0,81800.0,No,4,4,0,21,172,No
4669,28,Male,Customer Support,Mid,Hybrid,East,3.0,72000.0,No,4,4,1,42,181,No
4670,36,Male,IT,Senior,Hybrid,North,4.0,104600.0,No,3,2,1,24,163,No
4671,29,Male,IT,Entry,Hybrid,Central,6.0,24300.0,No,4,3,0,27,157,No
4672,46,Male,Finance,Manager,Hybrid,South,6.0,54900.0,No,4,3,0,36,167,No
4673,30,Male,Sales,Entry,Remote,North,15.0,31700.0,No,1,4,1,46,167,No
4674,41,Male,IT,Mid,Hybrid,East,5.0,71200.0,No,3,2,1,27,141,No
4675,25,Female,Marketing,Mid,Office,North,6.0,74900.0,No,5,2,2,23,177,No
4676,28,Female,Sales,Entry,Hybrid,West,5.0,24000.0,Yes,4,2,0,51,198,No
4677,27,Male,Sales,Entry,Hybrid,West,5.0,25300.0,No,3,4,1,52,120,No
4678,35,Female,Sales,Mid,Office,South,2.0,60400.0,No,4,2,0,28,175,No
4679,40,Female,Sales,Entry,Hybrid,East,3.0,24000.0,No,4,2,0,28,120,No
4680,41,Female,Customer Support,Mid,Office,North,6.0,82200.0,No,5,3,1,39,201,No
4681,22,Female,Engineering,Manager,Hybrid,West,1.0,53800.0,No,3,3,1,33,159,No
4682,36,Female,Sales,Mid,Office,East,4.0,74800.0,No,3,4,0,28,171,No
4683,31,Male,Customer Support,Entry,Office,North,11.0,24000.0,Yes,3,4,0,37,151,No
4684,43,Female,Marketing,Entry,Hybrid,Central,4.0,30900.0,No,3,4,1,20,211,No
4685,36,Female,Engineering,Entry,Hybrid,Central,13.0,27400.0,No,3,5,1,41,213,No
4686,37,Female,Finance,Mid,Hybrid,South,4.0,76800.0,No,4,4,3,36,149,No
4687,31,Male,IT,Senior,Remote,West,9.0,106400.0,No,3,4,0,33,146,No
4688,54,Male,HR,Mid,Office,Central,5.0,68300.0,Yes,3,4,1,27,188,No
4689,26,Female,Customer Support,Entry,Hybrid,North,2.0,25200.0,Yes,5,4,2,21,188,No
4690,34,Male,Marketing,Mid,Hybrid,South,15.0,80300.0,Yes,3,2,0,7,163,No
4691,39,Male,HR,Mid,Office,West,2.0,66600.0,Yes,4,3,0,7,150,No
4692,36,Male,IT,Mid,Hybrid,Central,3.0,72800.0,No,2,2,1,8,201,No
4693,31,Male,Marketing,Manager,Hybrid,Central,16.0,32000.0,No,4,3,1,43,166,No
4694,22,Female,Customer Support,Mid,Remote,South,6.0,69200.0,Yes,4,2,2,20,164,No
4695,32,Female,Finance,Mid,Remote,Central,3.0,83700.0,No,3,4,0,13,173,No
4696,29,Female,Marketing,Senior,Office,South,5.0,97000.0,No,3,4,0,27,141,No
4697,53,Male,HR,Mid,Hybrid,East,7.0,80100.0,Yes,4,4,0,17,158,No
4698,58,Female,HR,Senior,Hybrid,South,4.0,102600.0,No,3,3,1,23,151,Yes
4699,38,Male,Operations,Senior,Remote,East,11.0,106100.0,No,5,3,0,35,131,No
4700,25,Female,Customer Support,Mid,Remote,East,3.0,68900.0,Yes,2,4,1,24,154,No
4701,45,Male,Engineering,Mid,Office,North,1.0,80500.0,No,4,3,0,24,170,No
4702,29,Male,HR,Senior,Remote,North,9.0,114200.0,No,5,3,0,28,155,No
4703,33,Male,Finance,Mid,Hybrid,South,4.0,71800.0,No,4,4,0,11,168,No
4704,32,Male,Finance,Mid,Office,North,9.0,60100.0,Yes,3,4,1,31,149,No
4705,33,Male,Sales,Mid,Remote,North,4.0,66600.0,No,3,4,0,45,183,No
4706,35,Female,IT,Senior,Office,South,6.0,98200.0,Yes,3,4,0,24,190,Yes
4707,26,Female,Sales,Entry,Hybrid,West,3.0,24000.0,No,4,3,1,29,184,No
4708,32,Female,HR,Entry,Remote,West,4.0,24000.0,Yes,2,5,3,18,174,No
4709,47,Female,IT,Mid,Remote,South,1.0,69000.0,Yes,3,4,2,19,187,No
4710,38,Male,Finance,Entry,Office,North,2.0,29000.0,No,4,3,2,40,158,No
4711,39,Male,Customer Support,Mid,Hybrid,West,6.0,88200.0,No,5,4,1,30,155,No
4712,21,Male,IT,Entry,Office,East,9.0,34200.0,No,5,3,1,36,169,No
4713,47,Female,Operations,Mid,Remote,West,6.0,62000.0,Yes,3,3,1,31,160,No
4714,32,Male,Engineering,Mid,Remote,West,2.0,106800.0,No,2,4,0,26,198,No
4715,48,Female,Operations,Entry,Hybrid,North,7.0,27900.0,No,4,5,0,43,211,No
4716,39,Female,IT,Entry,Office,South,2.0,24000.0,No,4,4,1,7,224,No
4717,33,Male,Finance,Mid,Hybrid,Central,6.0,62700.0,Yes,4,4,1,18,189,No
4718,23,Female,Operations,Senior,Hybrid,West,3.0,84700.0,No,3,3,1,23,178,No
4719,58,Male,Operations,Mid,Hybrid,North,4.0,59900.0,No,3,3,2,29,132,No
4720,45,Male,Sales,Entry,Office,East,3.0,32600.0,Yes,3,3,0,24,163,No
4721,46,Male,HR,Mid,Hybrid,West,7.0,48000.0,Yes,3,3,2,31,156,No
4722,54,Female,Operations,Entry,Remote,East,3.0,36800.0,No,3,4,0,44,158,No
4723,40,Female,IT,Entry,Office,South,7.0,35300.0,No,3,4,0,14,198,No
4724,50,Male,Operations,Manager,Remote,West,0.5,45900.0,No,2,2,0,46,200,No
4725,34,Female,Sales,Entry,Remote,North,9.0,36200.0,Yes,4,3,2,25,163,No
4726,45,Female,Finance,Entry,Office,Central,2.0,24000.0,Yes,4,3,3,30,159,No
4727,32,Male,Customer Support,Senior,Hybrid,East,12.0,86400.0,Yes,3,4,0,28,167,No
4728,33,Female,IT,Mid,Office,Central,4.0,76900.0,No,4,4,1,31,134,No
4729,39,Male,Operations,Mid,Remote,Central,11.0,70100.0,No,2,3,0,42,197,No
4730,27,Female,HR,Mid,Remote,East,1.0,66400.0,Yes,3,3,2,14,188,No
4731,41,Female,Finance,Manager,Office,North,10.0,49000.0,Yes,4,3,1,19,146,No
4732,35,Female,Engineering,Entry,Remote,North,2.0,39900.0,Yes,4,4,0,36,147,No
4733,21,Male,Finance,Entry,Remote,West,10.0,39500.0,Yes,3,3,0,18,204,No
4734,34,Female,IT,Senior,Hybrid,West,5.0,97800.0,No,4,4,0,6,188,No
4735,35,Male,Engineering,Senior,Remote,East,4.0,90800.0,No,3,4,2,36,208,No
4736,46,Female,Marketing,Manager,Hybrid,East,11.0,54700.0,Yes,4,4,1,19,156,No
4737,41,Male,Marketing,Mid,Hybrid,South,3.0,64200.0,No,5,3,0,39,208,No
4738,51,Female,Sales,Manager,Office,North,13.0,60500.0,No,3,4,1,23,153,No
4739,43,Female,Sales,Mid,Office,East,4.0,80600.0,No,4,4,0,42,175,No
4740,33,Male,Operations,Senior,Remote,East,5.0,111400.0,No,4,5,1,31,137,No
4741,37,Male,IT,Senior,Office,South,5.0,86800.0,Yes,2,5,1,20,162,No
4742,35,Male,IT,Entry,Hybrid,South,2.0,24000.0,No,4,4,1,13,176,No
4743,42,Male,Customer Support,Entry,Office,South,6.0,33000.0,Yes,3,3,0,25,164,No
4744,39,Male,IT,Mid,Office,North,2.0,69500.0,No,3,4,2,29,185,No
4745,32,Male,Sales,Senior,Office,South,2.0,103000.0,No,3,3,2,20,156,No
4746,38,Male,Sales,Entry,Hybrid,Central,2.0,39900.0,No,3,4,0,12,172,No
4747,42,Male,HR,Senior,Hybrid,North,4.0,109300.0,No,4,3,1,25,165,No
4748,29,Female,Operations,Mid,Remote,South,11.0,72500.0,No,3,3,0,46,165,No
4749,41,Female,Customer Support,Mid,Hybrid,West,3.0,79900.0,No,5,2,0,31,188,No
4750,24,Male,Sales,Mid,Unknown,South,6.0,67300.0,No,3,3,0,20,158,No
4751,48,Female,IT,Senior,Hybrid,North,10.0,96000.0,No,4,4,0,30,168,No
4752,43,Female,Operations,Entry,Office,West,4.0,27500.0,No,3,3,1,36,162,No
4753,53,Male,Finance,Mid,Hybrid,Central,5.0,71000.0,Yes,2,3,0,17,204,No
4754,28,Female,Operations,Entry,Hybrid,North,12.0,44400.0,No,5,3,0,25,171,No
4755,48,Male,Engineering,Manager,Hybrid,North,7.0,37900.0,Yes,4,4,1,26,171,No
4756,46,Female,Operations,Senior,Remote,Central,6.0,94000.0,No,3,4,0,23,166,No
4757,36,Female,HR,Entry,Hybrid,East,5.0,28500.0,No,4,5,3,13,180,No
4758,35,Female,Engineering,Mid,Hybrid,North,12.0,77800.0,No,4,4,1,36,163,No
4759,28,Male,Sales,Mid,Remote,West,4.0,62100.0,No,3,4,1,4,162,Yes
4760,26,Female,Engineering,Mid,Office,West,3.0,69300.0,Yes,3,3,0,20,162,No
4761,31,Female,Operations,Senior,Office,North,4.0,88600.0,No,4,4,0,19,173,No
4762,27,Female,Operations,Mid,Hybrid,South,7.0,51700.0,No,4,3,2,21,193,No
4763,52,Male,Engineering,Mid,Hybrid,West,6.0,82500.0,No,4,5,0,46,165,No
4764,24,Female,Operations,Senior,Hybrid,South,2.0,80800.0,No,3,5,1,24,145,No
4765,39,Male,HR,Mid,Hybrid,East,8.0,57600.0,Yes,2,3,0,41,141,No
4766,42,Female,IT,Entry,Remote,West,7.0,36500.0,Yes,3,3,1,30,229,No
4767,41,Female,Operations,Entry,Hybrid,North,3.0,25000.0,No,3,3,0,33,155,No
4768,42,Female,Operations,Mid,Office,West,6.0,69300.0,No,3,2,0,24,209,No
4769,47,Female,IT,Mid,Hybrid,West,9.0,69500.0,No,3,4,3,37,166,No
4770,34,Male,Marketing,Entry,Hybrid,West,4.0,37700.0,Yes,4,4,3,21,152,No
4771,39,Female,Operations,Mid,Office,East,1.0,67000.0,No,3,4,0,23,169,No
4772,35,Male,Finance,Entry,Hybrid,West,4.0,33400.0,Yes,4,3,2,22,184,No
4773,50,Female,Sales,Mid,Hybrid,East,4.0,61700.0,No,4,4,0,15,167,No
4774,57,Female,HR,Entry,Remote,West,1.0,31000.0,No,3,3,1,28,159,Yes
4775,27,Male,Sales,Mid,Office,West,3.0,80100.0,No,5,3,1,38,140,No
4776,21,Female,Sales,Entry,Office,West,2.0,40600.0,No,3,4,0,24,158,No
4777,43,Male,HR,Mid,Hybrid,North,11.0,58100.0,No,2,4,1,18,179,No
4778,48,Male,Sales,Entry,Remote,Central,11.0,25300.0,No,4,3,1,51,140,No
4779,56,Female,IT,Mid,Hybrid,Central,6.0,86400.0,Yes,3,4,0,23,162,No
4780,45,Female,Operations,Senior,Remote,South,4.0,102300.0,Yes,3,3,1,37,176,No
4781,51,Female,Finance,Entry,Unknown,West,4.0,26200.0,No,2,3,1,28,195,No
4782,53,Female,Engineering,Senior,Office,South,8.0,94000.0,No,3,2,1,41,149,No
4783,51,Female,Engineering,Mid,Remote,South,4.0,74700.0,No,3,3,0,27,212,No
4784,46,Male,Operations,Mid,Hybrid,North,5.0,68600.0,No,3,3,0,27,180,No
4785,26,Male,Engineering,Mid,Remote,South,6.0,76900.0,No,3,4,1,27,148,No
4786,38,Female,Customer Support,Mid,Remote,North,12.0,76400.0,No,3,4,1,25,174,No
4787,41,Male,Finance,Senior,Hybrid,North,1.0,84000.0,No,4,4,1,29,157,No
4788,37,Male,Marketing,Senior,Office,Central,3.0,89600.0,No,3,5,0,19,140,No
4789,38,Male,Sales,Senior,Hybrid,Central,1.0,89900.0,No,1,3,1,34,168,No
4790,52,Female,Marketing,Entry,Hybrid,East,6.0,25700.0,Yes,5,3,2,61,168,No
4791,31,Female,Operations,Mid,Hybrid,Central,1.0,74400.0,No,3,4,1,17,177,No
4792,45,Male,Sales,Entry,Hybrid,West,2.0,29600.0,Yes,3,3,0,32,152,No
4793,41,Male,IT,Mid,Hybrid,South,5.0,65500.0,Yes,3,3,1,28,153,No
4794,30,Male,Engineering,Entry,Hybrid,West,8.0,40100.0,No,2,3,0,14,190,No
4795,28,Female,Finance,Entry,Hybrid,Central,4.0,28000.0,Yes,3,3,0,37,186,No
4796,23,Male,IT,Mid,Hybrid,North,2.0,85200.0,No,3,5,2,23,146,No
4797,42,Male,IT,Senior,Hybrid,West,4.0,107000.0,No,4,3,3,20,138,No
4798,37,Female,HR,Entry,Hybrid,West,3.0,24000.0,Yes,3,3,1,44,149,No
4799,31,Female,Customer Support,Mid,Remote,West,8.0,67600.0,Yes,1,4,0,24,193,No
4800,21,Female,Marketing,Mid,Hybrid,South,3.0,68200.0,No,2,5,0,42,120,No
4801,42,Male,HR,Manager,Remote,West,8.0,52800.0,No,4,3,0,34,159,No
4802,36,Male,IT,Mid,Office,North,4.0,78500.0,No,3,2,0,29,189,No
4803,32,Male,Sales,Entry,Office,South,9.0,29300.0,Yes,4,3,0,36,175,No
4804,29,Male,HR,Entry,Office,North,5.0,24000.0,No,3,2,1,37,168,No
4805,36,Male,Customer Support,Mid,Hybrid,West,3.0,86900.0,No,4,3,0,26,189,No
4806,42,Male,Marketing,Entry,Remote,South,9.0,24100.0,No,3,5,0,24,167,No
4807,35,Male,HR,Manager,Remote,South,16.0,56700.0,Yes,2,3,3,38,160,No
4808,27,Female,Operations,Manager,Hybrid,South,5.0,49700.0,No,2,3,1,61,186,No
4809,37,Female,HR,Manager,Office,North,8.0,49400.0,No,2,4,1,9,209,No
4810,47,Female,Operations,Mid,Remote,South,5.0,78100.0,No,4,3,0,15,125,No
4811,38,Female,Operations,Senior,Hybrid,West,3.0,107900.0,No,2,4,2,16,155,No
4812,39,Female,Marketing,Mid,Hybrid,Central,10.0,74700.0,Yes,3,3,1,24,165,No
4813,35,Female,Operations,Entry,Hybrid,Central,2.0,24000.0,No,3,4,0,16,160,No
4814,30,Male,Engineering,Entry,Hybrid,North,1.0,41300.0,No,4,2,1,35,172,No
4815,30,Female,HR,Entry,Hybrid,South,10.0,32400.0,Yes,3,3,0,11,171,No
4816,23,Male,Sales,Mid,Office,North,4.0,73500.0,No,2,3,3,23,147,No
4817,49,Male,IT,Manager,Hybrid,South,2.0,59200.0,No,2,3,0,22,182,No
4818,42,Male,Operations,Senior,Hybrid,South,13.0,96900.0,No,2,5,1,40,169,No
4819,39,Male,Operations,Mid,Office,West,7.0,94100.0,Yes,1,4,1,27,196,No
4820,41,Male,Operations,Mid,Office,West,4.0,72000.0,No,4,4,0,12,192,No
4821,41,Female,Marketing,Entry,Office,South,6.0,38300.0,No,4,3,2,32,167,No
4822,31,Female,IT,Entry,Hybrid,East,5.0,32000.0,Yes,2,2,0,17,182,No
4823,35,Female,Marketing,Entry,Hybrid,West,7.0,31900.0,No,5,5,1,14,125,Yes
4824,34,Female,Marketing,Mid,Office,East,4.0,68700.0,Yes,3,2,1,41,128,No
4825,61,Female,HR,Mid,Hybrid,Central,8.0,68800.0,No,4,3,0,23,193,No
4826,47,Male,HR,Senior,Hybrid,North,5.0,98500.0,No,4,4,0,34,168,No
4827,40,Female,IT,Senior,Hybrid,East,1.0,86200.0,No,3,5,0,22,196,No
4828,50,Female,HR,Entry,Hybrid,South,3.0,24000.0,No,2,5,1,31,193,No
4829,49,Male,Customer Support,Senior,Office,East,7.0,94100.0,No,4,4,0,45,140,No
4830,26,Male,Engineering,Entry,Hybrid,South,1.0,39200.0,Yes,4,5,0,30,184,No
4831,36,Male,Operations,Mid,Hybrid,East,5.0,72700.0,No,3,3,0,24,155,Yes
4832,38,Female,IT,Mid,Remote,East,4.0,72600.0,No,4,4,0,12,165,No
4833,44,Male,Marketing,Entry,Office,West,13.0,24000.0,No,3,5,0,39,145,No
4834,36,Female,Marketing,Entry,Hybrid,North,8.0,43300.0,No,3,2,0,34,191,No
4835,37,Male,Finance,Entry,Office,Central,2.0,38000.0,No,3,4,0,32,181,No
4836,34,Female,Customer Support,Entry,Hybrid,West,7.0,39000.0,No,3,4,1,27,159,No
4837,47,Female,Sales,Manager,Office,East,4.0,36900.0,No,4,4,0,41,155,No
4838,25,Male,Sales,Mid,Hybrid,South,5.0,75200.0,No,3,3,0,23,186,No
4839,34,Female,Sales,Mid,Office,East,4.0,63600.0,No,3,4,0,35,155,No
4840,21,Female,IT,Manager,Office,North,13.0,56900.0,No,2,4,0,50,159,No
4841,29,Male,Customer Support,Mid,Office,North,12.0,74900.0,No,5,3,0,29,156,No
4842,41,Female,HR,Mid,Hybrid,South,3.0,76700.0,No,3,4,1,24,156,No
4843,41,Male,IT,Manager,Hybrid,Central,9.0,43600.0,No,2,5,1,21,185,No
4844,35,Male,HR,Entry,Hybrid,South,3.0,24000.0,Yes,4,3,0,21,176,No
4845,48,Female,Finance,Entry,Office,Central,3.0,24000.0,No,4,4,0,28,160,No
4846,50,Male,Finance,Mid,Hybrid,Central,5.0,74800.0,No,4,5,1,48,150,No
4847,37,Male,Sales,Mid,Hybrid,West,5.0,69800.0,No,4,5,0,33,171,No
4848,40,Male,Operations,Senior,Hybrid,West,2.0,96300.0,Yes,4,3,3,30,166,No
4849,34,Male,Sales,Entry,Office,South,1.0,24000.0,No,2,4,0,30,187,No
4850,44,Female,Customer Support,Mid,Hybrid,South,5.0,71900.0,No,4,3,1,9,156,No
4851,27,Male,IT,Senior,Hybrid,South,2.0,106600.0,No,2,4,0,27,180,No
4852,54,Female,Marketing,Manager,Hybrid,West,4.0,53000.0,No,3,3,1,17,166,No
4853,48,Male,Customer Support,Entry,Hybrid,West,10.0,31600.0,No,4,2,0,46,177,No
4854,27,Male,Sales,Entry,Remote,Central,4.0,31600.0,Yes,3,4,1,18,203,No
4855,31,Female,Sales,Manager,Office,South,1.0,45400.0,No,5,4,2,12,166,No
4856,42,Male,Engineering,Mid,Hybrid,North,9.0,86700.0,No,3,4,0,7,214,No
4857,35,Male,HR,Entry,Office,East,6.0,31200.0,Yes,2,3,1,19,167,Yes
4858,43,Male,Operations,Entry,Hybrid,South,8.0,29600.0,No,4,2,0,4,150,No
4859,35,Male,Sales,Senior,Hybrid,North,5.0,100200.0,No,5,4,0,30,202,No
4860,52,Female,IT,Mid,Office,East,5.0,80500.0,No,1,5,0,31,207,No
4861,38,Male,Operations,Mid,Remote,Central,17.0,60800.0,No,4,2,1,15,152,No
4862,60,Female,Customer Support,Senior,Hybrid,North,6.0,94500.0,No,3,3,2,38,155,No
4863,43,Female,IT,Entry,Hybrid,South,9.0,48100.0,No,3,3,1,26,187,No
4864,26,Male,Customer Support,Entry,Remote,North,18.0,42900.0,No,2,4,1,26,182,No
4865,57,Male,Marketing,Mid,Hybrid,South,17.0,71000.0,No,4,5,0,38,155,No
4866,48,Female,Sales,Senior,Hybrid,West,2.0,100600.0,No,3,3,0,42,153,No
4867,41,Female,IT,Entry,Hybrid,South,2.0,25100.0,No,4,3,1,16,177,No
4868,44,Male,IT,Mid,Hybrid,South,1.0,75200.0,No,2,4,0,11,168,Yes
4869,27,Female,HR,Entry,Office,Central,4.0,24000.0,Yes,3,2,2,23,183,No
4870,22,Male,Operations,Entry,Hybrid,South,18.0,24000.0,No,1,4,1,47,182,No
4871,38,Female,HR,Senior,Unknown,North,0.5,88700.0,Yes,5,4,0,19,189,No
4872,50,Female,IT,Entry,Unknown,South,3.0,43100.0,Yes,5,4,0,40,130,No
4873,42,Male,Marketing,Entry,Hybrid,North,5.0,24000.0,No,5,3,0,16,208,No
4874,53,Male,Operations,Senior,Unknown,West,2.0,104300.0,Yes,5,3,0,26,181,No
4875,50,Male,Operations,Mid,Remote,West,4.0,68100.0,Yes,3,3,0,21,162,No
4876,38,Male,Operations,Mid,Office,West,4.0,67100.0,Yes,3,3,0,33,169,No
4877,49,Female,IT,Senior,Remote,West,1.0,97500.0,No,4,2,1,30,184,No
4878,52,Female,Marketing,Entry,Hybrid,West,8.0,24000.0,No,4,4,0,17,176,No
4879,37,Male,Finance,Mid,Office,South,4.0,78000.0,No,2,3,2,22,176,No
4880,36,Male,Finance,Mid,Remote,South,2.0,70800.0,No,2,4,1,15,169,No
4881,39,Male,Sales,Entry,Office,South,5.0,24000.0,No,2,3,1,31,204,No
4882,21,Male,Operations,Mid,Hybrid,North,8.0,65100.0,No,3,4,0,16,178,No
4883,41,Female,Operations,Mid,Office,Central,4.0,89700.0,No,3,5,0,29,194,No
4884,44,Female,Finance,Senior,Hybrid,Central,2.0,93700.0,No,3,4,0,33,215,No
4885,39,Male,Customer Support,Senior,Office,Central,5.0,93300.0,No,4,2,2,36,190,No
4886,41,Male,Customer Support,Senior,Office,East,16.0,101900.0,No,2,4,1,36,177,No
4887,38,Male,Sales,Mid,Hybrid,Central,3.0,64400.0,No,3,4,0,32,134,No
4888,21,Female,Marketing,Entry,Remote,South,2.0,38200.0,No,3,3,0,15,163,No
4889,53,Male,Finance,Senior,Hybrid,West,3.0,93700.0,No,4,3,0,18,213,No
4890,35,Female,Engineering,Mid,Hybrid,East,2.0,59500.0,Yes,4,3,0,18,178,Yes
4891,32,Male,IT,Senior,Remote,South,3.0,89200.0,No,4,4,2,27,144,No
4892,50,Male,IT,Senior,Hybrid,East,2.0,84100.0,No,3,3,1,41,167,No
4893,47,Female,HR,Entry,Hybrid,East,9.0,28700.0,No,3,5,0,20,147,No
4894,40,Male,IT,Entry,Remote,Central,7.0,24000.0,Yes,3,3,0,24,162,No
4895,45,Female,Marketing,Mid,Hybrid,East,4.0,63900.0,No,3,3,0,42,163,No
4896,28,Male,Operations,Mid,Remote,West,3.0,74600.0,No,4,3,0,12,159,No
4897,37,Male,IT,Entry,Remote,West,6.0,28400.0,No,3,2,1,46,173,No
4898,50,Male,Operations,Mid,Hybrid,East,5.0,82900.0,No,3,3,1,35,130,No
4899,32,Male,Customer Support,Senior,Hybrid,North,5.0,104500.0,Yes,3,3,1,20,184,No
4900,29,Male,Customer Support,Mid,Remote,North,11.0,72600.0,No,2,4,1,24,200,No
4901,39,Female,Operations,Entry,Remote,West,7.0,32500.0,Yes,3,2,1,48,134,No
4902,39,Female,IT,Senior,Hybrid,South,18.0,81300.0,No,3,4,1,22,192,No
4903,44,Male,IT,Senior,Hybrid,East,3.0,100300.0,No,3,4,1,37,184,No
4904,26,Female,Customer Support,Manager,Hybrid,South,16.0,53700.0,No,2,5,0,52,178,No
4905,21,Male,Marketing,Entry,Office,South,6.0,36600.0,No,3,3,0,27,172,No
4906,46,Female,Operations,Senior,Remote,North,2.0,91200.0,No,4,4,1,28,176,No
4907,28,Female,Customer Support,Senior,Hybrid,East,3.0,91300.0,No,4,4,0,55,188,No
4908,33,Female,Sales,Senior,Office,West,7.0,91400.0,No,3,2,0,15,175,No
4909,21,Male,Marketing,Mid,Remote,West,2.0,84900.0,No,2,4,1,28,225,No
4910,47,Male,IT,Entry,Hybrid,Central,4.0,30500.0,No,3,3,1,33,158,No
4911,41,Female,Sales,Mid,Remote,West,18.0,58500.0,No,4,2,0,9,204,Yes
4912,41,Female,HR,Mid,Office,South,0.5,77800.0,No,5,3,1,14,168,No
4913,41,Female,Finance,Mid,Remote,East,4.0,67800.0,Yes,3,4,0,21,163,No
4914,21,Male,Engineering,Manager,Office,West,3.0,59800.0,Yes,2,3,0,33,191,Yes
4915,29,Female,Finance,Entry,Office,North,17.0,32800.0,Yes,4,4,2,22,165,No
4916,34,Female,Customer Support,Manager,Hybrid,West,4.0,61200.0,No,4,2,0,27,206,No
4917,31,Female,Marketing,Mid,Remote,East,2.0,81300.0,No,3,3,0,37,156,Yes
4918,36,Female,Marketing,Senior,Hybrid,South,2.0,102400.0,No,3,4,0,35,196,No
4919,40,Male,Engineering,Mid,Office,West,2.0,82200.0,No,2,4,2,4,183,No
4920,47,Female,HR,Mid,Remote,Central,15.0,79300.0,Yes,4,4,0,30,168,No
4921,25,Male,Finance,Mid,Office,West,0.5,65800.0,No,4,4,0,35,151,No
4922,38,Female,IT,Manager,Hybrid,North,7.0,39700.0,No,3,3,0,27,151,No
4923,44,Male,IT,Entry,Office,West,12.0,24000.0,Yes,5,4,0,34,154,No
4924,30,Male,Customer Support,Entry,Remote,North,4.0,34600.0,Yes,4,3,0,37,193,Yes
4925,36,Male,HR,Manager,Remote,South,2.0,30000.0,No,3,3,0,32,172,No
4926,42,Female,Finance,Entry,Hybrid,Central,6.0,27900.0,No,2,3,0,27,187,No
4927,38,Female,IT,Mid,Hybrid,North,2.0,69600.0,Yes,2,2,2,31,174,No
4928,44,Male,Operations,Entry,Remote,East,3.0,39000.0,No,3,5,0,4,149,No
4929,39,Female,Marketing,Entry,Office,South,2.0,26900.0,No,4,3,1,45,178,No
4930,35,Male,IT,Mid,Hybrid,Central,2.0,68700.0,No,5,4,2,44,183,No
4931,27,Female,Marketing,Mid,Remote,South,9.0,83800.0,Yes,3,2,1,43,136,No
4932,40,Female,Operations,Mid,Hybrid,West,4.0,71200.0,Yes,4,1,1,30,159,No
4933,39,Male,Customer Support,Mid,Office,East,7.0,69700.0,No,3,5,1,35,155,No
4934,29,Male,IT,Senior,Office,West,7.0,89600.0,No,4,4,0,30,146,No
4935,43,Female,Operations,Manager,Hybrid,South,4.0,52600.0,No,3,2,0,32,174,No
4936,49,Male,IT,Entry,Remote,North,12.0,25000.0,No,3,3,0,44,177,No
4937,32,Female,Finance,Mid,Office,East,2.0,69000.0,No,5,5,1,7,197,No
4938,31,Female,Marketing,Mid,Office,North,4.0,85100.0,No,3,4,0,33,187,No
4939,31,Male,Operations,Senior,Remote,West,1.0,94400.0,No,4,1,0,18,165,No
4940,23,Male,IT,Mid,Hybrid,South,5.0,68000.0,No,3,3,1,14,165,No
4941,56,Male,Customer Support,Mid,Hybrid,North,8.0,63000.0,No,3,3,0,26,206,No
4942,34,Female,Sales,Mid,Hybrid,South,1.0,73800.0,Yes,3,4,1,13,181,No
4943,30,Female,Operations,Mid,Hybrid,South,3.0,67000.0,No,3,3,1,13,194,No
4944,28,Female,Engineering,Senior,Office,North,2.0,90700.0,Yes,5,2,1,8,143,No
4945,35,Male,Operations,Mid,Hybrid,East,0.5,64300.0,No,3,3,0,22,139,No
4946,32,Male,Customer Support,Mid,Remote,Central,2.0,73800.0,No,4,3,0,34,163,No
4947,51,Male,Operations,Entry,Office,West,7.0,24000.0,No,3,4,1,38,191,No
4948,27,Male,Customer Support,Mid,Hybrid,West,4.0,75700.0,No,4,3,1,52,203,No
4949,24,Male,Operations,Entry,Remote,South,6.0,24000.0,No,4,3,1,23,156,No
4950,43,Male,Marketing,Senior,Hybrid,South,8.0,100400.0,Yes,2,3,1,38,182,No
4951,37,Male,IT,Mid,Office,North,14.0,76400.0,Yes,4,3,0,30,179,No
4952,36,Female,Marketing,Entry,Office,South,2.0,28900.0,No,5,5,1,30,148,No
4953,43,Female,IT,Entry,Office,West,7.0,35600.0,Yes,4,4,1,32,154,No
4954,39,Male,Engineering,Mid,Hybrid,Central,3.0,86000.0,No,4,4,0,38,169,No
4955,38,Male,IT,Senior,Hybrid,West,2.0,105400.0,No,4,3,0,34,145,No
4956,25,Female,IT,Mid,Hybrid,West,4.0,60200.0,Yes,4,4,0,23,222,No
4957,23,Male,Customer Support,Entry,Hybrid,Central,7.0,24000.0,No,3,4,1,35,150,No
4958,32,Male,IT,Mid,Hybrid,South,5.0,67700.0,Yes,3,3,2,20,162,No
4959,28,Male,Finance,Manager,Unknown,North,3.0,55700.0,No,4,3,2,35,178,No
4960,40,Male,Marketing,Senior,Remote,West,7.0,89300.0,No,3,3,0,29,176,No
4961,22,Male,IT,Entry,Office,East,7.0,24000.0,No,4,2,1,6,183,No
4962,34,Male,IT,Mid,Hybrid,North,3.0,65400.0,Yes,2,4,1,26,151,No
4963,36,Female,Operations,Senior,Remote,East,7.0,96700.0,Yes,3,4,1,39,144,No
4964,38,Female,IT,Senior,Office,North,5.0,99700.0,Yes,3,3,0,26,173,No
4965,42,Female,IT,Mid,Unknown,East,2.0,61100.0,No,5,3,0,31,153,No
4966,35,Male,Sales,Senior,Office,North,7.0,89400.0,No,3,3,0,22,156,No
4967,32,Male,Finance,Mid,Hybrid,Central,7.0,54900.0,No,4,5,1,25,155,No
4968,49,Female,Finance,Entry,Hybrid,West,2.0,24000.0,No,2,3,1,39,155,No
4969,35,Male,Sales,Entry,Hybrid,Central,7.0,32400.0,No,2,3,1,23,142,No
4970,51,Female,Operations,Mid,Hybrid,West,9.0,74800.0,No,4,3,0,14,150,No
4971,35,Male,Operations,Entry,Remote,North,2.0,29600.0,Yes,3,2,1,4,164,Yes
4972,38,Male,Sales,Mid,Hybrid,East,5.0,86300.0,No,3,4,2,19,194,No
4973,37,Male,Finance,Senior,Remote,South,2.0,78900.0,Yes,3,5,0,15,212,No
4974,40,Male,Customer Support,Senior,Hybrid,East,2.0,75300.0,Yes,3,3,1,10,189,No
4975,34,Female,Operations,Entry,Hybrid,Central,1.0,24000.0,No,2,4,0,15,176,No
4976,39,Female,HR,Entry,Office,Central,10.0,24000.0,No,3,2,2,16,191,No
4977,52,Female,HR,Mid,Hybrid,North,9.0,66500.0,Yes,3,3,2,15,168,No
4978,47,Male,IT,Mid,Remote,East,10.0,77200.0,Yes,4,4,3,45,176,No
4979,48,Female,Customer Support,Entry,Hybrid,West,3.0,30700.0,Yes,4,2,0,8,185,Yes
4980,26,Male,Engineering,Senior,Hybrid,North,8.0,103200.0,No,1,4,1,35,182,No
4981,27,Male,Engineering,Entry,Office,West,2.0,31300.0,Yes,3,3,0,34,190,Yes
4982,40,Female,IT,Entry,Remote,East,2.0,24400.0,No,5,4,0,35,185,No
4983,45,Female,Finance,Senior,Office,North,3.0,89300.0,No,4,3,0,27,156,No
4984,33,Male,IT,Mid,Office,West,9.0,75900.0,No,4,3,1,43,184,No
4985,32,Female,Finance,Mid,Hybrid,West,5.0,58200.0,No,3,1,0,28,156,Yes
4986,51,Female,Finance,Mid,Hybrid,Central,3.0,43400.0,No,4,3,0,25,186,Yes
4987,44,Male,Operations,Senior,Hybrid,East,3.0,97500.0,No,2,4,1,42,163,No
4988,48,Female,IT,Entry,Hybrid,West,10.0,30100.0,No,3,2,1,26,145,No
4989,34,Female,Engineering,Mid,Remote,South,7.0,86100.0,No,4,3,0,9,143,No
4990,33,Male,Sales,Entry,Hybrid,West,10.0,34300.0,No,4,3,0,34,214,No
4991,47,Male,Sales,Mid,Office,Central,10.0,74800.0,No,4,3,0,41,150,No
4992,36,Male,Customer Support,Mid,Hybrid,Central,1.0,69200.0,No,4,4,1,32,190,No
4993,33,Male,Marketing,Mid,Hybrid,North,9.0,64700.0,No,4,4,1,24,185,No
4994,30,Female,Finance,Entry,Hybrid,North,8.0,25500.0,No,3,3,0,31,189,No
4995,33,Female,Operations,Senior,Hybrid,Central,2.0,102600.0,No,5,2,0,36,151,No
4996,46,Male,IT,Mid,Hybrid,South,3.0,76200.0,No,5,5,0,16,163,No
4997,24,Male,IT,Senior,Hybrid,North,4.0,102400.0,No,3,4,0,4,152,No
4998,44,Female,HR,Mid,Office,East,14.0,73000.0,No,2,4,0,26,191,No
4999,32,Male,Finance,Senior,Hybrid,South,5.0,85900.0,No,3,2,0,40,201,No
5000,36,Female,Operations,Mid,Office,West,7.0,82400.0,Yes,3,3,2,14,170,No
5001,37,Female,IT,Mid,Remote,North,9.0,81600.0,No,1,3,0,13,214,No
5002,36,Female,Marketing,Senior,Office,East,3.0,95700.0,Yes,5,3,0,30,176,No
5003,35,Female,Customer Support,Senior,Remote,North,10.0,99000.0,Yes,3,4,1,25,167,No
5004,34,Female,IT,Mid,Hybrid,West,4.0,76500.0,Yes,3,3,0,20,173,No
5005,33,Male,Sales,Mid,Remote,Central,18.0,67800.0,No,3,3,0,42,181,No
5006,50,Male,HR,Mid,Office,Central,2.0,69700.0,No,3,3,0,20,141,No
5007,38,Male,Customer Support,Mid,Hybrid,East,4.0,63800.0,No,3,4,0,32,176,No
5008,37,Female,Operations,Mid,Office,South,9.0,69600.0,No,4,3,2,38,168,No
5009,32,Male,Marketing,Senior,Office,West,3.0,103300.0,No,5,4,3,26,166,No
5010,34,Male,HR,Mid,Remote,South,8.0,79600.0,Yes,4,3,0,38,168,No
5011,32,Female,IT,Mid,Office,North,4.0,77000.0,No,3,3,0,36,190,No
5012,45,Male,Operations,Mid,Hybrid,West,2.0,80600.0,No,3,5,0,30,171,No
5013,31,Female,IT,Manager,Hybrid,East,1.0,46700.0,Yes,3,5,0,24,148,No
5014,21,Male,Marketing,Entry,Hybrid,East,5.0,24000.0,No,4,4,0,45,172,No
5015,39,Male,IT,Entry,Remote,East,6.0,26600.0,No,4,2,0,39,166,No
5016,35,Male,IT,Entry,Remote,West,2.0,27300.0,No,3,3,1,37,171,No
5017,33,Male,Operations,Mid,Remote,Central,7.0,78100.0,No,3,5,0,29,169,No
5018,46,Male,Operations,Mid,Remote,North,1.0,76600.0,No,4,3,1,22,178,No
5019,21,Female,Operations,Mid,Hybrid,East,3.0,81100.0,Yes,3,4,2,5,143,No
5020,52,Male,HR,Entry,Hybrid,East,4.0,24000.0,No,4,4,2,34,144,No
5021,47,Female,Engineering,Senior,Remote,Central,4.0,86800.0,No,4,3,0,24,169,No
5022,32,Female,Customer Support,Mid,Hybrid,West,5.0,71200.0,No,5,5,0,31,166,No
5023,34,Female,Customer Support,Mid,Remote,West,4.0,76300.0,Yes,4,4,2,58,152,No
5024,43,Male,Operations,Entry,Office,South,4.0,46800.0,Yes,5,3,2,43,130,No
5025,43,Male,Operations,Entry,Hybrid,West,4.0,24000.0,No,3,3,1,33,176,No
5026,32,Male,Operations,Entry,Office,South,3.0,24000.0,Yes,4,3,0,27,162,No
5027,23,Female,HR,Mid,Remote,Central,7.0,68200.0,No,4,3,0,37,177,Yes
5028,57,Male,Finance,Mid,Hybrid,East,4.0,65300.0,No,2,3,0,39,176,No
5029,47,Female,Operations,Entry,Remote,South,2.0,24000.0,No,3,5,0,23,185,No
5030,39,Male,Sales,Mid,Hybrid,South,6.0,72400.0,No,3,4,0,25,150,No
5031,40,Male,Sales,Entry,Hybrid,East,6.0,36900.0,No,3,3,1,31,171,No
5032,44,Male,Customer Support,Mid,Hybrid,South,2.0,73100.0,No,3,5,1,19,213,No
5033,45,Female,Sales,Entry,Hybrid,South,11.0,24000.0,No,3,5,1,20,176,No
5034,21,Female,Operations,Entry,Remote,North,3.0,26200.0,No,3,3,2,14,201,No
5035,35,Female,Operations,Entry,Office,North,3.0,24000.0,Yes,3,4,1,49,185,No
5036,34,Female,IT,Mid,Office,South,4.0,80800.0,Yes,4,3,0,12,153,No
5037,37,Female,Customer Support,Manager,Office,South,6.0,63200.0,Yes,3,4,1,12,219,No
5038,45,Male,IT,Mid,Hybrid,North,5.0,57600.0,Yes,3,4,0,4,199,No
5039,22,Female,Customer Support,Entry,Hybrid,South,2.0,30100.0,No,2,3,0,35,145,No
5040,26,Male,Customer Support,Manager,Remote,East,1.0,43000.0,Yes,2,3,0,17,168,No
5041,32,Male,IT,Manager,Hybrid,East,11.0,50600.0,No,3,3,2,37,207,No
5042,39,Male,IT,Mid,Remote,South,2.0,71200.0,Yes,4,4,0,27,184,No
5043,45,Female,Finance,Entry,Office,Central,6.0,24000.0,No,3,5,0,43,134,No
5044,53,Male,Finance,Senior,Hybrid,North,4.0,104900.0,Yes,3,4,1,18,157,No
5045,35,Male,IT,Manager,Hybrid,South,1.0,48600.0,No,3,4,2,29,155,No
5046,45,Female,Engineering,Senior,Hybrid,West,3.0,89800.0,No,5,3,1,41,201,No
5047,44,Male,IT,Mid,Hybrid,West,13.0,73000.0,No,4,2,0,43,181,No
5048,43,Male,Customer Support,Mid,Hybrid,East,1.0,64200.0,Yes,3,2,3,41,165,No
5049,38,Male,IT,Manager,Hybrid,North,3.0,48300.0,No,2,3,0,35,155,No
5050,34,Male,Engineering,Entry,Hybrid,Central,6.0,24000.0,No,5,3,0,28,184,Yes
5051,28,Female,IT,Entry,Hybrid,North,2.0,24000.0,No,2,3,0,35,169,No
5052,28,Male,HR,Senior,Remote,Central,5.0,85300.0,No,3,4,0,12,175,No
5053,41,Male,Operations,Entry,Office,Central,7.0,24000.0,No,3,4,1,23,183,No
5054,38,Female,Sales,Mid,Hybrid,South,6.0,56200.0,No,3,2,1,45,174,No
5055,34,Male,Customer Support,Mid,Remote,North,5.0,67500.0,Yes,4,5,1,39,144,No
5056,44,Male,IT,Entry,Hybrid,South,4.0,24000.0,Yes,3,4,0,13,188,No
5057,36,Female,Operations,Entry,Office,Central,2.0,27400.0,No,3,4,1,32,192,No
5058,30,Female,Operations,Mid,Hybrid,South,6.0,77500.0,Yes,2,3,2,17,213,No
5059,36,Male,Operations,Mid,Hybrid,West,4.0,87400.0,Yes,5,3,0,25,159,No
5060,45,Female,Sales,Mid,Remote,East,14.0,75900.0,Yes,4,4,0,46,197,No
5061,29,Male,IT,Mid,Hybrid,South,8.0,63100.0,No,4,3,2,6,197,No
5062,40,Male,IT,Manager,Office,West,3.0,56000.0,No,3,4,0,13,192,No
5063,38,Female,Finance,Mid,Hybrid,East,5.0,84600.0,No,3,5,0,30,174,No
5064,31,Male,Sales,Manager,Hybrid,West,2.0,39900.0,No,4,4,0,34,153,No
5065,35,Female,Engineering,Mid,Hybrid,North,1.0,62400.0,No,1,4,1,24,165,No
5066,24,Male,Operations,Entry,Office,South,3.0,24000.0,Yes,4,2,0,42,149,No
5067,39,Female,Operations,Senior,Hybrid,North,1.0,88900.0,No,3,4,0,25,141,No
5068,26,Male,Finance,Senior,Office,North,7.0,97400.0,No,4,4,0,31,186,No
5069,48,Male,IT,Entry,Remote,Central,13.0,41300.0,Yes,5,3,0,29,154,No
5070,37,Male,Operations,Mid,Hybrid,North,9.0,80000.0,Yes,3,4,2,25,131,No
5071,33,Female,IT,Mid,Office,East,3.0,75500.0,No,1,3,0,37,173,No
5072,48,Male,Finance,Entry,Hybrid,West,7.0,28400.0,No,2,5,2,18,187,No
5073,29,Male,HR,Mid,Hybrid,East,3.0,75500.0,No,3,5,0,44,184,No
5074,31,Male,Operations,Entry,Office,West,10.0,32100.0,No,5,3,1,40,151,No
5075,22,Female,Engineering,Entry,Office,East,7.0,39700.0,No,3,4,1,40,159,No
5076,50,Male,IT,Senior,Office,East,4.0,93800.0,No,5,3,0,55,179,No
5077,55,Male,Operations,Mid,Hybrid,South,4.0,74400.0,No,1,3,0,33,189,No
5078,23,Female,Sales,Senior,Remote,South,7.0,90300.0,No,3,5,0,29,180,No
5079,31,Female,Finance,Senior,Hybrid,Central,4.0,95000.0,No,4,3,0,34,188,No
5080,39,Female,Marketing,Manager,Hybrid,South,9.0,47700.0,Yes,4,4,1,23,168,No
5081,33,Male,IT,Mid,Office,West,3.0,61300.0,No,2,5,1,27,179,No
5082,38,Female,Operations,Mid,Hybrid,Central,4.0,79900.0,Yes,3,4,0,18,175,No
5083,37,Male,HR,Mid,Hybrid,Central,4.0,85400.0,No,3,4,0,44,149,No
5084,42,Male,Sales,Mid,Remote,Central,4.0,71700.0,No,3,3,0,16,136,No
5085,29,Male,Engineering,Mid,Hybrid,Central,2.0,75000.0,No,4,3,0,18,154,Yes
5086,40,Female,HR,Senior,Office,North,3.0,101800.0,No,3,3,0,25,156,No
5087,28,Male,Customer Support,Mid,Hybrid,South,4.0,70700.0,Yes,2,3,2,15,198,No
5088,34,Female,HR,Entry,Office,Central,4.0,29700.0,No,4,4,2,20,169,No
5089,22,Female,Engineering,Senior,Hybrid,North,12.0,92000.0,No,4,3,2,24,154,No
5090,34,Female,IT,Senior,Office,South,6.0,89100.0,No,2,3,1,38,167,No
5091,33,Female,HR,Mid,Hybrid,Central,10.0,76700.0,Yes,3,3,1,11,175,No
5092,46,Female,Marketing,Mid,Hybrid,North,1.0,76600.0,No,3,4,1,22,162,Yes
5093,37,Female,Finance,Mid,Remote,North,8.0,80300.0,No,5,4,0,32,159,No
5094,39,Male,Finance,Senior,Hybrid,North,6.0,94000.0,No,3,3,1,34,163,No
5095,38,Male,Engineering,Mid,Office,South,4.0,61200.0,No,1,3,0,59,175,No
5096,21,Male,Operations,Mid,Remote,Central,2.0,82000.0,No,2,4,1,46,167,No
5097,21,Female,Marketing,Entry,Remote,West,7.0,24000.0,Yes,4,4,0,48,162,No
5098,35,Female,Operations,Entry,Hybrid,North,6.0,24000.0,No,3,4,0,10,156,No
5099,41,Male,Customer Support,Senior,Hybrid,East,7.0,89200.0,No,2,3,1,32,178,No
5100,36,Female,Customer Support,Mid,Hybrid,North,3.0,56300.0,No,3,2,0,36,163,No
5101,30,Female,Operations,Entry,Hybrid,South,9.0,26000.0,No,4,5,0,13,182,No
5102,36,Male,IT,Entry,Office,North,7.0,33600.0,No,5,3,1,25,202,No
5103,35,Male,Sales,Mid,Hybrid,West,3.0,68100.0,No,3,5,2,38,149,No
5104,45,Male,Operations,Senior,Remote,North,11.0,106000.0,No,4,5,2,38,166,No
5105,45,Female,Customer Support,Mid,Office,South,5.0,83500.0,No,3,4,2,43,139,No
5106,33,Male,HR,Senior,Hybrid,East,1.0,102000.0,Yes,4,4,0,30,166,No
5107,38,Male,IT,Senior,Hybrid,East,3.0,76600.0,Yes,3,4,0,22,209,No
5108,40,Male,IT,Mid,Remote,East,9.0,84900.0,No,5,3,0,35,183,No
5109,42,Male,Operations,Senior,Office,North,3.0,91900.0,No,3,3,0,30,158,No
5110,53,Male,Customer Support,Entry,Hybrid,East,5.0,43100.0,Yes,2,4,1,34,180,No
5111,38,Male,IT,Mid,Hybrid,North,9.0,66600.0,No,3,2,3,6,148,No
5112,49,Female,Operations,Entry,Hybrid,North,3.0,26700.0,Yes,4,3,2,28,148,No
5113,28,Female,Marketing,Entry,Hybrid,South,7.0,28800.0,No,3,3,1,33,184,No
5114,32,Female,Engineering,Entry,Hybrid,East,2.0,24000.0,No,5,4,0,28,165,No
5115,21,Male,Sales,Entry,Hybrid,Central,6.0,24000.0,Yes,4,4,0,26,167,No
5116,39,Male,Engineering,Senior,Remote,East,5.0,72400.0,Yes,4,3,0,26,170,No
5117,44,Male,Operations,Mid,Hybrid,South,6.0,98600.0,No,3,3,0,18,166,No
5118,21,Female,Customer Support,Manager,Hybrid,North,6.0,35000.0,No,3,5,0,38,197,No
5119,40,Female,Sales,Mid,Hybrid,West,5.0,57100.0,No,3,3,0,24,142,No
5120,43,Male,Operations,Mid,Office,North,4.0,77100.0,No,2,3,0,4,155,No
5121,43,Male,Operations,Entry,Office,West,5.0,24000.0,No,4,4,2,21,176,No
5122,27,Male,Finance,Mid,Hybrid,North,11.0,57500.0,Yes,4,4,0,19,148,No
5123,45,Female,HR,Mid,Hybrid,Central,5.0,46100.0,No,3,4,0,24,156,No
5124,38,Male,Operations,Manager,Office,South,16.0,52600.0,No,4,4,1,20,188,No
5125,43,Female,Operations,Manager,Office,East,6.0,40400.0,Yes,4,5,0,27,154,No
5126,37,Female,Sales,Entry,Hybrid,Central,5.0,33800.0,No,4,4,2,30,187,No
5127,41,Female,HR,Mid,Hybrid,South,2.0,71300.0,No,5,4,2,19,144,No
5128,48,Male,IT,Mid,Office,East,8.0,72800.0,Yes,4,4,0,29,212,No
5129,36,Male,Engineering,Mid,Remote,South,4.0,67900.0,No,3,3,0,36,185,No
5130,41,Female,Engineering,Entry,Hybrid,South,9.0,25500.0,Yes,4,4,0,24,185,No
5131,49,Female,IT,Mid,Hybrid,West,3.0,63900.0,Yes,3,2,2,36,163,No
5132,37,Female,IT,Senior,Hybrid,South,4.0,86800.0,Yes,3,4,0,44,171,Yes
5133,28,Female,IT,Mid,Office,North,4.0,62100.0,No,3,2,1,17,225,No
5134,44,Female,HR,Mid,Hybrid,South,7.0,85600.0,No,3,3,1,32,149,No
5135,51,Male,Customer Support,Entry,Hybrid,East,11.0,24400.0,No,4,4,2,52,160,No
5136,50,Female,Operations,Manager,Remote,North,4.0,29600.0,No,2,4,1,31,164,No
5137,44,Female,Sales,Entry,Hybrid,East,3.0,30300.0,No,2,3,0,18,174,No
5138,21,Female,Sales,Entry,Hybrid,Central,2.0,24000.0,No,2,3,1,34,185,No
5139,32,Male,IT,Mid,Hybrid,South,3.0,71600.0,Yes,4,3,0,26,181,No
5140,33,Male,Customer Support,Senior,Office,West,11.0,91600.0,No,4,3,0,13,149,Yes
5141,38,Male,Operations,Senior,Remote,East,4.0,107400.0,No,5,4,1,26,186,Yes
5142,53,Male,Operations,Entry,Hybrid,East,6.0,24500.0,No,3,3,0,14,186,No
5143,28,Female,Finance,Entry,Hybrid,East,1.0,35300.0,No,2,2,2,8,172,No
5144,58,Female,Engineering,Senior,Office,East,1.0,100400.0,No,5,3,0,38,158,No
5145,35,Male,Finance,Mid,Hybrid,West,1.0,59700.0,No,3,3,0,4,177,No
5146,31,Male,Customer Support,Entry,Hybrid,East,10.0,29700.0,No,4,3,0,45,165,No
5147,46,Male,Customer Support,Manager,Hybrid,East,5.0,43200.0,No,2,3,0,35,170,No
5148,46,Male,Operations,Entry,Hybrid,South,3.0,24000.0,No,4,3,1,46,171,No
5149,44,Female,Customer Support,Mid,Office,Central,8.0,61200.0,No,3,4,0,48,154,No
5150,31,Male,IT,Entry,Office,South,4.0,35400.0,Yes,2,2,1,41,172,Yes
5151,43,Male,Operations,Senior,Remote,North,9.0,117800.0,No,5,3,0,23,192,No
5152,29,Male,Sales,Senior,Office,West,4.0,86800.0,No,3,4,0,21,185,No
5153,31,Female,HR,Mid,Hybrid,North,9.0,73900.0,Yes,3,4,1,29,167,No
5154,37,Male,IT,Mid,Hybrid,South,2.0,74800.0,No,3,3,0,40,166,No
5155,31,Female,Sales,Senior,Remote,Central,6.0,89200.0,Yes,1,4,3,51,206,No
5156,47,Male,Sales,Senior,Hybrid,South,7.0,106700.0,No,3,4,1,16,154,No
5157,33,Male,Finance,Mid,Office,West,1.0,91800.0,No,3,4,0,38,184,No
5158,36,Male,Operations,Mid,Office,South,5.0,66600.0,Yes,4,4,1,28,195,No
5159,30,Female,HR,Senior,Hybrid,West,2.0,109600.0,No,4,4,1,29,149,No
5160,47,Male,Finance,Entry,Remote,West,1.0,24000.0,Yes,2,5,2,36,168,Yes
5161,32,Female,Engineering,Entry,Hybrid,East,4.0,24000.0,No,3,3,0,4,193,No
5162,48,Male,Engineering,Entry,Office,East,6.0,26700.0,No,5,3,1,28,156,Yes
5163,48,Female,Sales,Senior,Office,North,3.0,101800.0,No,3,4,0,13,174,No
5164,34,Female,HR,Entry,Remote,South,4.0,27100.0,No,4,4,0,37,143,No
5165,38,Female,Operations,Mid,Hybrid,East,3.0,78600.0,Yes,3,5,1,32,163,Yes
5166,34,Male,Marketing,Mid,Hybrid,North,8.0,74000.0,No,2,4,1,48,199,No
5167,43,Male,Finance,Entry,Hybrid,East,10.0,40200.0,No,3,3,1,46,146,No
5168,36,Male,Marketing,Mid,Hybrid,West,18.0,76800.0,Yes,5,2,0,21,138,No
5169,34,Male,Sales,Mid,Office,Central,9.0,85800.0,Yes,2,5,0,31,170,Yes
5170,38,Female,Finance,Entry,Hybrid,West,7.0,24000.0,No,4,3,1,47,182,No
5171,24,Female,Marketing,Manager,Hybrid,Central,8.0,48200.0,No,4,4,0,34,161,No
5172,37,Female,Operations,Entry,Office,Central,3.0,28000.0,No,3,3,0,37,165,No
5173,44,Female,Customer Support,Senior,Hybrid,South,4.0,86300.0,No,4,4,0,48,186,No
5174,39,Female,Sales,Mid,Remote,West,5.0,62900.0,No,4,3,0,46,196,No
5175,47,Female,IT,Entry,Hybrid,South,1.0,31400.0,Yes,3,4,0,31,181,No
5176,35,Female,Sales,Entry,Remote,North,3.0,34000.0,Yes,3,3,1,41,190,No
5177,34,Male,IT,Mid,Hybrid,South,16.0,73000.0,Yes,3,5,1,39,170,No
5178,28,Female,Sales,Mid,Office,East,4.0,81500.0,No,3,3,0,49,159,No
5179,34,Female,Operations,Entry,Hybrid,South,1.0,24000.0,Yes,3,4,0,30,141,No
5180,56,Male,Operations,Manager,Office,East,3.0,46500.0,No,4,5,0,44,143,No
5181,40,Male,Operations,Mid,Office,South,5.0,61400.0,Yes,3,4,2,24,169,No
5182,33,Male,Finance,Manager,Office,South,6.0,51300.0,No,3,3,0,34,197,No
5183,29,Male,Sales,Entry,Office,North,4.0,32400.0,No,3,4,0,40,152,No
5184,24,Male,Marketing,Entry,Office,South,6.0,40100.0,Yes,4,3,1,37,230,No
5185,31,Female,Sales,Mid,Remote,East,3.0,61400.0,No,5,5,0,33,168,No
5186,45,Male,Customer Support,Entry,Hybrid,North,10.0,31400.0,No,4,3,2,29,151,No
5187,34,Female,Sales,Entry,Hybrid,West,9.0,40900.0,No,4,3,0,37,160,No
5188,29,Female,Operations,Entry,Office,East,1.0,24000.0,Yes,3,3,0,35,170,No
5189,30,Female,Customer Support,Entry,Office,South,2.0,24000.0,Yes,3,3,3,30,198,No
5190,44,Male,Operations,Senior,Office,West,8.0,80700.0,No,3,4,2,37,173,No
5191,37,Male,Operations,Mid,Hybrid,North,6.0,77600.0,No,4,4,0,11,146,No
5192,32,Female,Marketing,Manager,Office,North,5.0,43500.0,No,4,4,0,34,206,No
5193,35,Female,Sales,Entry,Office,West,5.0,32300.0,No,3,4,2,8,159,No
5194,58,Male,Marketing,Mid,Hybrid,West,9.0,70100.0,No,3,2,0,18,155,No
5195,49,Male,Customer Support,Mid,Remote,North,6.0,88200.0,Yes,3,5,1,33,180,No
5196,51,Female,Engineering,Mid,Hybrid,South,6.0,79100.0,No,5,2,0,28,191,No
5197,22,Male,HR,Senior,Hybrid,North,5.0,86800.0,Yes,4,4,1,8,190,No
5198,37,Male,Finance,Senior,Office,East,2.0,91300.0,Yes,4,1,1,6,136,No
5199,32,Female,Marketing,Entry,Hybrid,North,8.0,35100.0,Yes,4,4,1,25,204,No
5200,43,Female,Operations,Mid,Hybrid,Central,4.0,62400.0,No,3,4,0,7,150,No
5201,48,Female,IT,Senior,Hybrid,South,4.0,104600.0,No,4,3,3,12,184,No
5202,41,Male,IT,Entry,Hybrid,North,4.0,25700.0,No,3,4,0,21,180,No
5203,30,Female,IT,Mid,Hybrid,West,2.0,79300.0,No,2,4,0,39,183,No
5204,32,Female,HR,Entry,Office,Central,15.0,26200.0,Yes,3,4,1,14,167,No
5205,44,Female,IT,Mid,Office,West,8.0,67300.0,Yes,5,2,0,4,194,No
5206,44,Male,Sales,Mid,Office,North,2.0,65800.0,No,4,4,0,44,172,No
5207,39,Male,Sales,Mid,Office,Central,12.0,87600.0,No,3,5,1,38,199,No
5208,39,Female,Engineering,Senior,Hybrid,South,3.0,91300.0,Yes,4,4,1,32,149,No
5209,38,Male,Sales,Mid,Remote,West,4.0,99700.0,No,4,3,1,28,207,No
5210,40,Female,Sales,Senior,Office,South,3.0,95400.0,No,5,3,0,53,136,No
5211,44,Female,HR,Senior,Hybrid,North,11.0,86300.0,Yes,3,4,0,32,205,No
5212,44,Male,IT,Mid,Hybrid,South,10.0,57700.0,No,4,4,0,29,161,No
5213,38,Male,Engineering,Mid,Office,Central,4.0,83100.0,No,3,4,1,26,180,No
5214,38,Male,Engineering,Mid,Hybrid,North,4.0,70300.0,No,3,3,0,33,162,No
5215,37,Male,HR,Senior,Hybrid,East,8.0,101400.0,Yes,1,3,1,19,153,No
5216,31,Female,HR,Entry,Office,West,8.0,48900.0,Yes,4,3,2,41,163,No
5217,31,Female,Finance,Manager,Office,South,5.0,56000.0,No,4,3,2,44,187,No
5218,43,Male,Sales,Mid,Hybrid,South,5.0,75000.0,No,5,4,0,43,179,No
5219,32,Male,IT,Mid,Office,Central,8.0,83000.0,Yes,4,3,0,27,197,No
5220,45,Female,Sales,Mid,Hybrid,South,1.0,79200.0,No,3,4,0,33,182,No
5221,38,Male,Sales,Mid,Office,East,6.0,60600.0,No,3,3,1,12,179,No
5222,45,Male,Operations,Mid,Office,Central,6.0,84000.0,Yes,3,4,1,13,205,No
5223,44,Male,Sales,Mid,Unknown,East,11.0,71600.0,Yes,2,3,1,37,181,No
5224,46,Female,Sales,Entry,Office,East,6.0,41900.0,No,3,3,0,39,152,No
5225,34,Female,Operations,Mid,Hybrid,South,7.0,76600.0,No,2,3,0,7,147,No
5226,42,Female,HR,Mid,Hybrid,West,3.0,82700.0,Yes,3,4,1,13,209,No
5227,45,Male,Sales,Mid,Remote,Central,3.0,70000.0,No,3,5,0,17,170,No
5228,24,Female,Sales,Mid,Remote,South,6.0,58300.0,No,4,4,1,32,173,No
5229,53,Male,IT,Entry,Hybrid,South,1.0,33100.0,No,2,3,1,23,160,No
5230,58,Male,IT,Senior,Hybrid,South,4.0,102800.0,Yes,3,3,1,14,140,No
5231,47,Female,Customer Support,Mid,Office,South,2.0,67000.0,No,4,3,0,24,211,No
5232,45,Male,Engineering,Mid,Unknown,North,3.0,70200.0,No,5,4,1,24,147,No
5233,43,Female,HR,Mid,Office,South,1.0,52100.0,No,3,4,0,39,152,No
5234,35,Male,HR,Mid,Office,Central,2.0,70600.0,Yes,5,2,0,25,165,No
5235,37,Female,Marketing,Senior,Hybrid,Central,10.0,82700.0,No,4,4,1,46,162,No
5236,47,Female,Operations,Entry,Hybrid,West,2.0,32700.0,No,3,3,0,4,160,No
5237,29,Male,IT,Entry,Remote,East,2.0,31000.0,No,5,3,2,33,185,No
5238,28,Female,Sales,Mid,Remote,Central,3.0,72100.0,Yes,3,4,0,53,194,No
5239,34,Male,HR,Entry,Office,South,7.0,39900.0,No,2,3,1,26,171,No
5240,44,Female,Operations,Entry,Remote,South,4.0,30200.0,No,4,5,2,25,178,No
5241,30,Female,Sales,Entry,Remote,West,1.0,29700.0,No,4,3,0,20,153,No
5242,36,Male,IT,Mid,Hybrid,North,1.0,74900.0,No,4,4,0,11,183,No
5243,37,Female,Finance,Manager,Hybrid,West,4.0,44800.0,No,4,2,0,41,166,No
5244,29,Female,IT,Entry,Remote,North,4.0,36900.0,No,5,3,1,19,164,No
5245,21,Female,HR,Mid,Office,East,8.0,63800.0,No,2,3,0,39,191,No
5246,29,Male,Operations,Manager,Office,West,2.0,53800.0,No,3,4,2,33,143,No
5247,40,Male,Operations,Manager,Hybrid,South,11.0,61000.0,No,3,3,1,36,192,No
5248,42,Female,IT,Entry,Hybrid,North,1.0,24000.0,No,4,4,1,17,171,No
5249,42,Male,Sales,Senior,Hybrid,South,1.0,81900.0,No,4,4,1,32,162,No
5250,43,Female,Customer Support,Entry,Hybrid,East,4.0,24000.0,No,4,4,1,28,207,No
5251,32,Female,HR,Senior,Remote,East,8.0,110400.0,Yes,4,3,0,30,188,No
5252,30,Female,Sales,Entry,Hybrid,South,5.0,24000.0,No,3,3,1,4,138,No
5253,41,Female,IT,Mid,Office,South,2.0,61200.0,No,4,2,1,34,191,No
5254,36,Female,Customer Support,Entry,Hybrid,South,15.0,31300.0,Yes,4,4,1,55,184,No
5255,46,Female,Marketing,Senior,Hybrid,North,5.0,69500.0,No,4,4,1,13,146,No
5256,41,Male,Customer Support,Entry,Office,East,6.0,24000.0,No,4,3,0,39,170,No
5257,50,Male,Operations,Mid,Hybrid,South,8.0,84700.0,Yes,4,2,1,25,188,No
5258,34,Male,HR,Mid,Hybrid,Central,6.0,63400.0,No,4,3,0,16,135,No
5259,48,Female,HR,Entry,Hybrid,West,3.0,25700.0,No,3,4,1,20,187,No
5260,56,Female,IT,Senior,Hybrid,East,13.0,96600.0,Yes,4,4,2,46,164,No
5261,38,Male,Operations,Mid,Hybrid,West,11.0,74700.0,Yes,2,4,1,31,168,Yes
5262,42,Female,Operations,Entry,Hybrid,North,14.0,24000.0,No,4,2,0,26,195,No
5263,30,Female,IT,Entry,Hybrid,South,3.0,32900.0,No,5,3,0,9,157,No
5264,46,Male,Customer Support,Mid,Remote,South,12.0,85000.0,No,2,3,2,35,150,No
5265,48,Male,Finance,Entry,Hybrid,South,2.0,24000.0,No,4,4,0,41,186,No
5266,34,Female,Sales,Mid,Remote,Central,5.0,67600.0,No,3,3,2,32,174,No
5267,43,Female,Finance,Mid,Hybrid,East,7.0,71100.0,No,3,4,1,14,163,No
5268,41,Female,Customer Support,Mid,Remote,West,2.0,78300.0,No,4,3,0,34,145,No
5269,42,Female,Engineering,Mid,Hybrid,South,13.0,72300.0,No,3,4,2,50,164,No
5270,45,Male,Operations,Senior,Hybrid,East,3.0,92900.0,No,4,3,1,26,160,No
5271,43,Female,Engineering,Mid,Hybrid,North,11.0,58100.0,No,3,3,2,40,167,No
5272,37,Male,Customer Support,Mid,Remote,East,2.0,61800.0,No,5,5,0,25,140,No
5273,45,Female,Customer Support,Senior,Hybrid,North,5.0,95700.0,Yes,3,3,1,26,157,No
5274,48,Female,Customer Support,Entry,Hybrid,West,3.0,24000.0,No,3,3,0,30,179,No
5275,33,Female,Finance,Mid,Remote,North,3.0,68900.0,Yes,4,2,0,24,170,No
5276,38,Female,Marketing,Manager,Office,South,2.0,49400.0,Yes,3,4,0,23,167,No
5277,22,Male,Operations,Mid,Remote,Central,2.0,93100.0,No,4,3,1,28,152,No
5278,43,Male,Marketing,Manager,Office,Central,2.0,45500.0,Yes,5,3,0,40,153,No
5279,49,Female,IT,Mid,Remote,East,2.0,84500.0,No,3,3,2,29,165,No
5280,36,Male,Marketing,Mid,Hybrid,West,10.0,83800.0,No,2,4,0,28,170,No
5281,39,Female,Engineering,Mid,Remote,Central,10.0,79200.0,No,3,4,1,30,154,No
5282,36,Male,Finance,Entry,Office,Central,1.0,24000.0,No,4,5,3,47,175,No
5283,35,Male,Engineering,Manager,Remote,North,4.0,51200.0,No,3,3,0,16,175,No
5284,40,Female,Finance,Entry,Hybrid,North,9.0,24500.0,No,4,3,0,36,150,No
5285,31,Male,IT,Manager,Remote,West,7.0,68100.0,No,3,3,0,38,195,No
5286,36,Female,Sales,Mid,Office,North,4.0,75700.0,Yes,3,4,3,26,155,No
5287,30,Female,Customer Support,Senior,Hybrid,East,3.0,92100.0,No,4,4,2,43,153,No
5288,43,Male,Operations,Manager,Hybrid,Central,1.0,66100.0,Yes,5,4,1,39,158,No
5289,40,Male,Finance,Mid,Hybrid,North,13.0,68800.0,No,3,3,1,38,144,No
5290,34,Male,Operations,Manager,Remote,North,6.0,55000.0,No,3,4,0,13,136,No
5291,38,Male,Finance,Senior,Office,South,5.0,100300.0,No,4,3,0,22,192,No
5292,36,Female,HR,Mid,Hybrid,North,2.0,75100.0,No,4,3,1,20,189,No
5293,48,Female,Customer Support,Mid,Hybrid,North,4.0,71000.0,Yes,4,5,0,37,154,No
5294,34,Male,Marketing,Entry,Hybrid,North,10.0,35500.0,No,3,3,1,39,184,No
5295,44,Male,Customer Support,Entry,Office,East,1.0,24000.0,No,3,3,2,25,158,No
5296,32,Female,Operations,Entry,Hybrid,Central,2.0,38000.0,No,3,4,1,25,151,No
5297,45,Female,Engineering,Mid,Hybrid,North,2.0,69500.0,No,2,4,0,55,166,No
5298,47,Male,IT,Entry,Remote,Central,11.0,40000.0,No,3,3,0,30,166,No
5299,48,Male,IT,Mid,Hybrid,East,1.0,81400.0,Yes,4,2,3,34,191,No
5300,51,Male,Sales,Mid,Hybrid,Central,5.0,76900.0,No,4,3,0,25,124,No
5301,41,Male,Operations,Mid,Office,West,2.0,71200.0,No,4,3,0,44,165,No
5302,49,Male,Operations,Senior,Hybrid,West,5.0,103900.0,No,4,5,0,33,216,No
5303,53,Female,Marketing,Manager,Hybrid,North,2.0,55100.0,No,3,2,0,30,126,No
5304,28,Male,Finance,Senior,Hybrid,South,3.0,65100.0,No,2,2,0,31,160,No
5305,33,Female,Sales,Mid,Office,South,12.0,64600.0,No,2,4,0,23,165,No
5306,25,Female,Operations,Entry,Hybrid,South,6.0,29500.0,No,4,3,1,17,174,No
5307,48,Female,Engineering,Manager,Hybrid,East,5.0,52500.0,No,3,3,0,28,186,No
5308,24,Female,IT,Entry,Office,East,6.0,34400.0,No,3,4,0,47,174,No
5309,22,Female,IT,Entry,Office,East,13.0,41900.0,No,3,4,1,25,203,No
5310,28,Male,IT,Mid,Hybrid,East,5.0,77300.0,Yes,2,4,0,41,164,No
5311,22,Male,HR,Mid,Remote,East,9.0,53200.0,No,4,4,0,23,192,No
5312,40,Male,IT,Mid,Hybrid,South,9.0,73800.0,Yes,5,3,1,6,168,No
5313,28,Female,Finance,Entry,Hybrid,West,9.0,38900.0,No,3,2,1,22,187,No
5314,23,Female,Operations,Senior,Hybrid,North,18.0,95000.0,Yes,3,4,0,9,158,No
5315,38,Female,Finance,Entry,Hybrid,West,7.0,29800.0,Yes,2,3,0,37,153,Yes
5316,38,Female,Finance,Mid,Hybrid,South,9.0,67600.0,Yes,3,5,2,6,145,No
5317,21,Male,Sales,Mid,Office,South,3.0,80500.0,No,4,4,0,29,166,No
5318,32,Female,Engineering,Mid,Hybrid,West,5.0,68800.0,Yes,3,5,0,19,157,No
5319,37,Female,HR,Senior,Remote,South,4.0,99300.0,Yes,3,3,0,21,178,No
5320,35,Male,Finance,Entry,Office,West,2.0,31900.0,No,4,3,1,38,185,No
5321,35,Male,Sales,Entry,Hybrid,South,2.0,28500.0,No,3,4,1,27,192,No
5322,49,Female,Operations,Entry,Remote,East,4.0,32400.0,Yes,3,3,2,28,187,No
5323,57,Female,Customer Support,Senior,Hybrid,Central,5.0,95800.0,No,4,4,1,27,193,No
5324,35,Male,Sales,Manager,Hybrid,Central,13.0,61500.0,Yes,5,4,0,23,185,No
5325,26,Male,Sales,Mid,Hybrid,West,2.0,78100.0,No,3,3,1,18,148,No
5326,36,Male,Sales,Mid,Hybrid,South,2.0,81400.0,No,3,3,0,8,177,No
5327,40,Male,Operations,Senior,Hybrid,South,1.0,87100.0,No,4,3,2,33,157,No
5328,38,Female,Engineering,Entry,Office,North,8.0,24000.0,Yes,3,3,0,32,168,No
5329,43,Male,HR,Entry,Hybrid,East,15.0,28600.0,Yes,4,3,0,42,170,No
5330,58,Female,Finance,Mid,Hybrid,South,4.0,78700.0,No,2,3,3,33,121,No
5331,23,Female,Customer Support,Entry,Hybrid,East,5.0,32800.0,Yes,3,2,1,23,150,No
5332,33,Male,Marketing,Mid,Hybrid,West,4.0,65200.0,No,3,4,0,26,161,No
5333,52,Male,IT,Mid,Hybrid,West,7.0,79000.0,Yes,3,4,1,35,120,No
5334,33,Male,IT,Mid,Office,North,2.0,66300.0,No,2,4,0,41,197,No
5335,45,Male,Finance,Mid,Hybrid,West,6.0,78100.0,No,3,3,0,23,173,No
5336,44,Male,Customer Support,Mid,Hybrid,South,4.0,74600.0,Yes,2,3,0,41,173,No
5337,49,Male,Marketing,Entry,Hybrid,East,8.0,26000.0,Yes,1,5,2,27,191,No
5338,55,Female,Marketing,Senior,Office,West,8.0,89200.0,No,2,3,1,20,185,No
5339,41,Male,Customer Support,Senior,Hybrid,Central,6.0,95200.0,No,2,4,0,20,185,No
5340,22,Female,IT,Entry,Hybrid,Central,4.0,28700.0,No,3,3,1,25,192,No
5341,32,Female,Finance,Entry,Office,South,2.0,24000.0,No,2,3,2,28,177,No
5342,58,Male,Sales,Entry,Hybrid,West,8.0,33400.0,No,3,4,1,42,178,No
5343,25,Female,Customer Support,Entry,Office,North,5.0,38400.0,Yes,3,4,0,51,180,No
5344,42,Male,Operations,Entry,Hybrid,East,5.0,35700.0,No,4,3,3,25,145,No
5345,21,Female,IT,Entry,Hybrid,East,3.0,30800.0,No,4,4,2,11,129,Yes
5346,26,Male,Sales,Senior,Remote,West,11.0,90000.0,Yes,3,4,0,21,130,Yes
5347,46,Female,Marketing,Senior,Office,East,12.0,95200.0,No,4,5,1,24,185,No
5348,38,Male,Marketing,Senior,Hybrid,East,4.0,92800.0,No,4,4,0,31,160,No
5349,35,Female,Marketing,Mid,Hybrid,West,3.0,73100.0,No,3,4,0,6,166,No
5350,31,Male,IT,Senior,Hybrid,North,4.0,102400.0,Yes,4,3,0,41,174,No
5351,21,Female,Engineering,Senior,Remote,West,3.0,93000.0,No,2,3,2,17,199,No
5352,44,Male,Marketing,Senior,Hybrid,East,6.0,77500.0,Yes,3,4,1,32,184,No
5353,35,Female,Operations,Senior,Hybrid,North,5.0,101200.0,No,3,2,3,27,175,No
5354,24,Male,Operations,Senior,Office,South,7.0,97600.0,No,4,4,1,20,179,No
5355,38,Male,Engineering,Senior,Office,South,4.0,95300.0,Yes,3,2,1,44,216,No
5356,43,Male,Engineering,Mid,Hybrid,Central,18.0,61400.0,No,3,3,1,23,151,No
5357,36,Female,Operations,Entry,Hybrid,Central,1.0,24000.0,No,4,3,0,17,199,No
5358,39,Male,HR,Entry,Hybrid,Central,4.0,24000.0,Yes,2,4,1,34,171,No
5359,38,Female,Finance,Mid,Hybrid,West,17.0,66700.0,No,3,3,0,39,169,No
5360,32,Female,Customer Support,Entry,Hybrid,Central,7.0,24000.0,No,2,4,0,26,184,No
5361,38,Female,Operations,Entry,Office,Central,4.0,24000.0,Yes,3,3,0,30,134,No
5362,45,Female,Sales,Entry,Remote,West,6.0,47400.0,No,3,3,1,40,150,No
5363,47,Male,Sales,Mid,Hybrid,East,2.0,85500.0,No,5,3,2,26,179,Yes
5364,45,Female,Engineering,Manager,Remote,West,5.0,52500.0,Yes,3,5,0,25,180,No
5365,32,Female,Customer Support,Mid,Hybrid,South,2.0,71700.0,No,3,2,2,37,182,No
5366,44,Male,Engineering,Entry,Office,East,1.0,44400.0,Yes,3,4,1,26,185,No
5367,42,Female,HR,Mid,Office,Central,11.0,86600.0,No,5,3,1,19,211,No
5368,32,Female,Customer Support,Mid,Hybrid,North,3.0,65300.0,Yes,2,3,1,28,158,No
5369,34,Male,Customer Support,Mid,Hybrid,North,2.0,74200.0,No,4,4,0,16,179,No
5370,44,Female,Finance,Mid,Remote,Central,4.0,70400.0,No,4,3,0,27,186,No
5371,50,Female,Sales,Entry,Office,South,7.0,25600.0,No,3,3,0,40,178,No
5372,22,Male,Engineering,Mid,Office,North,2.0,70500.0,No,3,3,0,13,169,No
5373,53,Female,Sales,Entry,Hybrid,North,3.0,27200.0,Yes,5,4,0,27,155,No
5374,48,Female,Operations,Mid,Office,South,8.0,73900.0,No,4,3,0,35,167,No
5375,40,Female,Operations,Manager,Remote,East,5.0,51900.0,No,2,3,1,27,197,No
5376,36,Female,Marketing,Senior,Hybrid,South,11.0,106900.0,No,3,4,1,45,215,No
5377,42,Male,IT,Entry,Hybrid,East,8.0,24000.0,No,5,4,1,29,136,No
5378,32,Female,Marketing,Senior,Office,West,7.0,102700.0,Yes,4,2,0,33,171,No
5379,36,Female,IT,Senior,Office,North,8.0,84300.0,Yes,4,4,0,45,135,No
5380,25,Female,Customer Support,Senior,Hybrid,North,1.0,96100.0,Yes,2,4,2,34,156,No
5381,22,Male,IT,Entry,Remote,West,4.0,37400.0,No,5,5,1,28,176,No
5382,59,Male,Marketing,Mid,Hybrid,East,16.0,77100.0,Yes,4,3,1,23,147,No
5383,39,Male,Customer Support,Entry,Remote,West,3.0,25200.0,Yes,5,5,1,26,162,No
5384,40,Male,IT,Entry,Office,North,5.0,30600.0,No,4,4,2,32,159,No
5385,38,Male,IT,Mid,Remote,South,3.0,86900.0,No,3,2,0,19,175,No
5386,31,Female,Customer Support,Mid,Hybrid,Central,3.0,66700.0,No,3,4,0,44,163,No
5387,35,Male,Sales,Entry,Hybrid,North,8.0,33100.0,No,4,3,1,56,194,No
5388,39,Female,IT,Senior,Office,North,15.0,102700.0,No,5,4,0,28,170,No
5389,36,Female,HR,Mid,Office,North,12.0,68500.0,No,4,4,0,7,153,No
5390,31,Male,Engineering,Manager,Remote,East,1.0,65600.0,Yes,5,3,2,37,140,No
5391,42,Male,Operations,Senior,Remote,South,4.0,112700.0,No,4,4,0,29,154,No
5392,40,Male,Finance,Senior,Office,West,3.0,103800.0,No,3,3,1,36,167,No
5393,42,Female,Engineering,Senior,Unknown,East,2.0,103900.0,Yes,4,3,0,28,181,Yes
5394,44,Female,HR,Entry,Hybrid,South,9.0,24000.0,Yes,4,5,0,39,185,No
5395,36,Male,HR,Entry,Remote,South,4.0,24000.0,Yes,3,3,0,19,189,No
5396,36,Female,HR,Senior,Office,South,2.0,93200.0,No,3,4,0,33,182,No
5397,51,Male,Finance,Entry,Remote,Central,6.0,24000.0,Yes,4,3,0,32,190,No
5398,30,Female,Finance,Mid,Hybrid,West,2.0,77600.0,No,4,4,1,33,164,No
5399,21,Female,Marketing,Mid,Hybrid,Central,10.0,46400.0,No,4,5,0,37,167,No
5400,43,Female,Sales,Entry,Office,Central,10.0,33600.0,No,4,5,0,39,159,No
5401,32,Female,Marketing,Entry,Hybrid,West,8.0,26400.0,Yes,4,4,0,14,155,No
5402,28,Male,IT,Mid,Office,East,6.0,67100.0,No,4,2,0,38,198,No
5403,46,Female,Finance,Mid,Remote,Central,4.0,89200.0,No,3,5,0,30,167,No
5404,37,Female,Sales,Mid,Hybrid,West,6.0,69200.0,Yes,2,4,0,26,148,No
5405,27,Female,Operations,Entry,Office,East,4.0,24000.0,No,2,4,1,31,154,No
5406,55,Female,Marketing,Mid,Office,East,1.0,76100.0,Yes,4,3,1,31,213,No
5407,24,Male,Finance,Entry,Office,West,7.0,31400.0,No,3,3,0,29,176,No
5408,37,Male,IT,Mid,Hybrid,West,11.0,70400.0,No,4,4,0,7,180,No
5409,21,Male,IT,Entry,Remote,North,3.0,49200.0,Yes,3,5,0,30,160,No
5410,40,Female,Customer Support,Entry,Office,South,8.0,29900.0,Yes,3,4,1,26,126,No
5411,32,Female,IT,Senior,Remote,West,5.0,103100.0,Yes,4,3,1,32,145,No
5412,45,Female,Customer Support,Entry,Office,Central,3.0,30900.0,Yes,4,4,0,27,158,No
5413,38,Female,Finance,Senior,Office,West,1.0,105400.0,No,3,3,1,54,158,No
5414,50,Male,IT,Entry,Remote,East,7.0,25000.0,No,2,3,0,26,171,No
5415,34,Male,Marketing,Entry,Hybrid,North,6.0,24000.0,Yes,4,3,0,10,187,No
5416,24,Female,HR,Mid,Hybrid,West,2.0,78900.0,No,4,4,0,27,171,No
5417,40,Female,Sales,Senior,Hybrid,East,4.0,96700.0,No,1,4,0,23,179,No
5418,36,Female,Engineering,Mid,Hybrid,West,5.0,79200.0,No,3,3,0,30,189,Yes
5419,22,Male,Sales,Entry,Office,South,6.0,24000.0,No,3,3,1,23,200,No
5420,29,Male,Finance,Mid,Hybrid,East,9.0,76300.0,No,3,3,0,36,152,No
5421,31,Male,Finance,Mid,Hybrid,South,4.0,57700.0,Yes,4,5,0,28,179,No
5422,52,Male,Operations,Senior,Hybrid,North,1.0,89700.0,Yes,3,5,0,32,180,No
5423,44,Female,Customer Support,Manager,Hybrid,East,5.0,43700.0,No,4,4,1,46,176,No
5424,35,Female,Sales,Mid,Office,East,3.0,76500.0,Yes,3,4,0,29,162,No
5425,42,Male,Engineering,Mid,Office,Central,3.0,67600.0,Yes,2,3,1,12,151,No
5426,21,Female,Operations,Mid,Office,Central,8.0,59600.0,No,4,4,2,22,167,No
5427,33,Male,Engineering,Manager,Remote,West,2.0,44900.0,No,4,3,1,11,175,No
5428,42,Female,Customer Support,Mid,Office,South,2.0,77400.0,No,3,4,1,21,192,No
5429,39,Male,Engineering,Entry,Hybrid,West,3.0,29200.0,No,2,2,1,4,167,No
5430,33,Female,Operations,Manager,Hybrid,North,5.0,43300.0,Yes,4,2,1,38,147,Yes
5431,38,Male,Finance,Manager,Hybrid,East,5.0,57600.0,Yes,2,2,0,10,150,No
5432,41,Male,HR,Mid,Hybrid,East,10.0,86100.0,No,3,5,0,37,147,No
5433,38,Female,Operations,Mid,Hybrid,West,3.0,80200.0,No,3,3,0,20,169,No
5434,46,Male,HR,Mid,Hybrid,South,8.0,51200.0,No,2,2,0,25,143,No
5435,41,Male,Marketing,Senior,Remote,Central,3.0,96100.0,Yes,3,5,0,48,155,No
5436,43,Male,Sales,Mid,Office,North,1.0,70700.0,Yes,4,3,2,24,203,No
5437,53,Female,Customer Support,Mid,Remote,North,9.0,53700.0,Yes,4,4,1,16,167,No
5438,45,Female,IT,Mid,Hybrid,South,1.0,60400.0,Yes,3,3,0,22,172,Yes
5439,54,Male,Engineering,Mid,Hybrid,West,5.0,79200.0,No,3,4,0,13,144,No
5440,32,Female,IT,Entry,Remote,East,1.0,29700.0,Yes,5,3,1,38,169,No
5441,24,Female,Sales,Senior,Office,North,6.0,94700.0,No,4,3,0,35,137,No
5442,37,Female,Customer Support,Entry,Hybrid,East,2.0,24000.0,No,3,2,0,24,173,No
5443,36,Male,Customer Support,Mid,Remote,South,1.0,81700.0,No,4,3,1,37,145,No
5444,51,Female,Marketing,Senior,Office,Central,4.0,82900.0,Yes,4,3,2,35,197,No
5445,28,Male,Engineering,Mid,Hybrid,West,1.0,64000.0,Yes,4,2,0,25,209,No
5446,37,Male,IT,Mid,Office,South,4.0,69100.0,Yes,3,4,1,31,157,No
5447,42,Female,Customer Support,Manager,Hybrid,West,7.0,36300.0,No,3,4,0,25,139,No
5448,39,Male,Finance,Entry,Office,North,16.0,24000.0,No,2,3,2,20,161,No
5449,36,Male,Operations,Senior,Remote,East,5.0,103600.0,No,3,2,0,4,137,No
5450,41,Male,HR,Entry,Office,North,4.0,24000.0,Yes,2,4,0,25,163,No
5451,48,Male,Sales,Mid,Hybrid,North,10.0,79000.0,Yes,4,4,0,28,153,No
5452,52,Male,Operations,Mid,Remote,Central,2.0,77700.0,No,2,3,0,11,193,No
5453,38,Female,Marketing,Mid,Hybrid,South,2.0,70500.0,Yes,3,3,0,38,129,Yes
5454,31,Female,IT,Mid,Hybrid,North,7.0,59200.0,No,4,1,0,25,144,No
5455,52,Male,Engineering,Entry,Remote,South,3.0,28600.0,No,3,4,1,33,188,No
5456,28,Female,Operations,Mid,Office,West,4.0,53000.0,No,3,3,1,31,158,No
5457,54,Female,IT,Entry,Hybrid,East,5.0,24000.0,No,4,5,0,26,201,No
5458,50,Male,Operations,Senior,Remote,North,2.0,96200.0,No,4,4,0,21,171,No
5459,51,Male,IT,Mid,Office,East,1.0,79800.0,No,4,4,0,19,175,No
5460,44,Male,Sales,Mid,Hybrid,Central,2.0,70600.0,No,4,5,0,7,177,No
5461,21,Male,Marketing,Entry,Remote,East,3.0,24000.0,No,4,3,0,45,179,No
5462,29,Male,Sales,Mid,Remote,North,6.0,65800.0,No,2,2,1,32,167,No
5463,41,Male,Sales,Mid,Hybrid,North,4.0,67800.0,No,4,4,1,16,167,No
5464,32,Male,Marketing,Entry,Hybrid,West,7.0,33600.0,Yes,5,4,3,34,195,No
5465,35,Female,Sales,Mid,Office,West,4.0,75200.0,No,4,4,2,14,156,No
5466,44,Male,Customer Support,Entry,Hybrid,South,8.0,27800.0,No,4,3,0,35,174,No
5467,36,Male,Customer Support,Entry,Hybrid,South,4.0,33700.0,No,3,3,1,33,163,No
5468,27,Female,Sales,Senior,Hybrid,East,1.0,94000.0,Yes,3,3,1,20,184,Yes
5469,46,Male,Operations,Entry,Remote,North,3.0,24000.0,No,4,3,1,9,196,No
5470,43,Male,Sales,Entry,Hybrid,West,5.0,24000.0,Yes,4,2,0,22,160,No
5471,36,Female,Operations,Mid,Hybrid,South,7.0,77400.0,No,4,3,0,29,151,No
5472,44,Female,Sales,Senior,Office,North,3.0,81600.0,No,2,5,0,9,156,No
5473,39,Male,Engineering,Entry,Office,South,5.0,24600.0,Yes,3,3,0,19,189,No
5474,50,Male,IT,Entry,Office,North,3.0,27000.0,No,2,4,1,43,176,No
5475,39,Male,Marketing,Mid,Hybrid,Central,2.0,62700.0,No,4,4,1,27,169,No
5476,50,Male,Sales,Mid,Remote,West,7.0,57000.0,No,3,3,0,59,167,No
5477,21,Female,IT,Mid,Remote,East,6.0,61400.0,Yes,3,3,0,33,157,No
5478,42,Female,HR,Mid,Remote,West,18.0,55700.0,No,3,5,0,25,188,No
5479,34,Female,Operations,Senior,Remote,Central,3.0,99500.0,No,3,4,0,17,174,No
5480,30,Female,Engineering,Manager,Hybrid,East,10.0,53600.0,Yes,3,4,0,14,207,No
5481,48,Male,Sales,Mid,Hybrid,East,1.0,65200.0,No,4,5,0,29,170,No
5482,46,Male,Sales,Entry,Remote,North,10.0,24000.0,No,5,3,0,22,176,No
5483,21,Male,Finance,Entry,Office,South,4.0,38500.0,No,5,3,1,24,162,Yes
5484,44,Male,Finance,Entry,Office,West,3.0,32000.0,No,3,3,0,30,158,No
5485,43,Female,Customer Support,Mid,Hybrid,South,6.0,66400.0,No,2,3,0,20,170,No
5486,31,Female,Engineering,Senior,Hybrid,Central,6.0,104700.0,Yes,4,3,1,38,195,No
5487,30,Female,Customer Support,Mid,Hybrid,East,9.0,73200.0,No,5,5,1,31,162,No
5488,24,Female,Sales,Entry,Hybrid,East,2.0,30900.0,No,4,4,0,21,161,No
5489,35,Male,HR,Mid,Hybrid,South,1.0,62600.0,No,3,5,1,31,142,No
5490,36,Male,Marketing,Manager,Hybrid,East,6.0,36400.0,Yes,3,3,0,4,221,No
5491,45,Male,Finance,Entry,Hybrid,South,6.0,24000.0,Yes,4,5,0,32,159,No
5492,40,Female,Marketing,Senior,Office,West,9.0,112700.0,No,4,5,2,32,142,No
5493,28,Female,IT,Senior,Hybrid,East,3.0,86600.0,Yes,4,3,1,4,174,No
5494,40,Female,Finance,Mid,Office,Central,3.0,72600.0,Yes,2,4,0,6,176,No
5495,36,Male,Customer Support,Mid,Remote,East,6.0,76100.0,No,3,4,0,24,187,No
5496,30,Male,IT,Mid,Hybrid,West,5.0,71800.0,No,3,3,0,20,175,No
5497,24,Female,Engineering,Entry,Hybrid,South,7.0,26600.0,Yes,4,5,1,27,136,No
5498,44,Female,Finance,Mid,Hybrid,South,3.0,70400.0,Yes,4,3,0,29,156,No
5499,42,Female,Sales,Entry,Office,West,10.0,32300.0,No,3,3,0,46,192,No
5500,43,Male,IT,Senior,Hybrid,West,6.0,84600.0,No,2,3,0,24,190,No
5501,31,Male,IT,Senior,Remote,West,9.0,90000.0,Yes,5,4,2,35,180,No
5502,40,Male,Operations,Mid,Office,Central,4.0,51300.0,No,5,4,0,22,200,No
5503,26,Male,Sales,Mid,Remote,North,2.0,55200.0,Yes,4,3,2,33,166,No
5504,29,Female,Operations,Entry,Hybrid,North,6.0,24000.0,Yes,3,3,0,23,194,No
5505,38,Male,Customer Support,Entry,Office,South,7.0,35700.0,No,3,3,0,12,162,No
5506,40,Male,Finance,Mid,Office,South,1.0,69500.0,No,4,4,1,21,206,No
5507,23,Male,IT,Entry,Hybrid,North,15.0,34300.0,No,4,4,0,32,161,No
5508,28,Male,HR,Senior,Office,West,3.0,97500.0,Yes,3,3,1,14,148,No
5509,35,Male,Customer Support,Entry,Hybrid,East,5.0,30300.0,No,5,3,0,29,147,No
5510,47,Female,Operations,Senior,Remote,North,7.0,85500.0,Yes,2,3,0,32,199,No
5511,31,Female,Sales,Mid,Office,East,5.0,72700.0,Yes,3,3,1,32,201,No
5512,39,Male,Operations,Mid,Remote,Central,5.0,74300.0,No,3,3,0,37,152,No
5513,40,Male,HR,Senior,Office,East,5.0,113800.0,No,3,3,1,52,157,No
5514,36,Female,Finance,Mid,Remote,West,1.0,68900.0,No,4,4,0,13,123,Yes
5515,40,Female,Sales,Entry,Hybrid,East,5.0,34600.0,No,4,4,1,23,146,No
5516,26,Male,Engineering,Senior,Office,South,3.0,92900.0,No,4,2,0,27,165,Yes
5517,32,Male,IT,Mid,Office,East,9.0,65700.0,No,2,4,0,22,165,No
5518,51,Male,IT,Entry,Office,East,8.0,35800.0,Yes,4,3,0,42,129,No
5519,52,Female,Sales,Mid,Remote,Central,1.0,89000.0,No,2,4,1,43,142,No
5520,46,Male,Operations,Mid,Office,West,1.0,74400.0,Yes,3,4,1,55,208,No
5521,48,Male,HR,Mid,Hybrid,South,15.0,65900.0,No,3,3,0,26,194,No
5522,22,Female,IT,Senior,Office,Central,0.5,98200.0,Yes,3,4,0,14,174,No
5523,29,Female,HR,Mid,Unknown,South,3.0,74500.0,No,3,5,0,25,174,No
5524,35,Male,Marketing,Entry,Hybrid,East,2.0,47900.0,No,4,2,1,16,171,No
5525,60,Female,IT,Entry,Hybrid,West,10.0,34700.0,Yes,5,4,0,38,168,Yes
5526,35,Female,Engineering,Entry,Hybrid,East,4.0,24000.0,No,3,3,3,37,171,No
5527,45,Female,Finance,Senior,Office,East,3.0,105500.0,No,2,5,1,37,140,No
5528,41,Male,IT,Entry,Remote,West,5.0,35000.0,No,4,4,0,53,166,No
5529,41,Female,Engineering,Mid,Hybrid,Central,14.0,80400.0,Yes,3,3,1,28,131,No
5530,38,Male,Customer Support,Mid,Hybrid,South,6.0,76000.0,No,4,3,2,20,167,No
5531,27,Female,Finance,Senior,Office,Central,6.0,103100.0,No,4,4,0,27,179,No
5532,21,Female,Customer Support,Entry,Hybrid,South,1.0,32000.0,Yes,2,4,0,16,160,No
5533,50,Female,Operations,Entry,Remote,East,9.0,25700.0,No,3,4,1,20,176,No
5534,32,Female,Finance,Senior,Hybrid,West,2.0,95200.0,No,4,4,0,28,169,No
5535,21,Male,Customer Support,Mid,Hybrid,South,6.0,71000.0,Yes,3,3,0,34,180,No
5536,42,Female,Marketing,Mid,Hybrid,East,2.0,75100.0,No,2,4,0,18,178,No
5537,42,Female,IT,Senior,Hybrid,Central,5.0,94700.0,No,4,3,1,12,154,No
5538,45,Male,Operations,Senior,Office,West,5.0,91200.0,No,2,2,1,36,142,No
5539,48,Female,Finance,Entry,Hybrid,West,18.0,26400.0,No,4,4,1,17,144,No
5540,30,Female,Sales,Senior,Hybrid,South,3.0,94000.0,No,3,3,0,30,153,No
5541,30,Female,Engineering,Entry,Office,Central,6.0,24000.0,Yes,4,5,0,42,187,No
5542,35,Male,Operations,Manager,Hybrid,South,4.0,59200.0,No,3,4,2,38,185,No
5543,45,Female,Operations,Entry,Office,North,2.0,31100.0,No,4,4,1,35,162,No
5544,21,Male,Operations,Entry,Hybrid,North,6.0,24000.0,Yes,5,4,0,41,165,No
5545,39,Female,Operations,Entry,Hybrid,South,8.0,33300.0,No,4,4,1,31,144,No
5546,46,Male,IT,Senior,Remote,West,2.0,89400.0,No,4,3,1,15,146,No
5547,46,Male,Engineering,Manager,Hybrid,East,4.0,45400.0,No,4,2,1,57,179,No
5548,44,Female,Operations,Mid,Hybrid,East,5.0,75400.0,No,2,3,0,33,162,No
5549,48,Female,Marketing,Mid,Hybrid,South,8.0,84900.0,No,3,3,1,34,164,No
5550,21,Male,HR,Entry,Hybrid,West,8.0,30500.0,Yes,4,3,0,30,184,No
5551,53,Female,IT,Entry,Remote,North,1.0,24000.0,No,4,3,2,8,180,No
5552,41,Male,Sales,Senior,Hybrid,East,15.0,90800.0,No,3,4,1,17,166,No
5553,50,Female,Finance,Entry,Hybrid,North,6.0,35600.0,No,4,4,2,48,195,No
5554,27,Female,IT,Manager,Hybrid,West,5.0,53600.0,No,3,3,0,5,160,No
5555,22,Male,Marketing,Manager,Remote,West,8.0,58600.0,No,5,2,0,27,152,No
5556,54,Female,Customer Support,Entry,Hybrid,North,11.0,31500.0,Yes,4,3,1,31,146,No
5557,30,Male,Finance,Mid,Remote,West,4.0,78900.0,No,3,4,0,24,195,No
5558,35,Male,Finance,Manager,Hybrid,South,4.0,68100.0,No,5,4,0,52,158,No
5559,43,Male,Marketing,Senior,Hybrid,Central,2.0,81800.0,No,2,3,1,10,171,No
5560,45,Female,Sales,Senior,Remote,East,4.0,115700.0,Yes,3,2,0,19,208,No
5561,48,Male,Engineering,Entry,Hybrid,South,7.0,36400.0,No,4,3,0,32,155,No
5562,40,Male,Finance,Entry,Hybrid,West,4.0,51600.0,Yes,3,5,1,33,173,No
5563,29,Female,Sales,Senior,Hybrid,North,4.0,85200.0,No,3,4,0,29,173,No
5564,44,Male,IT,Mid,Remote,West,13.0,75400.0,No,3,3,2,31,172,No
5565,45,Male,Engineering,Mid,Hybrid,East,6.0,73400.0,Yes,2,3,1,20,189,No
5566,22,Female,IT,Senior,Hybrid,South,6.0,102000.0,Yes,4,2,1,24,179,No
5567,51,Male,Marketing,Mid,Office,North,7.0,76200.0,No,3,3,0,15,175,No
5568,21,Male,IT,Entry,Hybrid,West,9.0,31200.0,Yes,5,4,0,33,205,No
5569,47,Female,IT,Mid,Hybrid,East,5.0,79000.0,No,5,3,2,8,141,No
5570,32,Female,Customer Support,Senior,Hybrid,North,2.0,93000.0,No,3,3,1,12,147,No
5571,44,Male,Sales,Mid,Hybrid,South,6.0,67400.0,No,3,4,0,39,170,No
5572,43,Female,Sales,Entry,Office,Central,9.0,32100.0,No,3,3,0,21,181,No
5573,38,Female,Operations,Manager,Remote,South,6.0,45300.0,No,3,4,0,57,170,No
5574,42,Male,Customer Support,Mid,Office,South,8.0,70900.0,No,4,3,1,22,158,No
5575,37,Female,Finance,Mid,Office,North,4.0,59000.0,No,3,3,0,22,196,No
5576,44,Male,Sales,Senior,Hybrid,South,3.0,94500.0,Yes,3,3,0,44,187,No
5577,58,Male,Engineering,Mid,Hybrid,North,5.0,63600.0,No,4,3,1,40,159,No
5578,26,Female,Marketing,Manager,Hybrid,West,3.0,49700.0,No,2,4,0,26,204,No
5579,21,Male,Customer Support,Senior,Remote,West,11.0,84200.0,No,3,3,0,27,163,No
5580,34,Female,Marketing,Mid,Office,South,7.0,71800.0,No,5,3,0,40,166,No
5581,34,Male,Marketing,Mid,Hybrid,North,3.0,80100.0,No,5,4,1,30,140,No
5582,35,Female,Finance,Entry,Hybrid,West,2.0,24000.0,No,5,3,0,24,176,No
5583,30,Male,Finance,Mid,Office,North,9.0,63600.0,No,2,2,2,26,209,No
5584,46,Female,Marketing,Mid,Hybrid,Central,2.0,79000.0,Yes,2,3,0,52,209,No
5585,26,Female,Marketing,Mid,Remote,North,5.0,80200.0,No,3,3,0,24,164,No
5586,42,Male,Engineering,Manager,Office,North,6.0,53800.0,No,3,4,0,24,160,No
5587,44,Male,Operations,Mid,Office,North,2.0,67800.0,Yes,3,3,1,28,171,No
5588,41,Male,IT,Senior,Office,West,4.0,88300.0,Yes,2,2,0,29,200,No
5589,42,Male,Operations,Mid,Hybrid,Central,10.0,69000.0,No,4,3,0,19,175,No
5590,47,Female,Operations,Mid,Hybrid,West,1.0,71500.0,No,4,4,0,47,187,No
5591,38,Male,HR,Entry,Hybrid,Central,9.0,24000.0,No,3,4,0,24,185,No
5592,35,Female,Customer Support,Mid,Remote,South,5.0,63200.0,No,4,2,0,34,194,No
5593,42,Male,Operations,Mid,Hybrid,North,3.0,83300.0,No,4,3,0,48,188,No
5594,43,Female,Sales,Entry,Hybrid,West,1.0,29900.0,No,1,3,0,24,158,No
5595,46,Male,Operations,Senior,Office,South,4.0,105000.0,No,4,3,1,33,174,No
5596,23,Female,Operations,Mid,Office,South,3.0,81100.0,No,3,3,0,13,162,No
5597,36,Female,Engineering,Mid,Hybrid,Central,4.0,69200.0,No,1,2,1,19,190,No
5598,28,Male,HR,Senior,Hybrid,South,7.0,91300.0,No,4,3,1,30,181,No
5599,43,Female,Operations,Mid,Office,North,1.0,80700.0,Yes,3,5,0,23,182,No
5600,45,Female,HR,Mid,Hybrid,East,5.0,78800.0,No,2,3,2,37,178,No
5601,36,Female,Operations,Mid,Hybrid,South,13.0,80900.0,No,4,3,0,22,141,Yes
5602,31,Male,Sales,Entry,Remote,South,3.0,27900.0,Yes,4,5,2,25,182,No
5603,43,Male,Customer Support,Mid,Hybrid,Central,6.0,73300.0,No,4,5,2,21,146,No
5604,37,Female,Engineering,Entry,Hybrid,South,1.0,25700.0,Yes,2,3,0,42,151,Yes
5605,51,Male,Operations,Entry,Hybrid,Central,1.0,27500.0,No,3,4,0,26,194,No
5606,54,Female,Operations,Mid,Hybrid,North,3.0,65800.0,No,3,4,0,20,163,No
5607,47,Male,Sales,Entry,Remote,West,11.0,27300.0,Yes,3,4,1,18,144,No
5608,40,Female,Operations,Manager,Hybrid,West,3.0,48600.0,Yes,2,3,0,15,159,No
5609,54,Male,HR,Mid,Remote,East,6.0,67900.0,Yes,2,3,1,36,186,No
5610,40,Male,Marketing,Mid,Remote,North,3.0,79100.0,Yes,5,3,3,27,162,No
5611,34,Female,Sales,Senior,Hybrid,North,2.0,81300.0,No,4,4,0,63,193,No
5612,32,Female,Marketing,Mid,Office,West,4.0,75000.0,Yes,4,5,0,22,189,No
5613,32,Male,IT,Mid,Hybrid,Central,7.0,63700.0,Yes,5,4,3,10,191,No
5614,38,Male,Operations,Mid,Hybrid,Central,9.0,64400.0,No,2,3,0,26,184,No
5615,42,Male,Operations,Senior,Hybrid,East,4.0,87100.0,No,3,4,0,55,146,No
5616,25,Male,IT,Entry,Hybrid,South,6.0,32200.0,No,4,3,1,32,166,No
5617,34,Male,HR,Entry,Remote,South,5.0,24000.0,No,3,4,1,27,180,No
5618,40,Male,Customer Support,Manager,Hybrid,West,5.0,51500.0,No,2,3,0,22,155,No
5619,44,Female,Operations,Entry,Remote,West,2.0,28400.0,Yes,4,2,0,24,181,No
5620,38,Male,Sales,Senior,Hybrid,West,2.0,85300.0,No,4,3,1,42,192,No
5621,40,Female,HR,Mid,Office,Central,2.0,73600.0,No,3,1,0,18,148,No
5622,27,Male,Finance,Mid,Hybrid,Central,3.0,61100.0,No,4,3,0,28,135,Yes
5623,30,Male,Operations,Senior,Hybrid,North,8.0,93600.0,Yes,4,5,0,30,173,Yes
5624,37,Male,Operations,Manager,Hybrid,East,12.0,38700.0,No,4,1,0,28,220,No
5625,43,Female,Sales,Entry,Hybrid,West,8.0,46500.0,No,3,2,0,24,170,No
5626,40,Female,Operations,Mid,Hybrid,Central,6.0,79800.0,Yes,4,5,1,11,146,No
5627,30,Male,Marketing,Senior,Hybrid,South,5.0,96200.0,No,4,3,1,31,182,No
5628,36,Female,Customer Support,Mid,Remote,West,8.0,63400.0,Yes,3,3,0,25,178,No
5629,52,Female,Sales,Senior,Hybrid,South,18.0,91500.0,Yes,1,3,0,43,183,No
5630,43,Male,Finance,Mid,Hybrid,Central,6.0,69900.0,No,4,2,1,26,215,No
5631,37,Male,HR,Entry,Hybrid,North,7.0,30200.0,No,4,4,0,27,147,No
5632,29,Female,IT,Senior,Hybrid,East,6.0,97600.0,No,3,3,1,30,186,No
5633,32,Male,HR,Manager,Office,East,14.0,52000.0,No,4,3,2,34,171,No
5634,38,Male,Sales,Entry,Hybrid,East,4.0,31100.0,No,4,4,0,6,179,No
5635,40,Female,Sales,Senior,Remote,West,2.0,92500.0,Yes,4,2,1,32,158,No
5636,43,Female,Marketing,Entry,Office,East,7.0,31100.0,Yes,3,4,0,8,143,Yes
5637,41,Male,IT,Entry,Office,East,2.0,24000.0,No,2,3,1,24,204,No
5638,35,Female,Marketing,Entry,Hybrid,West,6.0,24000.0,Yes,2,2,2,36,207,Yes
5639,33,Female,Sales,Senior,Remote,North,5.0,110600.0,No,4,5,2,53,210,No
5640,56,Male,Operations,Entry,Hybrid,West,6.0,31700.0,No,2,4,0,16,156,No
5641,33,Female,Finance,Entry,Hybrid,East,5.0,44300.0,No,3,4,1,18,168,No
5642,26,Male,Customer Support,Senior,Hybrid,West,1.0,91500.0,No,4,3,0,8,195,No
5643,23,Female,Customer Support,Mid,Remote,East,7.0,93700.0,Yes,1,3,1,19,168,No
5644,35,Male,Finance,Entry,Office,South,6.0,28700.0,Yes,2,1,0,55,157,No
5645,46,Female,Operations,Entry,Hybrid,South,10.0,38300.0,No,4,3,1,9,179,No
5646,33,Male,IT,Senior,Hybrid,North,3.0,94300.0,No,3,2,0,4,146,No
5647,51,Male,Operations,Mid,Hybrid,North,1.0,73500.0,No,2,4,1,39,135,No
5648,38,Female,Sales,Senior,Remote,South,7.0,93000.0,No,3,2,0,38,218,No
5649,48,Female,HR,Entry,Office,North,7.0,24000.0,No,4,4,0,29,165,No
5650,31,Male,IT,Mid,Remote,East,7.0,80800.0,No,2,5,0,30,187,No
5651,31,Male,Customer Support,Senior,Hybrid,South,0.5,93900.0,No,2,5,0,37,166,No
5652,39,Male,HR,Entry,Office,West,16.0,35500.0,No,2,4,0,38,176,No
5653,42,Female,Operations,Entry,Hybrid,Central,0.5,36100.0,No,4,3,0,16,172,No
5654,36,Female,Finance,Mid,Hybrid,East,1.0,84700.0,No,4,3,0,13,141,No
5655,41,Male,IT,Mid,Hybrid,South,2.0,75800.0,Yes,4,3,2,16,159,No
5656,43,Female,IT,Entry,Hybrid,South,8.0,24000.0,No,5,3,0,19,185,No
5657,25,Male,Engineering,Manager,Hybrid,South,10.0,47100.0,No,5,5,1,37,178,No
5658,35,Male,Customer Support,Mid,Remote,South,5.0,71800.0,No,2,3,1,41,171,No
5659,33,Female,Sales,Mid,Hybrid,South,7.0,72100.0,Yes,4,5,0,24,130,No
5660,34,Male,Marketing,Entry,Office,North,3.0,39900.0,No,4,3,0,31,181,No
5661,42,Female,HR,Mid,Remote,North,2.0,82200.0,No,5,3,1,27,162,No
5662,33,Female,Sales,Mid,Remote,North,1.0,70700.0,Yes,5,2,1,18,159,No
5663,21,Female,Operations,Manager,Hybrid,South,7.0,71900.0,Yes,3,4,0,17,154,Yes
5664,36,Male,Sales,Mid,Office,North,10.0,68900.0,Yes,3,3,0,29,173,No
5665,28,Male,IT,Senior,Remote,South,1.0,91600.0,Yes,3,3,1,37,169,No
5666,42,Male,Marketing,Mid,Office,East,2.0,62200.0,No,3,3,1,33,163,No
5667,45,Male,IT,Mid,Hybrid,North,3.0,58000.0,No,4,4,1,26,198,No
5668,21,Female,Customer Support,Manager,Remote,South,2.0,39400.0,No,5,4,0,45,172,No
5669,31,Male,Operations,Mid,Office,West,6.0,81100.0,Yes,4,4,0,47,142,No
5670,41,Male,Customer Support,Senior,Hybrid,South,4.0,100700.0,No,3,3,0,10,158,No
5671,25,Male,Operations,Senior,Hybrid,North,11.0,86000.0,Yes,3,4,0,14,175,No
5672,45,Male,Customer Support,Manager,Hybrid,North,3.0,50900.0,Yes,3,3,0,11,184,No
5673,47,Female,Finance,Entry,Hybrid,West,8.0,35300.0,No,2,5,1,39,151,No
5674,37,Female,Operations,Entry,Remote,West,1.0,24000.0,No,3,4,1,25,151,No
5675,31,Female,Operations,Mid,Remote,Central,3.0,87900.0,No,5,4,1,29,181,No
5676,21,Male,Engineering,Manager,Office,South,5.0,59500.0,No,4,3,0,35,173,No
5677,45,Female,IT,Mid,Remote,West,6.0,79300.0,No,3,3,0,28,178,No
5678,56,Female,Operations,Mid,Hybrid,West,12.0,82800.0,No,4,4,0,20,157,No
5679,54,Female,Marketing,Mid,Hybrid,North,6.0,53600.0,No,5,4,0,15,188,No
5680,36,Female,Finance,Entry,Office,North,6.0,26000.0,Yes,4,3,0,25,186,No
5681,28,Female,Customer Support,Entry,Hybrid,West,2.0,39300.0,Yes,3,5,0,38,184,No
5682,46,Male,Finance,Entry,Hybrid,North,2.0,27900.0,No,3,4,0,8,162,No
5683,37,Male,IT,Entry,Remote,North,3.0,34700.0,No,4,2,0,22,161,No
5684,42,Male,Operations,Senior,Hybrid,Central,4.0,107000.0,No,4,3,0,5,167,No
5685,41,Female,HR,Mid,Hybrid,East,4.0,78300.0,Yes,5,5,0,39,136,No
5686,39,Female,Sales,Entry,Remote,South,6.0,25700.0,No,3,3,1,8,163,No
5687,47,Female,Sales,Mid,Office,East,11.0,77200.0,No,1,3,1,9,188,No
5688,48,Male,IT,Mid,Hybrid,West,5.0,57000.0,Yes,4,3,0,38,154,Yes
5689,33,Male,Customer Support,Mid,Hybrid,South,8.0,76400.0,No,4,3,3,20,207,No
5690,30,Male,Customer Support,Mid,Hybrid,West,2.0,78700.0,No,4,4,0,6,145,No
5691,21,Male,Operations,Entry,Hybrid,West,12.0,29400.0,Yes,3,3,0,34,152,No
5692,35,Female,Sales,Mid,Hybrid,South,5.0,82500.0,No,5,3,1,29,157,No
5693,28,Female,Operations,Entry,Hybrid,South,12.0,30500.0,Yes,2,2,0,51,182,Yes
5694,42,Male,Customer Support,Entry,Hybrid,West,4.0,29300.0,Yes,3,3,0,13,163,No
5695,35,Male,Marketing,Entry,Hybrid,Central,3.0,44500.0,Yes,3,3,0,16,146,No
5696,36,Female,IT,Mid,Office,North,3.0,63400.0,Yes,5,4,0,19,181,No
5697,45,Female,Sales,Entry,Hybrid,East,2.0,40500.0,Yes,5,4,2,40,176,No
5698,42,Male,Engineering,Mid,Remote,South,9.0,83800.0,No,4,5,1,4,155,No
5699,37,Male,Customer Support,Entry,Office,West,2.0,35600.0,Yes,4,3,2,24,205,No
5700,53,Male,Sales,Entry,Remote,West,6.0,24400.0,Yes,2,4,0,31,185,No
5701,45,Male,Customer Support,Senior,Hybrid,Central,2.0,97100.0,No,2,4,0,42,182,No
5702,34,Male,Sales,Mid,Hybrid,West,14.0,64800.0,No,3,3,0,17,159,No
5703,35,Male,Sales,Entry,Hybrid,Central,9.0,24000.0,No,4,4,1,31,150,No
5704,45,Male,Marketing,Mid,Office,Central,9.0,73200.0,No,4,5,0,20,199,No
5705,40,Male,Operations,Entry,Office,East,5.0,24000.0,No,3,4,0,13,153,No
5706,28,Female,HR,Senior,Office,North,4.0,91900.0,No,3,3,0,26,181,No
5707,46,Female,Engineering,Entry,Hybrid,South,3.0,24000.0,No,4,5,2,24,189,No
5708,49,Female,Customer Support,Mid,Hybrid,South,12.0,77900.0,Yes,4,4,1,34,142,Yes
5709,49,Male,Sales,Manager,Office,West,1.0,64700.0,No,2,3,1,51,166,No
5710,52,Female,Operations,Entry,Hybrid,West,7.0,47800.0,No,2,3,1,33,151,No
5711,57,Male,Customer Support,Entry,Hybrid,South,2.0,24000.0,No,4,3,1,28,178,No
5712,54,Male,Operations,Mid,Office,North,2.0,64300.0,Yes,2,3,0,34,154,No
5713,41,Male,Engineering,Manager,Hybrid,South,3.0,49600.0,No,3,3,0,19,153,No
5714,36,Male,Marketing,Mid,Office,North,4.0,79400.0,No,3,3,0,37,144,No
5715,22,Female,Sales,Mid,Office,Central,6.0,71200.0,No,4,4,0,20,169,Yes
5716,38,Male,IT,Entry,Office,North,10.0,37700.0,No,3,3,1,31,137,No
5717,43,Female,Customer Support,Mid,Remote,East,4.0,77800.0,No,5,4,0,25,200,No
5718,38,Female,Engineering,Entry,Hybrid,East,1.0,24000.0,No,3,4,1,24,166,No
5719,21,Male,Sales,Mid,Hybrid,West,2.0,73500.0,No,3,3,1,47,187,No
5720,35,Female,Sales,Entry,Office,South,4.0,24000.0,No,4,3,0,17,169,No
5721,44,Male,Customer Support,Mid,Hybrid,East,3.0,67900.0,No,3,4,0,33,177,No
5722,29,Male,Sales,Entry,Hybrid,Central,7.0,25300.0,No,2,3,2,22,144,No
5723,39,Female,Sales,Mid,Office,East,6.0,79700.0,Yes,3,5,1,38,181,No
5724,42,Female,Customer Support,Senior,Hybrid,East,8.0,94800.0,No,3,4,1,12,146,No
5725,48,Female,Customer Support,Senior,Hybrid,Central,0.5,90800.0,Yes,3,4,0,23,198,No
5726,53,Male,Customer Support,Manager,Hybrid,West,9.0,69900.0,Yes,3,4,1,16,160,No
5727,35,Male,Operations,Mid,Hybrid,North,1.0,65000.0,No,4,4,0,46,184,No
5728,40,Male,Finance,Mid,Hybrid,North,7.0,75600.0,No,3,4,0,43,146,No
5729,40,Male,Engineering,Entry,Hybrid,West,11.0,35000.0,Yes,2,2,0,19,185,Yes
5730,44,Female,IT,Senior,Hybrid,South,0.5,96500.0,No,3,3,0,14,137,No
5731,43,Female,IT,Mid,Office,West,4.0,64900.0,Yes,2,4,2,22,138,No
5732,51,Female,Customer Support,Mid,Hybrid,Central,3.0,64500.0,No,5,3,1,37,191,No
5733,21,Male,Marketing,Mid,Office,West,1.0,78600.0,No,3,5,0,31,189,No
5734,42,Female,Customer Support,Senior,Hybrid,East,0.5,104400.0,Yes,4,3,1,23,161,No
5735,42,Female,IT,Senior,Hybrid,Central,9.0,94500.0,No,3,4,0,41,163,No
5736,36,Female,Engineering,Senior,Remote,East,2.0,83100.0,Yes,5,4,0,32,167,No
5737,21,Male,Operations,Mid,Hybrid,Central,18.0,73100.0,Yes,2,4,0,17,176,No
5738,37,Female,Marketing,Mid,Office,Central,2.0,86600.0,No,3,3,0,4,190,No
5739,32,Female,Engineering,Manager,Office,East,2.0,41900.0,Yes,4,4,0,52,163,No
5740,53,Female,Finance,Mid,Office,North,0.5,70100.0,No,3,3,2,24,139,No
5741,41,Female,Marketing,Mid,Office,South,2.0,73500.0,No,3,3,1,4,169,Yes
5742,31,Female,Operations,Mid,Hybrid,West,2.0,82800.0,No,3,3,2,31,155,No
5743,21,Female,Customer Support,Mid,Office,South,4.0,68200.0,No,5,3,0,8,196,No
5744,43,Female,Customer Support,Senior,Hybrid,East,7.0,99400.0,No,5,3,0,43,163,No
5745,44,Female,Marketing,Mid,Office,South,3.0,85500.0,No,4,3,1,43,194,No
5746,36,Male,Sales,Senior,Remote,North,7.0,81700.0,Yes,4,3,1,25,169,No
5747,43,Female,IT,Senior,Office,East,13.0,83200.0,No,4,4,1,15,157,No
5748,35,Male,Engineering,Mid,Remote,South,4.0,72200.0,Yes,4,2,1,34,194,No
5749,48,Male,Engineering,Entry,Hybrid,Central,3.0,37800.0,Yes,4,3,0,42,155,No
5750,47,Female,Engineering,Mid,Hybrid,North,2.0,76000.0,No,3,3,1,27,170,No
5751,23,Female,Sales,Mid,Office,West,4.0,82600.0,No,3,3,1,23,163,No
5752,25,Male,Finance,Mid,Hybrid,East,12.0,57700.0,No,4,3,1,19,154,No
5753,56,Female,Marketing,Senior,Hybrid,West,4.0,98100.0,No,4,4,1,24,176,Yes
5754,46,Female,Marketing,Entry,Hybrid,South,7.0,24000.0,No,5,4,0,26,158,No
5755,27,Female,Sales,Mid,Office,North,4.0,84900.0,No,3,4,0,22,154,No
5756,24,Female,Operations,Senior,Office,South,4.0,105700.0,No,3,3,2,16,167,No
5757,40,Female,Sales,Manager,Office,East,18.0,48000.0,No,2,3,1,48,158,No
5758,28,Female,Operations,Mid,Hybrid,East,6.0,52200.0,No,3,2,0,25,162,No
5759,35,Male,IT,Entry,Office,North,8.0,27100.0,No,2,4,0,22,167,No
5760,38,Female,Sales,Mid,Office,East,6.0,83000.0,Yes,4,4,0,30,182,No
5761,37,Female,Sales,Mid,Hybrid,South,4.0,76700.0,No,3,2,0,31,161,No
5762,48,Male,Engineering,Mid,Remote,East,3.0,89600.0,No,3,4,0,27,144,No
5763,55,Male,Marketing,Entry,Remote,West,12.0,26300.0,No,4,3,1,14,180,No
5764,34,Female,Engineering,Mid,Remote,North,1.0,91300.0,No,5,4,0,28,158,No
5765,28,Female,HR,Mid,Hybrid,South,2.0,54800.0,No,3,3,0,30,177,No
5766,41,Male,HR,Mid,Hybrid,North,2.0,66200.0,No,2,3,0,32,192,No
5767,53,Male,Finance,Mid,Hybrid,West,9.0,61300.0,No,3,4,0,31,169,No
5768,34,Female,Operations,Mid,Hybrid,North,12.0,79600.0,Yes,2,3,0,30,152,No
5769,46,Male,Finance,Mid,Hybrid,East,1.0,62100.0,No,4,3,0,15,165,No
5770,30,Male,Marketing,Mid,Hybrid,East,4.0,82000.0,No,4,3,2,58,154,No
5771,38,Female,Customer Support,Manager,Remote,East,9.0,57200.0,No,3,4,0,33,154,No
5772,28,Female,Customer Support,Mid,Office,Central,3.0,74600.0,No,2,4,1,37,162,No
5773,38,Female,IT,Mid,Hybrid,West,7.0,72000.0,No,5,3,0,35,145,No
5774,37,Female,Operations,Mid,Hybrid,North,4.0,63500.0,No,2,3,3,27,148,No
5775,43,Male,IT,Senior,Remote,East,16.0,100400.0,Yes,3,4,1,16,183,No
5776,54,Male,Sales,Mid,Hybrid,South,3.0,68400.0,No,3,4,2,25,172,No
5777,34,Female,Marketing,Mid,Office,South,8.0,79800.0,No,4,4,2,16,176,No
5778,21,Male,Operations,Senior,Office,South,3.0,108400.0,Yes,3,4,0,10,184,No
5779,36,Male,Marketing,Entry,Hybrid,East,5.0,26100.0,No,3,3,0,53,133,No
5780,41,Female,Sales,Mid,Office,Central,1.0,84800.0,No,4,3,0,38,163,No
5781,40,Female,Engineering,Mid,Hybrid,East,7.0,74600.0,No,5,3,0,29,200,No
5782,37,Male,Engineering,Manager,Hybrid,North,10.0,56300.0,No,3,3,0,29,204,No
5783,51,Female,HR,Senior,Hybrid,North,1.0,83000.0,No,3,2,0,35,156,No
5784,39,Female,Customer Support,Entry,Office,South,2.0,24000.0,No,3,3,0,26,152,No
5785,37,Male,IT,Senior,Hybrid,West,9.0,88600.0,No,4,4,0,21,128,Yes
5786,31,Male,Marketing,Senior,Remote,Central,3.0,107000.0,Yes,5,1,1,44,161,No
5787,22,Female,Customer Support,Mid,Remote,Central,4.0,69800.0,No,3,3,1,17,181,No
5788,41,Male,Customer Support,Entry,Remote,Central,2.0,34600.0,No,4,3,1,42,187,No
5789,40,Male,Customer Support,Entry,Office,Central,10.0,28200.0,No,1,3,0,28,143,No
5790,28,Female,HR,Mid,Hybrid,East,1.0,69700.0,No,3,2,2,31,165,No
5791,38,Female,Customer Support,Mid,Remote,North,4.0,59700.0,No,3,4,0,24,159,No
5792,37,Male,Marketing,Senior,Remote,North,3.0,77700.0,No,4,4,0,14,148,No
5793,32,Female,Sales,Entry,Hybrid,East,8.0,25900.0,No,3,4,0,19,157,No
5794,31,Female,Sales,Mid,Hybrid,North,18.0,70400.0,No,2,3,0,31,186,No
5795,42,Female,Customer Support,Entry,Office,East,1.0,24000.0,No,4,4,0,17,179,No
5796,36,Female,Operations,Mid,Hybrid,West,3.0,74200.0,No,2,3,3,17,176,No
5797,33,Female,Operations,Entry,Hybrid,North,3.0,46600.0,Yes,3,3,1,36,196,No
5798,30,Female,Engineering,Mid,Remote,West,1.0,86400.0,No,3,3,0,33,167,No
5799,37,Female,Operations,Entry,Office,South,4.0,28800.0,Yes,1,4,0,12,166,No
5800,46,Male,Finance,Mid,Office,North,8.0,73100.0,No,3,4,1,42,178,No
5801,40,Female,HR,Mid,Hybrid,South,5.0,78300.0,No,5,5,0,43,149,No
5802,36,Female,Operations,Senior,Hybrid,Central,7.0,96800.0,No,2,3,2,25,186,No
5803,41,Female,Customer Support,Entry,Remote,Central,2.0,34300.0,Yes,3,3,0,7,181,No
5804,50,Female,Operations,Mid,Office,West,7.0,75000.0,No,4,3,0,11,177,No
5805,42,Female,Operations,Mid,Hybrid,West,5.0,73400.0,Yes,4,4,0,21,155,No
5806,40,Male,Marketing,Entry,Remote,East,2.0,24000.0,No,3,5,1,42,183,No
5807,44,Female,Marketing,Entry,Office,East,5.0,31700.0,No,3,4,1,30,203,No
5808,37,Male,Customer Support,Mid,Hybrid,Central,3.0,52100.0,No,5,4,1,13,180,No
5809,40,Male,Sales,Mid,Office,North,18.0,74800.0,No,4,5,0,45,158,No
5810,34,Male,Marketing,Manager,Office,South,9.0,31800.0,No,2,4,0,27,205,No
5811,24,Male,Operations,Entry,Office,North,5.0,30800.0,Yes,4,4,0,38,178,No
5812,41,Female,Sales,Senior,Office,South,11.0,85600.0,No,3,4,1,24,204,No
5813,41,Male,Marketing,Mid,Office,South,7.0,83900.0,No,3,4,0,5,150,No
5814,35,Female,Marketing,Mid,Remote,East,2.0,73200.0,Yes,2,4,0,7,156,Yes
5815,47,Female,Operations,Mid,Hybrid,West,13.0,72400.0,No,3,3,0,18,185,No
5816,32,Male,Customer Support,Manager,Office,East,1.0,54100.0,No,4,5,0,32,120,No
5817,22,Female,Finance,Mid,Hybrid,West,12.0,64600.0,Yes,4,3,1,33,207,No
5818,32,Female,IT,Senior,Hybrid,South,5.0,104500.0,Yes,3,4,0,50,195,No
5819,24,Male,Finance,Entry,Hybrid,West,4.0,34700.0,No,3,3,0,28,156,No
5820,41,Male,HR,Senior,Office,West,2.0,89500.0,No,3,3,0,27,194,No
5821,31,Male,Marketing,Manager,Hybrid,North,6.0,40900.0,No,4,2,0,16,171,No
5822,47,Female,Customer Support,Senior,Remote,West,7.0,90600.0,No,2,3,0,39,165,No
5823,47,Female,Marketing,Mid,Office,Central,6.0,71000.0,Yes,3,3,0,45,150,No
5824,30,Female,IT,Senior,Hybrid,South,5.0,84200.0,Yes,3,3,1,20,190,No
5825,31,Male,Finance,Entry,Office,South,4.0,24000.0,Yes,3,4,0,26,184,No
5826,43,Female,IT,Mid,Office,East,7.0,66700.0,No,5,2,0,32,175,Yes
5827,47,Female,Marketing,Mid,Hybrid,South,3.0,70200.0,No,2,4,0,18,147,No
5828,21,Female,IT,Mid,Office,West,4.0,70300.0,No,4,5,0,7,180,No
5829,41,Female,Operations,Mid,Hybrid,East,6.0,76400.0,Yes,4,3,0,30,190,No
5830,21,Male,Customer Support,Entry,Remote,North,5.0,28300.0,Yes,3,4,0,35,205,No
5831,33,Male,Marketing,Entry,Hybrid,Central,1.0,31600.0,No,3,2,0,17,167,No
5832,48,Female,IT,Entry,Hybrid,South,5.0,30200.0,No,3,4,1,28,160,No
5833,62,Male,Finance,Mid,Hybrid,South,5.0,70200.0,No,3,4,0,53,149,No
5834,36,Female,Operations,Senior,Office,West,5.0,100200.0,No,3,5,0,41,172,No
5835,27,Female,Operations,Senior,Hybrid,East,4.0,69300.0,No,5,3,1,34,187,No
5836,33,Female,Sales,Senior,Unknown,Central,3.0,90800.0,No,3,4,2,22,209,No
5837,39,Male,Customer Support,Senior,Hybrid,South,5.0,88900.0,No,3,3,1,36,180,No
5838,32,Female,Operations,Mid,Hybrid,East,2.0,73100.0,No,3,3,0,8,197,No
5839,30,Male,HR,Mid,Hybrid,North,12.0,66300.0,No,5,3,1,27,173,Yes
5840,34,Female,IT,Mid,Hybrid,Central,6.0,76900.0,No,3,3,0,22,185,No
5841,42,Male,Finance,Entry,Hybrid,North,6.0,34500.0,No,3,3,1,37,160,No
5842,36,Male,Finance,Mid,Hybrid,South,10.0,59500.0,No,3,4,1,4,176,No
5843,30,Male,IT,Senior,Hybrid,North,2.0,96000.0,No,3,3,0,58,150,No
5844,32,Female,Operations,Mid,Hybrid,South,3.0,60500.0,Yes,3,3,0,23,192,No
5845,34,Female,HR,Senior,Remote,Central,3.0,98300.0,Yes,3,5,0,47,213,No
5846,29,Female,Customer Support,Entry,Remote,South,6.0,24000.0,No,3,3,0,37,174,No
5847,32,Male,Engineering,Senior,Hybrid,South,2.0,86800.0,No,2,4,0,32,162,No
5848,44,Female,IT,Entry,Hybrid,Central,8.0,24000.0,No,4,3,1,31,230,No
5849,36,Male,Sales,Senior,Remote,North,6.0,93200.0,No,3,4,0,29,194,No
5850,22,Female,Customer Support,Entry,Office,Central,3.0,24000.0,No,5,3,1,22,201,No
5851,47,Male,Engineering,Mid,Office,Central,1.0,58600.0,Yes,4,1,1,33,179,No
5852,42,Female,Customer Support,Mid,Remote,South,6.0,73700.0,No,4,3,1,26,150,No
5853,26,Male,Sales,Entry,Hybrid,North,1.0,36700.0,No,5,3,1,35,167,No
5854,35,Male,IT,Mid,Remote,West,3.0,75600.0,No,4,3,0,33,173,No
5855,31,Male,Sales,Entry,Remote,West,4.0,24000.0,Yes,3,4,0,23,170,No
5856,44,Male,Customer Support,Mid,Office,South,4.0,70800.0,No,3,5,0,22,149,No
5857,35,Female,Operations,Senior,Office,West,3.0,100100.0,Yes,5,2,1,31,170,No
5858,37,Female,Operations,Mid,Office,South,8.0,70800.0,No,2,3,0,33,148,No
5859,36,Female,Operations,Mid,Hybrid,North,2.0,74900.0,Yes,2,4,0,22,144,No
5860,25,Female,IT,Senior,Office,East,3.0,90100.0,No,2,4,0,16,155,No
5861,51,Female,Operations,Mid,Hybrid,East,5.0,68500.0,Yes,3,4,0,31,165,No
5862,44,Male,Sales,Senior,Hybrid,North,5.0,88100.0,No,3,4,0,32,166,No
5863,31,Male,Operations,Mid,Hybrid,South,2.0,77500.0,No,3,3,0,29,168,No
5864,40,Female,Marketing,Mid,Remote,East,5.0,78100.0,Yes,4,3,0,27,207,No
5865,47,Female,Marketing,Entry,Office,West,3.0,24000.0,No,2,4,0,38,168,No
5866,39,Female,Finance,Entry,Office,West,3.0,34800.0,Yes,3,3,0,16,134,No
5867,52,Male,Customer Support,Mid,Remote,South,6.0,59200.0,No,4,3,0,18,164,No
5868,62,Male,Marketing,Senior,Hybrid,West,2.0,92500.0,No,3,3,1,21,165,No
5869,37,Female,Sales,Entry,Office,West,4.0,24000.0,Yes,2,3,2,27,125,No
5870,33,Female,IT,Senior,Office,North,4.0,83800.0,No,2,3,0,20,170,No
5871,29,Male,Operations,Mid,Hybrid,East,6.0,59700.0,No,3,3,2,21,159,No
5872,21,Male,IT,Mid,Hybrid,North,3.0,66100.0,No,3,3,0,39,168,Yes
5873,49,Male,Sales,Senior,Hybrid,West,6.0,99600.0,No,3,5,0,27,174,No
5874,35,Male,IT,Senior,Hybrid,East,8.0,93300.0,No,4,4,1,38,167,No
5875,46,Female,IT,Mid,Office,Central,8.0,66700.0,No,4,3,0,28,167,No
5876,48,Male,HR,Entry,Hybrid,North,2.0,26400.0,Yes,3,5,0,19,159,No
5877,28,Male,Operations,Entry,Hybrid,South,7.0,24000.0,No,5,3,1,41,180,No
5878,30,Male,IT,Entry,Hybrid,North,8.0,33100.0,No,4,5,1,23,161,No
5879,54,Female,Marketing,Senior,Hybrid,South,13.0,73800.0,No,3,3,0,32,182,No
5880,37,Male,IT,Mid,Hybrid,West,2.0,65600.0,No,4,4,0,37,147,No
5881,32,Male,Finance,Mid,Hybrid,North,11.0,71300.0,Yes,5,3,1,26,161,No
5882,29,Female,IT,Entry,Hybrid,West,1.0,32000.0,No,5,3,1,25,179,No
5883,37,Female,Customer Support,Mid,Hybrid,South,8.0,74200.0,No,4,5,1,19,147,No
5884,52,Female,Engineering,Mid,Hybrid,South,9.0,71600.0,No,4,3,2,29,158,No
5885,44,Female,Operations,Mid,Remote,West,8.0,85100.0,No,4,4,3,19,180,No
5886,40,Female,Sales,Mid,Office,West,1.0,90100.0,No,5,4,0,25,154,Yes
5887,52,Male,IT,Manager,Office,North,10.0,50100.0,No,2,3,0,24,193,No
5888,51,Male,IT,Senior,Remote,Central,18.0,93100.0,No,5,4,1,21,170,No
5889,41,Female,Customer Support,Mid,Remote,West,2.0,70600.0,No,4,3,0,31,163,No
5890,62,Male,Sales,Entry,Hybrid,South,4.0,24000.0,No,3,3,0,42,181,No
5891,36,Female,Engineering,Senior,Hybrid,North,3.0,97400.0,No,2,3,0,37,171,No
5892,48,Male,Operations,Senior,Hybrid,South,7.0,105400.0,No,2,4,1,5,170,No
5893,34,Female,Operations,Senior,Office,North,3.0,71600.0,Yes,4,2,0,28,165,No
5894,46,Female,Customer Support,Mid,Hybrid,North,7.0,70500.0,Yes,5,4,0,55,166,No
5895,36,Female,Sales,Entry,Remote,South,4.0,41400.0,Yes,3,2,0,29,148,No
5896,42,Female,Customer Support,Senior,Hybrid,North,5.0,97500.0,No,3,4,1,24,182,No
5897,60,Male,Sales,Mid,Remote,East,4.0,75700.0,No,4,5,0,43,157,Yes
5898,47,Female,Customer Support,Mid,Remote,West,1.0,57600.0,No,4,3,1,28,189,No
5899,42,Male,Operations,Mid,Hybrid,South,5.0,78300.0,Yes,5,4,1,42,151,No
5900,31,Male,Sales,Mid,Hybrid,North,1.0,81100.0,No,3,4,0,26,193,No
5901,40,Female,Customer Support,Mid,Office,East,1.0,73800.0,No,4,3,0,33,154,No
5902,29,Female,Sales,Mid,Office,Central,10.0,66100.0,Yes,5,3,0,20,184,Yes
5903,46,Female,Sales,Mid,Hybrid,West,7.0,76000.0,No,2,4,1,40,161,No
5904,46,Male,Customer Support,Mid,Remote,South,6.0,62700.0,No,3,4,0,27,173,No
5905,36,Female,HR,Entry,Office,South,5.0,24000.0,No,3,5,0,30,157,No
5906,53,Male,Customer Support,Manager,Office,South,16.0,57200.0,No,4,3,0,39,154,No
5907,52,Male,Operations,Mid,Remote,North,5.0,81900.0,No,5,4,0,33,162,No
5908,39,Male,Operations,Mid,Hybrid,East,4.0,65300.0,No,3,3,1,26,182,No
5909,43,Male,IT,Mid,Office,South,4.0,61500.0,No,5,3,0,11,182,No
5910,33,Male,Sales,Mid,Hybrid,North,9.0,64100.0,Yes,3,3,0,27,180,No
5911,36,Female,Engineering,Mid,Hybrid,West,5.0,73800.0,No,3,3,0,24,174,No
5912,28,Female,Sales,Entry,Hybrid,South,6.0,24000.0,No,5,4,2,28,211,No
5913,34,Female,Operations,Senior,Hybrid,West,10.0,105600.0,No,4,4,0,25,153,No
5914,37,Female,IT,Entry,Hybrid,South,6.0,24000.0,Yes,3,4,0,43,167,No
5915,23,Female,IT,Manager,Office,East,8.0,53300.0,Yes,3,4,0,34,120,Yes
5916,43,Male,Operations,Mid,Hybrid,North,3.0,65300.0,No,5,5,1,24,178,No
5917,47,Male,Customer Support,Entry,Office,East,2.0,33300.0,No,3,4,2,36,152,No
5918,38,Female,Customer Support,Mid,Office,East,12.0,78000.0,No,4,3,2,45,169,No
5919,21,Male,Customer Support,Mid,Hybrid,Central,8.0,56900.0,No,3,3,0,20,155,No
5920,36,Male,IT,Manager,Remote,Central,7.0,43900.0,Yes,3,3,1,25,166,No
5921,25,Female,HR,Senior,Office,South,6.0,92600.0,Yes,3,3,0,20,172,No
5922,33,Male,Sales,Mid,Hybrid,North,5.0,67300.0,No,4,2,0,32,155,No
5923,51,Female,Marketing,Mid,Hybrid,East,3.0,79800.0,Yes,2,2,1,53,176,No
5924,21,Male,Finance,Manager,Hybrid,West,3.0,44600.0,Yes,3,4,2,42,161,No
5925,31,Female,Operations,Mid,Office,North,2.0,78400.0,No,4,4,0,24,156,No
5926,45,Female,IT,Mid,Remote,South,1.0,76400.0,No,4,4,0,36,182,No
5927,32,Female,Customer Support,Mid,Hybrid,West,2.0,71000.0,No,3,3,0,43,174,No
5928,31,Female,Customer Support,Mid,Hybrid,East,3.0,78800.0,Yes,2,3,1,8,135,No
5929,56,Male,Customer Support,Senior,Office,South,12.0,80200.0,No,4,2,2,16,163,No
5930,41,Male,Sales,Mid,Hybrid,West,1.0,71400.0,No,4,3,1,39,150,No
5931,46,Female,Engineering,Senior,Office,North,5.0,87000.0,No,4,3,0,10,196,No
5932,42,Male,IT,Mid,Hybrid,North,12.0,71000.0,Yes,5,2,1,29,155,No
5933,39,Female,Finance,Mid,Hybrid,South,9.0,67800.0,No,3,4,0,37,157,No
5934,49,Female,IT,Mid,Office,West,5.0,72500.0,No,2,3,1,32,170,No
5935,55,Male,IT,Senior,Office,West,3.0,94100.0,Yes,3,4,1,27,179,No
5936,23,Female,Operations,Mid,Hybrid,North,1.0,73200.0,No,3,2,0,45,156,No
5937,38,Female,IT,Senior,Hybrid,North,5.0,95600.0,No,3,4,0,38,172,No
5938,38,Male,Finance,Mid,Office,North,7.0,77200.0,No,3,4,0,54,175,No
5939,34,Female,Operations,Mid,Office,South,3.0,60700.0,Yes,4,3,0,15,137,No
5940,47,Male,Customer Support,Senior,Remote,North,10.0,98600.0,Yes,3,5,0,22,179,No
5941,40,Male,Marketing,Senior,Hybrid,West,4.0,80400.0,No,2,3,1,27,159,No
5942,55,Female,Operations,Mid,Hybrid,West,6.0,46900.0,No,4,4,0,44,147,No
5943,48,Male,Sales,Senior,Office,Central,5.0,111800.0,Yes,4,2,1,37,205,No
5944,50,Female,Customer Support,Entry,Hybrid,East,10.0,24000.0,Yes,2,3,1,23,152,No
5945,27,Female,Sales,Entry,Hybrid,North,10.0,24000.0,No,4,3,0,16,184,No
5946,31,Female,IT,Senior,Hybrid,North,7.0,77200.0,No,2,4,1,15,179,No
5947,31,Male,Sales,Senior,Office,South,4.0,89900.0,No,3,4,2,49,137,No
5948,50,Male,Marketing,Entry,Hybrid,East,4.0,29900.0,Yes,2,3,0,28,155,No
5949,29,Female,Finance,Manager,Hybrid,North,17.0,52200.0,No,3,4,0,30,148,No
5950,30,Male,Operations,Mid,Office,North,13.0,61100.0,No,4,4,0,16,187,No
5951,28,Female,Finance,Senior,Hybrid,North,5.0,90000.0,No,4,3,1,28,185,No
5952,62,Female,HR,Senior,Hybrid,West,2.0,97300.0,No,3,2,1,18,201,No
5953,37,Male,HR,Senior,Hybrid,North,8.0,96100.0,No,4,4,1,30,150,No
5954,43,Male,Sales,Senior,Hybrid,West,3.0,95200.0,Yes,4,4,1,24,216,No
5955,28,Female,HR,Manager,Office,Central,11.0,56800.0,No,4,4,0,19,188,No
5956,47,Male,Operations,Mid,Hybrid,South,3.0,71000.0,No,4,4,0,42,202,No
5957,22,Female,Operations,Entry,Remote,West,3.0,40500.0,No,4,4,0,43,172,No
5958,29,Male,Sales,Mid,Remote,South,2.0,69400.0,No,3,4,2,34,164,No
5959,31,Male,Marketing,Senior,Office,West,14.0,100300.0,No,3,3,0,6,153,No
5960,40,Male,Finance,Entry,Office,South,2.0,34600.0,Yes,4,2,0,15,195,No
5961,31,Male,Sales,Manager,Office,South,8.0,35200.0,No,4,4,1,16,167,No
5962,52,Male,IT,Entry,Office,Central,4.0,32000.0,Yes,5,4,1,51,167,No
5963,43,Female,Operations,Senior,Hybrid,East,3.0,88200.0,No,1,4,0,41,192,No
5964,32,Female,Finance,Mid,Remote,North,3.0,62900.0,No,4,5,0,44,186,Yes
5965,47,Female,Marketing,Senior,Hybrid,North,11.0,90200.0,No,3,4,2,19,166,No
5966,34,Female,IT,Manager,Hybrid,Central,18.0,51500.0,No,4,3,0,10,173,No
5967,33,Male,Customer Support,Mid,Office,South,10.0,57900.0,No,2,3,2,40,176,No
5968,46,Female,IT,Mid,Hybrid,North,1.0,72200.0,No,3,4,3,4,171,No
5969,21,Female,Operations,Entry,Remote,East,8.0,26000.0,No,2,4,0,29,193,No
5970,45,Female,Customer Support,Senior,Hybrid,South,4.0,103300.0,Yes,3,3,1,35,180,No
5971,32,Female,Finance,Senior,Hybrid,West,4.0,88300.0,No,4,1,2,15,164,No
5972,32,Male,Sales,Mid,Hybrid,East,5.0,82700.0,Yes,4,3,0,46,196,No
5973,56,Female,Operations,Entry,Office,East,5.0,31500.0,No,5,4,0,25,158,No
5974,33,Male,Engineering,Mid,Office,Central,7.0,71700.0,No,3,2,0,32,168,No
5975,47,Male,Engineering,Entry,Hybrid,East,4.0,39500.0,No,3,4,1,34,166,No
5976,41,Male,IT,Senior,Hybrid,West,9.0,111300.0,No,5,4,1,30,162,No
5977,41,Male,Marketing,Entry,Hybrid,East,5.0,26100.0,No,2,3,0,21,164,No
5978,36,Female,Finance,Manager,Unknown,West,5.0,43300.0,No,4,4,1,18,189,No
5979,35,Male,IT,Manager,Remote,South,5.0,53900.0,No,4,3,1,33,172,No
5980,52,Male,Marketing,Senior,Office,South,8.0,81200.0,No,1,3,0,36,204,No
5981,46,Female,Operations,Mid,Hybrid,Central,3.0,60300.0,No,2,3,0,40,160,No
5982,34,Male,Operations,Entry,Office,East,7.0,39800.0,No,2,5,0,26,159,No
5983,29,Female,Customer Support,Senior,Hybrid,West,5.0,99100.0,No,4,3,0,29,145,No
5984,33,Female,Finance,Senior,Hybrid,West,11.0,86300.0,Yes,3,3,1,17,144,No
5985,47,Female,Marketing,Manager,Remote,West,4.0,78200.0,No,3,4,2,40,155,No
5986,49,Female,Finance,Mid,Office,North,9.0,59600.0,No,2,3,1,18,154,No
5987,43,Male,Sales,Entry,Office,South,6.0,33600.0,Yes,3,5,0,35,159,No
5988,23,Female,Finance,Manager,Office,Central,11.0,42800.0,Yes,3,3,0,40,174,No
5989,45,Female,Engineering,Senior,Remote,East,5.0,110000.0,No,3,4,0,40,154,No
5990,50,Male,Operations,Entry,Hybrid,North,3.0,24000.0,No,3,5,0,12,204,No
5991,40,Female,Sales,Senior,Hybrid,South,3.0,91400.0,Yes,5,4,0,9,168,No
5992,56,Male,Marketing,Entry,Office,North,5.0,24000.0,No,4,3,1,17,187,No
5993,26,Female,Engineering,Mid,Remote,South,5.0,90700.0,No,2,4,0,15,153,No
5994,44,Male,Engineering,Mid,Hybrid,North,4.0,66400.0,Yes,4,5,0,53,163,Yes
5995,29,Female,Operations,Mid,Remote,West,6.0,76300.0,Yes,4,2,0,32,177,No
5996,48,Female,Finance,Entry,Hybrid,South,0.5,28000.0,Yes,3,4,0,13,179,No
5997,44,Male,Operations,Entry,Remote,Central,4.0,24000.0,No,4,4,0,16,188,No
5998,54,Male,Customer Support,Mid,Office,West,5.0,52000.0,No,4,5,0,47,145,No
5999,42,Female,Customer Support,Entry,Remote,East,1.0,25900.0,No,3,4,1,44,223,No
6000,34,Female,Customer Support,Mid,Hybrid,North,2.0,69600.0,Yes,2,4,0,12,203,No
6001,34,Male,HR,Mid,Office,North,2.0,74900.0,Yes,4,4,1,37,175,No
6002,36,Male,Sales,Senior,Hybrid,East,4.0,113300.0,No,3,3,2,24,177,No
6003,33,Female,Operations,Mid,Hybrid,South,4.0,77800.0,No,4,3,1,26,175,No
6004,50,Male,IT,Entry,Hybrid,West,4.0,35700.0,No,2,4,1,12,151,No
6005,49,Female,Sales,Entry,Office,East,1.0,25300.0,Yes,4,3,3,23,143,No
6006,25,Female,Operations,Senior,Office,South,9.0,82200.0,Yes,3,3,0,16,148,No
6007,38,Male,Operations,Senior,Hybrid,East,11.0,91500.0,No,3,5,2,43,145,No
6008,39,Female,Customer Support,Manager,Hybrid,South,1.0,43400.0,No,3,5,0,16,204,No
6009,31,Female,Customer Support,Manager,Office,East,4.0,49500.0,No,2,1,0,42,161,No
6010,42,Male,Customer Support,Mid,Office,North,4.0,67600.0,No,4,4,0,23,193,No
6011,51,Male,Customer Support,Senior,Office,East,6.0,78900.0,No,5,3,2,5,166,No
6012,46,Female,Marketing,Mid,Hybrid,South,3.0,83400.0,No,3,4,0,20,168,Yes
6013,50,Male,Sales,Senior,Hybrid,West,9.0,92700.0,No,3,4,0,13,166,No
6014,32,Female,Operations,Manager,Hybrid,South,2.0,47000.0,No,3,5,0,33,159,No
6015,38,Female,Sales,Senior,Hybrid,West,7.0,84100.0,Yes,3,3,0,13,206,No
6016,31,Male,Sales,Mid,Office,North,6.0,67700.0,Yes,3,3,3,22,173,No
6017,40,Female,IT,Mid,Hybrid,Central,2.0,64200.0,No,3,3,1,31,199,Yes
6018,41,Male,Customer Support,Mid,Hybrid,South,4.0,61300.0,Yes,3,3,0,13,175,No
6019,47,Female,Marketing,Mid,Office,South,2.0,73500.0,Yes,4,3,0,44,199,No
6020,50,Female,Engineering,Senior,Remote,East,15.0,89800.0,No,3,4,2,30,173,No
6021,44,Male,Engineering,Senior,Office,South,4.0,100700.0,No,5,4,0,28,165,No
6022,30,Female,Customer Support,Entry,Remote,South,3.0,24800.0,Yes,3,3,0,9,141,No
6023,26,Male,Sales,Senior,Hybrid,North,1.0,95000.0,No,3,4,0,21,186,No
6024,43,Female,Customer Support,Mid,Hybrid,South,6.0,72800.0,Yes,3,2,0,24,201,No
6025,52,Female,Customer Support,Mid,Hybrid,South,4.0,75500.0,No,3,2,2,12,191,Yes
6026,38,Male,Customer Support,Mid,Hybrid,West,7.0,64400.0,No,3,4,1,37,162,No
6027,24,Male,IT,Mid,Remote,North,12.0,80100.0,Yes,4,3,0,27,187,No
6028,57,Male,Sales,Senior,Office,North,8.0,83400.0,Yes,2,5,1,17,150,No
6029,42,Male,Engineering,Senior,Hybrid,East,2.0,94400.0,Yes,2,3,1,23,151,No
6030,40,Female,IT,Senior,Hybrid,East,3.0,83200.0,No,4,4,0,27,157,No
6031,27,Female,Finance,Mid,Remote,South,1.0,70900.0,No,4,4,0,51,157,No
6032,38,Male,HR,Mid,Hybrid,Central,3.0,80000.0,No,2,4,0,32,183,No
6033,44,Male,Sales,Entry,Office,South,9.0,33000.0,No,4,3,1,17,187,No
6034,43,Male,Sales,Mid,Hybrid,South,3.0,81500.0,No,4,4,2,19,163,No
6035,32,Female,Engineering,Mid,Remote,South,7.0,69300.0,No,4,3,2,22,203,No
6036,37,Male,Customer Support,Mid,Hybrid,South,3.0,80200.0,No,2,4,1,34,161,No
6037,32,Male,Engineering,Senior,Office,West,8.0,87800.0,No,2,4,0,32,194,No
6038,53,Male,IT,Mid,Office,Central,2.0,67900.0,No,3,3,0,32,164,Yes
6039,46,Male,IT,Senior,Remote,West,2.0,95200.0,No,5,4,2,26,171,No
6040,33,Female,HR,Mid,Hybrid,South,15.0,79700.0,No,3,2,1,8,172,No
6041,27,Female,HR,Mid,Office,South,2.0,67100.0,No,4,4,1,33,188,No
6042,41,Male,Sales,Senior,Remote,West,9.0,100300.0,No,3,4,0,17,167,No
6043,34,Male,Customer Support,Senior,Hybrid,West,7.0,96100.0,Yes,5,3,0,33,137,No
6044,34,Male,Engineering,Senior,Hybrid,West,3.0,97000.0,Yes,3,3,1,12,186,No
6045,28,Female,Operations,Senior,Hybrid,Central,3.0,86300.0,No,2,3,0,27,171,No
6046,29,Female,Finance,Entry,Hybrid,North,4.0,24500.0,No,3,3,0,36,206,No
6047,39,Female,Finance,Manager,Remote,East,9.0,49200.0,Yes,3,4,0,51,145,No
6048,36,Male,Sales,Manager,Remote,East,3.0,53000.0,Yes,4,4,0,20,167,No
6049,60,Male,IT,Mid,Hybrid,Central,7.0,64700.0,Yes,3,4,2,44,139,Yes
6050,43,Female,Operations,Entry,Hybrid,North,6.0,24000.0,No,3,5,1,39,173,No
6051,28,Male,HR,Mid,Hybrid,East,6.0,52800.0,No,5,4,2,23,173,No
6052,24,Female,Operations,Senior,Hybrid,North,15.0,100700.0,Yes,3,2,0,27,199,No
6053,42,Male,Customer Support,Manager,Hybrid,North,7.0,58500.0,No,4,3,0,20,181,No
6054,34,Male,IT,Senior,Office,North,6.0,75900.0,No,3,5,0,18,161,No
6055,50,Female,Sales,Mid,Remote,Central,1.0,72700.0,No,3,3,0,10,173,No
6056,41,Female,Sales,Entry,Remote,South,11.0,24600.0,No,4,3,1,15,191,No
6057,21,Female,Sales,Mid,Hybrid,South,8.0,83000.0,No,1,4,0,4,136,No
6058,29,Male,Operations,Mid,Office,East,6.0,70100.0,No,4,3,0,29,182,No
6059,32,Female,Customer Support,Entry,Office,West,4.0,32900.0,No,3,5,0,45,157,No
6060,42,Female,Customer Support,Entry,Office,North,1.0,24200.0,Yes,4,3,2,30,164,No
6061,29,Female,Operations,Entry,Hybrid,East,7.0,24000.0,No,3,5,1,28,171,No
6062,39,Male,HR,Entry,Hybrid,East,5.0,34900.0,No,3,3,1,20,141,No
6063,26,Male,IT,Senior,Hybrid,West,14.0,103700.0,No,4,3,1,50,141,No
6064,38,Male,HR,Mid,Office,South,7.0,60600.0,No,3,3,1,40,184,No
6065,41,Male,Finance,Mid,Hybrid,South,5.0,82300.0,No,5,3,1,12,163,No
6066,51,Female,Customer Support,Mid,Remote,West,17.0,63200.0,No,3,4,0,52,170,No
6067,40,Male,Operations,Manager,Office,Central,5.0,29000.0,Yes,5,2,0,46,176,No
6068,31,Female,IT,Senior,Hybrid,South,14.0,94100.0,Yes,2,3,1,15,146,No
6069,51,Male,IT,Mid,Hybrid,West,1.0,76600.0,No,3,4,0,37,156,No
6070,36,Male,Sales,Senior,Hybrid,West,18.0,80400.0,No,4,2,0,25,153,No
6071,45,Male,Engineering,Senior,Hybrid,North,9.0,76200.0,No,3,2,2,4,124,No
6072,32,Female,Sales,Mid,Office,Central,2.0,67500.0,Yes,2,3,1,17,167,No
6073,39,Female,Sales,Mid,Office,South,16.0,66300.0,No,3,4,1,37,168,No
6074,31,Female,IT,Mid,Hybrid,North,1.0,84300.0,No,4,3,1,35,180,No
6075,41,Female,Customer Support,Mid,Hybrid,Central,2.0,72100.0,No,3,4,0,61,178,No
6076,45,Female,Operations,Mid,Office,East,7.0,78600.0,Yes,5,3,2,30,136,No
6077,34,Male,Operations,Entry,Hybrid,West,11.0,29900.0,No,4,5,0,6,137,No
6078,33,Male,Finance,Mid,Office,East,6.0,86100.0,No,3,4,0,16,159,No
6079,41,Female,Sales,Mid,Office,Central,1.0,64000.0,No,1,3,0,22,175,No
6080,31,Female,Customer Support,Mid,Hybrid,West,3.0,71200.0,Yes,2,3,3,24,161,No
6081,24,Female,IT,Mid,Hybrid,West,3.0,57900.0,No,3,2,0,23,155,No
6082,41,Male,Sales,Entry,Office,East,6.0,35300.0,Yes,2,4,0,31,197,No
6083,37,Male,Operations,Mid,Hybrid,North,4.0,82000.0,Yes,3,2,2,45,182,No
6084,37,Male,Sales,Mid,Hybrid,North,10.0,79900.0,No,4,3,0,32,185,Yes
6085,43,Female,Sales,Senior,Hybrid,West,1.0,92900.0,No,3,3,1,4,178,No
6086,44,Male,Customer Support,Mid,Remote,South,7.0,58600.0,No,3,2,0,32,149,No
6087,37,Female,Operations,Entry,Office,North,2.0,27200.0,No,5,3,0,6,186,No
6088,28,Male,IT,Entry,Hybrid,North,12.0,24000.0,No,3,4,0,19,221,Yes
6089,32,Female,Finance,Mid,Hybrid,South,7.0,80300.0,No,3,3,0,48,183,No
6090,43,Female,Marketing,Entry,Hybrid,Central,4.0,24200.0,No,3,4,1,4,169,No
6091,39,Female,Sales,Mid,Hybrid,North,4.0,68000.0,No,3,4,3,51,140,No
6092,33,Female,Sales,Mid,Hybrid,East,6.0,91600.0,No,3,3,0,33,156,No
6093,31,Female,Operations,Manager,Office,South,10.0,57200.0,No,5,3,1,31,185,No
6094,44,Male,Operations,Mid,Office,South,6.0,81700.0,No,4,3,2,11,184,No
6095,36,Male,Engineering,Entry,Office,East,4.0,24000.0,No,5,3,0,28,150,No
6096,45,Female,Finance,Mid,Hybrid,Central,2.0,62100.0,Yes,4,5,2,21,181,No
6097,46,Female,Sales,Senior,Remote,East,4.0,103600.0,No,5,4,0,17,152,No
6098,35,Male,Operations,Entry,Hybrid,Central,10.0,41400.0,No,2,2,0,25,188,No
6099,47,Female,Operations,Manager,Hybrid,Central,8.0,38400.0,No,4,3,1,55,183,No
6100,39,Female,Sales,Mid,Remote,Central,11.0,67300.0,No,3,3,0,36,191,No
6101,40,Male,Operations,Entry,Office,South,2.0,24000.0,No,3,4,0,24,161,No
6102,21,Female,IT,Entry,Hybrid,North,1.0,32300.0,No,3,5,0,31,186,No
6103,29,Female,Customer Support,Senior,Office,West,8.0,103800.0,No,3,4,0,22,173,No
6104,30,Male,Customer Support,Manager,Office,East,1.0,46700.0,Yes,2,3,0,35,179,No
6105,35,Female,HR,Senior,Hybrid,North,11.0,90700.0,Yes,4,3,1,12,172,No
6106,39,Female,Engineering,Mid,Hybrid,West,8.0,54400.0,Yes,2,5,0,37,154,No
6107,39,Male,Engineering,Senior,Office,North,6.0,85400.0,No,5,3,1,9,178,No
6108,41,Female,Sales,Entry,Office,East,2.0,41600.0,No,3,2,2,24,180,No
6109,32,Female,Finance,Mid,Hybrid,South,5.0,76400.0,Yes,4,4,2,40,149,No
6110,44,Male,Operations,Mid,Hybrid,Central,4.0,80300.0,Yes,4,3,1,49,182,No
6111,54,Female,Sales,Manager,Hybrid,North,6.0,46700.0,No,2,4,1,4,181,No
6112,35,Male,Finance,Mid,Office,South,13.0,69500.0,Yes,4,3,2,13,157,No
6113,32,Female,IT,Mid,Hybrid,North,2.0,72200.0,No,4,3,0,27,176,No
6114,32,Female,Engineering,Entry,Hybrid,West,4.0,30900.0,No,4,1,1,36,159,No
6115,39,Female,HR,Mid,Remote,Central,4.0,84400.0,No,4,4,1,20,183,Yes
6116,33,Male,Customer Support,Entry,Office,Central,12.0,24000.0,Yes,4,3,1,27,153,No
6117,22,Male,Finance,Senior,Hybrid,North,5.0,92800.0,No,3,3,0,28,197,No
6118,25,Male,Sales,Entry,Hybrid,East,7.0,24000.0,Yes,3,4,0,26,196,Yes
6119,47,Female,Customer Support,Mid,Office,West,12.0,54300.0,No,3,3,2,27,187,No
6120,50,Female,Sales,Entry,Remote,South,6.0,36300.0,No,3,5,0,28,210,No
6121,52,Male,Sales,Mid,Hybrid,South,4.0,87700.0,No,4,2,2,47,200,No
6122,40,Male,Finance,Mid,Remote,South,11.0,78900.0,No,4,3,1,25,190,No
6123,29,Male,Marketing,Mid,Office,East,13.0,74100.0,No,4,4,0,43,202,No
6124,34,Male,Finance,Mid,Office,North,7.0,88700.0,No,4,3,1,27,169,No
6125,25,Female,Sales,Mid,Office,West,3.0,76100.0,Yes,4,3,2,19,160,No
6126,24,Male,Finance,Manager,Hybrid,Central,3.0,57200.0,No,3,5,0,25,191,No
6127,40,Female,IT,Mid,Hybrid,West,13.0,73300.0,No,5,4,1,7,169,No
6128,43,Female,Sales,Mid,Hybrid,Central,8.0,74600.0,Yes,4,5,2,15,189,No
6129,56,Male,Operations,Senior,Hybrid,Central,4.0,92800.0,No,3,4,0,19,156,No
6130,37,Male,Sales,Mid,Office,South,1.0,79500.0,Yes,4,4,2,29,158,No
6131,26,Female,IT,Senior,Hybrid,South,8.0,84200.0,No,3,3,0,48,142,No
6132,37,Male,Operations,Manager,Remote,South,7.0,53800.0,No,4,2,1,24,149,No
6133,35,Male,Marketing,Senior,Hybrid,East,8.0,86300.0,No,4,4,0,15,178,Yes
6134,34,Male,IT,Mid,Hybrid,Central,2.0,76600.0,No,2,4,0,38,143,No
6135,41,Female,Finance,Senior,Office,East,4.0,115500.0,Yes,5,4,0,30,151,No
6136,27,Female,IT,Mid,Hybrid,East,10.0,78300.0,No,3,3,3,42,155,No
6137,39,Female,Engineering,Mid,Hybrid,Central,0.5,82600.0,No,3,3,1,40,163,No
6138,44,Female,IT,Manager,Hybrid,East,4.0,58100.0,Yes,3,5,1,35,173,No
6139,51,Female,IT,Entry,Hybrid,North,1.0,24000.0,No,4,4,2,32,210,No
6140,41,Male,HR,Senior,Hybrid,West,2.0,92800.0,Yes,4,2,1,40,187,No
6141,47,Male,IT,Mid,Office,South,9.0,76000.0,No,5,3,0,39,159,No
6142,34,Male,IT,Entry,Remote,West,4.0,24000.0,No,3,3,3,39,171,No
6143,35,Male,Sales,Mid,Hybrid,West,2.0,69400.0,No,4,1,0,39,160,No
6144,50,Male,Operations,Senior,Hybrid,South,7.0,93300.0,No,2,3,2,27,189,No
6145,26,Female,Operations,Mid,Office,Central,3.0,60900.0,Yes,2,5,1,18,182,No
6146,34,Female,Operations,Senior,Hybrid,West,4.0,85300.0,No,3,2,1,28,160,No
6147,48,Female,Customer Support,Mid,Hybrid,North,5.0,84000.0,Yes,4,3,1,23,179,No
6148,36,Female,Finance,Senior,Hybrid,North,11.0,61800.0,No,3,2,0,17,180,No
6149,35,Male,Engineering,Mid,Hybrid,North,5.0,74400.0,No,4,2,1,47,172,No
6150,36,Male,Marketing,Senior,Hybrid,East,4.0,104500.0,No,3,2,0,28,179,No
6151,39,Female,Customer Support,Entry,Hybrid,North,6.0,27800.0,No,3,3,3,15,183,No
6152,48,Female,Marketing,Mid,Hybrid,South,7.0,84700.0,Yes,5,5,0,44,214,No
6153,46,Female,Finance,Senior,Hybrid,North,3.0,90200.0,No,3,4,1,29,195,No
6154,38,Female,IT,Entry,Hybrid,North,4.0,24000.0,No,4,3,1,40,152,No
6155,48,Female,HR,Mid,Hybrid,South,5.0,71900.0,Yes,2,5,1,24,176,Yes
6156,41,Female,Sales,Senior,Hybrid,South,10.0,90600.0,Yes,4,3,1,35,214,No
6157,46,Female,HR,Senior,Hybrid,South,0.5,88900.0,No,3,3,0,36,178,Yes
6158,29,Female,Sales,Senior,Hybrid,East,6.0,92400.0,No,5,3,1,29,208,No
6159,54,Male,Sales,Senior,Hybrid,South,8.0,86900.0,No,3,2,0,20,223,No
6160,40,Female,Engineering,Manager,Hybrid,South,10.0,42500.0,No,3,2,1,33,152,Yes
6161,21,Female,Marketing,Mid,Hybrid,South,1.0,61900.0,No,3,4,0,35,170,No
6162,53,Female,Operations,Mid,Unknown,North,1.0,75700.0,No,3,4,1,14,172,No
6163,38,Female,Finance,Senior,Hybrid,East,3.0,85000.0,Yes,3,2,1,57,145,No
6164,34,Female,Operations,Senior,Hybrid,South,7.0,82800.0,Yes,4,4,1,48,199,No
6165,33,Male,Customer Support,Entry,Office,South,9.0,24000.0,Yes,4,4,0,30,178,No
6166,42,Female,Operations,Mid,Hybrid,West,1.0,73900.0,No,3,3,1,38,138,No
6167,30,Female,Operations,Mid,Hybrid,West,6.0,78000.0,No,3,3,0,28,177,No
6168,33,Male,HR,Senior,Hybrid,Central,9.0,100800.0,Yes,5,4,0,20,155,No
6169,33,Male,Finance,Mid,Hybrid,West,3.0,73900.0,No,5,4,0,39,171,No
6170,35,Male,Marketing,Senior,Office,North,6.0,98800.0,No,3,5,0,18,121,No
6171,33,Female,Engineering,Senior,Hybrid,North,2.0,93500.0,Yes,4,4,0,32,167,No
6172,46,Female,HR,Entry,Hybrid,North,7.0,32100.0,No,5,2,0,20,188,No
6173,40,Male,Finance,Mid,Remote,North,4.0,76000.0,No,5,2,1,18,163,No
6174,42,Male,HR,Mid,Hybrid,West,4.0,65400.0,No,4,3,1,30,135,No
6175,43,Female,HR,Entry,Office,East,6.0,24000.0,No,4,4,0,41,170,No
6176,37,Female,Engineering,Mid,Hybrid,East,1.0,84200.0,No,4,4,3,31,167,No
6177,29,Male,Marketing,Mid,Remote,East,3.0,73100.0,No,2,3,0,29,202,No
6178,54,Male,Finance,Senior,Office,North,9.0,103500.0,No,4,2,1,6,180,No
6179,46,Male,Finance,Mid,Remote,South,1.0,62100.0,No,5,5,1,26,166,No
6180,53,Female,HR,Entry,Hybrid,Central,1.0,24400.0,No,3,5,1,11,147,No
6181,47,Female,Sales,Mid,Remote,North,3.0,59600.0,No,2,2,0,29,170,No
6182,34,Male,Operations,Senior,Hybrid,North,5.0,99800.0,Yes,4,4,1,28,210,No
6183,21,Female,Customer Support,Mid,Remote,Central,5.0,66500.0,No,2,4,1,27,179,No
6184,27,Female,Marketing,Mid,Hybrid,Central,14.0,67000.0,Yes,2,4,0,28,184,No
6185,44,Male,IT,Manager,Office,North,6.0,67600.0,No,2,5,1,34,122,No
6186,37,Female,Marketing,Entry,Hybrid,West,6.0,34000.0,No,2,5,0,35,189,No
6187,34,Male,Marketing,Mid,Hybrid,South,10.0,77900.0,No,4,4,0,32,173,No
6188,21,Male,IT,Mid,Remote,South,2.0,61200.0,Yes,4,3,0,40,171,No
6189,38,Female,Operations,Senior,Remote,North,6.0,77300.0,Yes,5,3,0,4,174,No
6190,28,Male,Operations,Senior,Hybrid,South,7.0,102700.0,No,4,3,0,16,175,No
6191,31,Female,Customer Support,Entry,Hybrid,West,7.0,24000.0,No,5,5,0,33,166,No
6192,46,Male,Sales,Senior,Office,West,5.0,89500.0,No,3,4,1,28,161,No
6193,29,Male,IT,Senior,Office,West,5.0,86700.0,No,4,4,0,18,143,No
6194,30,Female,Operations,Senior,Office,North,2.0,85700.0,No,2,4,1,33,164,No
6195,40,Female,Sales,Senior,Office,South,4.0,90000.0,No,3,3,1,37,193,No
6196,46,Female,HR,Senior,Office,North,12.0,84500.0,No,5,4,3,19,160,No
6197,34,Male,Customer Support,Entry,Hybrid,North,3.0,24000.0,No,3,3,0,20,187,No
6198,51,Male,Sales,Mid,Remote,North,5.0,74300.0,No,3,3,1,8,150,No
6199,26,Male,HR,Manager,Hybrid,East,5.0,59600.0,No,3,4,1,27,144,No
6200,25,Male,Engineering,Mid,Remote,South,6.0,56400.0,No,4,2,1,27,162,No
6201,24,Female,Operations,Mid,Hybrid,South,5.0,73800.0,Yes,4,4,0,15,189,No
6202,23,Male,Operations,Senior,Hybrid,South,4.0,98900.0,No,5,4,1,22,142,No
6203,41,Male,Operations,Senior,Office,South,8.0,98000.0,No,3,5,1,27,206,No
6204,29,Male,IT,Senior,Office,Central,6.0,92000.0,No,3,4,1,39,214,No
6205,25,Female,Sales,Senior,Office,East,5.0,88600.0,No,3,3,0,23,185,No
6206,41,Male,Marketing,Entry,Hybrid,South,3.0,34800.0,No,3,4,1,17,160,No
6207,45,Female,Finance,Senior,Remote,North,4.0,97000.0,No,3,4,1,46,162,No
6208,47,Female,IT,Manager,Hybrid,Central,6.0,33000.0,No,4,4,1,36,157,No
6209,46,Female,Sales,Entry,Office,North,9.0,26000.0,No,3,4,0,12,157,No
6210,30,Male,Customer Support,Entry,Office,North,11.0,28500.0,Yes,5,2,0,37,167,No
6211,40,Female,Sales,Senior,Hybrid,Central,6.0,84200.0,Yes,5,4,1,22,134,No
6212,42,Female,Marketing,Mid,Hybrid,South,16.0,69800.0,No,4,3,2,40,178,No
6213,34,Male,Finance,Entry,Remote,South,4.0,32400.0,No,4,3,1,23,148,No
6214,39,Female,Operations,Entry,Remote,South,4.0,24000.0,No,4,3,1,6,154,No
6215,27,Female,IT,Mid,Hybrid,South,10.0,74100.0,No,4,2,1,21,156,No
6216,32,Female,IT,Mid,Hybrid,South,5.0,63100.0,No,3,4,0,17,178,No
6217,41,Male,Operations,Senior,Hybrid,South,3.0,82900.0,No,5,3,0,20,193,No
6218,52,Male,Marketing,Mid,Hybrid,East,5.0,77500.0,No,3,5,0,4,151,No
6219,48,Male,IT,Senior,Hybrid,South,2.0,104600.0,No,3,4,2,27,195,Yes
6220,44,Female,HR,Entry,Office,South,4.0,24000.0,No,3,4,0,4,149,No
6221,39,Male,HR,Mid,Hybrid,South,2.0,80600.0,No,4,4,0,26,156,No
6222,37,Female,IT,Mid,Hybrid,South,2.0,71900.0,Yes,5,3,2,4,189,No
6223,25,Female,Operations,Senior,Hybrid,West,6.0,74100.0,No,3,3,0,15,138,No
6224,30,Female,Sales,Manager,Remote,Central,1.0,37100.0,No,4,4,0,35,160,No
6225,31,Male,Operations,Mid,Remote,Central,2.0,77500.0,No,4,3,1,36,152,No
6226,43,Male,Sales,Manager,Office,East,3.0,35400.0,No,3,4,0,18,162,No
6227,47,Female,Operations,Entry,Office,South,3.0,24000.0,Yes,5,4,1,35,157,No
6228,45,Female,Finance,Mid,Hybrid,East,7.0,71300.0,No,4,3,0,6,136,No
6229,49,Male,HR,Senior,Hybrid,South,3.0,98000.0,Yes,4,3,0,40,183,No
6230,39,Male,HR,Mid,Hybrid,West,12.0,73700.0,No,3,4,2,42,178,No
6231,29,Female,Engineering,Manager,Hybrid,South,3.0,64100.0,Yes,3,3,0,25,189,No
6232,38,Male,Operations,Entry,Office,East,1.0,24000.0,Yes,3,3,1,23,163,No
6233,31,Male,Customer Support,Senior,Hybrid,West,2.0,94900.0,Yes,4,4,3,4,169,No
6234,44,Female,IT,Entry,Remote,West,6.0,32100.0,No,4,3,0,27,189,No
6235,35,Female,Finance,Entry,Hybrid,West,2.0,34400.0,Yes,5,4,0,36,175,No
6236,37,Female,Sales,Mid,Hybrid,West,3.0,81500.0,No,4,4,1,32,189,No
6237,44,Female,HR,Manager,Office,West,10.0,46100.0,No,5,4,1,30,188,No
6238,31,Male,Marketing,Mid,Remote,West,12.0,77900.0,Yes,4,3,0,11,172,Yes
6239,47,Male,Customer Support,Mid,Hybrid,South,1.0,63700.0,No,3,3,1,30,173,No
6240,26,Male,Operations,Entry,Hybrid,West,4.0,27300.0,No,4,3,1,18,170,No
6241,41,Male,Operations,Entry,Hybrid,Central,6.0,32500.0,Yes,4,5,0,45,173,No
6242,37,Male,IT,Entry,Remote,North,9.0,36800.0,Yes,4,3,0,35,160,No
6243,45,Female,Sales,Senior,Remote,East,3.0,99100.0,No,3,3,1,31,178,No
6244,26,Female,Customer Support,Entry,Office,North,5.0,28800.0,No,3,3,0,28,175,No
6245,24,Female,IT,Mid,Hybrid,East,10.0,71300.0,No,3,3,0,17,159,No
6246,45,Female,Sales,Mid,Hybrid,North,5.0,76900.0,No,3,3,0,18,179,No
6247,34,Female,Engineering,Mid,Hybrid,West,0.5,91700.0,No,4,4,0,51,196,No
6248,37,Female,Engineering,Mid,Office,South,4.0,79700.0,No,5,4,0,17,171,No
6249,32,Male,Operations,Entry,Hybrid,North,2.0,31400.0,No,3,3,1,28,172,No
6250,46,Female,Finance,Mid,Hybrid,West,3.0,59700.0,No,2,4,2,29,175,No
6251,41,Female,Customer Support,Senior,Office,South,3.0,86400.0,Yes,2,4,1,28,133,No
6252,40,Female,IT,Entry,Hybrid,South,1.0,25100.0,Yes,4,5,0,30,164,No
6253,27,Female,HR,Senior,Office,South,12.0,102200.0,No,3,4,1,50,217,No
6254,43,Male,Finance,Entry,Office,South,9.0,24000.0,No,4,3,1,30,172,No
6255,29,Male,Engineering,Senior,Hybrid,South,13.0,99800.0,No,3,3,0,34,153,No
6256,32,Female,Engineering,Manager,Remote,Central,17.0,51100.0,No,3,4,0,24,170,No
6257,26,Male,Operations,Entry,Office,East,5.0,31200.0,No,3,4,0,26,160,No
6258,37,Male,Sales,Mid,Hybrid,South,3.0,70100.0,No,3,3,0,34,174,No
6259,48,Female,Operations,Mid,Hybrid,West,6.0,66600.0,No,5,3,2,45,175,No
6260,40,Female,IT,Senior,Hybrid,North,7.0,85200.0,Yes,5,4,0,43,170,No
6261,34,Male,Customer Support,Mid,Hybrid,South,3.0,77500.0,No,4,4,1,4,189,No
6262,39,Male,Sales,Mid,Hybrid,South,3.0,71300.0,No,5,4,0,8,147,No
6263,39,Male,Sales,Entry,Remote,South,4.0,24000.0,Yes,2,4,0,53,178,No
6264,39,Female,Marketing,Entry,Remote,East,3.0,30000.0,No,3,3,1,22,192,No
6265,40,Female,HR,Mid,Office,North,7.0,102800.0,No,3,4,1,23,165,Yes
6266,29,Female,Customer Support,Mid,Office,West,2.0,70200.0,Yes,4,4,0,21,187,No
6267,39,Female,Sales,Senior,Hybrid,East,8.0,108900.0,Yes,2,4,0,12,166,Yes
6268,22,Female,Customer Support,Senior,Hybrid,Central,11.0,70700.0,Yes,4,4,1,19,149,No
6269,43,Male,Sales,Mid,Hybrid,East,12.0,69600.0,No,2,3,0,21,133,No
6270,28,Female,Sales,Mid,Remote,South,18.0,80600.0,Yes,4,4,1,22,160,No
6271,49,Male,HR,Senior,Remote,North,7.0,94100.0,Yes,4,4,1,16,165,No
6272,21,Female,IT,Senior,Hybrid,South,1.0,88200.0,Yes,2,4,1,39,215,No
6273,53,Female,Operations,Senior,Remote,North,5.0,93800.0,No,3,5,0,27,172,Yes
6274,23,Male,Sales,Manager,Hybrid,Central,16.0,58900.0,No,4,3,0,30,160,No
6275,27,Male,Sales,Mid,Unknown,Central,12.0,91300.0,No,5,4,1,29,182,No
6276,41,Female,Marketing,Senior,Hybrid,North,4.0,103600.0,Yes,2,3,0,22,163,No
6277,44,Female,IT,Mid,Hybrid,Central,1.0,67500.0,No,4,3,1,20,192,No
6278,35,Male,Operations,Entry,Hybrid,West,7.0,25900.0,No,4,3,0,10,202,No
6279,46,Male,Marketing,Mid,Office,North,1.0,70000.0,Yes,3,3,0,37,174,No
6280,31,Male,Sales,Mid,Remote,East,6.0,64200.0,No,5,2,0,26,135,No
6281,34,Female,Customer Support,Mid,Remote,South,7.0,70600.0,No,3,3,0,43,169,No
6282,35,Male,IT,Entry,Hybrid,North,12.0,25500.0,Yes,3,3,2,33,168,No
6283,33,Female,Finance,Senior,Hybrid,South,1.0,83200.0,No,3,3,0,47,204,No
6284,21,Female,Sales,Mid,Hybrid,South,9.0,79500.0,No,4,3,3,23,180,No
6285,38,Male,Customer Support,Mid,Remote,West,4.0,75800.0,No,3,4,1,16,163,No
6286,37,Female,Operations,Entry,Office,North,14.0,24000.0,No,4,4,2,50,199,No
6287,48,Female,Operations,Mid,Hybrid,Central,8.0,73300.0,No,3,4,2,42,169,No
6288,26,Female,Engineering,Entry,Remote,North,5.0,24000.0,No,3,4,1,6,168,No
6289,32,Male,Finance,Mid,Hybrid,South,2.0,67000.0,Yes,4,5,0,34,161,No
6290,49,Male,Customer Support,Mid,Office,Central,5.0,78200.0,No,3,4,1,36,194,No
6291,41,Male,Marketing,Senior,Hybrid,West,10.0,98200.0,No,4,3,0,25,160,No
6292,43,Male,Engineering,Mid,Office,West,5.0,67400.0,Yes,4,4,1,13,184,No
6293,42,Female,Engineering,Mid,Remote,Central,5.0,74800.0,No,4,4,0,26,179,No
6294,42,Female,Engineering,Senior,Hybrid,North,5.0,93300.0,No,3,5,0,30,172,No
6295,54,Male,Sales,Mid,Hybrid,Central,3.0,63000.0,No,5,4,2,20,189,No
6296,39,Female,Customer Support,Senior,Hybrid,West,2.0,92500.0,No,2,4,1,37,202,No
6297,29,Female,Customer Support,Entry,Hybrid,West,2.0,31900.0,Yes,4,4,1,9,146,Yes
6298,44,Female,Operations,Mid,Remote,Central,5.0,74800.0,No,4,4,2,30,168,Yes
6299,33,Female,IT,Entry,Office,Central,9.0,24000.0,No,4,4,2,51,166,No
6300,37,Female,Engineering,Mid,Hybrid,South,6.0,73500.0,No,3,3,1,35,173,No
6301,41,Male,IT,Manager,Hybrid,West,10.0,50200.0,No,4,4,1,45,159,No
6302,31,Female,Operations,Mid,Remote,North,12.0,54900.0,Yes,4,2,0,26,150,Yes
6303,33,Female,Operations,Mid,Office,South,17.0,64700.0,No,3,4,1,30,169,No
6304,42,Male,IT,Entry,Office,West,16.0,32400.0,No,4,2,0,23,191,No
6305,33,Male,Marketing,Manager,Remote,East,1.0,62500.0,Yes,4,4,0,23,167,No
6306,47,Male,Sales,Mid,Hybrid,East,7.0,57200.0,No,5,1,1,34,179,No
6307,29,Female,Marketing,Entry,Remote,North,4.0,36800.0,No,2,2,1,17,202,No
6308,29,Male,Customer Support,Manager,Remote,South,3.0,33100.0,No,5,4,0,38,174,No
6309,55,Female,Finance,Mid,Office,North,4.0,84600.0,No,4,4,0,34,191,No
6310,24,Male,Marketing,Mid,Remote,South,13.0,69900.0,No,4,3,0,13,193,No
6311,38,Female,IT,Entry,Remote,South,10.0,24000.0,Yes,2,4,1,40,196,Yes
6312,55,Female,Customer Support,Entry,Office,West,5.0,31200.0,No,4,4,0,53,213,No
6313,38,Male,Engineering,Senior,Hybrid,Central,8.0,85300.0,Yes,2,5,1,39,168,No
6314,50,Female,IT,Mid,Hybrid,Central,7.0,76600.0,Yes,5,4,0,5,189,No
6315,44,Female,Marketing,Manager,Office,East,4.0,48900.0,Yes,3,4,1,57,175,No
6316,38,Female,Operations,Entry,Hybrid,West,3.0,24000.0,No,5,3,1,4,181,Yes
6317,37,Male,Operations,Mid,Office,South,5.0,64700.0,No,3,3,3,7,179,No
6318,21,Female,Marketing,Senior,Remote,East,9.0,95700.0,No,3,3,1,7,195,No
6319,35,Female,Operations,Mid,Office,West,14.0,81600.0,No,3,3,0,25,161,No
6320,40,Female,Operations,Mid,Hybrid,North,7.0,75000.0,No,3,4,0,5,179,No
6321,40,Female,IT,Mid,Office,North,3.0,81500.0,No,3,4,0,4,146,No
6322,60,Female,Finance,Mid,Hybrid,South,2.0,64000.0,No,5,4,0,20,155,No
6323,41,Male,Customer Support,Senior,Remote,East,6.0,100500.0,No,3,5,1,19,159,No
6324,44,Male,Sales,Mid,Remote,North,1.0,78700.0,No,4,5,0,24,183,No
6325,48,Female,Operations,Mid,Hybrid,South,18.0,57300.0,Yes,5,4,0,34,179,No
6326,43,Male,IT,Mid,Office,East,7.0,81900.0,Yes,4,3,3,45,199,No
6327,37,Female,Customer Support,Mid,Remote,South,12.0,74900.0,No,4,2,0,27,191,No
6328,37,Male,Operations,Entry,Hybrid,Central,10.0,25500.0,No,4,3,1,33,171,No
6329,35,Female,HR,Manager,Remote,North,7.0,47300.0,Yes,4,3,1,24,230,No
6330,42,Female,IT,Entry,Office,South,7.0,24000.0,No,3,3,0,42,175,No
6331,36,Female,HR,Entry,Hybrid,South,9.0,33700.0,No,4,3,0,46,143,No
6332,44,Male,Engineering,Mid,Hybrid,South,4.0,74700.0,No,5,4,1,21,146,No
6333,29,Male,Operations,Entry,Hybrid,West,5.0,33200.0,Yes,3,4,0,12,185,No
6334,39,Male,HR,Entry,Hybrid,North,9.0,28700.0,No,4,4,0,21,140,No
6335,52,Male,Marketing,Entry,Hybrid,East,1.0,29900.0,No,3,4,0,22,175,No
6336,36,Male,Finance,Entry,Hybrid,South,5.0,25300.0,Yes,4,3,0,25,164,No
6337,55,Female,HR,Mid,Unknown,South,5.0,81700.0,Yes,2,4,0,28,209,No
6338,39,Female,Finance,Senior,Hybrid,North,1.0,99500.0,No,3,2,0,25,148,No
6339,37,Female,IT,Mid,Office,East,8.0,73600.0,No,4,4,0,13,191,No
6340,39,Female,Marketing,Mid,Remote,West,6.0,70800.0,Yes,3,3,2,25,164,No
6341,35,Female,Customer Support,Mid,Office,North,5.0,56100.0,No,2,2,2,31,162,No
6342,21,Male,Engineering,Mid,Remote,North,10.0,54100.0,No,3,4,1,46,201,No
6343,46,Male,Customer Support,Mid,Office,West,9.0,68700.0,No,3,3,0,21,161,No
6344,58,Female,HR,Mid,Hybrid,North,10.0,83400.0,Yes,5,4,0,27,153,No
6345,42,Male,IT,Mid,Hybrid,South,5.0,65700.0,No,4,4,3,26,162,No
6346,43,Female,Operations,Mid,Hybrid,North,4.0,66000.0,No,4,3,1,21,151,Yes
6347,36,Male,Engineering,Entry,Office,Central,6.0,24000.0,No,2,5,0,22,140,No
6348,48,Male,Marketing,Senior,Hybrid,North,7.0,82400.0,No,3,2,0,5,155,No
6349,38,Male,Operations,Manager,Hybrid,South,8.0,41800.0,Yes,5,4,1,33,139,No
6350,40,Male,Marketing,Senior,Office,East,3.0,96500.0,Yes,4,5,1,36,154,No
6351,24,Female,Customer Support,Entry,Hybrid,Central,7.0,24000.0,No,3,3,1,23,153,No
6352,33,Male,Engineering,Senior,Hybrid,North,11.0,89200.0,No,4,5,2,34,176,No
6353,41,Female,Customer Support,Mid,Office,West,3.0,66400.0,No,2,4,0,7,145,No
6354,46,Male,HR,Entry,Remote,West,1.0,30100.0,No,3,4,2,45,183,No
6355,46,Male,IT,Manager,Remote,Central,0.5,53500.0,No,2,4,0,18,128,No
6356,24,Female,Operations,Senior,Unknown,North,4.0,77200.0,No,3,4,1,25,152,No
6357,25,Male,Finance,Entry,Office,West,2.0,24000.0,Yes,4,2,1,39,167,Yes
6358,43,Male,Engineering,Manager,Remote,Central,7.0,49200.0,Yes,3,1,1,10,163,No
6359,31,Female,Operations,Entry,Hybrid,West,7.0,32000.0,No,3,3,0,22,172,No
6360,46,Female,HR,Mid,Hybrid,North,1.0,73100.0,Yes,3,3,0,19,144,No
6361,23,Female,Finance,Entry,Hybrid,South,11.0,35400.0,No,3,3,1,34,209,No
6362,37,Male,Operations,Entry,Hybrid,East,3.0,24000.0,Yes,3,3,0,16,203,No
6363,38,Male,Operations,Manager,Office,North,2.0,53700.0,No,5,1,0,37,120,No
6364,42,Male,Sales,Mid,Remote,West,6.0,90500.0,No,3,3,0,31,183,No
6365,29,Female,Customer Support,Entry,Office,South,4.0,28400.0,Yes,3,4,0,9,164,No
6366,21,Female,Finance,Senior,Office,Central,6.0,94800.0,Yes,3,4,1,38,169,No
6367,40,Male,HR,Senior,Hybrid,West,5.0,98700.0,No,4,3,0,50,169,Yes
6368,43,Male,IT,Senior,Office,West,12.0,89100.0,No,5,4,0,17,155,No
6369,47,Female,Operations,Manager,Hybrid,West,6.0,41500.0,No,5,1,1,22,169,Yes
6370,35,Male,Marketing,Senior,Hybrid,South,4.0,94500.0,No,3,4,0,12,201,No
6371,45,Male,Customer Support,Mid,Hybrid,East,5.0,57100.0,Yes,4,4,3,27,207,Yes
6372,42,Female,Sales,Mid,Office,East,10.0,75600.0,No,4,4,0,41,169,No
6373,50,Female,Engineering,Manager,Office,West,3.0,55100.0,No,5,3,1,20,138,No
6374,38,Female,Marketing,Entry,Hybrid,South,8.0,24000.0,No,4,1,1,17,166,No
6375,22,Male,IT,Entry,Hybrid,Central,5.0,29500.0,No,4,5,0,43,165,No
6376,37,Female,IT,Mid,Hybrid,South,5.0,70100.0,No,4,5,1,19,200,Yes
6377,39,Male,IT,Mid,Hybrid,East,2.0,85300.0,No,3,4,1,19,147,No
6378,43,Female,Customer Support,Mid,Hybrid,South,4.0,83800.0,Yes,4,5,1,25,133,No
6379,24,Female,IT,Senior,Hybrid,West,3.0,101600.0,Yes,4,4,0,7,157,No
6380,35,Male,HR,Mid,Remote,Central,5.0,82900.0,Yes,4,4,1,18,184,No
6381,46,Male,Marketing,Mid,Hybrid,East,2.0,68700.0,No,2,4,1,50,152,No
6382,37,Female,Customer Support,Mid,Remote,East,1.0,74300.0,Yes,3,3,1,36,166,No
6383,35,Male,Operations,Senior,Remote,East,4.0,91700.0,No,3,3,0,35,186,No
6384,55,Male,Marketing,Entry,Office,South,10.0,24000.0,No,4,4,0,35,140,No
6385,28,Female,IT,Entry,Hybrid,West,7.0,28700.0,No,5,5,0,35,168,No
6386,49,Female,Customer Support,Mid,Hybrid,West,5.0,71300.0,No,4,4,0,23,175,No
6387,47,Male,IT,Mid,Hybrid,East,2.0,70200.0,Yes,3,4,1,27,183,No
6388,36,Female,Sales,Mid,Office,North,0.5,71500.0,Yes,3,4,1,32,162,No
6389,38,Female,Engineering,Mid,Hybrid,South,3.0,72500.0,No,5,4,1,22,201,No
6390,38,Female,IT,Entry,Hybrid,East,4.0,36000.0,Yes,4,2,1,44,161,Yes
6391,40,Female,Sales,Mid,Remote,North,2.0,66700.0,No,1,3,0,8,187,No
6392,33,Female,Operations,Mid,Remote,East,7.0,60500.0,Yes,4,3,0,24,193,No
6393,34,Male,Finance,Mid,Office,North,7.0,78100.0,No,4,3,1,41,120,No
6394,35,Male,Sales,Senior,Office,Central,3.0,101700.0,No,2,4,0,40,201,No
6395,35,Female,Operations,Senior,Hybrid,Central,5.0,97200.0,No,4,4,0,22,149,No
6396,35,Female,Marketing,Entry,Remote,South,4.0,24000.0,No,4,1,0,32,162,No
6397,21,Female,Customer Support,Mid,Remote,East,6.0,70800.0,Yes,2,4,0,32,192,No
6398,39,Male,IT,Entry,Hybrid,West,2.0,30600.0,No,5,5,0,54,162,Yes
6399,33,Female,Operations,Entry,Remote,South,18.0,24000.0,No,4,3,1,18,169,No
6400,21,Female,Customer Support,Senior,Hybrid,South,2.0,87100.0,No,3,3,0,30,189,No
6401,35,Male,IT,Entry,Office,West,3.0,26700.0,No,3,2,0,23,174,No
6402,35,Female,IT,Mid,Office,East,6.0,82600.0,No,3,4,1,46,150,No
6403,49,Male,Sales,Senior,Office,North,14.0,96000.0,Yes,3,3,0,26,194,No
6404,33,Male,Operations,Senior,Hybrid,Central,3.0,88800.0,Yes,4,2,3,21,178,No
6405,44,Male,IT,Manager,Office,West,2.0,48200.0,No,3,5,1,37,139,No
6406,50,Male,Marketing,Senior,Office,Central,4.0,88000.0,No,3,4,1,18,168,No
6407,32,Female,Engineering,Mid,Remote,South,8.0,68300.0,No,4,3,0,30,177,No
6408,38,Female,IT,Mid,Hybrid,South,8.0,78500.0,Yes,3,5,1,36,163,No
6409,54,Male,Operations,Mid,Office,South,7.0,54700.0,No,3,4,1,7,138,No
6410,40,Male,IT,Mid,Office,North,15.0,83800.0,Yes,5,3,1,18,143,No
6411,41,Male,Sales,Mid,Hybrid,North,8.0,91700.0,Yes,3,4,0,51,157,No
6412,34,Female,Marketing,Entry,Office,Central,9.0,29500.0,No,3,3,0,31,178,No
6413,44,Female,HR,Entry,Office,South,10.0,24000.0,Yes,3,3,0,14,194,No
6414,38,Female,Engineering,Senior,Remote,North,2.0,104500.0,No,4,4,0,30,142,No
6415,22,Male,Operations,Entry,Remote,West,4.0,30500.0,No,2,5,0,6,159,No
6416,35,Female,IT,Mid,Hybrid,Central,3.0,67300.0,No,3,3,0,30,129,No
6417,27,Female,HR,Senior,Remote,Central,3.0,85300.0,Yes,4,4,0,33,170,No
6418,39,Male,IT,Senior,Hybrid,West,4.0,90300.0,Yes,3,2,0,27,201,No
6419,30,Male,Customer Support,Mid,Remote,East,6.0,73700.0,No,4,4,1,19,191,No
6420,42,Female,Marketing,Entry,Hybrid,South,14.0,36100.0,No,3,5,1,49,165,No
6421,38,Female,Finance,Manager,Remote,South,8.0,52600.0,Yes,3,4,0,24,164,No
6422,27,Male,Operations,Mid,Office,North,7.0,76100.0,No,3,3,1,5,163,No
6423,34,Male,Marketing,Mid,Hybrid,Central,4.0,69000.0,No,2,3,0,26,164,No
6424,44,Female,Customer Support,Manager,Remote,West,15.0,57700.0,Yes,3,4,0,42,171,No
6425,48,Male,Sales,Entry,Remote,East,1.0,26100.0,No,4,4,0,47,163,No
6426,30,Female,Sales,Mid,Remote,South,8.0,88500.0,No,3,3,0,4,170,No
6427,28,Male,Sales,Entry,Remote,North,1.0,24000.0,No,3,4,2,18,148,No
6428,56,Male,Finance,Entry,Hybrid,East,5.0,31600.0,No,4,3,0,24,179,No
6429,38,Male,HR,Mid,Office,East,10.0,91700.0,Yes,2,4,0,30,183,No
6430,39,Male,Sales,Mid,Office,Central,5.0,81400.0,No,2,3,1,12,220,No
6431,31,Female,HR,Mid,Hybrid,Central,12.0,78700.0,Yes,4,4,0,35,180,No
6432,40,Male,HR,Mid,Hybrid,East,2.0,74700.0,No,3,4,2,39,167,No
6433,53,Female,Sales,Senior,Hybrid,West,0.5,94500.0,No,3,2,1,17,203,No
6434,40,Female,Engineering,Senior,Office,East,2.0,92400.0,No,4,3,2,27,199,No
6435,48,Female,Operations,Entry,Office,South,4.0,24000.0,No,3,2,1,38,156,Yes
6436,38,Male,Finance,Senior,Hybrid,South,6.0,80200.0,No,3,2,1,49,205,No
6437,29,Female,Operations,Entry,Office,West,3.0,33800.0,No,3,3,0,41,177,No
6438,32,Male,Finance,Mid,Remote,North,6.0,58200.0,Yes,4,4,0,22,143,No
6439,28,Male,Customer Support,Mid,Remote,West,7.0,77900.0,No,3,2,0,33,156,No
6440,40,Male,Operations,Senior,Office,West,2.0,91200.0,Yes,3,4,0,25,158,No
6441,49,Female,Operations,Entry,Hybrid,North,2.0,24000.0,Yes,5,3,0,19,201,No
6442,39,Female,Engineering,Mid,Office,West,1.0,84700.0,No,3,4,0,34,174,No
6443,35,Female,Customer Support,Entry,Hybrid,North,12.0,24000.0,No,4,5,0,34,173,No
6444,31,Female,Customer Support,Entry,Hybrid,North,12.0,24000.0,Yes,2,3,0,28,170,No
6445,41,Female,IT,Mid,Office,North,5.0,66800.0,No,2,3,1,40,211,No
6446,27,Female,IT,Mid,Office,North,2.0,73300.0,No,4,3,0,25,167,No
6447,28,Female,Marketing,Senior,Hybrid,East,13.0,88500.0,No,3,3,0,27,163,No
6448,46,Female,HR,Mid,Office,West,2.0,85200.0,Yes,3,3,0,30,195,No
6449,36,Male,Marketing,Mid,Remote,East,1.0,59700.0,No,3,4,0,32,174,No
6450,35,Female,Customer Support,Senior,Remote,South,2.0,130800.0,Yes,4,3,1,17,199,No
6451,36,Female,IT,Senior,Hybrid,Central,2.0,84500.0,Yes,4,3,0,51,163,No
6452,45,Female,IT,Senior,Hybrid,South,2.0,120600.0,Yes,3,4,1,36,174,No
6453,39,Male,Operations,Entry,Office,East,3.0,37800.0,Yes,4,5,0,28,207,No
6454,31,Male,IT,Mid,Hybrid,Central,5.0,71000.0,No,3,3,1,28,161,No
6455,32,Female,Marketing,Senior,Hybrid,West,8.0,96000.0,No,3,4,0,27,190,No
6456,36,Female,Marketing,Entry,Remote,South,4.0,24600.0,No,3,2,1,46,140,No
6457,41,Female,HR,Entry,Hybrid,East,4.0,31100.0,No,4,3,0,39,186,No
6458,38,Female,Marketing,Entry,Hybrid,East,4.0,24000.0,No,3,5,1,36,158,No
6459,37,Male,Operations,Mid,Remote,West,1.0,78400.0,No,3,4,2,58,189,No
6460,38,Male,Marketing,Mid,Hybrid,North,8.0,73600.0,Yes,3,4,0,35,148,No
6461,38,Male,IT,Mid,Hybrid,Central,10.0,63100.0,Yes,4,3,0,17,191,No
6462,31,Male,Marketing,Mid,Hybrid,West,13.0,75800.0,Yes,3,3,0,37,169,No
6463,48,Male,Marketing,Mid,Hybrid,West,4.0,75300.0,No,5,4,0,34,179,No
6464,34,Female,IT,Entry,Hybrid,North,12.0,24000.0,No,3,4,0,45,173,No
6465,39,Male,Operations,Senior,Office,North,9.0,90200.0,Yes,3,3,1,37,169,No
6466,21,Male,Customer Support,Mid,Office,South,2.0,76600.0,No,5,4,1,30,157,No
6467,36,Female,IT,Entry,Remote,North,2.0,37800.0,Yes,2,3,1,40,151,No
6468,28,Female,Marketing,Entry,Hybrid,West,5.0,26700.0,No,3,3,0,8,185,No
6469,29,Male,Engineering,Mid,Hybrid,South,4.0,80400.0,No,4,3,0,34,148,No
6470,60,Female,Customer Support,Manager,Remote,West,2.0,60500.0,Yes,2,4,0,35,167,No
6471,40,Male,HR,Mid,Office,South,5.0,83700.0,No,4,4,0,12,150,No
6472,49,Male,Operations,Entry,Remote,Central,5.0,31800.0,No,2,4,0,29,164,No
6473,46,Male,Engineering,Entry,Office,East,9.0,24000.0,No,3,4,2,20,133,No
6474,47,Male,Operations,Entry,Office,North,3.0,36000.0,No,5,4,0,23,194,Yes
6475,36,Female,Sales,Mid,Office,East,3.0,70300.0,No,1,5,0,39,185,No
6476,52,Male,Sales,Senior,Hybrid,West,1.0,98600.0,No,3,4,2,16,170,Yes
6477,46,Female,Customer Support,Mid,Hybrid,North,6.0,66300.0,Yes,3,2,3,25,174,No
6478,38,Male,HR,Senior,Unknown,North,5.0,88600.0,No,2,3,0,17,194,No
6479,40,Female,IT,Entry,Office,East,14.0,24000.0,Yes,2,3,1,31,160,No
6480,37,Male,Finance,Mid,Hybrid,East,8.0,60100.0,No,4,2,1,32,197,No
6481,38,Male,Marketing,Senior,Office,South,3.0,88700.0,Yes,4,4,0,13,156,No
6482,38,Female,HR,Mid,Hybrid,East,5.0,62700.0,No,2,5,1,24,170,No
6483,41,Female,Customer Support,Senior,Hybrid,Central,2.0,99100.0,Yes,3,3,2,26,143,No
6484,54,Male,Marketing,Entry,Office,North,4.0,24000.0,No,3,5,2,29,198,No
6485,27,Female,Engineering,Mid,Office,Central,6.0,66000.0,No,2,4,2,39,165,No
6486,48,Female,Customer Support,Mid,Remote,North,15.0,72000.0,No,3,4,1,17,177,No
6487,35,Female,IT,Entry,Office,East,2.0,44300.0,No,4,4,1,23,155,No
6488,49,Female,Operations,Senior,Hybrid,East,12.0,87800.0,Yes,4,3,0,44,167,No
6489,35,Female,Sales,Mid,Office,West,6.0,59600.0,Yes,5,4,1,37,151,No
6490,42,Female,Engineering,Entry,Hybrid,South,8.0,24000.0,No,3,5,1,16,154,No
6491,37,Male,IT,Senior,Office,Central,5.0,86300.0,Yes,3,4,0,27,138,No
6492,22,Female,Marketing,Senior,Hybrid,North,3.0,88100.0,Yes,3,4,1,33,165,No
6493,54,Male,Customer Support,Senior,Office,East,11.0,114700.0,Yes,4,3,0,39,156,Yes
6494,30,Male,IT,Senior,Office,East,3.0,102700.0,Yes,4,4,1,32,215,No
6495,39,Male,Customer Support,Entry,Hybrid,North,8.0,25200.0,No,2,4,1,33,148,No
6496,29,Male,Sales,Mid,Office,North,2.0,88700.0,No,5,3,0,33,156,No
6497,26,Male,HR,Manager,Office,Central,2.0,44500.0,No,3,4,0,29,185,No
6498,36,Male,HR,Entry,Hybrid,East,1.0,24300.0,No,4,3,1,9,150,No
6499,33,Male,Finance,Mid,Hybrid,South,4.0,67800.0,Yes,4,3,1,22,167,Yes
6500,27,Female,Operations,Senior,Hybrid,South,6.0,103200.0,No,4,4,0,43,184,No
6501,38,Male,Engineering,Entry,Office,North,5.0,27400.0,No,3,2,0,38,183,No
6502,25,Female,Finance,Manager,Office,Central,1.0,63600.0,No,3,4,0,28,171,No
6503,39,Male,Operations,Mid,Hybrid,South,2.0,75900.0,No,4,3,3,25,168,No
6504,37,Female,Customer Support,Senior,Remote,West,8.0,102200.0,No,4,2,0,19,189,No
6505,21,Female,Customer Support,Mid,Hybrid,North,3.0,55700.0,No,4,4,0,18,194,No
6506,33,Male,Sales,Mid,Hybrid,West,5.0,56700.0,Yes,4,4,0,39,171,No
6507,42,Male,Engineering,Senior,Hybrid,South,3.0,79000.0,No,4,3,0,24,180,No
6508,28,Male,Sales,Entry,Hybrid,East,8.0,24100.0,No,5,3,3,32,159,No
6509,43,Male,Operations,Mid,Office,Central,3.0,58200.0,Yes,3,4,0,57,192,No
6510,42,Female,Operations,Manager,Remote,East,4.0,61200.0,No,3,3,1,29,185,No
6511,29,Male,Customer Support,Manager,Remote,West,10.0,48200.0,No,3,4,2,19,163,No
6512,38,Female,Sales,Manager,Office,North,5.0,55500.0,No,5,3,2,39,159,No
6513,45,Male,IT,Mid,Hybrid,East,2.0,67600.0,No,4,3,2,41,206,No
6514,30,Male,Marketing,Mid,Hybrid,East,7.0,79400.0,No,4,4,2,5,159,No
6515,36,Female,Sales,Mid,Hybrid,South,1.0,54300.0,No,4,3,1,43,165,No
6516,48,Female,HR,Mid,Office,North,2.0,71600.0,No,3,2,1,17,144,No
6517,30,Female,Marketing,Mid,Remote,North,1.0,76500.0,No,5,3,1,47,190,No
6518,42,Female,Operations,Entry,Hybrid,East,8.0,33300.0,No,4,4,3,43,159,No
6519,28,Female,IT,Entry,Remote,South,6.0,25100.0,No,3,5,2,30,170,No
6520,37,Male,Finance,Mid,Hybrid,North,7.0,56600.0,No,3,4,0,18,168,No
6521,42,Male,Engineering,Mid,Hybrid,West,6.0,81100.0,Yes,4,3,0,41,217,No
6522,21,Male,HR,Mid,Remote,Central,11.0,68500.0,No,3,3,3,33,205,No
6523,33,Male,Sales,Entry,Hybrid,North,6.0,25300.0,No,3,4,0,19,176,No
6524,42,Male,IT,Senior,Remote,West,3.0,114000.0,Yes,2,2,2,34,157,No
6525,40,Female,Finance,Manager,Hybrid,North,2.0,50900.0,No,1,2,0,14,172,No
6526,33,Male,Engineering,Mid,Hybrid,South,6.0,67300.0,No,5,4,1,31,168,No
6527,28,Female,Finance,Manager,Remote,North,10.0,44800.0,No,3,4,2,31,202,No
6528,44,Female,Sales,Senior,Office,East,2.0,99800.0,Yes,3,4,0,34,221,No
6529,35,Male,Operations,Entry,Office,South,7.0,24000.0,Yes,3,4,0,43,177,No
6530,43,Male,Sales,Entry,Hybrid,Central,4.0,32600.0,No,4,4,2,22,186,No
6531,41,Male,IT,Entry,Office,East,9.0,37900.0,No,4,3,0,20,209,No
6532,34,Male,Engineering,Entry,Office,South,1.0,27200.0,No,4,3,1,28,181,No
6533,48,Female,Marketing,Mid,Office,West,14.0,80900.0,No,4,3,0,38,154,No
6534,33,Male,Sales,Mid,Remote,Central,4.0,71400.0,No,3,4,0,25,168,No
6535,49,Female,HR,Senior,Hybrid,South,1.0,87800.0,No,5,5,0,9,170,No
6536,50,Male,IT,Mid,Hybrid,South,2.0,57000.0,Yes,3,3,2,25,156,No
6537,47,Female,Sales,Mid,Remote,West,16.0,74500.0,No,4,4,1,30,171,No
6538,36,Female,Operations,Manager,Office,West,7.0,52700.0,No,2,5,2,19,140,No
6539,61,Female,Operations,Manager,Office,Central,4.0,58800.0,Yes,5,4,1,4,131,No
6540,39,Male,Marketing,Senior,Hybrid,West,18.0,102000.0,No,3,2,0,32,169,No
6541,40,Male,Customer Support,Senior,Office,South,5.0,112600.0,Yes,2,5,1,12,166,No
6542,38,Male,IT,Manager,Remote,South,9.0,44800.0,Yes,2,4,0,40,206,No
6543,28,Female,Engineering,Mid,Hybrid,South,2.0,75200.0,No,4,1,2,56,161,No
6544,50,Male,Operations,Senior,Office,South,4.0,87800.0,No,5,3,0,17,177,No
6545,33,Female,IT,Entry,Remote,South,5.0,36400.0,No,3,3,0,32,162,No
6546,46,Male,Customer Support,Mid,Office,East,3.0,63700.0,No,3,3,1,32,134,Yes
6547,48,Male,Sales,Mid,Office,East,11.0,80200.0,Yes,4,3,2,10,170,No
6548,43,Female,Operations,Entry,Office,East,7.0,24000.0,Yes,3,4,3,4,175,No
6549,32,Female,Marketing,Entry,Office,Central,2.0,34900.0,No,3,5,0,12,160,No
6550,35,Male,IT,Entry,Hybrid,North,4.0,38900.0,Yes,3,5,1,24,167,No
6551,21,Male,Customer Support,Mid,Office,West,2.0,58000.0,Yes,5,5,0,57,190,No
6552,37,Male,IT,Entry,Hybrid,South,7.0,24000.0,No,3,3,0,35,165,No
6553,45,Male,Customer Support,Mid,Hybrid,North,3.0,74100.0,No,4,2,0,17,196,No
6554,36,Female,Sales,Senior,Hybrid,West,1.0,95200.0,No,3,1,1,17,175,No
6555,33,Female,IT,Mid,Hybrid,East,6.0,69400.0,Yes,2,4,0,20,192,No
6556,35,Male,Finance,Mid,Hybrid,South,3.0,67700.0,No,4,3,1,5,203,No
6557,49,Female,Customer Support,Entry,Office,South,12.0,24000.0,No,4,5,2,17,153,No
6558,38,Male,Sales,Senior,Remote,South,2.0,97000.0,No,4,4,1,34,192,No
6559,55,Female,Customer Support,Entry,Office,Central,3.0,24000.0,No,3,2,0,25,197,No
6560,33,Female,IT,Mid,Hybrid,North,4.0,75300.0,No,3,3,2,23,192,No
6561,40,Female,HR,Mid,Hybrid,North,6.0,66800.0,Yes,2,4,1,38,166,No
6562,34,Male,Finance,Manager,Hybrid,Central,10.0,46200.0,No,3,3,1,14,120,No
6563,57,Female,Sales,Manager,Remote,Central,4.0,60900.0,No,2,5,3,33,220,No
6564,40,Male,Engineering,Senior,Hybrid,East,5.0,102600.0,No,3,3,0,14,140,Yes
6565,57,Female,HR,Senior,Hybrid,West,1.0,85000.0,No,5,3,0,38,211,No
6566,34,Male,Marketing,Mid,Hybrid,South,3.0,64100.0,Yes,3,2,0,29,148,No
6567,52,Female,Operations,Mid,Hybrid,North,3.0,79000.0,No,3,5,0,30,146,No
6568,39,Male,Operations,Entry,Hybrid,South,4.0,24000.0,No,3,3,0,26,173,No
6569,46,Female,Operations,Entry,Office,Central,7.0,41100.0,No,3,4,1,35,170,No
6570,27,Female,Customer Support,Manager,Remote,East,16.0,51200.0,No,4,3,0,18,215,No
6571,41,Male,Marketing,Manager,Hybrid,East,3.0,44800.0,No,2,3,1,40,158,No
6572,28,Male,Operations,Mid,Hybrid,Central,7.0,72100.0,No,1,4,0,25,189,No
6573,40,Female,Operations,Entry,Remote,East,11.0,40200.0,No,3,4,0,34,181,No
6574,24,Female,Operations,Entry,Office,South,11.0,24000.0,No,5,4,0,36,153,No
6575,37,Male,HR,Mid,Remote,North,2.0,81200.0,No,3,4,0,19,182,No
6576,48,Female,Operations,Entry,Office,South,10.0,38800.0,No,4,4,2,34,170,No
6577,43,Female,HR,Mid,Hybrid,East,2.0,69100.0,No,3,4,0,19,195,No
6578,27,Female,Marketing,Entry,Remote,West,2.0,27400.0,No,4,3,0,9,167,No
6579,21,Male,Engineering,Entry,Remote,Central,5.0,29200.0,No,3,3,0,30,201,No
6580,42,Female,Engineering,Entry,Hybrid,East,3.0,34600.0,No,3,3,1,54,179,No
6581,52,Male,Customer Support,Senior,Office,South,13.0,87400.0,No,5,3,0,20,147,Yes
6582,29,Female,Operations,Mid,Hybrid,Central,1.0,71900.0,No,4,4,0,34,136,No
6583,57,Male,Marketing,Mid,Hybrid,Central,5.0,71100.0,Yes,3,4,0,38,208,No
6584,38,Female,IT,Mid,Remote,West,9.0,78100.0,Yes,3,4,1,14,170,No
6585,21,Male,HR,Senior,Office,Central,1.0,118100.0,No,3,5,0,21,170,No
6586,24,Male,IT,Mid,Office,South,4.0,65400.0,No,2,2,0,43,176,No
6587,45,Male,Sales,Senior,Hybrid,East,9.0,94700.0,No,3,2,0,36,170,No
6588,39,Female,Engineering,Mid,Hybrid,South,5.0,65200.0,No,3,3,1,29,173,No
6589,51,Female,Customer Support,Mid,Hybrid,West,5.0,67600.0,No,3,5,0,9,138,No
6590,27,Male,Operations,Mid,Office,North,10.0,62300.0,Yes,4,5,0,21,190,No
6591,39,Male,IT,Manager,Hybrid,Central,7.0,36200.0,No,2,4,1,34,175,No
6592,38,Female,Marketing,Manager,Remote,Central,3.0,60600.0,No,2,3,0,4,185,No
6593,37,Male,HR,Senior,Office,East,14.0,97200.0,Yes,4,4,0,38,160,No
6594,35,Male,Customer Support,Senior,Office,North,4.0,94800.0,Yes,5,4,3,42,171,No
6595,35,Male,Engineering,Entry,Remote,West,2.0,24000.0,No,4,3,1,50,142,No
6596,40,Female,Finance,Mid,Office,East,5.0,71300.0,Yes,3,3,2,43,193,Yes
6597,41,Female,IT,Entry,Office,North,4.0,24000.0,No,2,4,1,33,169,No
6598,40,Female,IT,Entry,Hybrid,South,6.0,27800.0,No,3,4,0,37,123,No
6599,49,Female,Sales,Mid,Hybrid,North,7.0,75000.0,No,5,4,0,24,164,No
6600,27,Female,Finance,Senior,Hybrid,East,1.0,89100.0,No,4,2,1,21,179,No
6601,22,Female,Sales,Senior,Hybrid,North,4.0,87200.0,No,2,4,1,33,201,No
6602,47,Male,Sales,Senior,Hybrid,South,7.0,89600.0,No,4,3,0,18,142,No
6603,30,Male,IT,Mid,Office,North,5.0,79300.0,Yes,5,4,1,23,197,No
6604,35,Male,IT,Manager,Hybrid,Central,3.0,51800.0,Yes,4,3,0,54,185,No
6605,32,Male,Marketing,Senior,Hybrid,North,8.0,79500.0,No,5,4,0,19,162,No
6606,32,Female,Sales,Senior,Remote,South,8.0,100500.0,No,4,4,0,31,189,No
6607,25,Female,Customer Support,Entry,Office,North,0.5,32900.0,Yes,2,3,1,9,177,No
6608,33,Male,IT,Mid,Office,Central,6.0,73700.0,No,3,3,0,18,160,No
6609,44,Female,Sales,Senior,Remote,East,6.0,108800.0,No,5,3,0,18,193,No
6610,38,Male,Sales,Manager,Remote,South,4.0,50200.0,No,3,2,2,27,199,No
6611,43,Female,Marketing,Entry,Office,West,5.0,31900.0,Yes,2,3,0,17,143,No
6612,34,Male,IT,Mid,Remote,North,4.0,76200.0,No,4,3,1,25,178,No
6613,46,Male,Operations,Mid,Hybrid,West,6.0,79900.0,No,4,4,0,22,168,No
6614,33,Female,Sales,Mid,Remote,South,3.0,70000.0,Yes,3,4,0,26,180,Yes
6615,21,Female,Engineering,Senior,Office,North,3.0,88200.0,No,4,5,0,8,164,No
6616,41,Female,Sales,Entry,Remote,South,4.0,36800.0,No,3,2,0,9,201,No
6617,45,Male,HR,Mid,Office,North,6.0,80300.0,Yes,3,3,0,37,133,No
6618,33,Female,Customer Support,Senior,Office,Central,7.0,105500.0,No,2,4,0,21,175,No
6619,49,Female,IT,Mid,Remote,West,12.0,75700.0,No,2,4,0,30,160,No
6620,30,Female,IT,Entry,Hybrid,East,2.0,24000.0,No,5,3,0,33,166,No
6621,44,Male,Customer Support,Mid,Hybrid,South,1.0,73500.0,Yes,1,3,0,29,132,No
6622,54,Female,IT,Mid,Remote,South,8.0,72300.0,Yes,3,4,0,12,196,No
6623,38,Female,Sales,Manager,Remote,East,5.0,61100.0,No,3,4,0,4,143,No
6624,36,Male,HR,Senior,Office,Central,1.0,103500.0,Yes,4,3,0,23,180,No
6625,37,Male,Sales,Manager,Office,East,4.0,55500.0,No,1,4,1,28,160,No
6626,53,Female,Engineering,Entry,Hybrid,West,10.0,24000.0,No,3,5,0,45,165,No
6627,42,Female,Operations,Senior,Office,North,3.0,86600.0,No,3,3,0,51,183,No
6628,57,Male,Operations,Mid,Hybrid,South,5.0,68700.0,No,4,4,0,32,196,No
6629,41,Male,IT,Senior,Hybrid,South,3.0,90900.0,Yes,3,4,0,27,144,No
6630,32,Female,Marketing,Mid,Hybrid,North,2.0,73500.0,No,2,4,0,27,163,No
6631,33,Female,Marketing,Entry,Remote,South,9.0,41300.0,No,3,5,0,27,177,No
6632,39,Female,Sales,Entry,Hybrid,South,3.0,35000.0,No,3,5,0,19,170,No
6633,21,Male,Customer Support,Senior,Hybrid,South,4.0,85700.0,No,4,3,0,44,188,No
6634,34,Female,Operations,Senior,Remote,North,5.0,86500.0,Yes,3,2,0,23,201,No
6635,34,Female,Customer Support,Entry,Hybrid,North,3.0,24000.0,No,5,3,0,32,158,No
6636,40,Female,IT,Mid,Hybrid,North,18.0,70900.0,No,3,3,2,32,154,No
6637,55,Female,Sales,Senior,Remote,East,8.0,101200.0,No,3,1,2,4,182,No
6638,38,Male,Marketing,Mid,Office,South,1.0,80700.0,Yes,3,4,0,15,147,No
6639,21,Male,Customer Support,Mid,Hybrid,East,9.0,68600.0,No,3,3,1,32,181,No
6640,30,Female,Finance,Senior,Remote,South,6.0,93700.0,No,4,3,1,43,170,No
6641,40,Male,Sales,Mid,Remote,East,6.0,87100.0,No,3,3,1,30,168,No
6642,39,Male,Customer Support,Senior,Office,East,4.0,80600.0,No,3,3,1,36,185,No
6643,53,Male,IT,Mid,Remote,West,4.0,77700.0,No,4,5,0,15,161,No
6644,47,Female,Finance,Senior,Hybrid,West,9.0,98800.0,Yes,3,4,0,28,230,No
6645,46,Female,Operations,Entry,Hybrid,South,2.0,25300.0,No,4,5,1,14,165,No
6646,36,Male,Sales,Manager,Office,West,10.0,49800.0,No,3,4,1,37,156,No
6647,48,Male,Sales,Mid,Office,North,5.0,75800.0,Yes,3,4,0,29,216,No
6648,30,Female,Sales,Senior,Office,South,1.0,91300.0,Yes,2,3,0,49,170,No
6649,47,Female,Engineering,Senior,Hybrid,South,1.0,88300.0,Yes,2,3,1,28,150,No
6650,35,Male,Finance,Mid,Remote,Central,3.0,65600.0,No,3,4,1,9,168,No
6651,25,Male,Marketing,Mid,Remote,South,3.0,88800.0,No,3,4,1,32,208,No
6652,43,Female,Engineering,Entry,Office,East,1.0,24000.0,No,3,4,0,22,176,No
6653,51,Male,Marketing,Mid,Office,West,7.0,73800.0,No,2,4,0,39,153,No
6654,34,Female,Operations,Mid,Remote,South,7.0,79100.0,No,3,3,0,19,190,No
6655,52,Male,Operations,Entry,Hybrid,South,7.0,26100.0,No,2,4,0,43,184,No
6656,23,Male,Finance,Entry,Hybrid,East,9.0,28300.0,No,2,4,0,11,183,No
6657,27,Male,Operations,Manager,Office,Central,3.0,54500.0,No,4,4,1,45,138,No
6658,37,Female,Engineering,Mid,Office,South,6.0,64400.0,Yes,3,4,0,12,150,Yes
6659,35,Male,Customer Support,Mid,Hybrid,North,8.0,58200.0,No,4,3,1,19,140,Yes
6660,32,Female,HR,Entry,Remote,North,7.0,24000.0,Yes,5,3,0,36,164,No
6661,39,Male,Finance,Mid,Hybrid,East,6.0,87600.0,No,3,3,0,54,200,No
6662,33,Male,Customer Support,Mid,Hybrid,West,11.0,66800.0,No,4,3,0,29,134,No
6663,35,Male,Sales,Senior,Remote,South,4.0,95200.0,Yes,4,4,0,11,147,No
6664,41,Male,Customer Support,Mid,Office,East,4.0,60100.0,Yes,3,3,0,4,137,No
6665,32,Male,IT,Entry,Office,East,5.0,40100.0,No,3,4,0,39,187,No
6666,37,Male,Marketing,Mid,Office,Central,5.0,69300.0,No,3,3,0,48,208,No
6667,32,Female,Customer Support,Entry,Office,North,5.0,24000.0,No,4,5,1,41,176,No
6668,27,Female,HR,Senior,Hybrid,West,1.0,92800.0,No,4,4,1,30,180,No
6669,45,Female,IT,Entry,Hybrid,North,9.0,50600.0,No,2,4,0,19,170,Yes
6670,53,Male,Customer Support,Entry,Office,South,6.0,32000.0,No,3,4,0,34,167,No
6671,48,Male,Finance,Mid,Office,West,0.5,70600.0,No,3,4,1,32,185,No
6672,41,Male,Finance,Entry,Office,East,1.0,24000.0,No,3,4,1,52,153,No
6673,32,Female,Operations,Mid,Hybrid,North,11.0,84200.0,Yes,3,5,1,34,184,No
6674,35,Male,HR,Mid,Hybrid,North,3.0,65700.0,No,4,4,1,39,165,No
6675,48,Female,Marketing,Manager,Office,Central,5.0,42300.0,No,5,2,0,27,170,No
6676,21,Male,Sales,Entry,Hybrid,South,2.0,24000.0,No,3,3,1,16,160,No
6677,35,Male,HR,Mid,Office,West,18.0,85200.0,No,3,4,0,28,129,No
6678,45,Male,Customer Support,Senior,Hybrid,North,4.0,93600.0,Yes,4,4,0,4,186,No
6679,28,Female,Sales,Entry,Hybrid,Central,3.0,24000.0,Yes,3,3,0,28,169,No
6680,42,Female,HR,Mid,Office,West,9.0,70200.0,No,2,3,0,32,170,No
6681,41,Male,Marketing,Senior,Hybrid,East,2.0,86500.0,No,3,3,0,21,209,No
6682,25,Male,Customer Support,Senior,Hybrid,West,10.0,97200.0,No,3,3,0,32,174,No
6683,39,Female,Operations,Manager,Hybrid,North,4.0,46500.0,No,4,3,2,41,156,No
6684,32,Male,Customer Support,Senior,Hybrid,Central,8.0,79900.0,No,4,4,0,30,140,No
6685,42,Female,IT,Mid,Office,Central,6.0,71300.0,Yes,2,3,0,27,164,No
6686,44,Female,Finance,Manager,Hybrid,South,4.0,49500.0,No,3,3,2,23,179,No
6687,42,Female,Engineering,Entry,Hybrid,East,1.0,24000.0,No,4,4,1,25,142,No
6688,39,Female,Customer Support,Mid,Office,West,5.0,54400.0,No,3,3,0,52,192,No
6689,41,Female,Operations,Senior,Remote,South,2.0,96500.0,Yes,4,3,1,18,163,No
6690,27,Female,HR,Senior,Office,Central,5.0,91500.0,No,3,5,1,20,167,Yes
6691,38,Male,HR,Senior,Remote,North,8.0,92100.0,No,3,3,0,39,170,No
6692,31,Female,Sales,Entry,Remote,South,7.0,34700.0,No,3,2,1,19,142,No
6693,47,Female,Customer Support,Senior,Remote,East,0.5,76600.0,Yes,4,3,1,39,160,No
6694,44,Male,Customer Support,Entry,Remote,North,3.0,28500.0,No,2,2,0,17,179,No
6695,44,Male,HR,Senior,Hybrid,North,3.0,100000.0,Yes,3,5,0,28,169,No
6696,53,Male,IT,Senior,Office,East,3.0,92400.0,No,4,3,1,39,161,No
6697,35,Male,Finance,Entry,Hybrid,East,5.0,24000.0,Yes,3,3,2,13,164,No
6698,33,Female,Sales,Senior,Remote,East,3.0,88100.0,No,3,4,2,37,182,No
6699,35,Male,Marketing,Mid,Office,Central,2.0,67900.0,No,4,5,1,39,199,No
6700,24,Male,Operations,Mid,Office,West,1.0,57800.0,No,4,3,0,25,167,No
6701,24,Male,IT,Manager,Office,Central,3.0,53300.0,No,4,5,1,43,153,No
6702,44,Female,Operations,Mid,Remote,North,8.0,72000.0,No,4,3,0,26,220,No
6703,25,Female,Engineering,Mid,Hybrid,South,8.0,66200.0,No,2,3,2,27,191,No
6704,28,Female,Sales,Entry,Remote,North,6.0,36900.0,No,3,5,0,37,168,No
6705,37,Male,HR,Entry,Hybrid,West,1.0,24000.0,No,3,3,0,43,159,No
6706,34,Female,Operations,Entry,Hybrid,Central,5.0,41300.0,No,4,3,0,4,205,No
6707,46,Male,IT,Mid,Office,West,12.0,69600.0,No,4,4,1,4,154,No
6708,39,Male,Operations,Mid,Hybrid,South,2.0,63400.0,No,1,4,0,13,171,No
6709,31,Male,Operations,Mid,Hybrid,South,3.0,63700.0,No,2,3,0,35,185,No
6710,47,Male,IT,Mid,Office,North,8.0,72800.0,Yes,1,3,0,31,175,No
6711,45,Female,IT,Entry,Office,West,1.0,24000.0,No,3,3,2,5,152,No
6712,25,Female,Customer Support,Mid,Office,East,3.0,73300.0,No,3,4,3,51,163,Yes
6713,40,Female,Finance,Senior,Hybrid,South,13.0,90400.0,No,5,4,0,35,171,Yes
6714,32,Male,Operations,Entry,Hybrid,West,12.0,24200.0,Yes,2,3,1,25,147,No
6715,31,Male,Operations,Mid,Office,Central,12.0,71600.0,Yes,5,4,0,34,167,No
6716,55,Female,Customer Support,Entry,Hybrid,South,3.0,37000.0,No,4,4,1,24,200,No
6717,39,Female,Marketing,Mid,Office,North,11.0,67100.0,No,4,4,0,41,207,No
6718,36,Male,Customer Support,Senior,Hybrid,East,5.0,95700.0,No,4,3,1,44,166,No
6719,39,Male,Operations,Entry,Hybrid,West,2.0,32000.0,No,2,3,0,47,170,No
6720,46,Female,HR,Mid,Hybrid,East,3.0,61100.0,Yes,3,4,1,34,167,Yes
6721,32,Female,Finance,Senior,Hybrid,South,6.0,98700.0,No,2,3,1,29,129,No
6722,33,Female,Finance,Entry,Hybrid,West,1.0,35300.0,No,4,5,1,40,180,No
6723,44,Female,HR,Senior,Remote,South,4.0,102700.0,No,2,1,0,48,176,No
6724,24,Female,Sales,Mid,Office,South,5.0,62000.0,No,3,3,1,25,191,No
6725,47,Female,HR,Entry,Hybrid,Central,7.0,24000.0,No,3,4,1,45,192,No
6726,24,Female,Finance,Senior,Hybrid,West,1.0,93500.0,Yes,5,4,0,21,183,No
6727,36,Male,Sales,Mid,Hybrid,North,4.0,71000.0,Yes,3,3,0,19,183,No
6728,24,Female,IT,Entry,Hybrid,South,9.0,28200.0,Yes,2,3,1,32,150,No
6729,28,Male,Marketing,Manager,Office,West,16.0,46800.0,No,4,4,0,19,174,No
6730,50,Female,Operations,Mid,Remote,Central,2.0,73700.0,No,3,2,1,5,143,No
6731,47,Male,Customer Support,Senior,Hybrid,North,11.0,71000.0,No,5,3,2,26,163,No
6732,48,Female,Operations,Entry,Hybrid,West,8.0,33900.0,No,4,4,0,57,203,No
6733,25,Male,Customer Support,Entry,Hybrid,South,12.0,41200.0,No,4,4,2,6,181,No
6734,29,Female,Customer Support,Senior,Office,South,1.0,89000.0,No,4,4,0,38,177,No
6735,41,Male,Sales,Mid,Office,South,7.0,73800.0,No,4,4,1,25,170,No
6736,44,Male,Engineering,Entry,Office,East,10.0,43100.0,No,4,4,0,20,170,No
6737,31,Female,Sales,Senior,Office,North,5.0,94300.0,No,4,3,2,18,174,No
6738,33,Female,Operations,Mid,Hybrid,North,4.0,74700.0,Yes,3,3,1,29,172,No
6739,28,Male,Customer Support,Mid,Remote,South,5.0,88600.0,No,2,4,1,25,184,No
6740,53,Male,Finance,Senior,Hybrid,West,10.0,112300.0,Yes,3,3,1,35,211,No
6741,34,Male,Operations,Mid,Hybrid,South,2.0,62500.0,No,2,4,0,55,200,No
6742,38,Female,Finance,Mid,Hybrid,North,2.0,68300.0,No,3,3,0,31,162,Yes
6743,39,Male,Sales,Senior,Office,West,0.5,102000.0,Yes,3,5,0,21,158,No
6744,48,Female,Sales,Mid,Office,South,4.0,76500.0,No,4,3,2,33,160,No
6745,29,Female,Sales,Manager,Hybrid,East,1.0,56400.0,Yes,3,3,2,20,158,No
6746,49,Male,Sales,Senior,Office,North,4.0,70400.0,No,5,4,0,22,136,No
6747,26,Female,Operations,Mid,Office,South,2.0,54400.0,Yes,4,3,1,20,173,No
6748,48,Female,Operations,Mid,Hybrid,South,3.0,88100.0,No,2,4,1,39,163,No
6749,23,Female,HR,Manager,Hybrid,East,3.0,57000.0,No,4,3,0,39,170,No
6750,37,Male,Marketing,Senior,Hybrid,South,5.0,97200.0,No,4,3,0,26,161,No
6751,53,Male,Sales,Entry,Office,East,6.0,24000.0,No,2,3,2,10,172,No
6752,44,Female,IT,Entry,Hybrid,South,4.0,24300.0,No,4,2,0,17,158,No
6753,42,Female,Customer Support,Mid,Unknown,West,3.0,77100.0,No,5,5,0,27,158,No
6754,29,Male,Engineering,Senior,Hybrid,Central,3.0,81600.0,No,1,3,1,42,211,No
6755,31,Male,HR,Manager,Hybrid,Central,1.0,43700.0,No,2,4,0,4,146,Yes
6756,50,Female,Sales,Senior,Remote,East,10.0,97400.0,No,4,2,0,31,230,No
6757,42,Female,Customer Support,Entry,Hybrid,West,2.0,33300.0,No,3,3,1,36,144,No
6758,46,Male,Customer Support,Senior,Office,North,5.0,89300.0,No,5,4,1,36,154,No
6759,39,Male,HR,Entry,Office,North,2.0,36800.0,Yes,4,5,1,37,146,Yes
6760,35,Male,IT,Mid,Hybrid,East,7.0,80500.0,No,4,4,0,41,163,No
6761,45,Male,Sales,Mid,Hybrid,Central,5.0,55900.0,Yes,4,4,0,25,120,Yes
6762,40,Male,Operations,Mid,Hybrid,North,6.0,86700.0,No,3,3,0,37,191,No
6763,36,Male,Engineering,Mid,Remote,South,1.0,82500.0,No,3,3,0,6,154,Yes
6764,25,Male,Marketing,Entry,Hybrid,East,6.0,29900.0,No,5,3,0,23,177,No
6765,47,Female,Finance,Entry,Remote,West,1.0,26800.0,Yes,3,4,2,32,205,No
6766,42,Male,Operations,Senior,Remote,South,3.0,101100.0,No,4,4,1,22,161,No
6767,33,Male,Customer Support,Entry,Hybrid,South,2.0,32800.0,Yes,3,3,3,16,179,No
6768,49,Female,HR,Mid,Remote,North,5.0,69600.0,No,3,4,0,20,153,No
6769,40,Male,Customer Support,Entry,Hybrid,North,10.0,42500.0,Yes,2,3,1,36,188,No
6770,40,Female,Finance,Mid,Hybrid,South,7.0,53100.0,No,4,3,2,27,178,No
6771,46,Male,Finance,Entry,Hybrid,South,12.0,24000.0,No,4,4,0,28,146,No
6772,44,Female,Operations,Senior,Remote,East,5.0,98000.0,No,4,4,0,33,198,No
6773,41,Male,HR,Mid,Hybrid,North,7.0,71500.0,No,4,4,0,31,169,No
6774,36,Male,Engineering,Mid,Hybrid,South,9.0,78300.0,No,2,3,2,46,168,No
6775,56,Male,Operations,Senior,Hybrid,East,9.0,81400.0,Yes,3,3,1,42,185,No
6776,31,Female,Finance,Entry,Hybrid,Central,1.0,25700.0,No,3,4,2,33,192,No
6777,45,Female,Finance,Senior,Remote,Central,2.0,104400.0,No,3,4,0,25,150,No
6778,37,Female,Operations,Entry,Hybrid,Central,8.0,24000.0,No,4,4,1,44,190,No
6779,42,Male,Finance,Senior,Remote,North,12.0,91800.0,Yes,3,3,0,48,172,No
6780,49,Male,Marketing,Entry,Hybrid,South,2.0,24000.0,No,3,3,0,10,166,No
6781,35,Male,Finance,Mid,Remote,South,2.0,75300.0,No,4,4,2,27,158,No
6782,43,Male,Finance,Mid,Remote,North,7.0,75500.0,No,5,4,0,26,175,No
6783,40,Male,Operations,Mid,Remote,South,3.0,72900.0,No,5,4,1,17,143,No
6784,32,Male,Sales,Senior,Office,South,9.0,91400.0,No,3,3,0,22,154,No
6785,49,Female,Operations,Entry,Hybrid,South,7.0,28600.0,No,4,4,2,24,137,No
6786,44,Female,Operations,Mid,Remote,West,9.0,70500.0,No,4,2,0,41,188,No
6787,34,Male,HR,Senior,Hybrid,South,4.0,93700.0,No,4,5,1,12,174,No
6788,48,Male,Marketing,Senior,Office,West,3.0,107100.0,No,3,4,1,31,176,No
6789,31,Male,Marketing,Mid,Hybrid,North,2.0,61200.0,No,4,4,0,19,162,No
6790,38,Male,Customer Support,Mid,Remote,East,12.0,75100.0,Yes,3,5,2,43,167,No
6791,34,Female,Finance,Senior,Hybrid,East,1.0,85500.0,Yes,2,3,0,29,167,Yes
6792,45,Male,Finance,Senior,Remote,Central,1.0,111600.0,No,4,4,0,39,178,No
6793,34,Male,Marketing,Senior,Office,West,5.0,94800.0,No,3,3,1,29,140,No
6794,45,Male,Operations,Senior,Hybrid,Central,3.0,82600.0,Yes,5,2,0,9,173,No
6795,43,Female,Operations,Mid,Remote,West,9.0,69900.0,No,3,4,0,22,180,No
6796,35,Female,Operations,Mid,Office,Central,1.0,58900.0,Yes,4,4,1,49,181,Yes
6797,54,Female,Customer Support,Mid,Hybrid,West,4.0,66300.0,No,4,2,1,35,211,No
6798,31,Male,IT,Entry,Office,North,1.0,33500.0,No,2,4,1,52,176,Yes
6799,25,Female,Operations,Senior,Hybrid,North,3.0,106300.0,No,4,3,0,47,188,No
6800,46,Male,IT,Mid,Hybrid,East,5.0,81700.0,No,3,4,1,21,190,No
6801,21,Female,HR,Entry,Remote,Central,4.0,27100.0,Yes,5,4,1,12,156,No
6802,51,Female,Marketing,Mid,Remote,North,4.0,77100.0,No,3,4,1,42,187,No
6803,39,Male,Operations,Mid,Hybrid,West,7.0,79300.0,No,3,4,1,41,133,No
6804,25,Female,Finance,Entry,Remote,East,2.0,48200.0,No,1,4,2,29,155,No
6805,29,Male,Customer Support,Mid,Hybrid,East,6.0,66600.0,Yes,3,4,1,11,185,No
6806,23,Female,Customer Support,Senior,Hybrid,Central,4.0,107600.0,No,4,4,2,22,149,No
6807,41,Female,Operations,Mid,Hybrid,North,3.0,62200.0,No,2,3,1,30,193,No
6808,26,Male,Engineering,Entry,Hybrid,Central,6.0,38600.0,No,4,3,0,37,192,No
6809,43,Female,HR,Mid,Office,South,5.0,66400.0,No,4,3,0,16,180,No
6810,35,Female,Customer Support,Entry,Office,North,6.0,24000.0,No,2,4,0,40,177,No
6811,34,Male,IT,Manager,Hybrid,East,15.0,47400.0,No,3,3,1,38,166,No
6812,43,Female,IT,Entry,Hybrid,South,4.0,24000.0,No,2,2,0,38,175,No
6813,44,Male,Finance,Senior,Office,South,1.0,97800.0,No,4,3,0,34,192,No
6814,48,Female,Sales,Entry,Hybrid,Central,2.0,39000.0,No,2,3,0,4,194,No
6815,32,Female,Operations,Entry,Hybrid,North,12.0,24000.0,No,4,4,1,32,173,No
6816,38,Female,IT,Mid,Office,North,3.0,70400.0,No,3,5,2,23,144,No
6817,32,Male,Operations,Senior,Hybrid,Central,7.0,84200.0,No,3,4,0,35,165,No
6818,39,Male,IT,Manager,Hybrid,North,4.0,58100.0,No,4,4,0,9,176,No
6819,31,Female,Sales,Mid,Remote,East,2.0,84800.0,No,3,3,0,4,187,No
6820,34,Female,Engineering,Mid,Remote,East,5.0,70400.0,No,5,2,1,35,180,No
6821,34,Male,Operations,Entry,Remote,North,3.0,24000.0,No,3,3,1,17,197,No
6822,41,Female,Engineering,Mid,Hybrid,West,3.0,57500.0,No,2,3,3,4,158,No
6823,38,Female,Operations,Mid,Remote,Central,4.0,89500.0,No,5,4,1,15,158,No
6824,43,Male,Sales,Senior,Hybrid,South,1.0,105900.0,No,4,4,0,26,191,No
6825,37,Male,Operations,Mid,Hybrid,East,7.0,54200.0,Yes,3,4,2,42,153,No
6826,33,Male,Operations,Senior,Hybrid,West,3.0,99900.0,No,5,4,0,28,150,No
6827,40,Male,Sales,Senior,Hybrid,North,8.0,84000.0,No,2,3,0,21,172,No
6828,30,Male,Customer Support,Entry,Office,South,7.0,24000.0,No,3,2,0,25,186,No
6829,43,Male,Operations,Mid,Hybrid,South,4.0,60800.0,No,2,3,0,37,176,No
6830,35,Male,Marketing,Senior,Hybrid,North,5.0,76000.0,No,3,3,0,35,120,No
6831,40,Male,Operations,Mid,Office,West,6.0,71600.0,Yes,2,5,0,37,168,No
6832,40,Male,Operations,Mid,Hybrid,West,3.0,89100.0,No,3,5,1,49,156,No
6833,52,Male,IT,Senior,Hybrid,East,1.0,85700.0,No,3,2,3,29,195,Yes
6834,41,Male,Engineering,Entry,Hybrid,South,5.0,36000.0,No,3,4,2,36,140,No
6835,39,Female,HR,Senior,Office,South,9.0,103400.0,No,1,2,1,4,183,No
6836,32,Female,IT,Mid,Remote,South,2.0,78500.0,No,4,4,1,30,171,No
6837,45,Female,Sales,Mid,Hybrid,West,8.0,90000.0,Yes,3,3,0,12,176,No
6838,36,Male,Operations,Mid,Office,West,2.0,80600.0,No,5,3,0,20,187,No
6839,24,Male,Engineering,Mid,Hybrid,West,4.0,88200.0,No,3,4,1,22,167,Yes
6840,36,Male,Customer Support,Entry,Hybrid,East,4.0,24000.0,No,3,4,2,28,173,No
6841,40,Female,Marketing,Entry,Office,East,4.0,34700.0,No,3,4,0,21,206,No
6842,31,Female,Engineering,Mid,Hybrid,Central,2.0,85600.0,No,2,4,0,23,191,No
6843,37,Female,Marketing,Mid,Office,South,2.0,65100.0,No,4,3,0,36,190,No
6844,37,Male,Finance,Mid,Hybrid,South,4.0,40600.0,No,3,2,0,29,189,No
6845,37,Female,Operations,Entry,Remote,North,7.0,24000.0,Yes,3,3,2,27,209,No
6846,49,Female,Sales,Entry,Office,South,2.0,24000.0,No,4,3,2,28,183,No
6847,26,Female,IT,Entry,Remote,South,4.0,33100.0,Yes,4,3,0,25,174,No
6848,56,Female,HR,Mid,Office,North,15.0,66900.0,No,4,3,0,40,184,No
6849,38,Female,IT,Entry,Hybrid,West,5.0,28000.0,Yes,2,4,1,27,160,No
6850,43,Male,Engineering,Entry,Hybrid,North,4.0,24000.0,Yes,4,5,0,55,188,No
6851,39,Male,Engineering,Mid,Office,North,4.0,70800.0,Yes,2,2,1,33,192,No
6852,22,Male,Finance,Senior,Hybrid,South,13.0,93400.0,No,2,3,1,37,164,No
6853,28,Female,Marketing,Mid,Hybrid,West,7.0,66300.0,Yes,4,4,0,24,168,No
6854,33,Male,HR,Entry,Remote,North,3.0,35400.0,No,3,2,2,35,178,No
6855,47,Female,Sales,Senior,Hybrid,South,7.0,106400.0,No,3,2,0,40,158,No
6856,26,Female,Finance,Mid,Office,West,2.0,61700.0,No,4,5,0,31,150,No
6857,30,Male,IT,Mid,Office,South,5.0,74000.0,No,3,4,1,23,166,No
6858,39,Male,Finance,Entry,Hybrid,Central,10.0,24000.0,No,2,5,0,41,173,No
6859,42,Female,IT,Entry,Remote,Central,5.0,24000.0,No,3,2,1,52,184,No
6860,42,Male,Sales,Mid,Office,North,2.0,81300.0,No,4,5,0,10,182,No
6861,29,Female,IT,Entry,Remote,North,4.0,46100.0,No,4,2,1,22,170,No
6862,24,Female,Engineering,Mid,Office,South,10.0,69000.0,No,3,4,0,27,183,No
6863,43,Female,Sales,Mid,Hybrid,South,2.0,88500.0,No,5,2,0,24,161,No
6864,51,Female,Finance,Entry,Hybrid,South,7.0,24000.0,No,5,4,1,27,141,No
6865,35,Male,Operations,Entry,Remote,South,10.0,25900.0,No,2,4,0,16,167,No
6866,28,Female,Finance,Entry,Office,West,6.0,43000.0,No,2,3,1,39,176,No
6867,34,Male,Operations,Mid,Remote,South,5.0,63800.0,No,5,2,0,28,159,No
6868,42,Female,Sales,Entry,Hybrid,West,3.0,36300.0,Yes,4,3,1,31,142,No
6869,36,Female,Operations,Mid,Remote,Central,3.0,68900.0,No,5,4,0,25,154,No
6870,51,Male,Operations,Mid,Remote,North,4.0,65500.0,Yes,3,3,0,20,147,Yes
6871,46,Male,Marketing,Mid,Hybrid,West,7.0,67400.0,No,3,3,0,20,144,No
6872,40,Female,Operations,Manager,Remote,North,17.0,30500.0,No,2,3,1,47,172,No
6873,21,Male,HR,Senior,Hybrid,Central,2.0,105300.0,No,4,4,1,16,195,No
6874,32,Female,Finance,Mid,Hybrid,East,6.0,74000.0,No,3,2,0,23,172,No
6875,33,Male,IT,Mid,Hybrid,West,9.0,70700.0,No,3,3,0,6,195,No
6876,31,Female,Operations,Mid,Office,South,5.0,65800.0,Yes,4,4,0,34,120,No
6877,40,Female,Sales,Manager,Hybrid,East,4.0,52800.0,Yes,3,3,0,39,175,No
6878,40,Male,Finance,Mid,Hybrid,West,1.0,80000.0,No,4,3,0,7,182,No
6879,23,Female,Marketing,Entry,Hybrid,South,5.0,25500.0,No,3,4,0,19,156,No
6880,45,Male,Sales,Senior,Remote,South,4.0,102700.0,No,4,4,1,18,153,No
6881,38,Female,Sales,Entry,Hybrid,North,3.0,30500.0,No,2,4,2,24,164,No
6882,41,Female,Operations,Senior,Hybrid,South,6.0,93200.0,Yes,3,3,1,35,189,No
6883,45,Female,Finance,Entry,Hybrid,West,2.0,36200.0,No,4,3,0,28,148,No
6884,31,Female,Customer Support,Entry,Hybrid,Central,2.0,24000.0,No,5,4,0,28,155,No
6885,49,Male,Engineering,Senior,Hybrid,North,5.0,82700.0,Yes,4,4,3,11,145,No
6886,37,Female,Engineering,Mid,Hybrid,North,12.0,71500.0,No,3,5,1,27,183,No
6887,52,Female,HR,Mid,Office,West,4.0,72300.0,Yes,5,4,0,39,157,No
6888,30,Male,IT,Senior,Hybrid,East,5.0,92000.0,No,3,4,2,29,169,No
6889,51,Male,Operations,Senior,Remote,Central,4.0,104700.0,Yes,3,4,0,4,181,No
6890,30,Female,Operations,Mid,Office,South,2.0,76500.0,No,3,5,0,43,161,No
6891,61,Female,Operations,Manager,Hybrid,North,4.0,49000.0,No,4,2,0,44,142,No
6892,29,Male,Finance,Mid,Office,North,5.0,72000.0,No,2,4,0,35,181,No
6893,48,Male,Sales,Entry,Hybrid,South,5.0,28700.0,No,4,4,0,39,183,No
6894,35,Female,IT,Senior,Hybrid,South,6.0,98700.0,Yes,2,4,0,34,203,No
6895,44,Male,IT,Mid,Hybrid,South,2.0,72500.0,Yes,3,3,1,36,177,No
6896,38,Male,Sales,Senior,Office,West,3.0,92600.0,No,3,4,2,21,172,No
6897,28,Female,Engineering,Entry,Hybrid,East,1.0,24000.0,Yes,3,4,3,37,177,No
6898,21,Female,Sales,Entry,Hybrid,South,11.0,24000.0,No,2,5,0,4,167,No
6899,61,Female,Operations,Entry,Hybrid,South,3.0,30500.0,No,3,4,1,26,170,Yes
6900,39,Female,Engineering,Mid,Hybrid,South,5.0,73700.0,No,4,4,0,39,159,No
6901,21,Male,Finance,Senior,Office,East,4.0,80600.0,No,5,3,1,46,176,No
6902,41,Female,Operations,Mid,Hybrid,North,0.5,66900.0,No,5,4,0,33,177,No
6903,44,Female,Marketing,Entry,Hybrid,East,2.0,24000.0,No,3,4,1,42,168,No
6904,32,Female,Finance,Mid,Hybrid,South,4.0,84300.0,Yes,5,4,0,27,152,No
6905,32,Male,HR,Mid,Remote,South,6.0,74300.0,No,3,4,1,36,141,No
6906,38,Male,Customer Support,Mid,Hybrid,West,6.0,75900.0,No,3,4,1,37,160,Yes
6907,49,Female,Marketing,Mid,Hybrid,East,1.0,71400.0,No,3,3,0,4,158,No
6908,39,Female,Customer Support,Entry,Remote,West,2.0,24000.0,No,4,3,0,37,163,No
6909,51,Male,Engineering,Mid,Hybrid,Central,6.0,68000.0,No,4,4,0,29,162,No
6910,48,Female,Finance,Mid,Office,Central,6.0,76400.0,No,1,4,0,31,205,No
6911,36,Female,Marketing,Entry,Remote,South,1.0,25700.0,No,3,4,0,39,163,No
6912,24,Female,Operations,Mid,Office,Central,6.0,76500.0,No,4,4,0,22,144,Yes
6913,36,Male,Marketing,Mid,Hybrid,West,4.0,73300.0,Yes,3,4,1,28,171,No
6914,43,Male,Marketing,Mid,Office,East,4.0,74700.0,Yes,3,4,0,29,163,Yes
6915,39,Male,Marketing,Entry,Remote,South,12.0,31100.0,No,4,4,0,33,208,No
6916,44,Male,Customer Support,Entry,Office,North,4.0,24000.0,No,4,3,1,4,177,No
6917,46,Female,Finance,Senior,Office,East,3.0,91200.0,No,4,4,1,36,189,No
6918,43,Female,Operations,Entry,Hybrid,West,7.0,36200.0,No,5,2,1,37,172,No
6919,36,Male,IT,Senior,Remote,South,7.0,110400.0,Yes,4,3,0,12,175,No
6920,43,Male,Operations,Mid,Office,West,10.0,80300.0,Yes,2,2,1,19,160,No
6921,58,Female,Marketing,Mid,Office,East,7.0,46900.0,Yes,4,3,1,42,170,No
6922,25,Male,Customer Support,Senior,Office,Central,7.0,87200.0,No,4,3,0,16,153,No
6923,42,Female,HR,Mid,Hybrid,North,4.0,73000.0,No,4,2,2,46,162,No
6924,54,Female,Operations,Entry,Unknown,West,16.0,24000.0,Yes,5,4,0,17,177,No
6925,27,Male,Finance,Entry,Hybrid,South,2.0,24000.0,Yes,4,3,1,40,179,No
6926,47,Male,IT,Mid,Hybrid,West,6.0,68200.0,Yes,3,3,0,16,175,No
6927,48,Male,IT,Mid,Office,South,2.0,75100.0,No,3,3,0,38,159,No
6928,25,Male,Engineering,Senior,Office,South,4.0,99600.0,No,5,4,0,31,215,No
6929,44,Male,Finance,Mid,Hybrid,South,4.0,68700.0,No,2,5,1,31,169,No
6930,36,Male,Engineering,Mid,Hybrid,South,4.0,68000.0,No,3,4,1,16,176,No
6931,37,Male,IT,Mid,Remote,North,1.0,64400.0,No,3,4,1,28,196,No
6932,35,Male,Marketing,Entry,Hybrid,West,3.0,32600.0,No,2,2,0,19,152,No
6933,50,Female,Operations,Senior,Hybrid,North,18.0,98000.0,No,4,3,1,17,167,No
6934,37,Female,Marketing,Entry,Office,North,5.0,36200.0,No,4,4,0,44,208,No
6935,34,Male,Operations,Senior,Remote,South,8.0,95200.0,No,4,4,0,62,180,No
6936,34,Male,Marketing,Entry,Remote,West,6.0,24000.0,No,3,4,0,19,187,No
6937,35,Female,Engineering,Mid,Office,South,15.0,68900.0,No,4,5,1,33,164,No
6938,28,Female,Operations,Entry,Hybrid,North,6.0,35700.0,No,3,3,1,39,163,No
6939,34,Female,Sales,Senior,Remote,North,5.0,78400.0,No,4,3,2,20,149,No
6940,39,Male,IT,Entry,Hybrid,North,1.0,27200.0,No,5,4,1,17,211,No
6941,42,Female,Marketing,Mid,Hybrid,East,2.0,74600.0,No,1,5,1,28,162,Yes
6942,49,Male,Operations,Senior,Hybrid,East,3.0,112000.0,No,4,5,0,28,144,No
6943,40,Female,Operations,Mid,Office,North,4.0,66600.0,Yes,5,2,0,4,195,Yes
6944,34,Female,Operations,Entry,Remote,North,2.0,26900.0,No,5,4,2,31,158,No
6945,29,Male,Finance,Senior,Hybrid,West,5.0,109200.0,Yes,4,4,1,38,185,No
6946,41,Male,Customer Support,Mid,Hybrid,North,5.0,66700.0,No,5,4,0,34,184,No
6947,37,Male,Marketing,Entry,Remote,North,13.0,37700.0,Yes,3,4,3,25,192,No
6948,37,Male,Marketing,Mid,Hybrid,North,14.0,75500.0,No,4,3,0,11,143,No
6949,40,Male,Marketing,Senior,Office,North,7.0,92000.0,No,3,1,1,34,179,No
6950,43,Male,Customer Support,Mid,Hybrid,West,8.0,76100.0,No,3,5,0,19,149,No
6951,40,Male,Operations,Senior,Remote,West,9.0,92700.0,No,4,4,0,24,172,No
6952,36,Male,Engineering,Senior,Remote,South,6.0,114300.0,No,3,3,0,28,188,No
6953,31,Female,Sales,Mid,Hybrid,Central,10.0,53400.0,No,2,3,1,38,137,No
6954,32,Male,Operations,Mid,Hybrid,Central,1.0,69500.0,No,4,4,0,40,162,No
6955,46,Female,Marketing,Senior,Hybrid,West,8.0,91700.0,Yes,3,4,0,31,152,No
6956,34,Male,HR,Mid,Hybrid,North,2.0,70800.0,No,4,2,0,28,174,No
6957,26,Male,IT,Entry,Hybrid,South,2.0,37700.0,Yes,3,3,1,37,149,No
6958,48,Female,Operations,Mid,Office,North,9.0,68000.0,No,2,4,0,17,185,No
6959,30,Male,Finance,Senior,Hybrid,East,3.0,98400.0,Yes,3,3,0,20,166,No
6960,38,Male,Engineering,Mid,Hybrid,South,2.0,74100.0,No,3,2,0,46,170,No
6961,42,Female,Finance,Entry,Office,South,6.0,35500.0,No,2,3,0,46,176,No
6962,38,Male,IT,Entry,Office,South,2.0,26800.0,Yes,3,3,1,7,120,No
6963,21,Male,Operations,Entry,Hybrid,East,2.0,30900.0,Yes,4,2,2,22,150,No
6964,42,Male,Finance,Manager,Hybrid,East,1.0,48900.0,No,2,5,0,39,200,No
6965,50,Female,Sales,Mid,Remote,East,3.0,63100.0,Yes,4,4,1,33,146,No
6966,45,Female,Operations,Senior,Office,North,7.0,108400.0,No,2,4,0,26,150,No
6967,21,Male,Operations,Senior,Hybrid,Central,8.0,87100.0,No,3,4,0,13,164,No
6968,57,Male,IT,Mid,Hybrid,West,4.0,67700.0,No,3,3,0,22,187,No
6969,26,Male,Operations,Senior,Remote,South,13.0,86300.0,Yes,3,3,2,18,143,No
6970,28,Female,Operations,Manager,Hybrid,West,6.0,53600.0,No,4,5,1,44,166,No
6971,45,Female,Customer Support,Senior,Hybrid,Central,9.0,89700.0,No,3,3,0,19,195,No
6972,42,Male,Finance,Senior,Office,South,3.0,107600.0,No,3,3,1,30,177,No
6973,39,Male,IT,Mid,Hybrid,East,3.0,76800.0,No,1,3,0,33,151,No
6974,33,Male,Engineering,Senior,Hybrid,North,4.0,91500.0,No,4,3,1,27,192,No
6975,50,Female,Operations,Entry,Hybrid,Central,3.0,24000.0,No,5,3,3,28,164,No
6976,38,Female,Sales,Senior,Office,East,0.5,93000.0,No,3,3,2,13,180,No
6977,24,Male,Customer Support,Mid,Hybrid,Central,5.0,76700.0,No,4,3,1,23,155,No
6978,49,Male,IT,Mid,Office,South,6.0,71600.0,Yes,3,3,0,24,191,No
6979,40,Male,Customer Support,Senior,Remote,North,5.0,92700.0,No,4,3,0,21,164,No
6980,48,Female,Marketing,Mid,Office,West,14.0,62800.0,No,4,3,0,45,175,No
6981,43,Male,Engineering,Entry,Office,North,14.0,48200.0,No,3,2,0,51,134,No
6982,60,Male,Engineering,Senior,Hybrid,Central,1.0,92200.0,Yes,3,3,0,40,201,Yes
6983,35,Male,IT,Manager,Hybrid,East,11.0,37600.0,No,4,3,1,46,197,No
6984,38,Male,Customer Support,Mid,Remote,North,13.0,62300.0,No,3,3,0,20,147,No
6985,44,Female,Finance,Senior,Remote,Central,1.0,90900.0,Yes,2,3,1,25,202,No
6986,35,Male,Operations,Senior,Office,North,7.0,111500.0,No,2,2,1,18,144,No
6987,45,Female,Operations,Senior,Hybrid,South,5.0,92500.0,Yes,4,5,0,29,146,No
6988,21,Male,Sales,Mid,Remote,Central,13.0,68600.0,No,3,3,2,17,167,No
6989,37,Female,Sales,Mid,Hybrid,East,12.0,79600.0,Yes,3,2,1,15,175,No
6990,37,Male,Sales,Senior,Office,Central,18.0,102300.0,No,4,4,0,4,189,No
6991,37,Male,Sales,Senior,Hybrid,Central,7.0,99900.0,No,2,3,1,33,169,No
6992,30,Male,IT,Entry,Office,Central,6.0,29800.0,No,2,3,1,42,150,No
6993,46,Male,Engineering,Entry,Hybrid,East,2.0,24000.0,No,5,4,0,41,192,No
6994,33,Female,Operations,Mid,Hybrid,South,3.0,65200.0,No,3,4,0,37,168,No
6995,40,Male,Customer Support,Senior,Office,South,7.0,79700.0,No,4,4,0,38,184,No
6996,38,Female,Customer Support,Senior,Hybrid,North,3.0,92000.0,No,5,2,0,24,190,No
6997,43,Male,Marketing,Mid,Office,West,5.0,68200.0,No,4,2,2,9,160,No
6998,51,Female,Finance,Entry,Remote,Central,1.0,24000.0,No,3,2,2,15,166,Yes
6999,40,Male,Customer Support,Mid,Office,East,5.0,74500.0,No,4,3,1,24,184,No
7000,46,Male,Marketing,Senior,Hybrid,East,1.0,88100.0,Yes,3,4,0,4,190,No
7001,39,Male,Marketing,Mid,Office,East,9.0,68900.0,Yes,3,3,0,35,159,No
7002,33,Male,Engineering,Entry,Hybrid,East,5.0,24000.0,No,4,3,1,33,170,No
7003,37,Male,Operations,Mid,Hybrid,North,3.0,71700.0,No,4,3,0,34,143,No
7004,35,Female,Operations,Senior,Remote,North,4.0,97300.0,Yes,2,3,1,39,163,No
7005,43,Male,Customer Support,Mid,Office,North,3.0,59900.0,No,4,4,0,6,201,No
7006,39,Female,HR,Entry,Office,North,2.0,32100.0,No,4,3,3,18,134,No
7007,31,Male,Customer Support,Mid,Hybrid,North,3.0,74400.0,Yes,3,4,0,14,207,No
7008,36,Female,Sales,Manager,Hybrid,West,3.0,53800.0,No,4,3,0,21,208,No
7009,24,Female,Sales,Mid,Remote,Central,4.0,73200.0,No,2,3,0,19,147,No
7010,36,Male,Operations,Mid,Hybrid,South,0.5,75300.0,No,2,3,0,4,150,No
7011,38,Female,Sales,Entry,Hybrid,North,10.0,24300.0,No,4,4,0,36,171,Yes
7012,54,Male,Engineering,Mid,Remote,Central,10.0,76000.0,No,3,4,1,44,163,No
7013,50,Female,Sales,Senior,Hybrid,North,4.0,104300.0,No,5,3,1,19,192,No
7014,29,Female,Marketing,Senior,Office,West,15.0,89500.0,No,3,5,1,20,187,No
7015,40,Female,IT,Mid,Office,Central,3.0,67900.0,No,4,5,1,38,170,No
7016,40,Female,Engineering,Senior,Hybrid,West,5.0,99700.0,Yes,4,3,3,27,145,No
7017,36,Female,Finance,Mid,Hybrid,North,6.0,67000.0,No,4,5,0,35,166,No
7018,36,Female,Sales,Senior,Office,Central,5.0,87500.0,No,4,4,1,16,222,No
7019,35,Male,Sales,Entry,Hybrid,East,3.0,31800.0,No,4,2,0,35,176,No
7020,55,Male,Operations,Mid,Office,South,5.0,68100.0,No,3,2,1,33,200,Yes
7021,34,Female,Engineering,Senior,Hybrid,East,1.0,105000.0,No,2,4,1,23,179,No
7022,41,Male,Engineering,Senior,Remote,Central,2.0,89800.0,No,4,3,1,27,206,No
7023,21,Female,Finance,Senior,Hybrid,West,8.0,86600.0,Yes,1,1,0,4,170,Yes
7024,45,Female,Operations,Mid,Office,West,18.0,72000.0,Yes,2,4,0,25,196,No
7025,49,Male,Sales,Senior,Hybrid,Central,3.0,97900.0,No,3,4,2,28,191,No
7026,29,Male,Operations,Senior,Hybrid,South,4.0,96900.0,Yes,4,3,2,23,173,No
7027,33,Female,Operations,Entry,Remote,West,4.0,32900.0,Yes,3,5,1,18,173,No
7028,42,Male,IT,Mid,Hybrid,West,5.0,67000.0,Yes,5,3,0,45,142,No
7029,38,Male,Operations,Mid,Hybrid,West,9.0,82200.0,No,2,3,0,43,164,No
7030,42,Male,Customer Support,Mid,Hybrid,South,5.0,57100.0,No,2,3,0,28,221,No
7031,35,Female,Sales,Senior,Hybrid,West,1.0,87000.0,No,1,2,0,32,207,No
7032,55,Female,IT,Mid,Remote,North,3.0,72300.0,No,2,3,0,6,170,No
7033,32,Male,IT,Entry,Hybrid,West,6.0,24000.0,No,3,1,0,15,154,No
7034,62,Female,Sales,Entry,Hybrid,North,3.0,25200.0,No,5,4,1,22,196,No
7035,49,Male,IT,Senior,Hybrid,North,4.0,85200.0,No,4,4,0,15,177,No
7036,45,Female,Operations,Entry,Hybrid,West,4.0,26100.0,Yes,4,4,0,40,181,No
7037,29,Female,Sales,Senior,Hybrid,South,4.0,98200.0,No,3,4,0,21,166,No
7038,46,Male,Marketing,Entry,Office,West,2.0,24000.0,No,4,3,1,14,201,No
7039,43,Male,Customer Support,Mid,Remote,East,8.0,64100.0,No,5,5,0,52,177,No
7040,21,Female,Engineering,Senior,Remote,East,1.0,89900.0,Yes,3,3,1,50,184,No
7041,25,Female,Marketing,Mid,Remote,East,6.0,81900.0,No,3,4,0,37,150,No
7042,41,Male,IT,Senior,Remote,West,3.0,103900.0,Yes,3,4,0,5,156,No
7043,37,Female,Sales,Entry,Remote,South,5.0,24000.0,No,2,2,1,46,149,No
7044,33,Male,IT,Mid,Office,West,11.0,76600.0,No,4,4,0,45,180,No
7045,48,Female,Engineering,Mid,Office,South,11.0,71800.0,No,3,3,1,7,173,No
7046,30,Male,Engineering,Senior,Office,North,9.0,105600.0,No,3,3,0,4,145,No
7047,34,Male,Finance,Entry,Office,North,12.0,29700.0,Yes,5,3,0,21,178,No
7048,32,Male,Finance,Mid,Hybrid,South,18.0,70200.0,No,3,4,0,32,174,No
7049,43,Male,Operations,Mid,Hybrid,South,8.0,86400.0,Yes,5,3,0,45,134,No
7050,23,Female,IT,Manager,Hybrid,West,6.0,41700.0,No,2,4,0,5,157,No
7051,34,Male,Engineering,Senior,Hybrid,South,2.0,96900.0,Yes,4,2,3,50,176,No
7052,22,Female,IT,Senior,Office,West,7.0,106300.0,Yes,3,3,0,8,150,No
7053,35,Male,Finance,Mid,Hybrid,North,5.0,78000.0,Yes,2,3,1,38,166,Yes
7054,45,Male,HR,Mid,Hybrid,South,14.0,65100.0,Yes,2,4,0,28,156,No
7055,45,Female,Sales,Senior,Hybrid,Central,8.0,86600.0,Yes,4,3,1,43,139,Yes
7056,31,Female,Finance,Senior,Hybrid,South,2.0,81300.0,Yes,3,2,2,33,129,No
7057,43,Male,Customer Support,Senior,Hybrid,South,6.0,107300.0,No,4,3,0,27,147,No
7058,36,Female,Sales,Senior,Hybrid,South,9.0,83800.0,Yes,3,3,2,36,211,Yes
7059,50,Male,Operations,Senior,Hybrid,West,5.0,100400.0,No,2,4,2,19,146,No
7060,37,Female,HR,Entry,Hybrid,West,18.0,24000.0,No,4,5,2,27,167,No
7061,21,Female,IT,Mid,Remote,North,8.0,95000.0,No,4,3,0,12,170,No
7062,46,Male,Sales,Manager,Hybrid,Central,2.0,37800.0,No,2,4,1,37,210,No
7063,34,Male,IT,Mid,Hybrid,South,2.0,72400.0,Yes,4,3,0,42,130,No
7064,36,Male,Sales,Entry,Hybrid,Central,2.0,38900.0,Yes,4,4,0,33,157,No
7065,41,Male,Finance,Mid,Hybrid,Central,3.0,65700.0,Yes,3,3,0,31,177,No
7066,25,Male,Customer Support,Mid,Hybrid,North,5.0,77100.0,No,3,3,0,24,168,No
7067,39,Male,Marketing,Senior,Hybrid,South,6.0,91500.0,No,5,4,1,57,162,No
7068,43,Female,Engineering,Senior,Hybrid,West,11.0,97500.0,No,4,3,0,28,182,No
7069,41,Female,HR,Entry,Office,West,8.0,37700.0,No,5,3,0,9,128,No
7070,33,Male,Marketing,Mid,Hybrid,East,4.0,68100.0,No,4,3,0,35,165,No
7071,47,Female,Marketing,Entry,Hybrid,Central,4.0,41500.0,Yes,4,2,1,29,159,No
7072,29,Female,IT,Senior,Hybrid,North,8.0,97200.0,No,3,4,1,53,188,No
7073,32,Female,Finance,Entry,Office,West,3.0,45500.0,Yes,4,3,0,28,128,No
7074,37,Male,Operations,Mid,Hybrid,Central,7.0,64500.0,No,4,3,0,12,166,No
7075,41,Male,Customer Support,Mid,Office,South,1.0,66200.0,No,3,4,0,48,167,No
7076,35,Female,HR,Mid,Remote,North,6.0,69900.0,No,5,4,0,32,162,No
7077,49,Male,IT,Mid,Hybrid,Central,6.0,61100.0,No,4,3,0,21,158,No
7078,41,Female,Engineering,Senior,Office,East,3.0,102300.0,No,2,4,1,55,167,No
7079,39,Female,Sales,Mid,Hybrid,South,2.0,71300.0,No,3,4,1,28,192,No
7080,40,Female,Engineering,Entry,Hybrid,Central,1.0,24000.0,No,4,3,0,21,183,No
7081,45,Male,Customer Support,Mid,Hybrid,South,5.0,64600.0,No,2,4,0,39,156,No
7082,40,Female,Customer Support,Mid,Hybrid,South,6.0,64200.0,No,3,4,0,40,155,No
7083,22,Female,Customer Support,Mid,Hybrid,West,1.0,80300.0,No,3,4,0,39,148,No
7084,48,Female,IT,Senior,Hybrid,East,1.0,98100.0,Yes,3,4,1,44,190,No
7085,39,Male,Operations,Mid,Hybrid,West,2.0,70800.0,No,3,3,1,5,158,No
7086,44,Female,Marketing,Senior,Hybrid,West,2.0,90700.0,Yes,4,3,0,38,145,No
7087,34,Female,Marketing,Entry,Hybrid,South,3.0,25900.0,No,3,4,0,29,171,No
7088,22,Male,IT,Senior,Hybrid,North,5.0,110000.0,Yes,4,3,0,30,175,No
7089,21,Male,IT,Entry,Office,East,9.0,25900.0,No,2,2,2,22,164,No
7090,30,Male,Finance,Mid,Office,West,9.0,79700.0,No,3,3,0,23,172,No
7091,43,Male,HR,Mid,Office,East,7.0,69000.0,Yes,2,3,0,25,166,Yes
7092,50,Female,Operations,Mid,Hybrid,West,9.0,87100.0,No,4,4,0,30,179,No
7093,41,Female,Customer Support,Entry,Remote,North,2.0,24000.0,No,3,3,0,4,175,No
7094,29,Female,Customer Support,Senior,Hybrid,East,7.0,101300.0,Yes,3,5,1,37,156,No
7095,31,Male,Marketing,Mid,Hybrid,West,8.0,65200.0,No,4,3,0,40,182,No
7096,50,Female,IT,Manager,Hybrid,West,1.0,69900.0,No,3,2,0,34,152,No
7097,26,Male,HR,Senior,Remote,South,11.0,100300.0,Yes,2,2,2,35,148,No
7098,57,Female,Finance,Mid,Hybrid,North,8.0,56700.0,No,4,3,0,40,173,No
7099,55,Male,IT,Senior,Remote,East,3.0,85600.0,No,2,4,0,31,177,No
7100,57,Female,Sales,Entry,Office,North,1.0,34200.0,No,5,3,0,54,186,No
7101,41,Female,Finance,Mid,Office,North,5.0,77900.0,No,3,4,1,28,206,No
7102,35,Male,IT,Mid,Office,East,4.0,77200.0,No,2,3,2,40,133,No
7103,41,Male,Operations,Senior,Hybrid,North,2.0,95400.0,Yes,3,4,1,17,158,No
7104,46,Female,Sales,Entry,Hybrid,North,5.0,25100.0,No,4,2,0,26,172,No
7105,32,Female,IT,Mid,Office,North,3.0,81800.0,Yes,3,4,0,41,203,Yes
7106,28,Male,Sales,Mid,Hybrid,North,8.0,64200.0,No,2,4,0,26,161,No
7107,35,Male,Operations,Mid,Remote,South,1.0,72500.0,No,3,3,3,21,136,No
7108,31,Male,Operations,Entry,Hybrid,West,9.0,24000.0,No,4,5,2,32,147,No
7109,49,Female,Finance,Mid,Hybrid,North,4.0,65700.0,Yes,4,2,1,29,165,No
7110,32,Male,Sales,Senior,Remote,South,7.0,89900.0,No,4,4,2,17,177,No
7111,39,Female,Engineering,Entry,Remote,West,12.0,24000.0,No,4,4,1,23,213,No
7112,47,Female,Operations,Mid,Hybrid,South,6.0,76900.0,No,5,3,1,31,156,No
7113,50,Male,Marketing,Manager,Office,North,9.0,36700.0,No,1,4,1,4,180,No
7114,40,Male,Operations,Senior,Hybrid,South,1.0,97900.0,Yes,2,3,0,29,190,No
7115,41,Female,Customer Support,Entry,Office,Central,1.0,24000.0,Yes,4,4,1,17,158,No
7116,29,Male,Customer Support,Mid,Hybrid,North,4.0,72300.0,No,4,3,0,25,203,No
7117,47,Male,Finance,Entry,Hybrid,East,3.0,26500.0,No,2,3,2,13,157,No
7118,49,Female,Marketing,Manager,Remote,North,6.0,45500.0,No,3,3,0,24,148,Yes
7119,21,Male,IT,Mid,Office,East,6.0,82900.0,No,5,3,1,50,200,No
7120,54,Female,Operations,Mid,Office,South,10.0,68700.0,No,3,3,0,16,168,No
7121,32,Male,Finance,Entry,Hybrid,South,4.0,34300.0,No,4,4,1,20,147,No
7122,43,Female,Sales,Mid,Hybrid,East,1.0,78400.0,No,5,5,1,23,160,No
7123,39,Male,Engineering,Entry,Remote,North,10.0,25500.0,No,3,5,1,4,155,No
7124,37,Male,Customer Support,Senior,Hybrid,Central,10.0,82700.0,No,4,4,2,7,158,No
7125,36,Female,IT,Mid,Hybrid,West,4.0,64100.0,No,4,3,0,34,173,No
7126,29,Female,Engineering,Mid,Office,South,10.0,83500.0,Yes,3,4,1,21,162,No
7127,43,Male,Finance,Senior,Office,East,1.0,98400.0,No,3,4,0,49,210,No
7128,35,Female,HR,Entry,Remote,South,4.0,29200.0,No,4,3,2,17,162,No
7129,26,Female,Customer Support,Entry,Hybrid,North,2.0,24000.0,No,3,5,1,50,166,No
7130,29,Female,Finance,Mid,Office,North,8.0,87600.0,No,2,4,0,7,199,No
7131,26,Female,HR,Senior,Hybrid,West,3.0,86200.0,No,4,3,2,26,194,No
7132,33,Female,Marketing,Entry,Hybrid,South,9.0,29300.0,No,1,4,1,17,184,No
7133,42,Female,Sales,Senior,Remote,South,2.0,98500.0,No,5,4,1,37,161,No
7134,32,Male,HR,Mid,Hybrid,South,16.0,60200.0,No,3,3,0,20,198,No
7135,47,Male,Finance,Mid,Remote,South,4.0,65200.0,No,3,4,0,21,161,No
7136,37,Male,Marketing,Mid,Office,North,3.0,67900.0,No,3,3,1,27,148,No
7137,35,Male,Sales,Entry,Hybrid,West,8.0,35800.0,No,5,1,0,59,157,No
7138,38,Male,IT,Entry,Remote,Central,6.0,24100.0,No,4,2,1,44,185,No
7139,51,Female,Marketing,Senior,Hybrid,South,4.0,81100.0,No,3,4,1,22,164,No
7140,26,Female,IT,Mid,Office,North,3.0,58200.0,Yes,3,3,0,16,173,No
7141,53,Female,HR,Mid,Hybrid,Central,13.0,65100.0,No,3,4,0,17,149,No
7142,47,Female,Marketing,Manager,Office,West,4.0,36600.0,No,4,5,1,15,185,No
7143,38,Female,Customer Support,Entry,Hybrid,South,4.0,34900.0,Yes,4,2,1,40,154,No
7144,49,Female,Sales,Mid,Hybrid,West,2.0,79300.0,No,5,5,0,19,151,No
7145,35,Female,Customer Support,Mid,Remote,North,11.0,72100.0,No,3,3,0,42,165,Yes
7146,41,Male,Marketing,Entry,Hybrid,South,2.0,25600.0,No,2,4,0,42,143,No
7147,33,Male,Finance,Manager,Hybrid,West,2.0,56700.0,No,4,5,0,26,151,No
7148,47,Female,Customer Support,Manager,Hybrid,South,9.0,56300.0,No,3,4,0,10,152,No
7149,32,Female,Marketing,Mid,Hybrid,North,0.5,63100.0,No,2,3,0,37,174,No
7150,38,Male,Operations,Manager,Remote,North,5.0,42400.0,No,3,3,0,13,155,No
7151,44,Male,Operations,Entry,Hybrid,South,3.0,34400.0,No,4,3,0,28,175,No
7152,47,Male,Marketing,Manager,Remote,East,4.0,52400.0,No,2,3,3,46,166,No
7153,31,Male,Engineering,Senior,Hybrid,Central,2.0,99500.0,No,2,5,1,4,160,No
7154,45,Male,Operations,Entry,Hybrid,West,3.0,24000.0,No,3,4,0,25,194,No
7155,29,Female,Customer Support,Mid,Remote,West,1.0,65200.0,Yes,3,4,0,20,136,No
7156,21,Female,Marketing,Senior,Remote,East,8.0,98200.0,No,4,3,0,22,181,No
7157,31,Male,Customer Support,Mid,Hybrid,North,4.0,65900.0,No,3,4,0,11,146,No
7158,46,Male,Engineering,Mid,Hybrid,East,9.0,58300.0,No,5,2,2,53,153,No
7159,38,Male,IT,Mid,Office,North,17.0,66000.0,Yes,2,5,0,30,160,No
7160,33,Female,IT,Entry,Remote,West,2.0,26200.0,No,4,3,2,4,164,No
7161,38,Female,Operations,Entry,Office,East,7.0,43300.0,Yes,3,3,0,32,168,No
7162,38,Male,HR,Entry,Hybrid,South,2.0,24000.0,Yes,3,4,0,42,171,Yes
7163,44,Male,Operations,Senior,Hybrid,West,2.0,93400.0,No,1,4,1,27,159,No
7164,23,Male,Customer Support,Mid,Hybrid,West,4.0,90400.0,Yes,2,3,1,48,121,No
7165,37,Male,Engineering,Mid,Office,North,16.0,62200.0,No,3,5,1,4,154,No
7166,39,Female,HR,Entry,Office,Central,3.0,33900.0,No,2,4,0,42,185,No
7167,26,Male,Marketing,Entry,Hybrid,South,4.0,24000.0,No,1,4,0,25,180,No
7168,26,Male,IT,Mid,Hybrid,South,5.0,75600.0,No,2,2,0,17,181,Yes
7169,35,Male,Operations,Entry,Hybrid,West,4.0,49000.0,No,4,4,0,37,164,No
7170,38,Female,Sales,Mid,Office,South,2.0,79100.0,No,4,4,1,37,178,No
7171,38,Male,Operations,Mid,Office,West,10.0,73400.0,No,2,3,1,46,159,No
7172,33,Male,Operations,Mid,Hybrid,West,3.0,63400.0,No,3,3,2,46,161,No
7173,33,Female,Marketing,Mid,Office,East,1.0,70400.0,No,4,4,0,29,157,No
7174,34,Male,Operations,Senior,Hybrid,East,6.0,88900.0,No,5,3,0,9,188,No
7175,41,Male,Finance,Entry,Office,North,10.0,24000.0,Yes,5,4,1,6,120,No
7176,49,Male,Sales,Senior,Hybrid,Central,2.0,74800.0,No,4,3,0,7,171,No
7177,21,Female,Sales,Entry,Office,North,4.0,24000.0,Yes,3,3,0,23,171,No
7178,44,Male,Engineering,Entry,Hybrid,East,4.0,27700.0,No,3,3,0,31,173,No
7179,37,Male,Engineering,Mid,Office,West,3.0,82100.0,Yes,3,4,0,35,167,No
7180,43,Male,Finance,Entry,Office,North,4.0,24000.0,No,3,5,0,35,193,No
7181,49,Female,IT,Mid,Remote,East,13.0,73700.0,Yes,2,4,0,18,169,No
7182,31,Female,HR,Senior,Hybrid,North,4.0,78700.0,Yes,5,4,1,44,164,No
7183,46,Male,Marketing,Senior,Hybrid,North,6.0,86800.0,Yes,4,3,1,47,181,No
7184,27,Female,Finance,Mid,Hybrid,South,3.0,50000.0,No,4,3,0,16,137,No
7185,39,Male,Sales,Manager,Office,Central,5.0,70100.0,Yes,4,5,0,27,154,No
7186,36,Female,HR,Mid,Remote,West,6.0,73800.0,No,3,3,0,36,190,No
7187,38,Female,IT,Entry,Hybrid,North,8.0,29500.0,Yes,2,3,1,45,174,No
7188,29,Female,Finance,Senior,Office,West,3.0,98800.0,Yes,4,3,1,35,140,Yes
7189,42,Male,IT,Entry,Remote,North,4.0,50800.0,No,4,4,0,21,221,No
7190,52,Male,Operations,Entry,Hybrid,North,8.0,24100.0,No,4,3,1,16,165,No
7191,29,Male,Operations,Entry,Hybrid,West,3.0,24000.0,No,5,4,1,15,153,No
7192,40,Male,IT,Mid,Hybrid,Central,2.0,90000.0,No,3,4,0,25,140,Yes
7193,46,Male,Operations,Mid,Hybrid,South,3.0,60900.0,No,3,4,3,22,196,No
7194,35,Female,Operations,Mid,Remote,North,8.0,83700.0,No,4,2,2,13,150,No
7195,50,Female,Customer Support,Mid,Hybrid,North,9.0,71300.0,Yes,3,2,0,37,161,No
7196,34,Female,Engineering,Senior,Hybrid,South,7.0,97900.0,Yes,3,3,1,24,175,No
7197,37,Female,Sales,Manager,Remote,South,10.0,37100.0,No,4,3,0,33,128,No
7198,29,Female,Customer Support,Entry,Hybrid,Central,12.0,51300.0,No,3,3,1,12,185,No
7199,39,Female,Marketing,Entry,Hybrid,East,7.0,24600.0,No,3,2,0,40,151,No
7200,38,Female,Marketing,Mid,Office,South,4.0,65700.0,No,4,4,0,38,190,No
7201,44,Female,Finance,Entry,Hybrid,West,1.0,32900.0,No,2,3,1,42,174,No
7202,32,Male,Finance,Mid,Hybrid,West,2.0,66200.0,No,3,4,0,27,191,No
7203,32,Female,Sales,Mid,Remote,North,2.0,75800.0,Yes,3,2,3,25,173,No
7204,42,Female,Engineering,Senior,Remote,South,9.0,82700.0,Yes,4,3,1,36,189,No
7205,51,Male,Operations,Entry,Office,South,2.0,29300.0,No,4,5,1,44,178,No
7206,44,Female,HR,Mid,Hybrid,North,2.0,66600.0,No,3,3,0,28,167,No
7207,55,Female,Operations,Mid,Office,North,3.0,65000.0,No,3,3,0,9,175,No
7208,43,Female,Sales,Senior,Hybrid,Central,4.0,85500.0,No,3,4,1,23,120,No
7209,43,Male,IT,Mid,Remote,North,6.0,80000.0,No,3,4,0,44,158,No
7210,44,Female,Operations,Senior,Office,East,5.0,90800.0,No,5,3,1,37,192,No
7211,51,Male,Operations,Senior,Office,West,3.0,92300.0,No,4,3,1,32,143,No
7212,49,Female,Customer Support,Entry,Hybrid,East,9.0,31800.0,No,5,4,2,23,157,Yes
7213,28,Female,Operations,Mid,Office,South,4.0,82300.0,No,3,4,1,48,138,No
7214,45,Male,Operations,Mid,Hybrid,Central,8.0,63700.0,No,5,4,1,16,133,No
7215,40,Male,Customer Support,Entry,Remote,South,5.0,30000.0,Yes,4,4,1,28,161,Yes
7216,36,Male,Sales,Mid,Hybrid,North,3.0,63800.0,Yes,4,3,1,34,177,No
7217,22,Female,Marketing,Mid,Office,West,3.0,70100.0,No,2,4,0,33,163,No
7218,24,Male,Marketing,Senior,Hybrid,East,2.0,103600.0,No,5,5,0,19,143,No
7219,35,Male,IT,Entry,Office,North,1.0,24000.0,No,4,3,2,38,145,No
7220,25,Female,IT,Mid,Remote,West,5.0,63700.0,No,5,4,1,35,149,No
7221,35,Male,IT,Entry,Hybrid,North,2.0,25900.0,No,4,3,2,30,162,No
7222,44,Male,IT,Mid,Hybrid,South,1.0,75400.0,Yes,2,2,1,33,149,No
7223,33,Male,Operations,Mid,Hybrid,Central,8.0,83000.0,No,5,3,0,22,190,No
7224,39,Female,Sales,Mid,Remote,North,10.0,56700.0,Yes,4,3,2,50,154,No
7225,28,Male,Operations,Mid,Remote,West,2.0,84700.0,Yes,4,4,0,44,158,No
7226,41,Male,Sales,Mid,Hybrid,South,18.0,76700.0,Yes,4,3,0,20,179,No
7227,43,Female,Sales,Mid,Office,Central,7.0,69800.0,Yes,3,2,0,26,127,No
7228,25,Female,Finance,Senior,Hybrid,West,5.0,80800.0,Yes,3,3,1,42,198,No
7229,31,Female,IT,Entry,Hybrid,South,1.0,24000.0,No,4,3,1,36,185,No
7230,27,Male,Engineering,Senior,Hybrid,West,6.0,103200.0,Yes,3,4,1,30,184,No
7231,43,Female,Finance,Mid,Office,West,2.0,72200.0,No,3,4,1,16,153,No
7232,39,Male,IT,Senior,Remote,South,2.0,92400.0,No,5,4,1,18,151,No
7233,38,Male,IT,Entry,Office,North,7.0,24000.0,No,2,3,0,29,156,No
7234,37,Male,Finance,Mid,Office,West,15.0,78600.0,No,3,3,1,48,160,No
7235,41,Female,Operations,Entry,Hybrid,South,5.0,26700.0,Yes,4,5,0,42,193,Yes
7236,41,Female,Customer Support,Senior,Hybrid,West,9.0,91900.0,No,3,3,2,36,129,No
7237,34,Female,Finance,Mid,Remote,Central,15.0,71100.0,Yes,2,4,0,37,194,No
7238,32,Male,Operations,Mid,Remote,South,1.0,66200.0,No,2,3,0,4,164,No
7239,37,Male,Operations,Senior,Office,South,7.0,86700.0,No,3,4,0,32,190,No
7240,36,Female,Customer Support,Mid,Hybrid,South,10.0,58300.0,Yes,5,4,0,32,176,No
7241,57,Female,Operations,Mid,Office,East,9.0,66400.0,No,3,4,1,11,181,No
7242,35,Female,IT,Senior,Hybrid,West,10.0,77800.0,Yes,3,4,1,55,187,No
7243,41,Female,Marketing,Entry,Hybrid,South,3.0,32400.0,No,3,3,0,34,166,No
7244,42,Female,Customer Support,Manager,Hybrid,North,6.0,44000.0,No,4,2,1,35,149,No
7245,51,Male,HR,Senior,Hybrid,East,11.0,90500.0,No,4,4,1,19,150,No
7246,31,Female,Engineering,Manager,Hybrid,South,7.0,49700.0,No,3,4,1,32,188,No
7247,50,Female,Customer Support,Senior,Remote,West,2.0,86800.0,No,4,3,0,30,199,No
7248,37,Male,IT,Mid,Office,West,2.0,61400.0,No,4,3,2,52,154,No
7249,61,Female,Customer Support,Mid,Hybrid,East,10.0,74000.0,No,2,4,0,40,191,No
7250,41,Female,Operations,Entry,Office,Central,0.5,45000.0,No,3,4,2,31,188,No
7251,27,Male,Operations,Senior,Hybrid,North,7.0,102200.0,Yes,2,3,0,10,138,No
7252,36,Male,Operations,Entry,Hybrid,North,8.0,39500.0,No,3,2,0,13,187,No
7253,50,Female,Customer Support,Senior,Office,North,6.0,82300.0,No,4,4,1,4,156,No
7254,39,Female,Operations,Entry,Hybrid,Central,8.0,26300.0,No,2,4,1,24,199,No
7255,37,Male,Operations,Entry,Remote,North,8.0,26200.0,Yes,5,4,0,35,173,No
7256,44,Male,Sales,Entry,Office,North,0.5,40900.0,Yes,4,3,3,29,219,No
7257,35,Female,HR,Senior,Office,North,1.0,102300.0,No,3,4,0,36,168,No
7258,36,Male,Engineering,Entry,Hybrid,South,2.0,26500.0,No,3,3,0,54,157,No
7259,29,Male,Marketing,Entry,Hybrid,West,6.0,24000.0,No,2,3,0,17,180,No
7260,54,Male,Sales,Entry,Hybrid,North,6.0,24000.0,Yes,2,3,1,17,185,No
7261,27,Male,Customer Support,Mid,Office,Central,2.0,77700.0,No,3,4,1,30,181,No
7262,40,Female,Customer Support,Manager,Hybrid,East,11.0,47100.0,No,5,4,2,10,162,No
7263,42,Male,Operations,Mid,Hybrid,East,17.0,71000.0,Yes,2,3,0,28,185,No
7264,38,Male,Sales,Entry,Hybrid,South,8.0,33500.0,No,5,4,1,23,146,No
7265,27,Male,Operations,Entry,Remote,North,6.0,38200.0,Yes,3,4,1,13,124,No
7266,29,Female,Sales,Entry,Office,South,6.0,24000.0,No,4,4,0,13,177,No
7267,43,Male,Finance,Mid,Remote,North,3.0,77300.0,No,3,4,1,22,214,No
7268,31,Female,Operations,Entry,Hybrid,South,1.0,42500.0,Yes,4,5,0,20,182,No
7269,21,Male,Engineering,Entry,Office,Central,9.0,40900.0,No,4,4,1,24,154,No
7270,41,Male,Finance,Entry,Hybrid,West,8.0,24000.0,Yes,3,5,0,44,163,No
7271,30,Male,Customer Support,Mid,Hybrid,Central,9.0,74700.0,No,4,4,1,41,169,No
7272,44,Female,Engineering,Senior,Office,East,6.0,100800.0,Yes,5,4,0,33,151,No
7273,36,Female,Sales,Entry,Hybrid,North,1.0,28200.0,Yes,4,3,0,36,150,No
7274,36,Male,IT,Mid,Hybrid,Central,1.0,69800.0,Yes,3,4,0,16,177,No
7275,38,Male,Marketing,Mid,Remote,Central,2.0,56400.0,No,3,4,0,36,178,No
7276,28,Male,Marketing,Senior,Remote,East,12.0,86200.0,No,3,3,0,16,151,No
7277,31,Male,Finance,Entry,Remote,East,1.0,24000.0,No,5,2,1,35,142,No
7278,36,Female,Operations,Senior,Hybrid,Central,4.0,82600.0,No,4,2,0,50,165,No
7279,28,Male,Operations,Senior,Office,West,3.0,95000.0,Yes,2,3,1,40,161,No
7280,44,Female,Marketing,Manager,Hybrid,South,1.0,57800.0,Yes,3,3,0,39,182,No
7281,35,Female,Marketing,Senior,Office,East,6.0,90200.0,Yes,3,2,0,16,154,No
7282,25,Female,Sales,Entry,Remote,North,12.0,24000.0,No,5,4,1,28,175,No
7283,33,Male,IT,Manager,Hybrid,South,4.0,48900.0,No,3,3,0,32,177,No
7284,39,Male,Sales,Senior,Remote,North,1.0,96500.0,No,4,2,1,41,185,No
7285,34,Male,Engineering,Entry,Office,South,4.0,29900.0,No,3,5,1,20,167,No
7286,42,Male,Engineering,Entry,Office,East,3.0,24000.0,No,4,4,1,27,155,No
7287,43,Female,Customer Support,Manager,Office,South,4.0,39200.0,Yes,5,3,0,48,163,No
7288,60,Female,Sales,Entry,Hybrid,East,4.0,36000.0,No,4,2,1,29,165,No
7289,48,Male,Operations,Senior,Hybrid,West,14.0,97200.0,Yes,1,3,1,4,209,No
7290,23,Female,IT,Mid,Remote,West,6.0,65900.0,No,3,3,2,15,158,No
7291,35,Male,Finance,Senior,Hybrid,South,6.0,80500.0,No,2,3,1,21,207,No
7292,36,Female,IT,Entry,Hybrid,East,3.0,30000.0,Yes,4,3,0,17,170,No
7293,43,Female,Customer Support,Senior,Office,North,9.0,85900.0,No,3,3,0,32,161,No
7294,30,Male,Sales,Mid,Office,West,9.0,75400.0,Yes,5,3,1,43,155,No
7295,33,Male,Operations,Senior,Hybrid,West,7.0,95400.0,No,3,2,2,45,147,No
7296,27,Female,Engineering,Entry,Remote,East,7.0,46700.0,No,3,2,0,46,165,No
7297,33,Male,Marketing,Entry,Office,South,1.0,27300.0,No,3,2,0,22,167,Yes
7298,33,Male,Sales,Entry,Office,West,6.0,46000.0,No,4,3,1,26,169,No
7299,35,Female,Engineering,Entry,Hybrid,Central,11.0,28700.0,No,3,3,1,28,213,No
7300,27,Male,Operations,Manager,Hybrid,North,6.0,44000.0,No,2,4,0,64,196,No
7301,47,Female,HR,Entry,Office,East,8.0,24000.0,No,3,4,1,34,170,No
7302,42,Female,Operations,Entry,Hybrid,South,4.0,24000.0,No,4,4,0,27,160,No
7303,25,Male,Customer Support,Senior,Office,North,3.0,97900.0,Yes,4,3,0,18,140,Yes
7304,38,Female,HR,Entry,Hybrid,South,2.0,29200.0,Yes,3,4,0,43,174,No
7305,24,Male,Operations,Entry,Remote,West,10.0,24000.0,No,4,2,0,14,188,No
7306,50,Female,HR,Mid,Hybrid,Central,4.0,81200.0,Yes,4,4,2,32,195,No
7307,53,Male,Sales,Mid,Hybrid,North,9.0,85300.0,No,3,3,3,28,157,No
7308,37,Female,Customer Support,Senior,Hybrid,North,3.0,77400.0,No,3,4,1,25,141,No
7309,30,Male,Sales,Mid,Office,East,10.0,81100.0,No,4,1,0,52,169,No
7310,32,Male,Finance,Mid,Hybrid,North,5.0,87100.0,Yes,5,4,1,36,178,Yes
7311,34,Female,Finance,Mid,Office,Central,4.0,55800.0,No,4,2,2,41,162,No
7312,37,Male,IT,Senior,Hybrid,North,4.0,89800.0,No,4,4,2,15,178,No
7313,50,Male,HR,Mid,Remote,Central,8.0,64400.0,Yes,5,3,0,41,166,No
7314,47,Female,Operations,Senior,Office,North,6.0,102800.0,No,3,4,1,46,172,No
7315,47,Male,Finance,Mid,Remote,North,8.0,68300.0,Yes,4,3,0,32,173,No
7316,40,Male,IT,Mid,Remote,West,11.0,67900.0,Yes,5,4,1,23,167,No
7317,28,Male,Customer Support,Senior,Unknown,West,4.0,97800.0,Yes,4,4,0,19,143,No
7318,31,Female,Engineering,Entry,Remote,Central,7.0,42000.0,No,3,5,1,29,193,No
7319,39,Male,HR,Mid,Office,Central,4.0,71400.0,No,3,3,1,26,157,No
7320,27,Male,Finance,Entry,Office,Central,3.0,24000.0,No,5,3,0,21,122,No
7321,41,Male,Sales,Senior,Office,North,6.0,91400.0,No,4,3,1,34,166,No
7322,45,Female,Sales,Mid,Remote,West,1.0,77900.0,No,4,4,0,31,176,No
7323,43,Female,Finance,Mid,Hybrid,North,9.0,60000.0,No,3,4,2,24,187,No
7324,43,Female,Engineering,Entry,Remote,South,6.0,27900.0,Yes,5,2,0,24,172,No
7325,21,Female,Marketing,Manager,Hybrid,Central,3.0,41600.0,Yes,4,3,0,8,170,No
7326,50,Female,Finance,Mid,Remote,North,6.0,61200.0,No,3,4,1,27,171,No
7327,24,Female,Engineering,Entry,Office,South,1.0,24000.0,Yes,4,4,2,14,154,No
7328,37,Female,HR,Entry,Office,Central,2.0,24000.0,No,4,3,1,24,161,No
7329,44,Female,IT,Mid,Office,Central,2.0,81700.0,Yes,4,2,2,32,186,No
7330,41,Male,HR,Entry,Hybrid,East,2.0,24000.0,No,5,4,0,6,158,No
7331,26,Male,IT,Senior,Hybrid,North,4.0,98900.0,No,5,2,0,25,171,No
7332,28,Male,Customer Support,Mid,Office,North,6.0,66200.0,No,2,4,2,33,160,Yes
7333,41,Female,Finance,Entry,Hybrid,South,18.0,24000.0,No,4,2,0,10,156,No
7334,43,Male,Operations,Mid,Office,Central,10.0,75100.0,No,5,3,3,21,164,No
7335,28,Female,Finance,Entry,Remote,North,1.0,39800.0,No,3,3,2,12,165,No
7336,42,Male,Engineering,Entry,Office,East,14.0,41500.0,No,5,3,0,39,165,No
7337,24,Male,Operations,Mid,Hybrid,East,3.0,74600.0,Yes,4,5,1,21,174,No
7338,44,Female,Operations,Entry,Office,South,7.0,27400.0,No,4,3,1,20,130,No
7339,30,Female,Sales,Senior,Remote,East,4.0,97500.0,No,4,3,0,38,160,No
7340,39,Male,Engineering,Mid,Hybrid,East,14.0,94300.0,No,2,3,0,25,179,No
7341,37,Female,Operations,Entry,Hybrid,West,9.0,25400.0,Yes,4,3,2,50,196,No
7342,48,Female,IT,Manager,Remote,South,13.0,60200.0,Yes,4,5,0,35,144,No
7343,40,Male,Customer Support,Mid,Unknown,West,7.0,66700.0,No,3,3,0,34,146,No
7344,33,Female,Sales,Entry,Hybrid,West,3.0,24000.0,No,5,5,0,34,172,No
7345,41,Female,Finance,Mid,Hybrid,North,8.0,87900.0,No,2,3,0,44,188,No
7346,57,Female,Operations,Manager,Remote,East,11.0,50000.0,No,3,4,0,4,153,No
7347,45,Female,Finance,Mid,Hybrid,North,2.0,74000.0,No,5,3,0,36,132,Yes
7348,37,Male,HR,Mid,Office,East,6.0,76900.0,No,4,3,1,18,173,No
7349,30,Male,IT,Mid,Hybrid,South,9.0,64000.0,No,3,3,3,14,151,No
7350,32,Female,Sales,Mid,Office,South,3.0,68100.0,No,3,5,0,26,200,No
7351,44,Male,Sales,Entry,Remote,South,4.0,24000.0,No,3,5,1,27,166,No
7352,30,Male,IT,Mid,Hybrid,North,4.0,75000.0,Yes,4,4,1,7,145,Yes
7353,38,Female,Engineering,Senior,Hybrid,Central,6.0,97300.0,No,3,2,1,14,150,No
7354,51,Male,Operations,Senior,Hybrid,West,5.0,88600.0,No,3,4,0,11,171,No
7355,39,Female,Operations,Entry,Hybrid,West,5.0,46200.0,No,4,3,0,18,161,No
7356,28,Male,Finance,Mid,Remote,South,15.0,71800.0,No,3,3,0,34,170,No
7357,58,Male,Marketing,Entry,Remote,West,5.0,28900.0,Yes,3,4,1,23,226,No
7358,54,Female,Sales,Mid,Hybrid,East,12.0,84100.0,Yes,2,2,0,31,147,Yes
7359,43,Male,IT,Mid,Office,East,18.0,64100.0,Yes,3,4,0,18,183,No
7360,49,Female,Operations,Mid,Hybrid,South,3.0,67300.0,No,3,4,0,44,194,No
7361,36,Female,HR,Senior,Office,North,10.0,96600.0,Yes,3,4,1,23,192,Yes
7362,45,Male,Customer Support,Mid,Hybrid,West,3.0,58700.0,No,4,2,1,39,148,No
7363,34,Male,Customer Support,Mid,Remote,West,9.0,69900.0,No,5,5,0,29,170,No
7364,26,Male,Customer Support,Senior,Hybrid,Central,3.0,112500.0,No,4,4,0,19,139,No
7365,61,Male,IT,Mid,Office,West,1.0,88500.0,No,4,3,0,54,184,No
7366,25,Female,Sales,Senior,Office,West,8.0,102100.0,No,4,2,0,43,159,No
7367,41,Male,IT,Senior,Office,West,5.0,104600.0,Yes,3,3,0,25,175,No
7368,41,Female,Customer Support,Mid,Office,South,12.0,76400.0,No,4,3,0,39,195,No
7369,43,Male,Engineering,Mid,Hybrid,Central,3.0,68100.0,No,1,3,2,28,173,No
7370,37,Male,Engineering,Mid,Remote,North,5.0,86800.0,No,3,4,0,25,172,No
7371,37,Male,IT,Senior,Office,North,3.0,85500.0,No,3,3,1,20,164,No
7372,39,Female,Customer Support,Entry,Hybrid,West,2.0,36700.0,No,5,5,1,28,193,No
7373,42,Female,Operations,Manager,Hybrid,East,6.0,45400.0,No,4,3,0,32,157,No
7374,38,Female,Customer Support,Mid,Office,Central,5.0,68000.0,No,2,4,0,31,177,No
7375,37,Male,Operations,Senior,Hybrid,North,1.0,98800.0,No,3,4,0,35,180,No
7376,26,Female,Sales,Mid,Hybrid,North,12.0,90300.0,No,2,3,0,28,183,No
7377,56,Female,Sales,Manager,Remote,West,5.0,62900.0,No,4,2,2,12,175,No
7378,43,Female,Engineering,Entry,Office,Central,3.0,31000.0,Yes,4,3,3,33,148,No
7379,40,Female,HR,Mid,Office,West,8.0,72600.0,No,3,4,2,19,168,No
7380,32,Male,Finance,Senior,Office,South,10.0,101000.0,No,3,4,0,8,135,No
7381,29,Female,Finance,Entry,Hybrid,South,2.0,40300.0,No,3,4,0,25,163,No
7382,46,Female,Finance,Entry,Hybrid,West,2.0,24000.0,No,5,2,1,21,181,No
7383,37,Male,Engineering,Senior,Hybrid,North,4.0,92900.0,Yes,3,2,0,17,188,Yes
7384,44,Female,Sales,Senior,Hybrid,West,7.0,84500.0,No,5,4,0,12,156,No
7385,26,Female,Sales,Entry,Remote,North,13.0,26000.0,Yes,3,4,0,31,210,No
7386,52,Female,Customer Support,Mid,Remote,West,0.5,60700.0,Yes,4,3,0,20,138,No
7387,46,Female,Operations,Entry,Office,Central,16.0,24000.0,Yes,4,3,0,16,178,No
7388,37,Female,Sales,Entry,Hybrid,South,6.0,24000.0,No,3,3,0,32,180,No
7389,42,Male,Sales,Mid,Office,North,11.0,67000.0,No,4,3,1,25,180,No
7390,45,Male,IT,Entry,Hybrid,North,11.0,33300.0,No,5,3,1,32,177,No
7391,26,Female,IT,Mid,Hybrid,North,5.0,64700.0,Yes,4,3,0,25,170,No
7392,53,Male,Sales,Entry,Hybrid,North,4.0,24000.0,No,3,2,0,32,203,No
7393,42,Female,IT,Senior,Office,West,7.0,97600.0,Yes,4,3,0,10,148,No
7394,32,Male,Marketing,Mid,Office,South,6.0,74600.0,Yes,5,2,0,45,162,Yes
7395,28,Female,Customer Support,Entry,Hybrid,North,3.0,43300.0,No,2,3,1,7,171,No
7396,47,Female,Customer Support,Manager,Office,South,5.0,58400.0,Yes,2,3,0,38,166,No
7397,40,Female,Finance,Senior,Hybrid,West,4.0,84800.0,Yes,5,5,0,26,150,No
7398,42,Female,Finance,Entry,Remote,North,5.0,24000.0,Yes,3,4,1,53,181,No
7399,38,Male,Engineering,Manager,Hybrid,South,10.0,56700.0,No,5,2,0,28,174,No
7400,29,Male,Customer Support,Entry,Remote,West,4.0,24000.0,No,3,4,0,36,203,No
7401,43,Female,Operations,Mid,Office,East,6.0,69100.0,No,3,3,0,4,185,No
7402,36,Male,IT,Mid,Remote,Central,5.0,56600.0,Yes,4,4,0,42,191,No
7403,38,Female,Finance,Entry,Hybrid,East,5.0,24000.0,No,4,2,0,33,190,No
7404,59,Female,Operations,Mid,Office,East,4.0,83300.0,No,2,4,2,6,149,No
7405,46,Female,Operations,Mid,Remote,North,7.0,73500.0,Yes,4,5,1,19,163,Yes
7406,46,Female,Sales,Senior,Hybrid,Central,0.5,88300.0,No,3,4,0,24,163,Yes
7407,62,Female,Engineering,Entry,Office,East,7.0,24000.0,No,4,3,1,41,192,No
7408,41,Female,Operations,Entry,Hybrid,North,6.0,43400.0,No,4,4,2,24,173,No
7409,39,Male,Operations,Mid,Hybrid,East,6.0,66100.0,No,3,3,0,12,170,Yes
7410,32,Male,IT,Entry,Hybrid,West,8.0,32300.0,No,3,4,0,22,169,No
7411,34,Male,Customer Support,Manager,Hybrid,South,1.0,57800.0,No,2,5,0,34,192,No
7412,21,Male,Marketing,Senior,Hybrid,North,10.0,107000.0,No,3,3,1,26,150,No
7413,45,Male,Sales,Senior,Remote,South,4.0,86300.0,No,4,4,0,35,171,No
7414,27,Male,Operations,Senior,Office,North,4.0,81400.0,Yes,4,5,0,4,200,No
7415,46,Female,Operations,Entry,Office,North,2.0,24000.0,No,3,4,1,49,181,No
7416,38,Female,Customer Support,Entry,Remote,West,3.0,34600.0,Yes,5,4,0,27,163,No
7417,39,Female,IT,Mid,Hybrid,North,1.0,89900.0,Yes,4,2,1,31,176,No
7418,38,Male,Customer Support,Senior,Hybrid,East,5.0,100900.0,No,4,3,1,38,142,No
7419,50,Male,HR,Mid,Hybrid,North,3.0,66100.0,No,3,4,1,43,157,No
7420,49,Male,Sales,Entry,Hybrid,North,9.0,38700.0,No,5,3,1,41,164,No
7421,38,Female,Sales,Mid,Remote,North,6.0,67800.0,Yes,4,3,2,18,149,No
7422,30,Female,IT,Entry,Remote,North,6.0,24000.0,Yes,5,4,1,8,184,No
7423,46,Male,IT,Mid,Remote,Central,4.0,69000.0,Yes,3,4,1,34,147,No
7424,29,Male,Operations,Entry,Hybrid,North,4.0,24000.0,No,2,3,2,42,194,No
7425,24,Female,Marketing,Mid,Hybrid,East,13.0,65700.0,Yes,3,4,0,34,181,No
7426,42,Female,IT,Mid,Hybrid,South,3.0,83000.0,Yes,4,3,0,4,157,Yes
7427,49,Male,Engineering,Senior,Office,West,0.5,89400.0,No,3,2,1,52,160,No
7428,34,Female,IT,Senior,Hybrid,North,4.0,79700.0,No,5,4,0,22,170,No
7429,42,Male,Operations,Entry,Hybrid,North,2.0,33300.0,No,3,2,0,38,189,No
7430,34,Male,Engineering,Senior,Remote,West,4.0,85400.0,No,4,2,1,5,169,No
7431,44,Female,Customer Support,Senior,Hybrid,West,5.0,85700.0,No,4,3,0,45,191,No
7432,48,Female,Operations,Mid,Hybrid,West,2.0,78300.0,No,3,4,0,40,170,No
7433,36,Female,Marketing,Manager,Remote,Central,1.0,43500.0,Yes,3,4,1,23,183,No
7434,29,Male,Sales,Senior,Remote,West,4.0,89900.0,Yes,3,3,0,43,199,No
7435,25,Male,Sales,Entry,Hybrid,South,12.0,28400.0,No,5,3,0,30,175,No
7436,46,Female,HR,Mid,Office,West,5.0,69400.0,No,4,3,0,38,150,No
7437,28,Male,Sales,Mid,Remote,West,6.0,68100.0,No,2,2,0,27,167,No
7438,41,Male,Finance,Mid,Hybrid,Central,4.0,50900.0,No,2,4,1,19,209,Yes
7439,45,Male,IT,Manager,Hybrid,Central,7.0,48400.0,No,4,3,1,50,160,No
7440,33,Female,Engineering,Mid,Office,South,8.0,86500.0,No,4,4,0,34,134,No
7441,37,Male,Customer Support,Mid,Hybrid,West,10.0,77700.0,No,2,2,0,11,152,No
7442,47,Female,Customer Support,Manager,Hybrid,East,13.0,46600.0,Yes,5,4,1,30,166,Yes
7443,31,Female,Marketing,Senior,Office,North,6.0,98200.0,No,1,3,0,36,180,No
7444,30,Female,IT,Entry,Hybrid,West,11.0,33600.0,No,3,2,1,41,193,No
7445,36,Male,Sales,Senior,Hybrid,East,9.0,86400.0,Yes,4,3,2,54,154,No
7446,50,Female,Operations,Mid,Office,East,7.0,83300.0,Yes,3,4,0,35,197,No
7447,52,Male,Operations,Mid,Hybrid,West,5.0,73500.0,No,4,3,0,19,185,No
7448,37,Male,Finance,Mid,Hybrid,North,1.0,69200.0,No,4,4,0,25,192,No
7449,32,Female,HR,Manager,Hybrid,Central,18.0,64300.0,No,4,4,0,44,190,No
7450,48,Male,Operations,Entry,Office,South,5.0,24000.0,No,3,4,1,20,163,No
7451,23,Male,IT,Mid,Hybrid,West,3.0,61400.0,Yes,4,3,0,30,207,No
7452,40,Male,Finance,Mid,Hybrid,North,3.0,77800.0,No,3,5,0,22,197,No
7453,38,Male,HR,Senior,Office,West,8.0,100100.0,No,2,4,0,24,172,No
7454,50,Female,Operations,Entry,Hybrid,North,2.0,42800.0,No,4,3,1,25,199,Yes
7455,51,Female,Engineering,Entry,Office,North,12.0,24000.0,No,5,3,0,31,223,No
7456,30,Female,Operations,Manager,Hybrid,West,6.0,57700.0,Yes,4,4,0,26,191,No
7457,40,Female,Marketing,Senior,Remote,North,3.0,82800.0,No,4,4,1,9,132,No
7458,33,Female,Customer Support,Mid,Office,South,7.0,75800.0,No,3,3,0,43,139,No
7459,35,Female,Sales,Mid,Office,North,8.0,71400.0,No,2,4,0,41,177,No
7460,44,Female,Operations,Mid,Unknown,North,3.0,79600.0,No,3,4,0,30,153,No
7461,35,Female,Operations,Mid,Office,South,7.0,69900.0,No,4,5,0,43,157,No
7462,40,Male,Operations,Mid,Hybrid,South,4.0,81100.0,Yes,4,2,2,37,176,No
7463,47,Male,Sales,Senior,Hybrid,Central,4.0,86500.0,No,5,3,0,38,164,No
7464,52,Male,Engineering,Entry,Hybrid,East,4.0,27300.0,No,4,3,0,32,188,No
7465,41,Male,Engineering,Senior,Hybrid,South,0.5,95700.0,No,3,4,0,37,191,No
7466,39,Male,Sales,Entry,Hybrid,West,10.0,43100.0,Yes,4,4,0,16,151,No
7467,28,Female,IT,Senior,Office,North,4.0,101500.0,No,3,3,0,24,177,No
7468,52,Female,IT,Entry,Hybrid,East,4.0,29800.0,No,2,3,0,11,161,No
7469,42,Female,Customer Support,Entry,Office,West,11.0,33800.0,Yes,4,3,0,14,186,No
7470,39,Female,Operations,Entry,Hybrid,West,7.0,37800.0,Yes,4,3,0,43,167,No
7471,39,Male,IT,Entry,Hybrid,West,2.0,31400.0,No,5,4,0,33,190,No
7472,41,Female,Customer Support,Mid,Hybrid,West,6.0,62800.0,No,3,4,0,22,170,No
7473,45,Male,Finance,Mid,Remote,East,7.0,77700.0,No,4,5,1,16,203,Yes
7474,46,Male,HR,Senior,Office,North,4.0,93700.0,No,3,3,0,11,176,Yes
7475,52,Female,Finance,Mid,Hybrid,West,15.0,68800.0,No,3,4,0,13,140,No
7476,40,Male,Operations,Mid,Office,Central,4.0,64900.0,Yes,5,3,1,21,182,No
7477,54,Male,Operations,Mid,Office,West,5.0,77200.0,No,2,2,2,4,165,No
7478,48,Female,IT,Senior,Office,East,5.0,98600.0,No,4,4,2,39,131,No
7479,37,Male,HR,Entry,Hybrid,South,8.0,24000.0,No,5,4,0,32,165,No
7480,23,Female,Engineering,Mid,Hybrid,North,2.0,62000.0,No,2,3,0,33,182,No
7481,39,Male,Operations,Entry,Remote,South,9.0,45000.0,No,3,3,1,36,187,No
7482,52,Male,Engineering,Entry,Office,West,18.0,35700.0,No,4,3,2,28,184,No
7483,31,Male,Operations,Mid,Hybrid,East,1.0,72800.0,No,2,4,1,31,171,No
7484,39,Female,Customer Support,Entry,Hybrid,South,2.0,33500.0,No,4,4,0,27,164,No
7485,39,Female,IT,Entry,Remote,West,1.0,24000.0,No,3,2,1,45,153,No
7486,46,Female,Customer Support,Senior,Office,West,1.0,92400.0,No,5,2,0,17,188,No
7487,35,Female,IT,Entry,Hybrid,West,2.0,28200.0,No,5,4,0,38,185,No
7488,30,Male,Sales,Mid,Remote,Central,3.0,80700.0,No,3,4,2,15,159,No
7489,43,Male,IT,Mid,Hybrid,West,8.0,59300.0,No,1,3,2,14,201,No
7490,31,Male,Sales,Senior,Office,West,11.0,84800.0,Yes,4,2,1,10,189,No
7491,21,Male,Engineering,Senior,Remote,North,6.0,83000.0,Yes,4,4,0,5,189,No
7492,55,Male,Engineering,Entry,Hybrid,Central,10.0,35700.0,No,4,2,0,31,171,No
7493,46,Female,Customer Support,Senior,Hybrid,East,8.0,93100.0,Yes,4,3,0,16,211,No
7494,55,Female,Sales,Mid,Hybrid,Central,3.0,63800.0,No,4,4,0,32,155,No
7495,46,Male,Customer Support,Mid,Office,Central,6.0,70000.0,Yes,3,3,0,48,128,No
7496,44,Male,Marketing,Mid,Remote,North,2.0,66300.0,No,3,2,0,22,189,No
7497,41,Male,Finance,Senior,Office,North,5.0,81100.0,No,4,5,0,32,190,No
7498,36,Female,Operations,Mid,Remote,West,6.0,83300.0,No,3,4,2,40,188,No
7499,43,Male,Marketing,Mid,Hybrid,South,7.0,70700.0,Yes,4,4,0,31,196,No
7500,33,Female,Sales,Entry,Hybrid,West,14.0,39600.0,No,3,4,0,29,194,No
7501,28,Male,Operations,Mid,Remote,South,2.0,59000.0,No,3,3,0,8,195,No
7502,35,Male,Marketing,Manager,Remote,South,5.0,54500.0,Yes,4,3,1,29,179,No
7503,50,Male,IT,Mid,Office,West,12.0,59000.0,Yes,3,4,0,35,179,No
7504,27,Female,HR,Manager,Remote,West,3.0,72000.0,No,2,3,1,50,174,No
7505,27,Male,Operations,Entry,Office,South,2.0,24000.0,Yes,4,4,1,24,193,No
7506,43,Female,Marketing,Senior,Office,East,8.0,110200.0,Yes,2,3,0,43,157,Yes
7507,34,Male,Engineering,Manager,Hybrid,East,7.0,49800.0,No,4,3,1,21,169,No
7508,42,Male,Customer Support,Mid,Office,South,1.0,70400.0,No,4,4,0,39,150,No
7509,47,Female,Operations,Entry,Hybrid,North,3.0,33300.0,No,5,5,1,18,184,No
7510,42,Male,Operations,Mid,Hybrid,South,2.0,63600.0,Yes,5,4,2,29,204,No
7511,32,Male,Operations,Entry,Office,South,2.0,35100.0,No,5,2,0,20,155,No
7512,50,Female,Operations,Mid,Office,North,7.0,79700.0,No,3,4,0,28,138,No
7513,45,Male,Sales,Manager,Remote,North,7.0,50100.0,No,3,3,3,28,170,No
7514,38,Male,Marketing,Mid,Hybrid,South,5.0,74300.0,No,4,4,3,29,177,No
7515,38,Male,Marketing,Entry,Remote,South,2.0,45400.0,No,3,4,0,18,168,No
7516,41,Female,Operations,Entry,Remote,South,2.0,33900.0,No,4,2,0,27,147,No
7517,35,Male,Customer Support,Mid,Hybrid,Central,6.0,65000.0,No,5,4,1,32,193,No
7518,23,Female,Marketing,Mid,Office,West,1.0,78800.0,No,4,3,0,24,178,No
7519,45,Male,Finance,Entry,Unknown,West,1.0,24000.0,No,4,5,0,18,207,No
7520,44,Male,Sales,Senior,Hybrid,West,3.0,87400.0,No,2,2,1,19,191,No
7521,21,Female,Sales,Entry,Office,East,5.0,32600.0,No,4,3,0,40,154,No
7522,43,Female,Finance,Mid,Office,South,1.0,62900.0,Yes,2,3,1,28,181,No
7523,54,Male,HR,Mid,Office,East,6.0,72400.0,No,4,5,1,45,183,No
7524,28,Female,IT,Entry,Office,West,4.0,34100.0,No,3,2,0,25,204,No
7525,37,Female,IT,Mid,Remote,West,2.0,89200.0,No,2,5,0,26,160,No
7526,36,Male,IT,Mid,Remote,West,5.0,77700.0,Yes,3,3,0,34,146,No
7527,53,Male,Customer Support,Mid,Hybrid,East,1.0,58800.0,Yes,4,3,0,35,172,Yes
7528,48,Male,Customer Support,Senior,Hybrid,South,4.0,82200.0,No,2,4,0,44,167,No
7529,30,Female,Finance,Mid,Hybrid,Central,4.0,87500.0,No,3,3,1,4,167,No
7530,41,Male,IT,Mid,Hybrid,Central,5.0,66300.0,No,3,3,0,34,178,No
7531,59,Male,Sales,Manager,Hybrid,Central,5.0,36400.0,No,4,3,0,15,120,No
7532,32,Female,Sales,Manager,Office,North,8.0,41000.0,No,2,3,1,27,148,No
7533,38,Male,Finance,Entry,Hybrid,West,5.0,35100.0,Yes,4,3,0,15,174,No
7534,43,Female,Sales,Manager,Office,South,1.0,51000.0,Yes,3,4,0,31,169,No
7535,33,Male,Finance,Senior,Hybrid,East,2.0,99800.0,No,4,4,3,15,211,No
7536,54,Female,Engineering,Entry,Remote,North,18.0,27700.0,No,4,4,1,5,171,No
7537,34,Female,Operations,Mid,Hybrid,West,1.0,62100.0,No,5,3,0,14,144,No
7538,25,Female,Customer Support,Entry,Office,Central,16.0,24000.0,Yes,4,4,0,42,157,No
7539,33,Female,Sales,Mid,Hybrid,North,15.0,64500.0,No,2,3,0,36,191,No
7540,44,Female,IT,Manager,Hybrid,South,1.0,51100.0,No,4,3,1,43,166,No
7541,31,Male,Engineering,Mid,Remote,North,9.0,61300.0,Yes,4,3,1,4,130,No
7542,41,Male,Finance,Mid,Office,Central,6.0,80800.0,No,3,5,1,49,184,No
7543,43,Female,Operations,Entry,Office,West,10.0,24000.0,Yes,3,3,1,57,194,No
7544,27,Female,Engineering,Mid,Hybrid,South,2.0,57100.0,Yes,1,3,0,15,169,No
7545,33,Male,Operations,Senior,Hybrid,East,6.0,94000.0,No,4,4,1,32,160,No
7546,41,Female,Finance,Entry,Hybrid,South,3.0,34800.0,No,3,3,1,20,188,Yes
7547,44,Female,Operations,Mid,Office,Central,2.0,85400.0,No,3,3,1,37,131,No
7548,33,Male,Sales,Mid,Office,North,5.0,57500.0,No,3,3,0,48,186,No
7549,39,Male,Sales,Senior,Hybrid,East,8.0,106800.0,No,3,4,1,16,172,No
7550,35,Female,Sales,Senior,Hybrid,East,7.0,95700.0,No,4,3,1,12,189,No
7551,45,Female,Customer Support,Mid,Hybrid,North,10.0,66400.0,No,4,4,0,25,148,No
7552,43,Male,Marketing,Mid,Hybrid,West,2.0,78100.0,No,3,3,1,72,170,No
7553,35,Female,IT,Mid,Remote,North,15.0,84200.0,Yes,2,2,0,38,190,No
7554,42,Male,IT,Mid,Office,North,5.0,56900.0,Yes,3,4,0,34,182,No
7555,34,Male,Marketing,Mid,Office,East,2.0,68100.0,No,3,4,1,40,121,No
7556,42,Male,Engineering,Mid,Office,South,9.0,67100.0,No,3,4,0,42,188,No
7557,42,Female,IT,Senior,Hybrid,North,4.0,99600.0,No,4,3,2,32,192,No
7558,59,Male,Finance,Entry,Remote,North,3.0,41100.0,Yes,3,3,0,27,179,No
7559,35,Female,Customer Support,Entry,Hybrid,Central,4.0,28700.0,No,5,3,1,21,172,No
7560,37,Male,Customer Support,Manager,Remote,Central,1.0,47400.0,Yes,3,3,0,31,191,No
7561,32,Male,Engineering,Entry,Hybrid,West,13.0,32000.0,Yes,2,4,0,42,173,No
7562,29,Female,IT,Senior,Office,East,7.0,91900.0,No,3,3,0,41,135,No
7563,34,Male,Sales,Mid,Hybrid,North,5.0,52500.0,No,3,3,0,21,156,No
7564,44,Female,HR,Senior,Hybrid,South,4.0,98700.0,No,5,3,1,27,202,No
7565,45,Male,IT,Mid,Remote,Central,10.0,80900.0,No,3,4,1,14,166,No
7566,41,Male,Customer Support,Senior,Hybrid,Central,13.0,103700.0,No,2,5,1,41,176,No
7567,35,Female,Sales,Senior,Hybrid,West,2.0,83600.0,No,3,4,1,34,138,No
7568,34,Male,Operations,Mid,Remote,East,5.0,77500.0,No,3,2,0,25,182,No
7569,30,Female,Engineering,Mid,Hybrid,East,6.0,85800.0,No,2,3,1,23,183,No
7570,33,Female,Engineering,Entry,Hybrid,East,10.0,50800.0,No,4,4,2,16,217,No
7571,26,Male,Operations,Entry,Office,Central,8.0,32300.0,Yes,4,4,0,29,187,No
7572,50,Female,Engineering,Manager,Hybrid,West,6.0,58900.0,No,3,4,0,46,190,No
7573,55,Male,Sales,Entry,Hybrid,East,5.0,24000.0,Yes,3,4,0,19,135,No
7574,21,Male,Finance,Senior,Office,Central,1.0,83900.0,Yes,3,5,3,11,160,No
7575,41,Male,Sales,Mid,Office,South,5.0,80900.0,No,3,3,2,29,213,No
7576,40,Male,Engineering,Mid,Hybrid,South,4.0,53700.0,No,2,5,1,42,189,No
7577,40,Female,Engineering,Manager,Office,Central,2.0,51400.0,No,5,4,0,40,181,Yes
7578,33,Female,Sales,Entry,Office,West,13.0,40900.0,No,5,5,0,43,208,No
7579,47,Female,Sales,Mid,Hybrid,South,5.0,78400.0,No,2,2,2,22,154,No
7580,42,Female,Finance,Mid,Hybrid,East,8.0,78400.0,No,3,5,0,39,179,No
7581,47,Male,IT,Entry,Hybrid,Central,4.0,27600.0,Yes,2,5,0,32,181,No
7582,31,Male,Customer Support,Entry,Office,East,2.0,24300.0,Yes,4,3,0,25,168,No
7583,26,Female,IT,Mid,Office,East,8.0,91400.0,No,2,3,2,28,143,No
7584,42,Male,Customer Support,Entry,Hybrid,South,14.0,39100.0,No,4,5,1,38,201,No
7585,29,Female,Operations,Senior,Hybrid,West,10.0,101600.0,No,4,3,1,35,173,No
7586,47,Male,Finance,Mid,Remote,Central,7.0,72300.0,No,3,4,0,35,180,No
7587,21,Male,Sales,Entry,Office,East,4.0,24000.0,No,5,5,0,36,157,No
7588,34,Male,Engineering,Mid,Office,South,6.0,81700.0,No,3,3,1,23,157,No
7589,32,Female,Operations,Entry,Office,North,8.0,25200.0,Yes,3,3,0,12,164,No
7590,35,Female,HR,Senior,Office,North,4.0,94700.0,Yes,2,5,1,20,166,No
7591,40,Male,Finance,Mid,Hybrid,South,8.0,77500.0,Yes,1,3,0,39,193,Yes
7592,42,Male,Engineering,Entry,Hybrid,West,4.0,29900.0,Yes,4,3,0,11,179,No
7593,44,Male,Customer Support,Mid,Remote,West,1.0,85900.0,Yes,3,1,1,28,151,No
7594,45,Female,Customer Support,Mid,Hybrid,South,2.0,60100.0,Yes,4,4,0,30,141,No
7595,36,Male,Operations,Mid,Hybrid,South,4.0,72600.0,No,3,3,0,37,190,No
7596,57,Male,Customer Support,Entry,Hybrid,West,5.0,47200.0,No,3,4,1,13,192,No
7597,50,Female,IT,Entry,Remote,Central,9.0,36100.0,Yes,4,3,0,4,165,No
7598,35,Male,Marketing,Mid,Office,East,6.0,70200.0,Yes,3,5,0,21,158,No
7599,37,Female,HR,Mid,Hybrid,South,1.0,79200.0,Yes,2,5,0,35,172,Yes
7600,35,Female,Operations,Mid,Office,South,8.0,71600.0,No,3,3,2,45,172,No
7601,41,Male,Engineering,Entry,Hybrid,Central,4.0,41200.0,No,3,3,1,20,177,No
7602,29,Male,Engineering,Entry,Hybrid,North,1.0,35400.0,No,3,4,1,18,192,No
7603,31,Male,Operations,Mid,Hybrid,North,8.0,64200.0,No,4,5,3,31,191,No
7604,21,Female,Operations,Entry,Hybrid,North,9.0,30100.0,Yes,3,4,0,53,188,No
7605,34,Male,Customer Support,Mid,Office,Central,5.0,75800.0,No,3,4,0,34,151,No
7606,48,Female,Engineering,Mid,Remote,East,6.0,76200.0,Yes,4,4,1,34,182,No
7607,37,Male,Customer Support,Entry,Hybrid,South,5.0,30900.0,No,3,3,2,51,178,No
7608,37,Male,Sales,Mid,Hybrid,East,8.0,77100.0,No,4,3,3,39,145,No
7609,41,Male,Finance,Entry,Hybrid,East,4.0,31800.0,No,4,3,0,30,164,No
7610,29,Male,Customer Support,Mid,Hybrid,East,1.0,65500.0,No,4,4,0,15,181,No
7611,38,Female,Customer Support,Entry,Hybrid,East,2.0,24000.0,No,3,5,0,29,143,No
7612,46,Female,Marketing,Mid,Office,Central,3.0,69700.0,No,3,3,0,37,159,No
7613,41,Female,Marketing,Mid,Hybrid,North,4.0,72900.0,No,3,4,0,16,173,No
7614,47,Male,HR,Entry,Remote,South,4.0,25700.0,Yes,3,4,0,39,163,No
7615,49,Female,HR,Mid,Hybrid,South,12.0,81900.0,No,3,3,0,27,193,No
7616,44,Male,Customer Support,Senior,Hybrid,South,5.0,85400.0,Yes,3,3,0,25,186,No
7617,32,Male,IT,Manager,Office,East,6.0,34400.0,No,3,4,0,17,145,No
7618,35,Female,Marketing,Entry,Hybrid,East,4.0,45700.0,No,4,3,0,32,154,No
7619,55,Female,Marketing,Entry,Hybrid,West,5.0,24000.0,No,3,4,0,36,194,No
7620,41,Male,Customer Support,Mid,Office,West,6.0,81900.0,No,4,3,0,15,182,No
7621,40,Male,Finance,Senior,Office,West,10.0,99500.0,No,3,3,1,34,120,No
7622,30,Male,Marketing,Mid,Hybrid,East,10.0,65000.0,No,3,4,2,39,200,No
7623,37,Male,Sales,Mid,Hybrid,North,1.0,70800.0,No,4,4,1,38,171,No
7624,44,Male,Sales,Senior,Office,Central,3.0,91500.0,No,4,4,0,31,170,No
7625,38,Female,HR,Entry,Hybrid,Central,4.0,31200.0,Yes,3,3,0,24,153,No
7626,33,Male,Sales,Mid,Hybrid,South,9.0,65100.0,No,1,4,1,25,196,No
7627,35,Male,Engineering,Mid,Hybrid,East,6.0,70400.0,No,4,3,0,11,181,No
7628,49,Female,Engineering,Mid,Hybrid,West,4.0,71700.0,No,4,4,1,20,168,No
7629,44,Female,Sales,Senior,Hybrid,North,2.0,103900.0,No,4,3,1,24,120,No
7630,43,Male,Customer Support,Mid,Office,East,8.0,68300.0,No,4,3,0,18,161,No
7631,42,Male,Operations,Mid,Hybrid,Central,10.0,63200.0,No,3,3,0,30,149,Yes
7632,27,Male,Marketing,Mid,Remote,North,2.0,67100.0,No,3,4,1,46,163,No
7633,40,Female,Customer Support,Entry,Office,East,1.0,31300.0,No,2,3,0,48,153,No
7634,48,Female,Operations,Senior,Hybrid,South,5.0,78100.0,No,4,5,0,21,187,No
7635,36,Female,Sales,Senior,Office,West,5.0,104800.0,No,3,2,0,49,202,No
7636,47,Male,Sales,Manager,Hybrid,South,12.0,50200.0,No,3,3,0,42,170,No
7637,43,Male,Operations,Senior,Hybrid,North,3.0,97900.0,No,2,4,0,20,148,No
7638,45,Female,Engineering,Entry,Hybrid,South,3.0,30000.0,No,2,4,1,34,164,No
7639,38,Female,Operations,Mid,Office,East,3.0,66000.0,Yes,2,3,0,28,162,No
7640,46,Male,Finance,Mid,Office,North,2.0,62300.0,No,4,4,0,4,202,No
7641,25,Female,Sales,Entry,Hybrid,South,4.0,24000.0,No,4,3,0,13,172,No
7642,38,Female,Engineering,Mid,Unknown,South,8.0,58400.0,Yes,3,3,0,37,200,No
7643,44,Female,Finance,Mid,Remote,West,9.0,75100.0,No,5,2,0,9,143,No
7644,41,Female,Marketing,Entry,Office,South,2.0,26500.0,No,3,4,0,50,171,No
7645,48,Male,Marketing,Senior,Office,East,9.0,80200.0,No,5,4,0,40,150,No
7646,37,Female,IT,Entry,Hybrid,South,5.0,24000.0,Yes,4,4,0,36,168,No
7647,33,Female,Sales,Mid,Hybrid,East,1.0,77900.0,No,4,4,0,9,181,No
7648,23,Female,Finance,Senior,Remote,West,8.0,105600.0,No,4,4,1,41,141,No
7649,36,Female,Finance,Mid,Office,East,10.0,60400.0,No,3,4,0,40,160,No
7650,43,Male,Marketing,Entry,Hybrid,North,3.0,47500.0,Yes,2,4,0,39,167,No
7651,45,Male,Customer Support,Mid,Office,Central,5.0,63400.0,Yes,4,4,0,39,175,No
7652,25,Female,IT,Senior,Remote,North,4.0,78700.0,Yes,3,3,0,49,140,No
7653,49,Male,Operations,Senior,Hybrid,East,5.0,109800.0,No,5,2,0,19,179,No
7654,29,Female,Sales,Mid,Office,West,4.0,62600.0,No,4,5,0,26,180,No
7655,37,Male,IT,Entry,Office,South,6.0,41700.0,No,3,3,0,17,191,No
7656,33,Male,Customer Support,Mid,Remote,Central,0.5,66000.0,Yes,3,3,1,37,139,No
7657,42,Female,Customer Support,Entry,Remote,South,3.0,25400.0,Yes,3,4,0,25,165,Yes
7658,39,Male,Customer Support,Senior,Hybrid,West,4.0,82300.0,No,3,4,1,12,171,No
7659,44,Female,Sales,Mid,Office,West,7.0,83500.0,Yes,2,2,0,29,175,No
7660,55,Female,Operations,Senior,Hybrid,North,0.5,104300.0,Yes,4,3,1,4,172,No
7661,42,Male,HR,Manager,Office,East,10.0,44100.0,No,3,4,0,29,160,No
7662,33,Male,Engineering,Mid,Remote,East,5.0,71300.0,Yes,4,4,0,29,173,No
7663,42,Female,Operations,Senior,Remote,Central,9.0,100000.0,No,3,3,2,23,228,No
7664,56,Female,Engineering,Mid,Hybrid,North,6.0,67800.0,No,3,3,2,40,182,No
7665,44,Male,Sales,Entry,Hybrid,East,11.0,40300.0,No,4,4,1,6,140,Yes
7666,47,Male,HR,Senior,Office,North,6.0,93000.0,Yes,2,4,1,29,201,No
7667,24,Male,Customer Support,Mid,Hybrid,West,1.0,67300.0,No,4,4,0,30,204,No
7668,41,Male,Finance,Manager,Hybrid,Central,7.0,35800.0,Yes,5,3,0,27,188,Yes
7669,36,Female,Operations,Entry,Hybrid,North,5.0,24000.0,No,5,4,0,43,197,No
7670,32,Male,Operations,Mid,Hybrid,South,3.0,77300.0,No,3,4,1,20,218,No
7671,38,Female,Engineering,Senior,Hybrid,West,5.0,96100.0,No,4,4,0,27,177,No
7672,39,Male,IT,Entry,Hybrid,East,6.0,35300.0,No,3,4,3,29,192,No
7673,32,Male,Engineering,Mid,Office,South,6.0,66900.0,Yes,2,4,1,23,201,Yes
7674,40,Female,HR,Mid,Office,South,1.0,57200.0,No,3,3,0,9,156,No
7675,36,Male,HR,Entry,Remote,South,12.0,24000.0,No,2,3,0,46,201,No
7676,44,Female,Operations,Entry,Office,South,8.0,46300.0,Yes,4,3,0,19,175,No
7677,40,Male,IT,Senior,Office,North,5.0,85300.0,Yes,4,4,0,19,190,No
7678,41,Male,Engineering,Entry,Hybrid,North,4.0,27700.0,No,5,3,2,4,189,No
7679,47,Female,Engineering,Senior,Hybrid,North,12.0,72300.0,No,4,4,3,29,158,No
7680,43,Female,Engineering,Senior,Remote,West,6.0,89300.0,No,3,4,1,30,198,No
7681,38,Female,Engineering,Mid,Office,West,1.0,68300.0,Yes,3,3,0,43,162,No
7682,21,Female,Marketing,Mid,Hybrid,South,12.0,75000.0,No,4,3,3,23,177,No
7683,43,Male,HR,Entry,Hybrid,South,3.0,25100.0,No,5,4,2,31,188,No
7684,30,Male,Customer Support,Senior,Office,North,1.0,80300.0,Yes,5,4,1,40,182,No
7685,37,Male,Sales,Entry,Office,South,6.0,24000.0,Yes,3,3,0,45,160,No
7686,41,Male,Customer Support,Mid,Remote,East,3.0,70200.0,No,4,4,0,32,145,No
7687,50,Male,Operations,Manager,Office,East,4.0,41000.0,No,3,4,0,24,154,No
7688,55,Female,Marketing,Mid,Hybrid,Central,6.0,64300.0,Yes,4,3,0,42,185,No
7689,30,Female,Finance,Entry,Office,West,0.5,37000.0,Yes,3,4,1,43,182,No
7690,26,Male,Finance,Manager,Remote,South,5.0,44400.0,No,4,2,1,7,167,No
7691,41,Male,Sales,Entry,Office,East,10.0,32000.0,No,3,4,3,32,166,No
7692,40,Female,HR,Entry,Office,North,2.0,26400.0,No,2,5,0,40,165,No
7693,27,Male,HR,Mid,Office,Central,0.5,60900.0,No,2,4,0,37,149,No
7694,38,Female,IT,Senior,Remote,Central,8.0,91000.0,Yes,4,4,0,25,189,No
7695,43,Female,IT,Senior,Hybrid,South,5.0,96600.0,No,2,3,0,22,149,No
7696,27,Male,Operations,Senior,Remote,West,7.0,109600.0,No,3,3,0,45,173,No
7697,29,Male,Finance,Manager,Office,West,3.0,43000.0,Yes,4,4,1,31,196,Yes
7698,32,Male,Customer Support,Entry,Office,West,5.0,27200.0,No,4,4,1,26,170,No
7699,36,Female,Sales,Mid,Hybrid,North,12.0,80200.0,Yes,3,3,1,26,203,Yes
7700,44,Male,Operations,Entry,Hybrid,East,7.0,39300.0,No,1,4,0,28,150,No
7701,35,Male,IT,Senior,Hybrid,West,2.0,88200.0,Yes,3,3,1,26,144,Yes
7702,38,Female,Operations,Manager,Office,South,9.0,48600.0,No,4,3,1,42,125,No
7703,58,Female,Operations,Mid,Hybrid,East,4.0,82000.0,Yes,4,4,0,33,186,No
7704,29,Female,Operations,Senior,Remote,West,1.0,98600.0,Yes,2,3,1,32,132,No
7705,32,Female,HR,Mid,Remote,South,2.0,81300.0,Yes,2,3,0,26,203,No
7706,44,Male,Operations,Entry,Office,Central,2.0,38500.0,No,3,3,0,35,206,No
7707,47,Female,IT,Mid,Hybrid,East,4.0,77000.0,No,3,3,0,17,176,No
7708,42,Male,HR,Manager,Office,West,10.0,51300.0,No,5,3,1,30,155,No
7709,54,Female,Finance,Mid,Office,East,8.0,66000.0,No,3,4,1,9,134,No
7710,41,Male,Marketing,Entry,Hybrid,Central,3.0,25800.0,No,4,3,1,25,179,No
7711,21,Female,HR,Manager,Office,North,6.0,48400.0,No,4,4,0,22,171,No
7712,39,Male,Customer Support,Mid,Office,South,3.0,82800.0,No,3,3,0,28,176,No
7713,33,Female,HR,Mid,Hybrid,West,4.0,73600.0,No,3,5,1,23,182,No
7714,50,Female,IT,Senior,Hybrid,East,6.0,95700.0,No,4,3,0,34,149,No
7715,47,Male,IT,Mid,Hybrid,South,2.0,63100.0,No,4,3,1,20,167,No
7716,24,Female,Sales,Mid,Office,West,4.0,82800.0,No,3,3,0,38,174,No
7717,50,Male,Operations,Entry,Remote,North,4.0,24000.0,No,4,5,1,47,217,No
7718,46,Male,Customer Support,Senior,Hybrid,West,3.0,91400.0,Yes,4,3,1,15,187,No
7719,35,Male,Customer Support,Mid,Office,North,6.0,83800.0,Yes,3,5,1,35,174,Yes
7720,37,Male,HR,Mid,Hybrid,West,6.0,80000.0,No,4,4,0,25,151,No
7721,51,Female,IT,Senior,Remote,East,2.0,86400.0,No,4,3,0,39,197,No
7722,21,Female,Customer Support,Entry,Remote,North,2.0,24000.0,No,5,3,0,15,205,No
7723,42,Male,Sales,Senior,Office,East,4.0,92200.0,Yes,4,4,2,42,141,No
7724,48,Male,Finance,Senior,Remote,East,2.0,88800.0,No,4,4,3,24,134,No
7725,37,Male,Customer Support,Manager,Office,North,3.0,36800.0,No,3,3,0,25,172,No
7726,44,Female,Finance,Entry,Hybrid,West,0.5,24000.0,No,2,3,0,25,167,No
7727,39,Male,Sales,Mid,Hybrid,Central,4.0,47300.0,No,4,5,0,15,199,No
7728,31,Female,IT,Mid,Remote,South,4.0,80100.0,No,2,4,0,37,148,No
7729,31,Female,Operations,Manager,Office,Central,2.0,57600.0,Yes,5,4,1,21,152,No
7730,44,Female,IT,Manager,Office,East,8.0,62700.0,No,2,4,2,34,140,No
7731,32,Male,Operations,Mid,Hybrid,East,3.0,75200.0,No,2,4,0,25,151,No
7732,24,Female,HR,Mid,Remote,East,5.0,68000.0,No,4,5,1,25,174,No
7733,39,Female,Finance,Entry,Hybrid,East,7.0,37200.0,No,3,4,2,40,141,No
7734,33,Male,IT,Mid,Remote,South,7.0,65700.0,No,4,5,1,10,230,No
7735,27,Female,Customer Support,Senior,Office,South,1.0,82100.0,No,3,4,1,4,121,No
7736,39,Female,Finance,Senior,Office,West,5.0,92700.0,No,3,3,0,20,160,No
7737,45,Female,Marketing,Mid,Remote,West,3.0,75700.0,No,4,4,1,27,176,No
7738,38,Female,HR,Manager,Hybrid,South,9.0,42700.0,No,3,3,0,25,197,No
7739,28,Male,Sales,Entry,Hybrid,South,13.0,24000.0,Yes,3,5,1,19,151,No
7740,42,Female,HR,Mid,Office,West,10.0,68200.0,No,3,3,2,48,134,No
7741,47,Female,Operations,Mid,Hybrid,South,8.0,75700.0,Yes,3,2,0,43,150,No
7742,58,Female,HR,Mid,Remote,South,4.0,70700.0,Yes,4,4,0,4,208,No
7743,51,Male,Customer Support,Senior,Hybrid,West,8.0,117700.0,Yes,4,5,0,20,130,Yes
7744,29,Female,Engineering,Mid,Remote,East,1.0,70800.0,No,3,3,0,33,192,No
7745,46,Male,Customer Support,Entry,Hybrid,Central,3.0,34800.0,No,2,4,0,32,177,Yes
7746,40,Female,Operations,Entry,Office,West,6.0,24000.0,No,4,3,1,18,179,No
7747,28,Female,Operations,Mid,Remote,Central,4.0,77300.0,No,3,4,2,44,195,No
7748,41,Male,Operations,Mid,Office,East,2.0,67800.0,Yes,5,3,0,17,156,No
7749,55,Female,IT,Mid,Remote,East,6.0,71900.0,No,3,4,1,28,191,No
7750,49,Male,Customer Support,Mid,Office,East,11.0,87200.0,Yes,4,3,1,27,174,No
7751,29,Male,Customer Support,Entry,Remote,South,11.0,24600.0,Yes,4,3,0,31,145,Yes
7752,38,Male,IT,Senior,Office,West,3.0,82200.0,Yes,3,2,0,21,169,No
7753,42,Male,Engineering,Mid,Office,East,12.0,61600.0,No,4,2,2,34,170,No
7754,22,Female,Customer Support,Mid,Office,West,3.0,73600.0,No,3,3,0,18,122,No
7755,23,Female,HR,Mid,Hybrid,Central,5.0,73100.0,Yes,5,4,3,32,151,No
7756,39,Female,Engineering,Entry,Remote,East,9.0,28700.0,No,4,5,1,21,181,No
7757,40,Female,Sales,Entry,Hybrid,East,0.5,24000.0,Yes,3,3,1,45,174,No
7758,21,Female,Sales,Entry,Office,West,5.0,46200.0,No,4,3,0,25,192,No
7759,41,Male,Finance,Senior,Office,East,2.0,107200.0,No,4,2,0,30,197,No
7760,48,Male,Operations,Entry,Office,West,4.0,29200.0,Yes,4,4,0,41,153,No
7761,36,Male,Finance,Mid,Remote,East,9.0,58300.0,Yes,4,4,0,31,156,No
7762,39,Male,Engineering,Manager,Hybrid,South,3.0,64300.0,No,2,4,3,38,140,No
7763,43,Female,IT,Mid,Remote,East,4.0,82200.0,No,4,4,1,14,181,No
7764,42,Female,IT,Mid,Office,Central,4.0,72900.0,No,4,3,0,35,160,No
7765,23,Male,Operations,Mid,Remote,South,7.0,82800.0,No,3,5,0,26,194,No
7766,30,Male,Sales,Mid,Office,West,8.0,67600.0,Yes,4,3,0,38,192,No
7767,34,Male,Marketing,Entry,Office,South,6.0,24000.0,No,5,3,0,34,181,Yes
7768,30,Female,Finance,Senior,Hybrid,Central,3.0,95400.0,Yes,4,3,0,34,162,No
7769,51,Female,Engineering,Mid,Office,North,5.0,58000.0,Yes,5,3,0,36,193,No
7770,44,Male,Marketing,Senior,Hybrid,West,3.0,84000.0,No,4,3,0,40,171,Yes
7771,28,Male,Sales,Manager,Remote,South,13.0,54900.0,No,2,3,0,4,176,No
7772,36,Female,Sales,Entry,Hybrid,East,4.0,30200.0,No,5,3,0,19,132,No
7773,48,Female,Sales,Mid,Hybrid,North,10.0,59600.0,Yes,2,3,0,28,179,No
7774,32,Male,Engineering,Entry,Hybrid,North,10.0,24300.0,Yes,5,2,0,14,172,No
7775,46,Female,Marketing,Mid,Hybrid,Central,6.0,60000.0,No,4,4,0,25,169,No
7776,50,Female,HR,Senior,Office,South,6.0,89600.0,No,5,3,0,30,159,No
7777,49,Female,IT,Entry,Hybrid,South,6.0,24000.0,No,4,5,1,47,140,No
7778,40,Female,Customer Support,Manager,Hybrid,South,7.0,58900.0,No,4,4,0,37,170,No
7779,49,Female,IT,Mid,Hybrid,South,2.0,70600.0,No,5,4,0,37,128,Yes
7780,33,Female,Marketing,Mid,Hybrid,West,17.0,69800.0,Yes,2,4,0,29,166,No
7781,60,Female,Customer Support,Entry,Hybrid,South,5.0,24500.0,No,3,4,0,7,160,No
7782,40,Female,IT,Mid,Hybrid,North,11.0,56500.0,Yes,3,3,1,19,197,No
7783,48,Female,Operations,Mid,Office,West,5.0,71100.0,Yes,3,3,2,8,208,No
7784,35,Female,IT,Entry,Remote,South,6.0,32300.0,Yes,3,4,0,35,141,No
7785,42,Female,Finance,Mid,Office,Central,3.0,74100.0,No,4,4,0,29,187,No
7786,43,Male,Engineering,Entry,Hybrid,East,3.0,34200.0,Yes,4,3,1,31,158,No
7787,30,Female,Marketing,Manager,Hybrid,Central,1.0,56700.0,No,5,5,0,34,161,No
7788,29,Female,Customer Support,Mid,Hybrid,North,15.0,91800.0,No,3,2,1,22,161,No
7789,36,Female,Operations,Mid,Office,East,10.0,61800.0,No,3,2,1,12,197,No
7790,48,Female,IT,Senior,Hybrid,North,3.0,96100.0,Yes,1,5,1,23,169,No
7791,22,Female,Marketing,Senior,Office,South,5.0,97100.0,No,5,4,0,33,179,No
7792,35,Male,Operations,Senior,Remote,East,7.0,91100.0,No,2,4,0,7,138,No
7793,50,Female,IT,Manager,Hybrid,West,2.0,44300.0,No,4,4,0,30,148,No
7794,27,Female,HR,Entry,Hybrid,South,3.0,32500.0,Yes,4,3,1,14,160,No
7795,49,Female,Operations,Mid,Hybrid,West,4.0,75600.0,No,4,2,3,35,171,No
7796,28,Male,Marketing,Mid,Remote,Central,12.0,62500.0,No,3,3,0,13,184,No
7797,30,Female,IT,Entry,Hybrid,South,3.0,24000.0,No,4,3,0,37,159,No
7798,37,Female,Customer Support,Senior,Remote,South,7.0,89600.0,Yes,5,3,1,11,199,No
7799,55,Female,Finance,Entry,Office,East,14.0,24000.0,No,4,3,0,17,165,No
7800,32,Female,IT,Senior,Hybrid,West,10.0,99400.0,No,3,3,0,36,157,No
7801,22,Female,IT,Senior,Office,East,2.0,85700.0,No,2,3,0,26,188,Yes
7802,25,Male,Customer Support,Mid,Remote,South,3.0,70400.0,No,5,4,1,4,185,No
7803,46,Female,Finance,Mid,Hybrid,West,5.0,56600.0,Yes,3,4,0,36,135,No
7804,26,Male,Operations,Manager,Hybrid,West,3.0,36000.0,No,3,4,1,4,203,Yes
7805,49,Female,IT,Senior,Remote,North,9.0,87100.0,Yes,5,1,1,26,160,No
7806,39,Female,Marketing,Senior,Remote,West,2.0,91700.0,No,4,3,0,53,167,No
7807,38,Male,Customer Support,Senior,Office,South,3.0,86600.0,No,4,3,2,29,153,No
7808,41,Female,Finance,Entry,Office,East,6.0,29300.0,Yes,5,4,1,24,162,No
7809,31,Male,Engineering,Entry,Hybrid,West,5.0,24000.0,Yes,2,3,0,27,137,Yes
7810,39,Female,Sales,Entry,Remote,South,2.0,26100.0,Yes,5,2,0,15,177,No
7811,27,Male,Sales,Mid,Office,West,12.0,70200.0,No,5,4,0,30,158,No
7812,50,Male,Operations,Mid,Hybrid,East,2.0,59000.0,No,3,4,1,54,165,No
7813,29,Male,Marketing,Mid,Office,North,8.0,74100.0,Yes,4,5,1,23,190,No
7814,42,Male,IT,Manager,Remote,Central,7.0,30500.0,No,4,2,0,18,180,No
7815,29,Female,Operations,Entry,Remote,East,7.0,24000.0,No,3,3,1,34,171,No
7816,33,Male,Finance,Senior,Hybrid,North,1.0,101100.0,No,4,3,1,37,210,No
7817,35,Male,Operations,Mid,Office,West,5.0,52000.0,Yes,3,3,0,29,147,No
7818,62,Male,Operations,Mid,Hybrid,North,6.0,78000.0,No,5,3,0,24,172,No
7819,38,Female,Engineering,Entry,Hybrid,South,6.0,24000.0,No,4,3,3,35,196,No
7820,31,Male,HR,Senior,Hybrid,East,4.0,88700.0,Yes,4,4,0,10,201,No
7821,34,Male,Operations,Senior,Office,South,7.0,106700.0,No,2,4,2,22,141,No
7822,24,Female,Operations,Mid,Remote,West,4.0,66400.0,No,4,3,1,4,156,No
7823,37,Male,Finance,Mid,Hybrid,North,2.0,86500.0,Yes,4,5,1,27,193,No
7824,55,Female,IT,Mid,Hybrid,North,3.0,69300.0,No,3,4,1,25,161,No
7825,41,Female,Engineering,Mid,Office,West,7.0,71200.0,Yes,3,4,0,41,172,No
7826,46,Female,IT,Mid,Hybrid,East,3.0,79600.0,No,3,4,0,18,161,No
7827,30,Male,Customer Support,Mid,Remote,Central,8.0,76900.0,No,2,4,0,40,170,No
7828,36,Female,Sales,Senior,Remote,South,3.0,95400.0,No,2,4,1,25,120,No
7829,40,Male,Customer Support,Senior,Remote,Central,2.0,89800.0,No,4,3,2,36,163,No
7830,31,Male,IT,Entry,Office,North,15.0,24000.0,No,2,3,0,37,170,No
7831,42,Male,Engineering,Senior,Office,South,11.0,80500.0,No,2,4,0,29,162,No
7832,44,Male,Marketing,Mid,Remote,East,5.0,83800.0,No,3,4,0,31,173,No
7833,43,Female,Sales,Manager,Office,West,3.0,65300.0,Yes,3,2,1,21,144,Yes
7834,37,Male,Marketing,Mid,Office,North,8.0,73200.0,Yes,4,4,1,42,176,No
7835,48,Female,Operations,Entry,Hybrid,East,17.0,24000.0,No,3,5,1,60,204,No
7836,36,Female,Finance,Senior,Remote,South,4.0,87000.0,No,3,5,0,11,197,No
7837,35,Male,IT,Entry,Remote,South,15.0,24000.0,No,4,3,1,29,185,No
7838,51,Male,Marketing,Senior,Hybrid,South,3.0,89000.0,No,4,4,0,25,176,No
7839,28,Male,Marketing,Manager,Hybrid,North,1.0,42000.0,No,5,3,3,33,157,No
7840,23,Female,Finance,Mid,Office,West,5.0,76700.0,No,4,4,1,9,161,No
7841,30,Male,Customer Support,Mid,Hybrid,North,1.0,74200.0,No,2,4,0,15,188,No
7842,41,Female,IT,Mid,Hybrid,North,7.0,86200.0,No,3,5,0,49,168,No
7843,50,Male,Sales,Mid,Hybrid,Central,2.0,68500.0,No,5,3,1,46,213,No
7844,32,Female,Operations,Entry,Remote,West,7.0,29800.0,No,5,3,1,9,136,No
7845,54,Female,Sales,Manager,Remote,North,9.0,56700.0,Yes,3,5,0,52,167,No
7846,38,Female,IT,Mid,Hybrid,East,14.0,81200.0,No,3,3,0,19,160,No
7847,37,Male,Operations,Mid,Hybrid,West,1.0,60900.0,No,2,1,0,38,187,No
7848,30,Female,IT,Entry,Hybrid,South,3.0,31600.0,No,5,4,0,27,191,No
7849,56,Female,IT,Manager,Hybrid,Central,4.0,51300.0,No,2,3,0,31,145,No
7850,37,Male,Marketing,Manager,Remote,East,7.0,52700.0,No,5,3,0,30,144,No
7851,26,Male,Operations,Mid,Office,South,4.0,72500.0,No,3,4,0,40,156,No
7852,60,Female,Customer Support,Entry,Hybrid,East,2.0,43400.0,Yes,3,2,0,22,182,No
7853,42,Female,Operations,Senior,Remote,West,3.0,86000.0,No,2,4,0,51,180,Yes
7854,45,Female,Operations,Mid,Office,South,6.0,63400.0,No,3,2,0,42,138,No
7855,53,Female,IT,Manager,Hybrid,South,4.0,42600.0,No,3,3,0,24,177,No
7856,44,Male,Customer Support,Senior,Office,East,13.0,91400.0,No,3,4,1,29,174,No
7857,47,Male,IT,Senior,Office,East,6.0,96600.0,No,3,3,2,30,170,No
7858,38,Female,IT,Entry,Remote,South,2.0,24000.0,No,5,3,0,24,183,No
7859,45,Female,Customer Support,Senior,Hybrid,South,5.0,103100.0,No,4,4,0,24,176,No
7860,38,Male,Marketing,Manager,Remote,Central,7.0,50000.0,No,4,4,0,38,173,No
7861,38,Male,Operations,Mid,Office,West,6.0,71100.0,Yes,4,3,0,36,194,No
7862,39,Female,Sales,Senior,Hybrid,North,3.0,82000.0,No,3,4,1,22,202,No
7863,34,Male,Sales,Mid,Hybrid,South,4.0,88400.0,Yes,4,5,0,29,163,No
7864,43,Male,Operations,Manager,Office,North,5.0,49600.0,No,4,2,1,16,170,Yes
7865,43,Female,Marketing,Mid,Remote,West,9.0,86700.0,No,5,2,1,49,184,No
7866,45,Female,HR,Entry,Office,South,7.0,24000.0,No,2,4,1,38,167,No
7867,44,Male,Sales,Mid,Remote,South,1.0,79500.0,Yes,3,3,1,27,185,No
7868,56,Male,IT,Entry,Office,North,12.0,24000.0,No,3,4,0,30,174,No
7869,47,Female,Operations,Mid,Hybrid,Central,15.0,88400.0,No,4,4,1,38,187,No
7870,36,Male,Marketing,Senior,Office,South,4.0,104100.0,Yes,4,3,0,22,184,No
7871,42,Male,Sales,Entry,Hybrid,North,7.0,35600.0,Yes,4,4,2,28,169,No
7872,51,Female,Sales,Manager,Hybrid,North,18.0,43500.0,No,2,5,0,37,189,No
7873,29,Male,IT,Entry,Office,East,5.0,45200.0,No,5,3,1,14,185,No
7874,56,Male,Sales,Mid,Office,North,6.0,90300.0,No,4,5,2,35,217,No
7875,31,Female,Operations,Manager,Hybrid,Central,8.0,46600.0,Yes,4,2,0,58,134,No
7876,46,Female,Sales,Mid,Office,South,11.0,73500.0,No,4,4,0,8,184,No
7877,38,Female,Operations,Senior,Remote,South,1.0,102300.0,Yes,3,4,0,39,192,Yes
7878,38,Male,Customer Support,Manager,Office,Central,5.0,32300.0,Yes,4,3,0,13,216,No
7879,26,Female,Engineering,Mid,Hybrid,South,11.0,82300.0,No,3,4,0,11,161,No
7880,46,Male,Engineering,Senior,Remote,East,8.0,103200.0,Yes,3,4,1,23,173,Yes
7881,26,Male,IT,Entry,Hybrid,South,6.0,24000.0,No,4,4,1,34,162,No
7882,25,Female,Sales,Mid,Remote,East,6.0,52300.0,No,3,3,0,35,207,No
7883,48,Female,Finance,Mid,Hybrid,North,11.0,75000.0,Yes,2,3,1,27,156,No
7884,54,Male,Marketing,Senior,Hybrid,East,7.0,83800.0,No,3,3,2,15,161,No
7885,32,Female,Sales,Mid,Hybrid,East,14.0,57700.0,Yes,5,3,2,26,142,No
7886,47,Male,Finance,Mid,Hybrid,North,4.0,75300.0,No,3,2,0,6,120,No
7887,45,Male,IT,Manager,Hybrid,North,1.0,61900.0,No,3,5,1,38,171,No
7888,37,Female,IT,Entry,Office,West,10.0,26000.0,No,4,3,1,23,169,No
7889,50,Male,Marketing,Manager,Office,South,4.0,60700.0,No,5,3,2,41,166,No
7890,37,Male,Operations,Entry,Hybrid,East,5.0,34000.0,Yes,3,3,0,16,183,No
7891,43,Female,Operations,Mid,Hybrid,South,6.0,59600.0,No,2,5,1,34,186,No
7892,27,Female,Engineering,Mid,Remote,South,3.0,67000.0,No,4,3,0,7,157,No
7893,27,Male,Sales,Mid,Hybrid,Central,2.0,81700.0,No,3,3,1,44,172,No
7894,49,Male,Sales,Mid,Hybrid,Central,10.0,66900.0,No,4,3,0,33,169,No
7895,43,Female,Finance,Senior,Hybrid,West,0.5,101400.0,Yes,4,3,0,24,171,No
7896,37,Male,Operations,Senior,Hybrid,East,18.0,90300.0,No,3,3,0,23,201,No
7897,55,Female,Operations,Entry,Office,South,5.0,34500.0,No,3,2,3,24,179,No
7898,55,Male,Sales,Entry,Hybrid,South,1.0,31900.0,Yes,4,4,1,28,192,No
7899,42,Male,Engineering,Entry,Hybrid,West,10.0,25800.0,Yes,4,3,2,9,167,No
7900,25,Female,Finance,Mid,Hybrid,South,1.0,78200.0,No,3,4,1,24,148,No
7901,37,Male,Finance,Entry,Remote,East,3.0,24000.0,No,4,2,0,24,192,No
7902,31,Female,Operations,Mid,Remote,North,15.0,62200.0,No,2,4,1,40,186,Yes
7903,39,Male,Engineering,Senior,Remote,East,7.0,89800.0,No,4,3,1,22,162,Yes
7904,30,Female,Marketing,Manager,Hybrid,West,6.0,60600.0,Yes,3,3,0,16,167,No
7905,27,Male,Engineering,Senior,Remote,South,7.0,81000.0,No,3,4,1,27,182,No
7906,21,Male,IT,Entry,Remote,West,2.0,27700.0,No,5,4,0,35,178,Yes
7907,40,Female,Operations,Mid,Office,West,7.0,74900.0,Yes,2,5,0,29,168,No
7908,21,Female,Customer Support,Entry,Office,East,6.0,30200.0,No,4,4,0,29,149,No
7909,35,Female,Operations,Mid,Hybrid,West,4.0,71100.0,No,4,3,0,29,209,No
7910,44,Female,Finance,Mid,Hybrid,West,12.0,66400.0,Yes,3,3,0,26,171,No
7911,32,Female,Engineering,Manager,Hybrid,East,9.0,47800.0,No,3,2,0,21,194,No
7912,28,Male,Sales,Mid,Hybrid,West,2.0,80800.0,No,4,4,1,19,122,No
7913,37,Male,HR,Entry,Hybrid,West,4.0,24000.0,No,5,3,0,28,146,No
7914,31,Male,Customer Support,Mid,Unknown,Central,3.0,52600.0,No,1,4,2,32,193,No
7915,40,Female,Engineering,Manager,Hybrid,South,2.0,54200.0,No,2,3,0,29,167,No
7916,29,Male,Engineering,Entry,Remote,South,11.0,41500.0,No,3,3,1,6,192,No
7917,37,Female,Customer Support,Senior,Remote,South,4.0,84500.0,No,4,4,0,39,159,No
7918,35,Male,Sales,Entry,Remote,South,9.0,40200.0,No,4,5,0,12,168,Yes
7919,38,Male,Engineering,Entry,Hybrid,East,7.0,32700.0,No,4,3,1,12,156,No
7920,53,Female,HR,Senior,Hybrid,North,2.0,83600.0,No,2,2,0,15,191,No
7921,40,Male,Operations,Entry,Hybrid,South,11.0,24000.0,Yes,4,3,0,23,164,No
7922,43,Male,Finance,Senior,Office,East,5.0,87300.0,No,3,3,1,27,188,No
7923,32,Female,Customer Support,Entry,Hybrid,North,4.0,29500.0,Yes,4,4,0,40,201,No
7924,40,Male,Operations,Mid,Remote,South,1.0,70400.0,Yes,3,4,2,40,167,No
7925,36,Male,Customer Support,Mid,Hybrid,East,3.0,82000.0,No,2,5,0,7,169,No
7926,38,Female,IT,Senior,Hybrid,Central,2.0,101600.0,No,3,4,3,6,161,No
7927,44,Female,IT,Senior,Hybrid,Central,1.0,80100.0,Yes,4,4,0,41,211,No
7928,33,Male,HR,Mid,Office,South,7.0,59200.0,No,4,4,2,26,169,No
7929,34,Female,Sales,Mid,Hybrid,West,2.0,77500.0,No,3,4,0,16,166,No
7930,34,Male,Marketing,Entry,Hybrid,North,5.0,24000.0,No,3,3,0,35,149,No
7931,33,Male,IT,Mid,Hybrid,South,11.0,70400.0,No,3,4,0,42,160,No
7932,40,Male,Operations,Mid,Office,South,8.0,76900.0,Yes,5,5,1,33,162,No
7933,35,Male,Sales,Entry,Hybrid,South,6.0,35700.0,No,5,3,1,19,193,No
7934,51,Female,IT,Manager,Hybrid,South,1.0,38900.0,No,4,3,0,4,165,No
7935,62,Female,Operations,Mid,Hybrid,West,1.0,52000.0,No,4,4,1,34,164,Yes
7936,33,Male,Finance,Entry,Remote,East,3.0,27000.0,Yes,3,5,0,26,186,No
7937,41,Male,IT,Senior,Hybrid,East,6.0,86300.0,No,5,3,0,18,172,No
7938,47,Female,IT,Mid,Hybrid,South,2.0,72600.0,No,3,4,0,9,149,No
7939,36,Female,IT,Senior,Office,North,2.0,93200.0,No,2,3,1,31,202,No
7940,29,Male,Operations,Entry,Hybrid,South,10.0,24000.0,No,4,3,1,21,160,No
7941,54,Male,IT,Mid,Office,North,4.0,90800.0,No,3,2,0,30,177,No
7942,44,Male,Finance,Mid,Office,South,1.0,72200.0,No,5,3,0,39,180,No
7943,41,Male,Marketing,Entry,Hybrid,North,6.0,24000.0,No,4,3,0,20,127,No
7944,51,Female,Operations,Senior,Remote,East,2.0,94900.0,No,2,3,0,53,164,Yes
7945,45,Male,Operations,Entry,Remote,East,6.0,32800.0,Yes,4,3,1,27,159,No
7946,38,Male,IT,Entry,Hybrid,West,4.0,24000.0,No,3,3,1,37,147,No
7947,29,Male,Engineering,Entry,Office,South,5.0,48900.0,No,5,3,0,22,169,No
7948,34,Female,HR,Mid,Hybrid,South,2.0,58300.0,Yes,3,5,1,35,173,No
7949,49,Female,IT,Entry,Remote,East,3.0,24000.0,No,3,3,0,17,182,No
7950,44,Female,Engineering,Senior,Hybrid,South,3.0,79600.0,Yes,2,3,1,36,173,No
7951,36,Female,Operations,Mid,Hybrid,East,2.0,72000.0,No,4,3,0,58,170,No
7952,54,Female,Operations,Entry,Hybrid,East,4.0,32300.0,No,3,3,0,15,203,No
7953,37,Male,Customer Support,Mid,Hybrid,South,1.0,69000.0,Yes,3,2,0,4,164,No
7954,47,Male,Sales,Entry,Hybrid,Central,8.0,32200.0,No,4,5,0,21,137,No
7955,40,Male,Customer Support,Mid,Remote,Central,7.0,76100.0,Yes,3,2,0,32,155,No
7956,55,Male,Marketing,Senior,Office,North,4.0,90800.0,No,2,2,0,29,193,No
7957,45,Male,Finance,Senior,Office,South,4.0,97800.0,No,4,4,2,23,167,Yes
7958,38,Male,IT,Mid,Hybrid,Central,3.0,70200.0,No,3,2,3,41,153,No
7959,36,Male,Sales,Mid,Hybrid,Central,8.0,68300.0,No,3,4,0,23,185,No
7960,38,Female,Engineering,Entry,Hybrid,South,3.0,24000.0,No,3,4,0,39,202,No
7961,31,Male,Sales,Senior,Hybrid,East,9.0,96100.0,No,2,3,0,23,167,No
7962,26,Female,IT,Mid,Hybrid,South,1.0,83000.0,No,2,4,1,17,184,No
7963,41,Male,Marketing,Mid,Hybrid,South,9.0,61200.0,No,3,3,0,29,201,No
7964,33,Male,Marketing,Manager,Office,North,0.5,45700.0,No,4,3,0,30,213,No
7965,33,Male,IT,Mid,Remote,West,3.0,73500.0,No,4,3,0,50,182,No
7966,37,Female,Customer Support,Senior,Remote,North,8.0,109800.0,No,3,3,0,33,170,No
7967,38,Female,Operations,Mid,Hybrid,West,9.0,75900.0,No,5,3,0,31,170,No
7968,38,Male,Customer Support,Entry,Hybrid,North,2.0,24000.0,No,3,4,2,29,128,No
7969,54,Male,Sales,Entry,Hybrid,South,7.0,24000.0,Yes,4,3,3,21,146,No
7970,44,Female,Sales,Mid,Office,Central,6.0,80900.0,No,3,4,0,25,181,No
7971,57,Female,Operations,Mid,Hybrid,West,7.0,69200.0,No,3,3,0,22,224,No
7972,34,Male,IT,Mid,Office,North,18.0,60900.0,Yes,4,4,1,30,160,No
7973,45,Male,Operations,Senior,Office,West,18.0,103100.0,No,4,4,2,10,167,No
7974,35,Female,Sales,Mid,Office,West,10.0,74800.0,Yes,4,2,0,7,179,No
7975,33,Male,Customer Support,Mid,Office,North,2.0,61300.0,Yes,2,4,1,19,203,No
7976,57,Female,Customer Support,Mid,Hybrid,North,3.0,59900.0,No,4,3,0,18,155,No
7977,31,Male,Customer Support,Mid,Hybrid,South,5.0,52500.0,No,4,3,0,31,162,No
7978,21,Female,Engineering,Senior,Hybrid,East,3.0,88400.0,No,3,4,1,21,172,No
7979,32,Male,Engineering,Entry,Hybrid,North,2.0,30700.0,No,4,4,0,34,174,No
7980,21,Male,HR,Manager,Hybrid,West,9.0,58600.0,No,4,3,0,20,175,No
7981,29,Male,Finance,Entry,Hybrid,North,1.0,31800.0,No,3,4,2,54,179,No
7982,30,Male,Customer Support,Entry,Remote,North,1.0,24000.0,No,3,4,2,25,183,No
7983,38,Male,Engineering,Senior,Office,Central,7.0,91400.0,Yes,3,3,0,33,178,No
7984,21,Male,Engineering,Entry,Hybrid,North,7.0,40900.0,No,1,4,1,20,172,No
7985,49,Female,Customer Support,Entry,Office,Central,1.0,24000.0,No,4,4,0,23,144,Yes
7986,21,Male,IT,Entry,Hybrid,West,1.0,34900.0,Yes,4,4,1,33,146,No
7987,37,Female,Engineering,Senior,Office,South,4.0,99800.0,No,4,3,0,28,157,No
7988,35,Male,Engineering,Mid,Office,West,5.0,78800.0,No,4,3,0,37,195,No
7989,45,Male,Marketing,Entry,Hybrid,East,3.0,31900.0,Yes,4,5,0,40,200,No
7990,41,Male,Customer Support,Mid,Hybrid,South,3.0,78800.0,No,3,3,0,53,145,No
7991,49,Female,Operations,Entry,Remote,East,4.0,24000.0,No,2,4,0,37,191,No
7992,35,Female,Engineering,Manager,Hybrid,Central,7.0,63600.0,No,4,4,0,28,141,No
7993,34,Female,Sales,Entry,Remote,East,1.0,24000.0,No,5,1,0,23,184,No
7994,42,Male,Customer Support,Mid,Remote,West,5.0,74800.0,No,4,3,0,20,163,No
7995,47,Male,Sales,Mid,Office,North,2.0,71600.0,Yes,3,5,1,23,129,No
7996,45,Female,Finance,Mid,Office,South,18.0,66400.0,Yes,4,1,0,31,152,No
7997,41,Male,Sales,Manager,Office,East,5.0,41200.0,No,4,2,0,42,160,No
7998,40,Female,HR,Mid,Remote,North,12.0,76900.0,Yes,3,3,0,32,181,No
7999,38,Male,IT,Senior,Hybrid,West,7.0,101200.0,No,4,3,1,25,171,No
8000,42,Female,Engineering,Mid,Hybrid,North,15.0,71100.0,No,3,3,2,14,170,No
