Employee_ID,Review_Year,Performance_Score,Projects_Completed,Performance_Band
1,2023,3.75,4,High
1,2024,3.06,6,Medium
1,2025,2.67,3,Medium
2,2023,2.74,6,Medium
2,2024,3.32,6,Medium
2,2025,3.2,4,Medium
3,2023,2.88,8,Medium
3,2024,4.21,5,High
3,2025,2.58,2,Medium
4,2023,3.38,5,Medium
4,2024,3.52,8,Medium
4,2025,3.04,3,Medium
5,2023,2.93,7,Medium
5,2024,2.39,5,Low
5,2025,3.38,5,Medium
6,2023,3.4,5,Medium
6,2024,3.39,5,Medium
6,2025,3.88,5,High
7,2023,3.63,8,Medium
7,2024,2.91,8,Medium
7,2025,3.47,8,Medium
8,2023,4.0,6,High
8,2024,3.29,6,Medium
8,2025,3.71,7,High
9,2023,3.1,7,Medium
9,2024,3.07,6,Medium
9,2025,3.47,6,Medium
10,2023,3.57,9,Medium
10,2024,2.84,6,Medium
10,2025,3.68,7,Medium
11,2023,3.38,9,Medium
11,2024,3.24,10,Medium
11,2025,3.04,5,Medium
12,2023,3.68,6,Medium
12,2024,3.67,8,Medium
12,2025,3.47,7,Medium
13,2023,2.99,6,Medium
13,2024,2.46,11,Low
13,2025,3.3,8,Medium
14,2023,3.44,5,Medium
14,2024,4.09,5,High
14,2025,3.46,7,Medium
15,2023,3.93,7,High
15,2024,3.17,6,Medium
15,2025,3.02,7,Medium
16,2023,2.05,7,Low
16,2024,3.3,6,Medium
16,2025,3.91,7,High
17,2023,2.14,4,Low
17,2024,3.05,9,Medium
17,2025,3.41,5,Medium
18,2023,2.56,9,Medium
18,2024,3.34,9,Medium
18,2025,2.76,6,Medium
19,2023,3.84,9,High
19,2024,2.56,7,Medium
19,2025,3.52,5,Medium
20,2023,2.13,8,Low
20,2024,3.5,5,Medium
20,2025,3.0,6,Medium
21,2023,3.63,6,Medium
21,2024,2.72,7,Medium
21,2025,3.24,7,Medium
22,2023,3.78,9,High
22,2024,3.41,10,Medium
22,2025,3.12,7,Medium
23,2023,4.09,9,High
23,2024,3.47,7,Medium
23,2025,3.82,5,High
24,2023,2.76,7,Medium
24,2024,3.33,7,Medium
24,2025,3.07,10,Medium
25,2023,2.85,5,Medium
25,2024,4.14,6,High
25,2025,3.45,7,Medium
26,2023,3.4,8,Medium
26,2024,3.29,6,Medium
26,2025,2.81,6,Medium
27,2023,2.79,5,Medium
27,2024,3.59,5,Medium
27,2025,3.2,11,Medium
28,2023,3.44,6,Medium
28,2024,2.57,10,Medium
28,2025,3.55,7,Medium
29,2023,4.63,6,High
29,2024,3.73,9,High
29,2025,3.24,9,Medium
30,2023,3.73,6,High
30,2024,3.35,4,Medium
30,2025,4.48,7,High
31,2023,3.87,9,High
31,2024,3.57,9,Medium
31,2025,3.15,7,Medium
32,2023,3.77,8,High
32,2024,3.65,5,Medium
32,2025,3.69,8,Medium
33,2023,3.35,7,Medium
33,2024,3.06,7,Medium
33,2025,2.36,11,Low
34,2023,3.51,7,Medium
34,2024,3.22,3,Medium
34,2025,2.84,8,Medium
35,2023,2.65,12,Medium
35,2024,3.35,5,Medium
35,2025,2.88,7,Medium
36,2023,2.52,6,Medium
36,2024,3.7,8,Medium
36,2025,3.8,6,High
37,2023,3.8,7,High
37,2024,3.97,4,High
37,2025,2.88,9,Medium
38,2023,3.57,6,Medium
38,2024,3.65,11,Medium
38,2025,3.81,9,High
39,2023,3.68,6,Medium
39,2024,2.91,9,Medium
39,2025,3.37,9,Medium
40,2023,3.14,4,Medium
40,2024,2.91,5,Medium
40,2025,3.4,6,Medium
41,2023,3.65,2,Medium
41,2024,4.23,7,High
41,2025,3.69,9,Medium
42,2023,3.98,7,High
42,2024,3.1,8,Medium
42,2025,4.11,7,High
43,2023,3.88,7,High
43,2024,3.19,2,Medium
43,2025,3.11,8,Medium
44,2023,2.97,7,Medium
44,2024,2.4,6,Low
44,2025,2.69,5,Medium
45,2023,3.87,5,High
45,2024,4.2,7,High
45,2025,4.03,7,High
46,2023,3.0,5,Medium
46,2024,3.99,9,High
46,2025,3.89,5,High
47,2023,3.77,7,High
47,2024,4.22,8,High
47,2025,4.73,5,High
48,2023,3.01,2,Medium
48,2024,2.93,6,Medium
48,2025,2.85,7,Medium
49,2023,2.93,9,Medium
49,2024,3.48,6,Medium
49,2025,2.43,7,Low
50,2023,2.62,10,Medium
50,2024,3.49,5,Medium
50,2025,3.22,7,Medium
51,2023,3.94,9,High
51,2024,2.83,5,Medium
51,2025,3.25,5,Medium
52,2023,3.55,7,Medium
52,2024,3.97,4,High
52,2025,3.59,4,Medium
53,2023,2.92,6,Medium
53,2024,3.48,5,Medium
53,2025,3.3,6,Medium
54,2023,3.22,7,Medium
54,2024,2.88,9,Medium
54,2025,3.87,8,High
55,2023,3.51,7,Medium
55,2024,3.65,4,Medium
55,2025,3.91,3,High
56,2023,3.21,6,Medium
56,2024,3.93,8,High
56,2025,3.98,10,High
57,2023,3.13,7,Medium
57,2024,3.25,10,Medium
57,2025,3.07,5,Medium
58,2023,3.32,7,Medium
58,2024,3.7,4,Medium
58,2025,2.86,5,Medium
59,2023,3.65,9,Medium
59,2024,3.75,5,High
59,2025,3.87,5,High
60,2023,2.54,4,Medium
60,2024,2.84,8,Medium
60,2025,3.06,8,Medium
61,2023,2.74,7,Medium
61,2024,2.38,7,Low
61,2025,3.62,4,Medium
62,2023,2.95,5,Medium
62,2024,2.98,8,Medium
62,2025,3.11,7,Medium
63,2023,4.02,7,High
63,2024,3.85,8,High
63,2025,3.59,6,Medium
64,2023,2.29,10,Low
64,2024,3.87,4,High
64,2025,3.1,8,Medium
65,2023,2.55,8,Medium
65,2024,3.85,7,High
65,2025,3.0,2,Medium
66,2023,3.32,7,Medium
66,2024,3.28,5,Medium
66,2025,2.51,9,Medium
67,2023,3.28,5,Medium
67,2024,3.89,8,High
67,2025,3.43,5,Medium
68,2023,3.2,3,Medium
68,2024,3.15,6,Medium
68,2025,3.27,8,Medium
69,2023,2.55,6,Medium
69,2024,3.29,7,Medium
69,2025,3.47,7,Medium
70,2023,3.69,8,Medium
70,2024,3.61,5,Medium
70,2025,3.51,10,Medium
71,2023,2.96,5,Medium
71,2024,3.35,7,Medium
71,2025,3.23,9,Medium
72,2023,2.94,5,Medium
72,2024,3.4,7,Medium
72,2025,3.84,5,High
73,2023,3.58,4,Medium
73,2024,3.16,9,Medium
73,2025,3.32,7,Medium
74,2023,3.49,6,Medium
74,2024,3.66,6,Medium
74,2025,4.09,6,High
75,2023,3.85,3,High
75,2024,3.28,9,Medium
75,2025,2.12,8,Low
76,2023,3.0,3,Medium
76,2024,3.42,7,Medium
76,2025,4.03,8,High
77,2023,3.75,7,High
77,2024,3.66,8,Medium
77,2025,2.85,8,Medium
78,2023,3.34,6,Medium
78,2024,3.89,7,High
78,2025,2.41,5,Low
79,2023,3.16,11,Medium
79,2024,4.14,10,High
79,2025,3.62,5,Medium
80,2023,3.61,6,Medium
80,2024,3.76,5,High
80,2025,4.57,9,High
81,2023,3.28,7,Medium
81,2024,3.53,6,Medium
81,2025,3.59,8,Medium
82,2023,4.68,5,High
82,2024,3.45,6,Medium
82,2025,3.66,5,Medium
83,2023,3.78,9,High
83,2024,3.02,5,Medium
83,2025,4.26,5,High
84,2023,3.53,8,Medium
84,2024,3.25,2,Medium
84,2025,3.77,7,High
85,2023,2.51,7,Medium
85,2024,2.94,8,Medium
85,2025,3.28,4,Medium
86,2023,2.34,8,Low
86,2024,3.19,2,Medium
86,2025,2.57,6,Medium
87,2023,3.16,6,Medium
87,2024,3.19,10,Medium
87,2025,3.09,6,Medium
88,2023,3.43,10,Medium
88,2024,4.0,8,High
88,2025,2.56,12,Medium
89,2023,3.04,6,Medium
89,2024,3.35,6,Medium
89,2025,3.91,9,High
90,2023,3.39,8,Medium
90,2024,3.65,8,Medium
90,2025,4.3,8,High
91,2023,3.36,7,Medium
91,2024,3.94,4,High
91,2025,3.84,4,High
92,2023,3.71,7,High
92,2024,2.83,4,Medium
92,2025,2.86,8,Medium
93,2023,2.66,6,Medium
93,2024,3.2,9,Medium
93,2025,3.58,8,Medium
94,2023,3.64,5,Medium
94,2024,3.22,8,Medium
94,2025,3.33,8,Medium
95,2023,3.0,7,Medium
95,2024,2.54,8,Medium
95,2025,4.02,5,High
96,2023,3.96,5,High
96,2024,4.05,5,High
96,2025,2.95,2,Medium
97,2023,3.13,4,Medium
97,2024,3.03,6,Medium
97,2025,3.28,6,Medium
98,2023,3.75,8,High
98,2024,3.85,4,High
98,2025,3.72,5,High
99,2023,3.15,6,Medium
99,2024,3.42,6,Medium
99,2025,3.65,8,Medium
100,2023,2.88,3,Medium
100,2024,3.25,10,Medium
100,2025,3.4,6,Medium
101,2023,3.57,10,Medium
101,2024,3.62,8,Medium
101,2025,2.72,4,Medium
102,2023,2.87,5,Medium
102,2024,2.89,2,Medium
102,2025,3.78,4,High
103,2023,3.03,6,Medium
103,2024,3.16,5,Medium
103,2025,2.67,4,Medium
104,2023,3.41,5,Medium
104,2024,3.07,5,Medium
104,2025,3.94,5,High
105,2023,2.35,7,Low
105,2024,3.04,3,Medium
105,2025,3.82,8,High
106,2023,4.1,6,High
106,2024,2.72,7,Medium
106,2025,2.38,6,Low
107,2023,3.05,6,Medium
107,2024,2.77,3,Medium
107,2025,3.21,12,Medium
108,2023,4.22,8,High
108,2024,3.21,6,Medium
108,2025,3.33,8,Medium
109,2023,3.16,6,Medium
109,2024,3.55,4,Medium
109,2025,3.24,4,Medium
110,2023,3.02,10,Medium
110,2024,3.93,6,High
110,2025,2.84,8,Medium
111,2023,3.08,8,Medium
111,2024,3.17,6,Medium
111,2025,2.66,6,Medium
112,2023,3.94,5,High
112,2024,3.15,7,Medium
112,2025,2.99,8,Medium
113,2023,3.77,9,High
113,2024,3.2,4,Medium
113,2025,2.78,6,Medium
114,2023,3.24,4,Medium
114,2024,3.36,9,Medium
114,2025,3.34,6,Medium
115,2023,3.46,7,Medium
115,2024,3.34,7,Medium
115,2025,4.06,5,High
116,2023,3.27,10,Medium
116,2024,3.28,9,Medium
116,2025,2.6,7,Medium
117,2023,3.64,5,Medium
117,2024,2.99,6,Medium
117,2025,3.97,7,High
118,2023,3.2,6,Medium
118,2024,3.18,5,Medium
118,2025,3.51,6,Medium
119,2023,4.2,6,High
119,2024,2.89,3,Medium
119,2025,3.43,3,Medium
120,2023,3.49,7,Medium
120,2024,2.94,7,Medium
120,2025,3.66,8,Medium
121,2023,3.38,9,Medium
121,2024,2.93,3,Medium
121,2025,3.4,5,Medium
122,2023,3.44,3,Medium
122,2024,2.98,10,Medium
122,2025,3.38,6,Medium
123,2023,2.39,3,Low
123,2024,3.09,7,Medium
123,2025,3.39,4,Medium
124,2023,3.39,8,Medium
124,2024,2.99,5,Medium
124,2025,2.97,6,Medium
125,2023,3.49,3,Medium
125,2024,2.8,5,Medium
125,2025,2.67,6,Medium
126,2023,3.83,7,High
126,2024,2.81,10,Medium
126,2025,2.57,1,Medium
127,2023,3.29,8,Medium
127,2024,2.64,5,Medium
127,2025,3.58,6,Medium
128,2023,2.89,5,Medium
128,2024,2.92,5,Medium
128,2025,3.3,3,Medium
129,2023,4.04,8,High
129,2024,3.45,6,Medium
129,2025,3.43,10,Medium
130,2023,3.09,8,Medium
130,2024,3.97,8,High
130,2025,3.33,11,Medium
131,2023,2.65,5,Medium
131,2024,2.56,8,Medium
131,2025,3.34,3,Medium
132,2023,3.26,7,Medium
132,2024,2.98,8,Medium
132,2025,2.45,8,Low
133,2023,3.24,5,Medium
133,2024,2.82,7,Medium
133,2025,2.72,5,Medium
134,2023,3.91,6,High
134,2024,3.29,6,Medium
134,2025,3.13,7,Medium
135,2023,3.41,7,Medium
135,2024,3.34,9,Medium
135,2025,3.73,9,High
136,2023,3.39,6,Medium
136,2024,3.3,8,Medium
136,2025,4.05,7,High
137,2023,3.31,5,Medium
137,2024,3.47,6,Medium
137,2025,3.47,8,Medium
138,2023,3.49,9,Medium
138,2024,3.62,7,Medium
138,2025,3.67,8,Medium
139,2023,3.88,9,High
139,2024,2.31,8,Low
139,2025,3.03,6,Medium
140,2023,3.17,6,Medium
140,2024,2.51,5,Medium
140,2025,2.31,8,Low
141,2023,2.83,4,Medium
141,2024,3.24,10,Medium
141,2025,3.43,6,Medium
142,2023,4.0,4,High
142,2024,3.61,8,Medium
142,2025,3.23,5,Medium
143,2023,3.44,7,Medium
143,2024,3.22,5,Medium
143,2025,3.61,5,Medium
144,2023,3.28,9,Medium
144,2024,3.39,6,Medium
144,2025,3.72,8,High
145,2023,3.09,7,Medium
145,2024,3.92,6,High
145,2025,2.89,5,Medium
146,2023,3.57,4,Medium
146,2024,3.09,7,Medium
146,2025,4.01,7,High
147,2023,3.36,5,Medium
147,2024,3.47,6,Medium
147,2025,3.35,9,Medium
148,2023,3.63,8,Medium
148,2024,3.37,7,Medium
148,2025,2.77,5,Medium
149,2023,3.19,7,Medium
149,2024,3.71,5,High
149,2025,3.33,6,Medium
150,2023,2.81,9,Medium
150,2024,3.71,4,High
150,2025,3.65,5,Medium
151,2023,3.38,8,Medium
151,2024,3.48,9,Medium
151,2025,2.75,5,Medium
152,2023,3.2,6,Medium
152,2024,2.89,10,Medium
152,2025,3.24,9,Medium
153,2023,2.88,5,Medium
153,2024,3.01,6,Medium
153,2025,2.92,7,Medium
154,2023,3.7,8,Medium
154,2024,4.25,6,High
154,2025,3.3,6,Medium
155,2023,3.73,12,High
155,2024,3.2,9,Medium
155,2025,1.92,8,Low
156,2023,3.18,5,Medium
156,2024,3.18,7,Medium
156,2025,3.91,6,High
157,2023,3.35,6,Medium
157,2024,2.94,5,Medium
157,2025,2.32,5,Low
158,2023,3.22,6,Medium
158,2024,3.51,4,Medium
158,2025,4.26,2,High
159,2023,3.15,5,Medium
159,2024,3.44,7,Medium
159,2025,3.12,4,Medium
160,2023,3.4,3,Medium
160,2024,3.24,4,Medium
160,2025,2.51,7,Medium
161,2023,3.12,7,Medium
161,2024,2.98,5,Medium
161,2025,3.18,5,Medium
162,2023,3.84,6,High
162,2024,3.81,7,High
162,2025,3.27,6,Medium
163,2023,3.38,9,Medium
163,2024,2.99,6,Medium
163,2025,2.75,8,Medium
164,2023,3.17,8,Medium
164,2024,3.35,3,Medium
164,2025,3.63,8,Medium
165,2023,4.93,8,High
165,2024,3.84,8,High
165,2025,3.15,4,Medium
166,2023,3.39,6,Medium
166,2024,3.21,6,Medium
166,2025,3.86,9,High
167,2023,3.18,9,Medium
167,2024,3.61,5,Medium
167,2025,3.94,6,High
168,2023,3.07,3,Medium
168,2024,2.82,6,Medium
168,2025,3.5,10,Medium
169,2023,3.35,3,Medium
169,2024,4.18,3,High
169,2025,3.39,5,Medium
170,2023,3.25,7,Medium
170,2024,3.57,7,Medium
170,2025,3.4,5,Medium
171,2023,2.58,8,Medium
171,2024,2.82,7,Medium
171,2025,2.83,9,Medium
172,2023,2.5,6,Low
172,2024,2.75,6,Medium
172,2025,3.21,8,Medium
173,2023,3.4,10,Medium
173,2024,3.05,3,Medium
173,2025,3.49,9,Medium
174,2023,2.73,4,Medium
174,2024,3.93,9,High
174,2025,3.68,3,Medium
175,2023,3.78,8,High
175,2024,3.61,8,Medium
175,2025,2.69,6,Medium
176,2023,3.76,8,High
176,2024,2.77,8,Medium
176,2025,3.04,8,Medium
177,2023,2.88,5,Medium
177,2024,3.02,5,Medium
177,2025,3.09,8,Medium
178,2023,4.09,4,High
178,2024,3.02,2,Medium
178,2025,3.03,5,Medium
179,2023,3.36,5,Medium
179,2024,3.22,8,Medium
179,2025,3.41,7,Medium
180,2023,4.33,9,High
180,2024,3.48,9,Medium
180,2025,4.25,8,High
181,2023,3.11,4,Medium
181,2024,2.83,8,Medium
181,2025,2.74,11,Medium
182,2023,3.36,7,Medium
182,2024,3.29,8,Medium
182,2025,3.02,6,Medium
183,2023,3.51,1,Medium
183,2024,3.07,5,Medium
183,2025,4.04,9,High
184,2023,2.81,6,Medium
184,2024,3.12,8,Medium
184,2025,2.27,9,Low
185,2023,3.73,5,High
185,2024,3.75,5,High
185,2025,3.02,6,Medium
186,2023,3.44,4,Medium
186,2024,2.86,6,Medium
186,2025,3.24,3,Medium
187,2023,3.1,1,Medium
187,2024,3.03,7,Medium
187,2025,2.23,5,Low
188,2023,3.09,5,Medium
188,2024,2.87,8,Medium
188,2025,2.53,7,Medium
189,2023,2.57,4,Medium
189,2024,2.57,7,Medium
189,2025,3.38,9,Medium
190,2023,3.93,9,High
190,2024,4.62,9,High
190,2025,2.83,7,Medium
191,2023,2.73,6,Medium
191,2024,3.16,8,Medium
191,2025,2.93,10,Medium
192,2023,2.5,6,Low
192,2024,3.86,5,High
192,2025,3.35,10,Medium
193,2023,3.43,6,Medium
193,2024,3.39,6,Medium
193,2025,3.17,5,Medium
194,2023,2.13,8,Low
194,2024,2.81,6,Medium
194,2025,2.68,6,Medium
195,2023,2.65,6,Medium
195,2024,2.8,6,Medium
195,2025,3.23,6,Medium
196,2023,2.96,7,Medium
196,2024,2.76,7,Medium
196,2025,3.05,7,Medium
197,2023,3.04,9,Medium
197,2024,3.61,4,Medium
197,2025,4.34,3,High
198,2023,2.29,5,Low
198,2024,3.35,6,Medium
198,2025,2.31,7,Low
199,2023,3.32,5,Medium
199,2024,2.25,6,Low
199,2025,2.89,5,Medium
200,2023,2.96,3,Medium
200,2024,3.42,4,Medium
200,2025,3.06,8,Medium
201,2023,3.37,3,Medium
201,2024,3.29,9,Medium
201,2025,3.78,7,High
202,2023,3.52,5,Medium
202,2024,4.47,6,High
202,2025,3.42,5,Medium
203,2023,3.61,10,Medium
203,2024,2.82,6,Medium
203,2025,3.37,4,Medium
204,2023,2.78,12,Medium
204,2024,3.43,6,Medium
204,2025,3.25,8,Medium
205,2023,3.1,7,Medium
205,2024,2.74,7,Medium
205,2025,3.41,8,Medium
206,2023,3.61,8,Medium
206,2024,4.08,5,High
206,2025,1.87,6,Low
207,2023,3.92,7,High
207,2024,3.84,6,High
207,2025,3.58,9,Medium
208,2023,3.87,9,High
208,2024,3.73,2,High
208,2025,3.16,8,Medium
209,2023,2.86,8,Medium
209,2024,3.65,8,Medium
209,2025,3.77,7,High
210,2023,2.47,6,Low
210,2024,3.02,10,Medium
210,2025,2.65,1,Medium
211,2023,3.85,3,High
211,2024,3.76,4,High
211,2025,3.31,7,Medium
212,2023,2.89,5,Medium
212,2024,3.31,7,Medium
212,2025,3.1,5,Medium
213,2023,3.24,5,Medium
213,2024,2.55,7,Medium
213,2025,3.01,8,Medium
214,2023,4.17,11,High
214,2024,4.39,7,High
214,2025,3.48,6,Medium
215,2023,3.54,6,Medium
215,2024,3.33,2,Medium
215,2025,3.19,8,Medium
216,2023,3.16,7,Medium
216,2024,2.69,6,Medium
216,2025,3.44,7,Medium
217,2023,3.58,5,Medium
217,2024,3.28,2,Medium
217,2025,3.94,6,High
218,2023,3.2,6,Medium
218,2024,3.27,7,Medium
218,2025,3.06,7,Medium
219,2023,3.79,7,High
219,2024,2.72,5,Medium
219,2025,3.05,10,Medium
220,2023,3.03,9,Medium
220,2024,3.81,5,High
220,2025,3.76,9,High
221,2023,3.46,7,Medium
221,2024,3.45,3,Medium
221,2025,3.57,9,Medium
222,2023,3.56,6,Medium
222,2024,3.81,6,High
222,2025,2.96,6,Medium
223,2023,3.69,7,Medium
223,2024,2.88,6,Medium
223,2025,3.3,8,Medium
224,2023,2.72,10,Medium
224,2024,3.08,6,Medium
224,2025,3.19,3,Medium
225,2023,3.78,6,High
225,2024,4.03,5,High
225,2025,3.54,5,Medium
226,2023,2.93,4,Medium
226,2024,3.13,7,Medium
226,2025,3.07,4,Medium
227,2023,3.51,4,Medium
227,2024,2.14,10,Low
227,2025,3.05,4,Medium
228,2023,3.6,4,Medium
228,2024,4.09,10,High
228,2025,3.49,6,Medium
229,2023,2.86,4,Medium
229,2024,3.42,4,Medium
229,2025,3.27,12,Medium
230,2023,3.72,8,High
230,2024,2.97,7,Medium
230,2025,2.87,8,Medium
231,2023,2.99,6,Medium
231,2024,3.55,7,Medium
231,2025,3.96,7,High
232,2023,2.32,5,Low
232,2024,3.32,7,Medium
232,2025,3.04,10,Medium
233,2023,3.47,4,Medium
233,2024,4.04,5,High
233,2025,3.87,5,High
234,2023,3.92,8,High
234,2024,3.63,9,Medium
234,2025,3.57,4,Medium
235,2023,3.39,6,Medium
235,2024,4.22,5,High
235,2025,3.15,7,Medium
236,2023,3.57,7,Medium
236,2024,3.15,8,Medium
236,2025,2.68,10,Medium
237,2023,3.65,2,Medium
237,2024,3.0,2,Medium
237,2025,3.39,7,Medium
238,2023,3.24,7,Medium
238,2024,3.76,5,High
238,2025,2.96,7,Medium
239,2023,2.68,7,Medium
239,2024,3.91,4,High
239,2025,3.43,7,Medium
240,2023,3.5,8,Medium
240,2024,2.49,7,Low
240,2025,3.71,3,High
241,2023,2.65,5,Medium
241,2024,3.85,7,High
241,2025,3.31,10,Medium
242,2023,3.88,7,High
242,2024,3.66,6,Medium
242,2025,3.5,7,Medium
243,2023,3.1,6,Medium
243,2024,2.52,7,Medium
243,2025,3.36,7,Medium
244,2023,3.77,3,High
244,2024,3.83,9,High
244,2025,4.0,10,High
245,2023,3.28,4,Medium
245,2024,3.99,5,High
245,2025,2.87,8,Medium
246,2023,4.44,6,High
246,2024,3.73,4,High
246,2025,3.93,3,High
247,2023,3.53,6,Medium
247,2024,1.57,4,Low
247,2025,3.85,8,High
248,2023,3.34,7,Medium
248,2024,2.78,10,Medium
248,2025,2.89,9,Medium
249,2023,3.67,6,Medium
249,2024,3.15,9,Medium
249,2025,3.0,5,Medium
250,2023,3.36,5,Medium
250,2024,3.04,9,Medium
250,2025,2.88,10,Medium
251,2023,3.07,9,Medium
251,2024,1.91,4,Low
251,2025,3.29,4,Medium
252,2023,2.62,8,Medium
252,2024,4.0,5,High
252,2025,3.34,5,Medium
253,2023,3.69,6,Medium
253,2024,2.62,5,Medium
253,2025,3.74,10,High
254,2023,2.87,10,Medium
254,2024,3.5,10,Medium
254,2025,2.89,6,Medium
255,2023,3.33,10,Medium
255,2024,3.59,6,Medium
255,2025,3.32,8,Medium
256,2023,3.3,8,Medium
256,2024,3.95,5,High
256,2025,3.64,8,Medium
257,2023,3.23,6,Medium
257,2024,3.44,8,Medium
257,2025,2.79,5,Medium
258,2023,3.83,8,High
258,2024,3.83,8,High
258,2025,3.27,8,Medium
259,2023,3.58,11,Medium
259,2024,3.52,9,Medium
259,2025,3.93,5,High
260,2023,4.24,5,High
260,2024,3.72,9,High
260,2025,2.56,10,Medium
261,2023,3.84,2,High
261,2024,4.69,7,High
261,2025,3.0,3,Medium
262,2023,4.3,8,High
262,2024,3.95,8,High
262,2025,3.75,7,High
263,2023,3.23,6,Medium
263,2024,2.95,6,Medium
263,2025,2.43,8,Low
264,2023,3.76,8,High
264,2024,2.53,9,Medium
264,2025,3.21,7,Medium
265,2023,3.11,4,Medium
265,2024,2.95,3,Medium
265,2025,3.19,5,Medium
266,2023,3.97,6,High
266,2024,3.2,10,Medium
266,2025,3.23,8,Medium
267,2023,3.9,10,High
267,2024,3.68,8,Medium
267,2025,3.51,9,Medium
268,2023,3.3,3,Medium
268,2024,3.5,4,Medium
268,2025,3.7,9,Medium
269,2023,3.35,7,Medium
269,2024,2.66,6,Medium
269,2025,2.47,3,Low
270,2023,3.69,8,Medium
270,2024,3.09,6,Medium
270,2025,3.5,2,Medium
271,2023,3.34,8,Medium
271,2024,3.24,6,Medium
271,2025,3.7,6,Medium
272,2023,3.49,8,Medium
272,2024,4.0,5,High
272,2025,3.81,4,High
273,2023,3.05,5,Medium
273,2024,3.26,8,Medium
273,2025,3.34,4,Medium
274,2023,3.01,7,Medium
274,2024,3.83,9,High
274,2025,3.08,7,Medium
275,2023,3.44,5,Medium
275,2024,3.62,8,Medium
275,2025,2.94,6,Medium
276,2023,3.46,6,Medium
276,2024,4.18,5,High
276,2025,3.48,7,Medium
277,2023,3.5,8,Medium
277,2024,4.02,5,High
277,2025,4.01,6,High
278,2023,2.41,8,Low
278,2024,3.39,6,Medium
278,2025,3.62,6,Medium
279,2023,3.48,4,Medium
279,2024,3.62,7,Medium
279,2025,2.98,8,Medium
280,2023,3.47,6,Medium
280,2024,3.15,7,Medium
280,2025,4.0,6,High
281,2023,2.49,3,Low
281,2024,2.82,2,Medium
281,2025,4.17,8,High
282,2023,3.08,10,Medium
282,2024,2.9,9,Medium
282,2025,3.55,5,Medium
283,2023,2.69,8,Medium
283,2024,3.55,5,Medium
283,2025,3.78,5,High
284,2023,3.13,9,Medium
284,2024,1.58,5,Low
284,2025,2.93,6,Medium
285,2023,3.01,6,Medium
285,2024,4.27,5,High
285,2025,3.94,10,High
286,2023,3.32,9,Medium
286,2024,2.64,3,Medium
286,2025,3.45,7,Medium
287,2023,2.92,6,Medium
287,2024,3.68,5,Medium
287,2025,3.59,6,Medium
288,2023,3.48,7,Medium
288,2024,3.81,7,High
288,2025,4.81,8,High
289,2023,2.36,8,Low
289,2024,2.58,4,Medium
289,2025,3.22,6,Medium
290,2023,2.72,6,Medium
290,2024,3.28,8,Medium
290,2025,2.52,2,Medium
291,2023,3.47,10,Medium
291,2024,3.44,6,Medium
291,2025,3.74,7,High
292,2023,3.36,3,Medium
292,2024,3.91,6,High
292,2025,3.0,4,Medium
293,2023,3.6,9,Medium
293,2024,2.65,6,Medium
293,2025,2.43,6,Low
294,2023,2.83,5,Medium
294,2024,4.37,5,High
294,2025,4.11,8,High
295,2023,3.46,5,Medium
295,2024,2.93,7,Medium
295,2025,3.7,5,Medium
296,2023,2.92,7,Medium
296,2024,2.74,8,Medium
296,2025,3.58,7,Medium
297,2023,3.08,8,Medium
297,2024,3.31,8,Medium
297,2025,2.8,7,Medium
298,2023,3.17,7,Medium
298,2024,4.25,5,High
298,2025,3.37,5,Medium
299,2023,3.05,7,Medium
299,2024,3.47,5,Medium
299,2025,3.08,6,Medium
300,2023,3.9,8,High
300,2024,3.25,8,Medium
300,2025,2.94,1,Medium
301,2023,2.93,6,Medium
301,2024,2.41,8,Low
301,2025,3.4,6,Medium
302,2023,2.73,8,Medium
302,2024,2.29,8,Low
302,2025,2.56,6,Medium
303,2023,4.02,5,High
303,2024,3.35,4,Medium
303,2025,3.54,3,Medium
304,2023,3.75,7,High
304,2024,4.5,3,High
304,2025,3.34,8,Medium
305,2023,3.39,8,Medium
305,2024,3.89,8,High
305,2025,3.45,5,Medium
306,2023,3.44,9,Medium
306,2024,3.23,1,Medium
306,2025,2.94,5,Medium
307,2023,3.96,3,High
307,2024,3.33,7,Medium
307,2025,3.66,5,Medium
308,2023,3.23,4,Medium
308,2024,1.44,3,Low
308,2025,3.06,7,Medium
309,2023,3.48,6,Medium
309,2024,2.41,5,Low
309,2025,2.85,7,Medium
310,2023,3.34,5,Medium
310,2024,3.23,8,Medium
310,2025,3.86,4,High
311,2023,3.78,10,High
311,2024,2.82,10,Medium
311,2025,2.7,5,Medium
312,2023,3.42,9,Medium
312,2024,3.92,5,High
312,2025,3.44,7,Medium
313,2023,3.93,2,High
313,2024,3.93,5,High
313,2025,3.72,8,High
314,2023,3.42,10,Medium
314,2024,2.96,6,Medium
314,2025,3.53,4,Medium
315,2023,3.18,7,Medium
315,2024,4.23,4,High
315,2025,3.94,5,High
316,2023,3.03,6,Medium
316,2024,3.05,7,Medium
316,2025,2.45,5,Low
317,2023,2.88,6,Medium
317,2024,4.02,7,High
317,2025,3.28,8,Medium
318,2023,3.6,4,Medium
318,2024,3.84,5,High
318,2025,3.52,7,Medium
319,2023,3.28,7,Medium
319,2024,3.29,7,Medium
319,2025,4.08,7,High
320,2023,2.45,6,Low
320,2024,3.12,8,Medium
320,2025,2.42,8,Low
321,2023,2.9,9,Medium
321,2024,3.05,5,Medium
321,2025,3.37,4,Medium
322,2023,2.77,6,Medium
322,2024,2.91,7,Medium
322,2025,3.6,7,Medium
323,2023,3.52,3,Medium
323,2024,3.16,5,Medium
323,2025,2.24,5,Low
324,2023,3.08,7,Medium
324,2024,3.19,4,Medium
324,2025,3.15,7,Medium
325,2023,2.36,4,Low
325,2024,2.58,5,Medium
325,2025,3.49,4,Medium
326,2023,3.8,7,High
326,2024,3.47,8,Medium
326,2025,2.87,10,Medium
327,2023,3.3,7,Medium
327,2024,3.0,6,Medium
327,2025,3.66,5,Medium
328,2023,3.64,7,Medium
328,2024,3.45,11,Medium
328,2025,3.38,5,Medium
329,2023,2.77,10,Medium
329,2024,2.96,8,Medium
329,2025,2.88,5,Medium
330,2023,3.46,7,Medium
330,2024,3.11,3,Medium
330,2025,3.54,7,Medium
331,2023,3.28,4,Medium
331,2024,2.71,7,Medium
331,2025,2.42,6,Low
332,2023,3.98,7,High
332,2024,2.91,6,Medium
332,2025,3.15,7,Medium
333,2023,4.23,6,High
333,2024,3.68,6,Medium
333,2025,2.98,7,Medium
334,2023,3.33,4,Medium
334,2024,3.96,7,High
334,2025,3.46,5,Medium
335,2023,4.62,5,High
335,2024,2.19,4,Low
335,2025,2.93,3,Medium
336,2023,2.84,5,Medium
336,2024,3.78,6,High
336,2025,2.87,7,Medium
337,2023,3.1,6,Medium
337,2024,3.18,7,Medium
337,2025,3.53,5,Medium
338,2023,3.02,6,Medium
338,2024,3.54,9,Medium
338,2025,2.62,8,Medium
339,2023,3.83,5,High
339,2024,3.55,6,Medium
339,2025,2.78,5,Medium
340,2023,3.6,9,Medium
340,2024,2.77,6,Medium
340,2025,3.17,4,Medium
341,2023,3.04,6,Medium
341,2024,4.72,4,High
341,2025,4.18,6,High
342,2023,3.23,6,Medium
342,2024,3.57,5,Medium
342,2025,3.58,7,Medium
343,2023,2.82,7,Medium
343,2024,3.74,7,High
343,2025,3.47,8,Medium
344,2023,3.58,8,Medium
344,2024,3.03,7,Medium
344,2025,2.58,4,Medium
345,2023,2.76,9,Medium
345,2024,2.55,11,Medium
345,2025,3.17,4,Medium
346,2023,3.62,5,Medium
346,2024,2.66,9,Medium
346,2025,3.47,8,Medium
347,2023,3.43,5,Medium
347,2024,3.3,3,Medium
347,2025,2.49,3,Low
348,2023,4.21,5,High
348,2024,3.61,9,Medium
348,2025,2.73,7,Medium
349,2023,3.04,6,Medium
349,2024,3.03,9,Medium
349,2025,3.19,7,Medium
350,2023,3.96,6,High
350,2024,3.41,4,Medium
350,2025,3.23,5,Medium
351,2023,3.81,9,High
351,2024,3.32,6,Medium
351,2025,4.05,3,High
352,2023,3.35,6,Medium
352,2024,4.03,7,High
352,2025,2.37,6,Low
353,2023,3.79,9,High
353,2024,3.37,8,Medium
353,2025,3.58,4,Medium
354,2023,3.64,5,Medium
354,2024,3.75,7,High
354,2025,4.19,7,High
355,2023,3.91,5,High
355,2024,3.66,8,Medium
355,2025,3.88,5,High
356,2023,3.05,8,Medium
356,2024,4.32,6,High
356,2025,3.16,6,Medium
357,2023,3.46,7,Medium
357,2024,3.67,7,Medium
357,2025,3.37,7,Medium
358,2023,2.83,6,Medium
358,2024,2.79,8,Medium
358,2025,3.62,11,Medium
359,2023,3.28,8,Medium
359,2024,2.9,5,Medium
359,2025,2.74,8,Medium
360,2023,2.81,8,Medium
360,2024,3.19,8,Medium
360,2025,4.19,7,High
361,2023,2.91,7,Medium
361,2024,2.4,2,Low
361,2025,3.47,5,Medium
362,2023,2.82,8,Medium
362,2024,2.94,9,Medium
362,2025,2.59,4,Medium
363,2023,4.03,4,High
363,2024,3.23,8,Medium
363,2025,3.67,6,Medium
364,2023,4.01,7,High
364,2024,3.2,7,Medium
364,2025,2.93,8,Medium
365,2023,3.04,9,Medium
365,2024,3.06,5,Medium
365,2025,3.34,5,Medium
366,2023,3.3,9,Medium
366,2024,3.34,6,Medium
366,2025,3.09,7,Medium
367,2023,3.54,4,Medium
367,2024,3.6,6,Medium
367,2025,3.7,8,Medium
368,2023,2.9,7,Medium
368,2024,3.12,6,Medium
368,2025,3.01,3,Medium
369,2023,3.73,4,High
369,2024,2.78,8,Medium
369,2025,3.11,7,Medium
370,2023,3.09,7,Medium
370,2024,2.45,9,Low
370,2025,2.87,7,Medium
371,2023,4.24,5,High
371,2024,3.12,7,Medium
371,2025,3.91,7,High
372,2023,3.23,7,Medium
372,2024,3.74,7,High
372,2025,3.24,6,Medium
373,2023,3.76,6,High
373,2024,4.01,6,High
373,2025,3.45,8,Medium
374,2023,3.34,10,Medium
374,2024,2.96,7,Medium
374,2025,3.22,8,Medium
375,2023,3.91,8,High
375,2024,4.08,11,High
375,2025,3.92,10,High
376,2023,3.28,7,Medium
376,2024,3.88,6,High
376,2025,3.71,2,High
377,2023,2.88,7,Medium
377,2024,2.63,7,Medium
377,2025,2.33,7,Low
378,2023,4.24,7,High
378,2024,2.75,8,Medium
378,2025,3.35,6,Medium
379,2023,3.63,4,Medium
379,2024,2.91,8,Medium
379,2025,4.2,6,High
380,2023,4.38,6,High
380,2024,3.36,11,Medium
380,2025,3.21,7,Medium
381,2023,3.13,5,Medium
381,2024,3.62,7,Medium
381,2025,2.51,11,Medium
382,2023,3.69,8,Medium
382,2024,3.98,6,High
382,2025,3.37,12,Medium
383,2023,3.41,8,Medium
383,2024,3.52,7,Medium
383,2025,3.45,5,Medium
384,2023,3.47,6,Medium
384,2024,3.95,8,High
384,2025,3.28,8,Medium
385,2023,3.19,2,Medium
385,2024,3.35,6,Medium
385,2025,3.77,7,High
386,2023,2.64,4,Medium
386,2024,2.92,3,Medium
386,2025,2.95,9,Medium
387,2023,3.71,7,High
387,2024,3.28,6,Medium
387,2025,3.15,6,Medium
388,2023,2.86,8,Medium
388,2024,3.02,8,Medium
388,2025,3.19,8,Medium
389,2023,2.57,7,Medium
389,2024,3.18,8,Medium
389,2025,3.02,8,Medium
390,2023,3.83,9,High
390,2024,4.06,7,High
390,2025,3.22,7,Medium
391,2023,3.32,9,Medium
391,2024,3.38,5,Medium
391,2025,3.14,5,Medium
392,2023,2.96,8,Medium
392,2024,3.46,8,Medium
392,2025,2.73,5,Medium
393,2023,3.47,7,Medium
393,2024,3.23,6,Medium
393,2025,3.38,6,Medium
394,2023,3.35,7,Medium
394,2024,3.92,8,High
394,2025,2.96,9,Medium
395,2023,3.67,9,Medium
395,2024,3.34,7,Medium
395,2025,3.95,6,High
396,2023,2.86,6,Medium
396,2024,3.4,6,Medium
396,2025,3.61,4,Medium
397,2023,3.44,4,Medium
397,2024,2.75,2,Medium
397,2025,3.16,6,Medium
398,2023,3.07,5,Medium
398,2024,4.28,7,High
398,2025,3.5,6,Medium
399,2023,2.99,9,Medium
399,2024,3.79,8,High
399,2025,3.26,1,Medium
400,2023,4.03,4,High
400,2024,3.09,6,Medium
400,2025,2.97,6,Medium
401,2023,2.86,6,Medium
401,2024,3.32,3,Medium
401,2025,3.32,7,Medium
402,2023,4.06,6,High
402,2024,4.34,4,High
402,2025,3.73,4,High
403,2023,2.79,6,Medium
403,2024,3.51,11,Medium
403,2025,3.13,6,Medium
404,2023,3.66,8,Medium
404,2024,3.61,9,Medium
404,2025,3.19,5,Medium
405,2023,2.74,7,Medium
405,2024,2.55,4,Medium
405,2025,2.31,2,Low
406,2023,3.41,7,Medium
406,2024,3.96,6,High
406,2025,3.48,5,Medium
407,2023,3.75,9,High
407,2024,4.36,7,High
407,2025,2.99,2,Medium
408,2023,3.81,5,High
408,2024,3.66,7,Medium
408,2025,3.1,8,Medium
409,2023,2.6,7,Medium
409,2024,3.32,7,Medium
409,2025,4.2,8,High
410,2023,3.54,3,Medium
410,2024,2.74,6,Medium
410,2025,3.43,5,Medium
411,2023,2.99,10,Medium
411,2024,3.37,7,Medium
411,2025,2.65,7,Medium
412,2023,3.7,8,Medium
412,2024,3.24,6,Medium
412,2025,2.55,5,Medium
413,2023,3.46,6,Medium
413,2024,3.1,7,Medium
413,2025,2.94,11,Medium
414,2023,2.44,9,Low
414,2024,2.84,5,Medium
414,2025,2.92,8,Medium
415,2023,3.52,8,Medium
415,2024,3.15,4,Medium
415,2025,3.05,6,Medium
416,2023,3.07,6,Medium
416,2024,3.32,4,Medium
416,2025,3.24,6,Medium
417,2023,3.33,6,Medium
417,2024,2.82,8,Medium
417,2025,2.69,6,Medium
418,2023,3.89,5,High
418,2024,3.8,6,High
418,2025,2.76,9,Medium
419,2023,3.15,8,Medium
419,2024,2.99,4,Medium
419,2025,2.51,7,Medium
420,2023,4.21,5,High
420,2024,2.68,3,Medium
420,2025,3.84,6,High
421,2023,2.65,10,Medium
421,2024,2.55,7,Medium
421,2025,3.11,6,Medium
422,2023,2.61,8,Medium
422,2024,3.63,8,Medium
422,2025,3.58,6,Medium
423,2023,2.91,9,Medium
423,2024,3.19,4,Medium
423,2025,3.39,9,Medium
424,2023,2.56,8,Medium
424,2024,3.71,7,High
424,2025,2.79,6,Medium
425,2023,3.58,3,Medium
425,2024,3.54,5,Medium
425,2025,3.35,6,Medium
426,2023,3.17,5,Medium
426,2024,3.6,5,Medium
426,2025,3.66,7,Medium
427,2023,2.76,4,Medium
427,2024,3.22,6,Medium
427,2025,2.82,4,Medium
428,2023,2.62,4,Medium
428,2024,3.83,9,High
428,2025,2.96,4,Medium
429,2023,3.08,2,Medium
429,2024,3.81,10,High
429,2025,3.43,5,Medium
430,2023,3.31,4,Medium
430,2024,2.82,8,Medium
430,2025,3.27,5,Medium
431,2023,3.66,6,Medium
431,2024,3.67,6,Medium
431,2025,3.84,7,High
432,2023,2.92,7,Medium
432,2024,2.79,9,Medium
432,2025,3.08,9,Medium
433,2023,3.38,7,Medium
433,2024,3.3,9,Medium
433,2025,2.97,9,Medium
434,2023,3.96,5,High
434,2024,3.2,8,Medium
434,2025,2.31,12,Low
435,2023,3.08,6,Medium
435,2024,3.49,7,Medium
435,2025,4.22,2,High
436,2023,3.16,7,Medium
436,2024,3.45,8,Medium
436,2025,3.28,7,Medium
437,2023,2.83,7,Medium
437,2024,3.26,8,Medium
437,2025,3.0,5,Medium
438,2023,2.75,5,Medium
438,2024,3.18,8,Medium
438,2025,3.2,8,Medium
439,2023,3.43,6,Medium
439,2024,3.51,7,Medium
439,2025,2.29,6,Low
440,2023,3.03,8,Medium
440,2024,4.08,8,High
440,2025,3.16,7,Medium
441,2023,2.61,5,Medium
441,2024,2.28,4,Low
441,2025,3.63,8,Medium
442,2023,2.99,12,Medium
442,2024,2.56,7,Medium
442,2025,2.72,4,Medium
443,2023,3.03,10,Medium
443,2024,4.32,10,High
443,2025,3.75,9,High
444,2023,3.3,6,Medium
444,2024,3.32,6,Medium
444,2025,3.71,6,High
445,2023,4.45,6,High
445,2024,3.52,7,Medium
445,2025,3.3,6,Medium
446,2023,4.28,7,High
446,2024,3.18,7,Medium
446,2025,3.93,6,High
447,2023,3.16,4,Medium
447,2024,3.78,4,High
447,2025,3.64,6,Medium
448,2023,2.99,7,Medium
448,2024,3.2,3,Medium
448,2025,2.9,6,Medium
449,2023,2.45,7,Low
449,2024,3.67,8,Medium
449,2025,3.15,7,Medium
450,2023,3.6,8,Medium
450,2024,4.38,8,High
450,2025,3.54,3,Medium
451,2023,3.26,6,Medium
451,2024,2.73,8,Medium
451,2025,4.11,5,High
452,2023,3.15,8,Medium
452,2024,2.95,3,Medium
452,2025,2.25,9,Low
453,2023,3.73,7,High
453,2024,3.66,4,Medium
453,2025,3.34,5,Medium
454,2023,2.99,7,Medium
454,2024,2.91,6,Medium
454,2025,3.85,10,High
455,2023,2.78,6,Medium
455,2024,2.99,7,Medium
455,2025,2.21,10,Low
456,2023,3.33,7,Medium
456,2024,3.08,6,Medium
456,2025,3.35,6,Medium
457,2023,3.64,9,Medium
457,2024,3.57,10,Medium
457,2025,3.13,5,Medium
458,2023,2.8,5,Medium
458,2024,3.35,5,Medium
458,2025,2.85,7,Medium
459,2023,3.36,10,Medium
459,2024,3.16,8,Medium
459,2025,3.41,7,Medium
460,2023,2.59,7,Medium
460,2024,2.89,8,Medium
460,2025,3.1,3,Medium
461,2023,3.09,7,Medium
461,2024,3.26,11,Medium
461,2025,3.22,5,Medium
462,2023,3.24,2,Medium
462,2024,3.21,10,Medium
462,2025,3.12,5,Medium
463,2023,2.61,7,Medium
463,2024,2.8,8,Medium
463,2025,2.75,8,Medium
464,2023,3.96,10,High
464,2024,2.65,8,Medium
464,2025,2.8,7,Medium
465,2023,3.08,9,Medium
465,2024,2.63,4,Medium
465,2025,2.8,10,Medium
466,2023,3.31,1,Medium
466,2024,2.79,7,Medium
466,2025,3.65,7,Medium
467,2023,2.59,8,Medium
467,2024,4.23,1,High
467,2025,3.05,4,Medium
468,2023,2.92,8,Medium
468,2024,2.69,9,Medium
468,2025,3.11,6,Medium
469,2023,3.22,6,Medium
469,2024,2.29,6,Low
469,2025,3.23,9,Medium
470,2023,3.43,10,Medium
470,2024,2.61,6,Medium
470,2025,3.47,7,Medium
471,2023,2.52,5,Medium
471,2024,2.86,6,Medium
471,2025,2.84,7,Medium
472,2023,2.5,8,Low
472,2024,2.58,5,Medium
472,2025,4.07,8,High
473,2023,2.29,4,Low
473,2024,3.49,2,Medium
473,2025,3.02,9,Medium
474,2023,4.15,7,High
474,2024,3.96,10,High
474,2025,2.87,4,Medium
475,2023,2.78,8,Medium
475,2024,3.49,6,Medium
475,2025,3.08,9,Medium
476,2023,2.84,7,Medium
476,2024,2.93,6,Medium
476,2025,4.27,5,High
477,2023,3.42,7,Medium
477,2024,3.43,7,Medium
477,2025,3.75,5,High
478,2023,2.71,9,Medium
478,2024,3.99,8,High
478,2025,2.32,3,Low
479,2023,3.91,5,High
479,2024,3.53,8,Medium
479,2025,3.66,5,Medium
480,2023,3.19,4,Medium
480,2024,3.13,4,Medium
480,2025,4.18,4,High
481,2023,4.35,8,High
481,2024,3.18,6,Medium
481,2025,3.68,3,Medium
482,2023,3.22,5,Medium
482,2024,2.81,6,Medium
482,2025,3.93,7,High
483,2023,3.34,4,Medium
483,2024,3.75,3,High
483,2025,3.52,7,Medium
484,2023,3.33,7,Medium
484,2024,2.91,9,Medium
484,2025,3.21,9,Medium
485,2023,2.68,5,Medium
485,2024,3.9,8,High
485,2025,3.25,8,Medium
486,2023,3.08,5,Medium
486,2024,3.37,7,Medium
486,2025,3.41,6,Medium
487,2023,3.02,6,Medium
487,2024,2.76,6,Medium
487,2025,3.09,9,Medium
488,2023,3.84,9,High
488,2024,3.33,9,Medium
488,2025,2.93,9,Medium
489,2023,3.17,5,Medium
489,2024,3.86,6,High
489,2025,3.07,8,Medium
490,2023,2.35,5,Low
490,2024,2.71,9,Medium
490,2025,2.86,5,Medium
491,2023,3.45,3,Medium
491,2024,3.68,6,Medium
491,2025,3.8,6,High
492,2023,3.39,7,Medium
492,2024,3.03,2,Medium
492,2025,2.69,7,Medium
493,2023,3.54,7,Medium
493,2024,2.68,10,Medium
493,2025,4.22,6,High
494,2023,3.8,7,High
494,2024,3.94,6,High
494,2025,3.19,6,Medium
495,2023,3.32,5,Medium
495,2024,2.74,11,Medium
495,2025,3.67,6,Medium
496,2023,2.58,6,Medium
496,2024,3.19,9,Medium
496,2025,2.86,5,Medium
497,2023,4.3,10,High
497,2024,3.82,7,High
497,2025,3.76,7,High
498,2023,3.5,7,Medium
498,2024,3.97,7,High
498,2025,4.33,6,High
499,2023,4.14,8,High
499,2024,4.61,3,High
499,2025,2.99,8,Medium
500,2023,2.82,7,Medium
500,2024,3.44,11,Medium
500,2025,3.1,9,Medium
501,2023,3.44,4,Medium
501,2024,2.62,7,Medium
501,2025,3.66,10,Medium
502,2023,3.23,6,Medium
502,2024,3.64,5,Medium
502,2025,3.36,9,Medium
503,2023,2.95,7,Medium
503,2024,4.21,5,High
503,2025,3.72,4,High
504,2023,3.09,8,Medium
504,2024,2.65,4,Medium
504,2025,3.43,8,Medium
505,2023,3.51,7,Medium
505,2024,2.89,5,Medium
505,2025,3.51,9,Medium
506,2023,3.6,6,Medium
506,2024,3.84,5,High
506,2025,3.89,4,High
507,2023,2.8,5,Medium
507,2024,3.3,7,Medium
507,2025,3.75,6,High
508,2023,3.76,6,High
508,2024,3.45,6,Medium
508,2025,3.48,11,Medium
509,2023,3.99,9,High
509,2024,3.97,10,High
509,2025,2.82,6,Medium
510,2023,3.33,8,Medium
510,2024,2.98,5,Medium
510,2025,2.54,2,Medium
511,2023,3.82,4,High
511,2024,3.7,10,Medium
511,2025,3.18,7,Medium
512,2023,3.18,9,Medium
512,2024,3.83,4,High
512,2025,3.12,7,Medium
513,2023,2.83,6,Medium
513,2024,2.59,2,Medium
513,2025,3.36,9,Medium
514,2023,2.8,8,Medium
514,2024,2.8,6,Medium
514,2025,3.34,9,Medium
515,2023,3.37,4,Medium
515,2024,3.04,7,Medium
515,2025,3.15,6,Medium
516,2023,2.7,6,Medium
516,2024,3.52,9,Medium
516,2025,2.86,7,Medium
517,2023,2.54,4,Medium
517,2024,3.03,7,Medium
517,2025,2.99,5,Medium
518,2023,3.49,6,Medium
518,2024,4.32,8,High
518,2025,3.16,5,Medium
519,2023,1.96,7,Low
519,2024,3.69,6,Medium
519,2025,2.72,7,Medium
520,2023,3.42,8,Medium
520,2024,2.68,11,Medium
520,2025,3.11,8,Medium
521,2023,3.13,9,Medium
521,2024,3.08,6,Medium
521,2025,2.49,5,Low
522,2023,2.84,5,Medium
522,2024,2.57,8,Medium
522,2025,3.24,11,Medium
523,2023,4.21,7,High
523,2024,3.26,10,Medium
523,2025,4.06,4,High
524,2023,2.64,7,Medium
524,2024,3.53,6,Medium
524,2025,3.26,6,Medium
525,2023,3.31,6,Medium
525,2024,2.72,5,Medium
525,2025,3.84,7,High
526,2023,3.82,7,High
526,2024,3.48,8,Medium
526,2025,2.73,7,Medium
527,2023,3.01,7,Medium
527,2024,3.23,7,Medium
527,2025,3.96,6,High
528,2023,3.07,5,Medium
528,2024,3.94,6,High
528,2025,4.22,4,High
529,2023,3.4,5,Medium
529,2024,3.56,3,Medium
529,2025,3.35,5,Medium
530,2023,2.84,7,Medium
530,2024,3.47,4,Medium
530,2025,3.04,6,Medium
531,2023,3.51,7,Medium
531,2024,3.5,7,Medium
531,2025,3.11,7,Medium
532,2023,3.23,4,Medium
532,2024,3.7,7,Medium
532,2025,3.12,6,Medium
533,2023,2.26,10,Low
533,2024,2.99,7,Medium
533,2025,3.24,8,Medium
534,2023,2.57,6,Medium
534,2024,3.67,6,Medium
534,2025,2.4,5,Low
535,2023,3.6,1,Medium
535,2024,3.45,5,Medium
535,2025,2.92,9,Medium
536,2023,3.43,6,Medium
536,2024,2.94,8,Medium
536,2025,3.47,9,Medium
537,2023,3.1,5,Medium
537,2024,2.26,8,Low
537,2025,2.23,4,Low
538,2023,4.29,5,High
538,2024,3.81,7,High
538,2025,3.36,7,Medium
539,2023,2.93,7,Medium
539,2024,2.88,10,Medium
539,2025,3.51,10,Medium
540,2023,2.89,7,Medium
540,2024,2.43,6,Low
540,2025,2.86,9,Medium
541,2023,2.91,5,Medium
541,2024,3.19,7,Medium
541,2025,3.9,3,High
542,2023,2.65,7,Medium
542,2024,2.78,11,Medium
542,2025,3.57,9,Medium
543,2023,3.03,7,Medium
543,2024,3.92,8,High
543,2025,3.87,3,High
544,2023,3.4,8,Medium
544,2024,3.63,7,Medium
544,2025,3.49,9,Medium
545,2023,3.0,8,Medium
545,2024,4.36,4,High
545,2025,2.69,10,Medium
546,2023,3.28,6,Medium
546,2024,3.16,10,Medium
546,2025,4.0,6,High
547,2023,3.57,5,Medium
547,2024,3.61,4,Medium
547,2025,3.57,4,Medium
548,2023,3.3,8,Medium
548,2024,3.3,6,Medium
548,2025,4.5,8,High
549,2023,3.96,5,High
549,2024,3.23,8,Medium
549,2025,2.96,6,Medium
550,2023,3.56,6,Medium
550,2024,4.04,8,High
550,2025,3.64,9,Medium
551,2023,3.08,8,Medium
551,2024,3.3,10,Medium
551,2025,3.34,3,Medium
552,2023,4.03,5,High
552,2024,2.87,5,Medium
552,2025,3.36,8,Medium
553,2023,3.45,3,Medium
553,2024,2.63,4,Medium
553,2025,2.86,7,Medium
554,2023,3.49,6,Medium
554,2024,3.25,3,Medium
554,2025,3.4,7,Medium
555,2023,3.67,6,Medium
555,2024,3.05,4,Medium
555,2025,3.92,7,High
556,2023,4.0,1,High
556,2024,3.26,5,Medium
556,2025,3.6,10,Medium
557,2023,3.23,8,Medium
557,2024,2.4,6,Low
557,2025,3.81,7,High
558,2023,2.67,4,Medium
558,2024,3.5,10,Medium
558,2025,3.08,7,Medium
559,2023,3.11,7,Medium
559,2024,4.14,7,High
559,2025,3.95,7,High
560,2023,2.78,6,Medium
560,2024,2.55,9,Medium
560,2025,3.15,7,Medium
561,2023,3.76,5,High
561,2024,3.97,6,High
561,2025,2.65,9,Medium
562,2023,4.25,9,High
562,2024,3.56,4,Medium
562,2025,3.92,7,High
563,2023,3.24,4,Medium
563,2024,3.66,7,Medium
563,2025,2.7,5,Medium
564,2023,2.51,4,Medium
564,2024,3.35,9,Medium
564,2025,3.68,9,Medium
565,2023,3.64,5,Medium
565,2024,3.01,7,Medium
565,2025,4.02,6,High
566,2023,3.48,6,Medium
566,2024,3.3,8,Medium
566,2025,3.65,7,Medium
567,2023,3.44,6,Medium
567,2024,3.02,11,Medium
567,2025,3.63,6,Medium
568,2023,2.89,6,Medium
568,2024,3.65,3,Medium
568,2025,3.28,11,Medium
569,2023,3.64,4,Medium
569,2024,4.03,9,High
569,2025,3.16,4,Medium
570,2023,3.2,6,Medium
570,2024,3.69,8,Medium
570,2025,3.17,11,Medium
571,2023,1.77,5,Low
571,2024,3.53,10,Medium
571,2025,3.77,5,High
572,2023,3.68,7,Medium
572,2024,3.67,4,Medium
572,2025,3.27,7,Medium
573,2023,2.94,8,Medium
573,2024,3.55,8,Medium
573,2025,3.31,8,Medium
574,2023,3.3,6,Medium
574,2024,3.25,6,Medium
574,2025,3.5,9,Medium
575,2023,3.22,10,Medium
575,2024,2.83,4,Medium
575,2025,3.11,6,Medium
576,2023,2.97,5,Medium
576,2024,3.92,7,High
576,2025,3.78,5,High
577,2023,3.18,7,Medium
577,2024,2.96,8,Medium
577,2025,3.78,3,High
578,2023,3.22,5,Medium
578,2024,2.78,7,Medium
578,2025,3.25,5,Medium
579,2023,3.09,7,Medium
579,2024,2.31,4,Low
579,2025,4.47,7,High
580,2023,3.02,6,Medium
580,2024,3.8,5,High
580,2025,3.46,4,Medium
581,2023,4.18,7,High
581,2024,3.25,10,Medium
581,2025,4.59,8,High
582,2023,3.18,8,Medium
582,2024,3.73,6,High
582,2025,3.45,7,Medium
583,2023,3.96,5,High
583,2024,3.69,5,Medium
583,2025,2.56,8,Medium
584,2023,2.98,4,Medium
584,2024,3.7,6,Medium
584,2025,2.76,5,Medium
585,2023,2.95,6,Medium
585,2024,3.08,5,Medium
585,2025,2.91,3,Medium
586,2023,3.85,7,High
586,2024,3.01,6,Medium
586,2025,3.32,8,Medium
587,2023,3.46,10,Medium
587,2024,3.23,7,Medium
587,2025,3.48,8,Medium
588,2023,2.93,8,Medium
588,2024,2.89,10,Medium
588,2025,3.17,5,Medium
589,2023,3.05,6,Medium
589,2024,3.13,5,Medium
589,2025,3.12,7,Medium
590,2023,3.45,5,Medium
590,2024,3.38,4,Medium
590,2025,3.56,5,Medium
591,2023,3.15,5,Medium
591,2024,3.62,5,Medium
591,2025,3.14,3,Medium
592,2023,4.46,11,High
592,2024,4.0,5,High
592,2025,4.26,9,High
593,2023,3.44,9,Medium
593,2024,3.05,7,Medium
593,2025,2.25,5,Low
594,2023,2.98,9,Medium
594,2024,3.49,8,Medium
594,2025,4.1,8,High
595,2023,3.19,8,Medium
595,2024,3.26,8,Medium
595,2025,3.76,8,High
596,2023,2.19,8,Low
596,2024,3.45,5,Medium
596,2025,3.63,6,Medium
597,2023,3.86,4,High
597,2024,3.2,9,Medium
597,2025,3.11,7,Medium
598,2023,3.86,4,High
598,2024,4.05,2,High
598,2025,4.11,7,High
599,2023,3.49,6,Medium
599,2024,3.22,6,Medium
599,2025,3.07,7,Medium
600,2023,3.83,8,High
600,2024,3.84,9,High
600,2025,3.35,9,Medium
601,2023,3.07,7,Medium
601,2024,4.17,10,High
601,2025,3.74,6,High
602,2023,4.36,7,High
602,2024,3.82,7,High
602,2025,4.15,8,High
603,2023,2.8,4,Medium
603,2024,3.62,8,Medium
603,2025,3.31,8,Medium
604,2023,3.94,4,High
604,2024,3.5,7,Medium
604,2025,2.96,6,Medium
605,2023,3.21,10,Medium
605,2024,4.16,7,High
605,2025,3.04,6,Medium
606,2023,3.26,6,Medium
606,2024,3.0,8,Medium
606,2025,3.6,7,Medium
607,2023,2.64,7,Medium
607,2024,3.03,8,Medium
607,2025,2.63,7,Medium
608,2023,3.19,9,Medium
608,2024,3.82,6,High
608,2025,2.67,5,Medium
609,2023,3.02,6,Medium
609,2024,3.09,6,Medium
609,2025,3.31,7,Medium
610,2023,3.08,7,Medium
610,2024,3.36,7,Medium
610,2025,3.64,5,Medium
611,2023,2.48,4,Low
611,2024,3.48,3,Medium
611,2025,3.19,8,Medium
612,2023,3.23,2,Medium
612,2024,2.93,7,Medium
612,2025,3.6,7,Medium
613,2023,3.33,8,Medium
613,2024,4.09,7,High
613,2025,4.14,6,High
614,2023,2.99,4,Medium
614,2024,3.31,5,Medium
614,2025,3.2,9,Medium
615,2023,3.56,7,Medium
615,2024,2.52,4,Medium
615,2025,2.12,5,Low
616,2023,3.16,11,Medium
616,2024,3.56,4,Medium
616,2025,3.29,6,Medium
617,2023,3.36,7,Medium
617,2024,3.23,8,Medium
617,2025,3.13,8,Medium
618,2023,3.91,8,High
618,2024,3.25,7,Medium
618,2025,3.85,8,High
619,2023,3.0,12,Medium
619,2024,3.08,12,Medium
619,2025,3.7,8,Medium
620,2023,3.53,6,Medium
620,2024,3.67,7,Medium
620,2025,3.87,8,High
621,2023,2.35,5,Low
621,2024,3.63,8,Medium
621,2025,3.5,7,Medium
622,2023,2.44,3,Low
622,2024,2.93,7,Medium
622,2025,3.25,5,Medium
623,2023,2.86,9,Medium
623,2024,3.41,6,Medium
623,2025,2.95,4,Medium
624,2023,3.12,6,Medium
624,2024,3.18,7,Medium
624,2025,3.8,2,High
625,2023,4.07,8,High
625,2024,3.71,5,High
625,2025,3.21,8,Medium
626,2023,3.33,10,Medium
626,2024,3.45,9,Medium
626,2025,3.05,6,Medium
627,2023,3.23,8,Medium
627,2024,4.44,8,High
627,2025,3.51,7,Medium
628,2023,3.07,12,Medium
628,2024,2.83,8,Medium
628,2025,3.87,5,High
629,2023,4.04,7,High
629,2024,3.62,8,Medium
629,2025,3.91,7,High
630,2023,3.04,7,Medium
630,2024,3.57,7,Medium
630,2025,3.1,6,Medium
631,2023,3.56,7,Medium
631,2024,3.16,10,Medium
631,2025,2.58,7,Medium
632,2023,3.13,7,Medium
632,2024,3.46,9,Medium
632,2025,3.13,8,Medium
633,2023,4.57,6,High
633,2024,3.86,4,High
633,2025,3.61,4,Medium
634,2023,3.5,8,Medium
634,2024,3.58,12,Medium
634,2025,3.96,6,High
635,2023,3.11,1,Medium
635,2024,2.84,9,Medium
635,2025,2.9,7,Medium
636,2023,2.57,6,Medium
636,2024,2.71,4,Medium
636,2025,3.47,9,Medium
637,2023,3.79,7,High
637,2024,3.82,9,High
637,2025,2.94,7,Medium
638,2023,3.57,10,Medium
638,2024,2.92,7,Medium
638,2025,2.93,5,Medium
639,2023,2.68,8,Medium
639,2024,2.48,7,Low
639,2025,2.65,4,Medium
640,2023,2.7,5,Medium
640,2024,2.89,7,Medium
640,2025,3.5,9,Medium
641,2023,3.48,5,Medium
641,2024,3.48,9,Medium
641,2025,2.88,6,Medium
642,2023,2.86,9,Medium
642,2024,3.56,11,Medium
642,2025,2.42,7,Low
643,2023,2.52,5,Medium
643,2024,2.88,5,Medium
643,2025,3.58,9,Medium
644,2023,3.08,5,Medium
644,2024,2.53,3,Medium
644,2025,3.17,9,Medium
645,2023,3.73,5,High
645,2024,4.6,4,High
645,2025,4.05,5,High
646,2023,3.58,6,Medium
646,2024,3.86,4,High
646,2025,4.6,4,High
647,2023,2.91,7,Medium
647,2024,2.67,6,Medium
647,2025,3.82,7,High
648,2023,3.37,8,Medium
648,2024,2.98,5,Medium
648,2025,3.4,6,Medium
649,2023,2.71,8,Medium
649,2024,2.61,9,Medium
649,2025,3.4,2,Medium
650,2023,3.04,4,Medium
650,2024,2.63,7,Medium
650,2025,3.32,7,Medium
651,2023,2.93,6,Medium
651,2024,3.29,6,Medium
651,2025,3.0,5,Medium
652,2023,3.2,10,Medium
652,2024,4.02,4,High
652,2025,2.94,6,Medium
653,2023,3.95,6,High
653,2024,3.47,8,Medium
653,2025,3.9,8,High
654,2023,3.46,7,Medium
654,2024,3.6,6,Medium
654,2025,3.62,5,Medium
655,2023,4.29,9,High
655,2024,3.81,3,High
655,2025,3.09,5,Medium
656,2023,3.21,8,Medium
656,2024,3.59,5,Medium
656,2025,3.63,8,Medium
657,2023,3.48,9,Medium
657,2024,3.39,9,Medium
657,2025,3.14,5,Medium
658,2023,4.04,6,High
658,2024,4.0,4,High
658,2025,4.33,7,High
659,2023,3.18,10,Medium
659,2024,3.55,7,Medium
659,2025,3.38,7,Medium
660,2023,3.21,7,Medium
660,2024,3.43,6,Medium
660,2025,2.94,8,Medium
661,2023,3.78,4,High
661,2024,3.89,7,High
661,2025,3.76,8,High
662,2023,3.1,9,Medium
662,2024,3.5,10,Medium
662,2025,2.93,5,Medium
663,2023,2.48,5,Low
663,2024,2.97,6,Medium
663,2025,2.84,8,Medium
664,2023,4.18,4,High
664,2024,3.46,7,Medium
664,2025,3.11,7,Medium
665,2023,4.18,5,High
665,2024,3.96,8,High
665,2025,3.7,4,Medium
666,2023,3.24,9,Medium
666,2024,2.94,8,Medium
666,2025,3.48,6,Medium
667,2023,3.52,4,Medium
667,2024,2.52,6,Medium
667,2025,3.32,8,Medium
668,2023,3.3,5,Medium
668,2024,2.75,3,Medium
668,2025,3.11,5,Medium
669,2023,2.45,12,Low
669,2024,3.2,7,Medium
669,2025,3.32,6,Medium
670,2023,3.42,12,Medium
670,2024,3.29,8,Medium
670,2025,3.59,10,Medium
671,2023,2.8,7,Medium
671,2024,3.43,8,Medium
671,2025,2.95,7,Medium
672,2023,2.74,5,Medium
672,2024,2.86,6,Medium
672,2025,2.59,7,Medium
673,2023,3.25,6,Medium
673,2024,2.6,5,Medium
673,2025,3.49,6,Medium
674,2023,3.83,6,High
674,2024,3.87,6,High
674,2025,3.55,9,Medium
675,2023,2.51,7,Medium
675,2024,3.3,4,Medium
675,2025,3.49,4,Medium
676,2023,3.45,6,Medium
676,2024,4.02,5,High
676,2025,3.51,6,Medium
677,2023,3.56,10,Medium
677,2024,2.97,5,Medium
677,2025,3.72,5,High
678,2023,3.85,7,High
678,2024,3.01,5,Medium
678,2025,3.73,3,High
679,2023,3.42,6,Medium
679,2024,2.87,3,Medium
679,2025,3.37,5,Medium
680,2023,3.86,7,High
680,2024,2.88,4,Medium
680,2025,3.34,8,Medium
681,2023,3.57,6,Medium
681,2024,2.88,10,Medium
681,2025,2.73,7,Medium
682,2023,4.12,6,High
682,2024,4.55,7,High
682,2025,3.95,8,High
683,2023,3.04,9,Medium
683,2024,2.87,5,Medium
683,2025,3.51,7,Medium
684,2023,2.89,6,Medium
684,2024,3.73,9,High
684,2025,3.28,7,Medium
685,2023,3.79,5,High
685,2024,3.73,7,High
685,2025,3.15,4,Medium
686,2023,4.2,10,High
686,2024,3.9,5,High
686,2025,3.09,4,Medium
687,2023,2.82,8,Medium
687,2024,2.32,8,Low
687,2025,3.26,10,Medium
688,2023,3.03,7,Medium
688,2024,3.53,8,Medium
688,2025,3.88,8,High
689,2023,3.36,6,Medium
689,2024,2.3,6,Low
689,2025,3.39,9,Medium
690,2023,2.88,5,Medium
690,2024,3.19,7,Medium
690,2025,3.74,2,High
691,2023,2.76,8,Medium
691,2024,2.48,8,Low
691,2025,3.09,10,Medium
692,2023,2.43,7,Low
692,2024,3.07,5,Medium
692,2025,3.13,7,Medium
693,2023,2.33,12,Low
693,2024,2.81,4,Medium
693,2025,3.55,7,Medium
694,2023,3.75,3,High
694,2024,3.68,9,Medium
694,2025,3.62,6,Medium
695,2023,3.42,8,Medium
695,2024,2.58,4,Medium
695,2025,3.66,6,Medium
696,2023,3.56,2,Medium
696,2024,2.6,5,Medium
696,2025,3.81,8,High
697,2023,3.05,4,Medium
697,2024,3.14,9,Medium
697,2025,2.74,5,Medium
698,2023,3.28,6,Medium
698,2024,3.73,4,High
698,2025,3.53,10,Medium
699,2023,3.53,2,Medium
699,2024,3.21,7,Medium
699,2025,3.1,6,Medium
700,2023,3.33,10,Medium
700,2024,4.0,6,High
700,2025,3.96,6,High
701,2023,2.32,5,Low
701,2024,3.1,7,Medium
701,2025,2.83,8,Medium
702,2023,4.36,6,High
702,2024,3.11,5,Medium
702,2025,3.03,6,Medium
703,2023,2.72,8,Medium
703,2024,3.68,8,Medium
703,2025,2.3,10,Low
704,2023,3.16,6,Medium
704,2024,3.68,7,Medium
704,2025,3.87,7,High
705,2023,3.7,8,Medium
705,2024,2.4,8,Low
705,2025,3.11,4,Medium
706,2023,3.66,3,Medium
706,2024,3.08,7,Medium
706,2025,2.91,5,Medium
707,2023,3.41,5,Medium
707,2024,3.63,6,Medium
707,2025,2.86,3,Medium
708,2023,3.16,6,Medium
708,2024,2.88,6,Medium
708,2025,3.64,6,Medium
709,2023,4.27,4,High
709,2024,3.49,10,Medium
709,2025,3.39,9,Medium
710,2023,3.05,10,Medium
710,2024,3.15,4,Medium
710,2025,1.97,7,Low
711,2023,2.34,11,Low
711,2024,3.72,7,High
711,2025,3.92,7,High
712,2023,3.27,6,Medium
712,2024,3.09,6,Medium
712,2025,3.97,10,High
713,2023,3.52,3,Medium
713,2024,3.51,6,Medium
713,2025,2.54,8,Medium
714,2023,2.94,5,Medium
714,2024,2.98,8,Medium
714,2025,3.42,7,Medium
715,2023,3.06,9,Medium
715,2024,3.46,6,Medium
715,2025,3.81,6,High
716,2023,2.75,7,Medium
716,2024,3.67,6,Medium
716,2025,3.8,7,High
717,2023,4.85,8,High
717,2024,3.73,7,High
717,2025,3.65,6,Medium
718,2023,3.34,4,Medium
718,2024,3.52,7,Medium
718,2025,4.44,4,High
719,2023,3.81,8,High
719,2024,3.54,6,Medium
719,2025,2.69,6,Medium
720,2023,3.28,5,Medium
720,2024,2.63,7,Medium
720,2025,3.71,6,High
721,2023,3.32,6,Medium
721,2024,2.62,7,Medium
721,2025,2.83,6,Medium
722,2023,2.79,7,Medium
722,2024,3.06,9,Medium
722,2025,2.97,7,Medium
723,2023,3.25,7,Medium
723,2024,4.22,2,High
723,2025,3.21,8,Medium
724,2023,2.99,3,Medium
724,2024,3.31,7,Medium
724,2025,3.11,6,Medium
725,2023,3.18,6,Medium
725,2024,2.65,4,Medium
725,2025,3.16,5,Medium
726,2023,2.81,2,Medium
726,2024,3.23,9,Medium
726,2025,3.44,6,Medium
727,2023,3.07,6,Medium
727,2024,3.3,2,Medium
727,2025,2.84,6,Medium
728,2023,3.28,4,Medium
728,2024,3.46,2,Medium
728,2025,3.16,7,Medium
729,2023,3.14,5,Medium
729,2024,2.9,12,Medium
729,2025,3.04,6,Medium
730,2023,2.92,6,Medium
730,2024,4.3,10,High
730,2025,3.09,6,Medium
731,2023,2.96,7,Medium
731,2024,3.31,9,Medium
731,2025,2.86,7,Medium
732,2023,2.41,6,Low
732,2024,3.48,9,Medium
732,2025,3.9,8,High
733,2023,3.32,11,Medium
733,2024,3.14,9,Medium
733,2025,3.49,7,Medium
734,2023,3.24,7,Medium
734,2024,2.33,6,Low
734,2025,3.67,5,Medium
735,2023,2.94,7,Medium
735,2024,3.32,9,Medium
735,2025,3.31,9,Medium
736,2023,3.1,5,Medium
736,2024,3.17,5,Medium
736,2025,3.34,8,Medium
737,2023,3.49,5,Medium
737,2024,3.98,5,High
737,2025,4.67,5,High
738,2023,3.39,6,Medium
738,2024,3.46,9,Medium
738,2025,3.89,7,High
739,2023,3.6,6,Medium
739,2024,3.05,9,Medium
739,2025,2.32,5,Low
740,2023,3.03,5,Medium
740,2024,3.55,6,Medium
740,2025,3.26,6,Medium
741,2023,2.74,7,Medium
741,2024,3.25,11,Medium
741,2025,2.79,4,Medium
742,2023,3.69,6,Medium
742,2024,2.77,8,Medium
742,2025,3.11,8,Medium
743,2023,3.29,11,Medium
743,2024,3.27,9,Medium
743,2025,3.58,6,Medium
744,2023,2.34,6,Low
744,2024,3.45,5,Medium
744,2025,3.81,6,High
745,2023,3.84,8,High
745,2024,3.66,6,Medium
745,2025,3.69,6,Medium
746,2023,3.53,8,Medium
746,2024,3.9,8,High
746,2025,3.41,8,Medium
747,2023,3.58,9,Medium
747,2024,3.31,7,Medium
747,2025,3.54,5,Medium
748,2023,3.92,6,High
748,2024,4.0,6,High
748,2025,3.43,7,Medium
749,2023,2.88,9,Medium
749,2024,3.33,7,Medium
749,2025,3.65,5,Medium
750,2023,4.1,8,High
750,2024,3.35,7,Medium
750,2025,2.86,7,Medium
751,2023,3.03,11,Medium
751,2024,4.19,11,High
751,2025,3.62,8,Medium
752,2023,3.31,6,Medium
752,2024,3.21,8,Medium
752,2025,4.13,2,High
753,2023,3.33,4,Medium
753,2024,4.0,9,High
753,2025,3.8,5,High
754,2023,2.98,5,Medium
754,2024,3.89,9,High
754,2025,3.1,7,Medium
755,2023,3.45,7,Medium
755,2024,4.29,7,High
755,2025,4.02,8,High
756,2023,2.91,10,Medium
756,2024,3.49,4,Medium
756,2025,3.6,8,Medium
757,2023,3.96,9,High
757,2024,3.42,2,Medium
757,2025,3.8,8,High
758,2023,2.83,6,Medium
758,2024,3.14,4,Medium
758,2025,3.16,6,Medium
759,2023,3.47,10,Medium
759,2024,3.53,3,Medium
759,2025,2.49,8,Low
760,2023,3.5,4,Medium
760,2024,3.28,11,Medium
760,2025,3.47,12,Medium
761,2023,3.8,5,High
761,2024,2.92,6,Medium
761,2025,2.98,8,Medium
762,2023,3.43,9,Medium
762,2024,3.14,8,Medium
762,2025,2.42,4,Low
763,2023,4.24,5,High
763,2024,3.58,7,Medium
763,2025,3.9,5,High
764,2023,3.27,7,Medium
764,2024,2.84,4,Medium
764,2025,3.42,4,Medium
765,2023,3.22,4,Medium
765,2024,3.65,8,Medium
765,2025,2.91,8,Medium
766,2023,4.11,7,High
766,2024,3.07,3,Medium
766,2025,3.5,7,Medium
767,2023,3.42,6,Medium
767,2024,2.82,9,Medium
767,2025,4.02,6,High
768,2023,3.01,4,Medium
768,2024,2.78,7,Medium
768,2025,2.65,5,Medium
769,2023,3.12,5,Medium
769,2024,3.99,6,High
769,2025,3.31,6,Medium
770,2023,3.62,6,Medium
770,2024,3.28,6,Medium
770,2025,3.88,8,High
771,2023,3.28,4,Medium
771,2024,3.43,7,Medium
771,2025,4.25,5,High
772,2023,3.27,5,Medium
772,2024,3.53,8,Medium
772,2025,3.55,8,Medium
773,2023,3.64,7,Medium
773,2024,3.28,8,Medium
773,2025,3.77,10,High
774,2023,4.42,8,High
774,2024,3.43,7,Medium
774,2025,3.46,8,Medium
775,2023,3.03,4,Medium
775,2024,2.73,5,Medium
775,2025,3.03,6,Medium
776,2023,2.53,7,Medium
776,2024,2.57,4,Medium
776,2025,2.82,3,Medium
777,2023,2.66,6,Medium
777,2024,2.72,7,Medium
777,2025,2.66,10,Medium
778,2023,2.66,6,Medium
778,2024,4.15,7,High
778,2025,2.73,7,Medium
779,2023,2.85,11,Medium
779,2024,3.28,7,Medium
779,2025,2.52,4,Medium
780,2023,2.37,8,Low
780,2024,2.59,7,Medium
780,2025,3.03,6,Medium
781,2023,3.15,5,Medium
781,2024,3.39,7,Medium
781,2025,3.29,6,Medium
782,2023,4.19,6,High
782,2024,3.48,7,Medium
782,2025,3.47,8,Medium
783,2023,3.04,6,Medium
783,2024,3.45,6,Medium
783,2025,3.11,6,Medium
784,2023,2.56,8,Medium
784,2024,3.92,7,High
784,2025,2.53,5,Medium
785,2023,3.92,2,High
785,2024,3.62,8,Medium
785,2025,3.06,4,Medium
786,2023,2.48,4,Low
786,2024,3.03,8,Medium
786,2025,2.66,3,Medium
787,2023,3.83,5,High
787,2024,3.39,8,Medium
787,2025,3.56,7,Medium
788,2023,3.18,6,Medium
788,2024,3.27,6,Medium
788,2025,3.57,5,Medium
789,2023,3.48,6,Medium
789,2024,4.33,6,High
789,2025,3.4,6,Medium
790,2023,4.26,8,High
790,2024,3.24,7,Medium
790,2025,3.41,6,Medium
791,2023,3.17,5,Medium
791,2024,3.12,8,Medium
791,2025,2.96,9,Medium
792,2023,2.52,7,Medium
792,2024,3.51,7,Medium
792,2025,3.12,2,Medium
793,2023,3.25,5,Medium
793,2024,3.73,4,High
793,2025,3.11,7,Medium
794,2023,3.42,4,Medium
794,2024,3.11,12,Medium
794,2025,4.2,8,High
795,2023,4.02,7,High
795,2024,3.63,5,Medium
795,2025,3.67,6,Medium
796,2023,2.33,7,Low
796,2024,2.8,11,Medium
796,2025,3.78,8,High
797,2023,3.03,8,Medium
797,2024,3.23,6,Medium
797,2025,2.54,3,Medium
798,2023,3.31,6,Medium
798,2024,3.04,6,Medium
798,2025,2.6,6,Medium
799,2023,2.48,6,Low
799,2024,4.01,7,High
799,2025,2.87,5,Medium
800,2023,3.13,8,Medium
800,2024,3.77,10,High
800,2025,2.51,6,Medium
801,2023,3.98,7,High
801,2024,3.07,4,Medium
801,2025,3.16,4,Medium
802,2023,2.9,9,Medium
802,2024,3.29,8,Medium
802,2025,2.96,7,Medium
803,2023,3.2,7,Medium
803,2024,2.81,7,Medium
803,2025,3.33,4,Medium
804,2023,2.89,4,Medium
804,2024,3.14,3,Medium
804,2025,2.92,7,Medium
805,2023,4.15,9,High
805,2024,3.34,8,Medium
805,2025,3.73,5,High
806,2023,3.58,2,Medium
806,2024,3.99,8,High
806,2025,3.36,7,Medium
807,2023,3.27,6,Medium
807,2024,3.44,7,Medium
807,2025,2.48,5,Low
808,2023,3.43,6,Medium
808,2024,2.94,6,Medium
808,2025,3.1,8,Medium
809,2023,3.82,5,High
809,2024,3.42,6,Medium
809,2025,3.2,5,Medium
810,2023,3.19,5,Medium
810,2024,2.8,6,Medium
810,2025,3.07,7,Medium
811,2023,3.01,8,Medium
811,2024,3.86,9,High
811,2025,2.89,12,Medium
812,2023,3.48,8,Medium
812,2024,2.41,8,Low
812,2025,3.25,6,Medium
813,2023,3.81,8,High
813,2024,3.2,10,Medium
813,2025,3.84,7,High
814,2023,3.09,7,Medium
814,2024,2.91,8,Medium
814,2025,3.15,10,Medium
815,2023,3.87,5,High
815,2024,3.4,9,Medium
815,2025,2.77,8,Medium
816,2023,2.67,5,Medium
816,2024,2.7,6,Medium
816,2025,2.89,7,Medium
817,2023,3.27,5,Medium
817,2024,3.38,9,Medium
817,2025,3.3,8,Medium
818,2023,1.86,4,Low
818,2024,3.46,8,Medium
818,2025,3.11,7,Medium
819,2023,3.37,7,Medium
819,2024,3.6,8,Medium
819,2025,2.4,7,Low
820,2023,3.0,7,Medium
820,2024,3.44,5,Medium
820,2025,3.25,10,Medium
821,2023,3.94,8,High
821,2024,3.96,4,High
821,2025,3.32,8,Medium
822,2023,3.09,3,Medium
822,2024,3.07,3,Medium
822,2025,3.85,10,High
823,2023,3.94,9,High
823,2024,3.77,6,High
823,2025,3.63,8,Medium
824,2023,3.32,7,Medium
824,2024,3.15,6,Medium
824,2025,2.91,5,Medium
825,2023,4.19,4,High
825,2024,3.11,8,Medium
825,2025,4.03,6,High
826,2023,2.93,3,Medium
826,2024,3.58,6,Medium
826,2025,3.96,6,High
827,2023,4.0,12,High
827,2024,3.69,6,Medium
827,2025,2.85,7,Medium
828,2023,2.83,7,Medium
828,2024,3.48,7,Medium
828,2025,3.16,6,Medium
829,2023,3.19,7,Medium
829,2024,2.21,5,Low
829,2025,3.29,8,Medium
830,2023,3.11,7,Medium
830,2024,2.83,5,Medium
830,2025,3.09,8,Medium
831,2023,3.45,7,Medium
831,2024,3.94,6,High
831,2025,3.56,9,Medium
832,2023,3.17,7,Medium
832,2024,3.23,8,Medium
832,2025,3.04,5,Medium
833,2023,3.53,6,Medium
833,2024,2.8,8,Medium
833,2025,3.4,6,Medium
834,2023,2.71,6,Medium
834,2024,3.82,9,High
834,2025,4.17,9,High
835,2023,3.28,7,Medium
835,2024,3.34,4,Medium
835,2025,3.06,9,Medium
836,2023,3.68,2,Medium
836,2024,3.28,7,Medium
836,2025,3.19,9,Medium
837,2023,3.5,5,Medium
837,2024,2.91,8,Medium
837,2025,3.56,4,Medium
838,2023,3.47,6,Medium
838,2024,3.65,8,Medium
838,2025,2.7,7,Medium
839,2023,2.95,2,Medium
839,2024,3.73,6,High
839,2025,3.75,3,High
840,2023,3.38,6,Medium
840,2024,3.43,5,Medium
840,2025,2.68,1,Medium
841,2023,3.43,5,Medium
841,2024,3.33,4,Medium
841,2025,3.79,7,High
842,2023,3.68,5,Medium
842,2024,3.68,7,Medium
842,2025,3.56,8,Medium
843,2023,3.14,9,Medium
843,2024,2.94,7,Medium
843,2025,3.18,8,Medium
844,2023,3.69,6,Medium
844,2024,3.89,5,High
844,2025,3.98,8,High
845,2023,3.7,7,Medium
845,2024,4.0,7,High
845,2025,3.75,6,High
846,2023,2.41,6,Low
846,2024,3.47,5,Medium
846,2025,2.64,6,Medium
847,2023,4.09,5,High
847,2024,2.54,9,Medium
847,2025,2.52,7,Medium
848,2023,4.41,1,High
848,2024,4.5,9,High
848,2025,4.18,9,High
849,2023,3.74,6,High
849,2024,2.53,6,Medium
849,2025,3.57,9,Medium
850,2023,2.71,9,Medium
850,2024,3.61,3,Medium
850,2025,2.9,8,Medium
851,2023,3.41,9,Medium
851,2024,3.91,5,High
851,2025,3.43,5,Medium
852,2023,3.88,8,High
852,2024,3.34,11,Medium
852,2025,3.32,9,Medium
853,2023,3.53,8,Medium
853,2024,3.17,6,Medium
853,2025,3.95,7,High
854,2023,3.8,6,High
854,2024,3.05,6,Medium
854,2025,4.31,5,High
855,2023,4.32,8,High
855,2024,3.63,4,Medium
855,2025,3.42,8,Medium
856,2023,3.67,6,Medium
856,2024,2.7,7,Medium
856,2025,3.82,5,High
857,2023,3.3,3,Medium
857,2024,3.91,9,High
857,2025,3.64,8,Medium
858,2023,4.86,6,High
858,2024,4.0,11,High
858,2025,4.53,10,High
859,2023,3.24,8,Medium
859,2024,3.03,4,Medium
859,2025,3.36,4,Medium
860,2023,3.71,7,High
860,2024,3.7,9,Medium
860,2025,3.66,10,Medium
861,2023,3.26,7,Medium
861,2024,3.46,8,Medium
861,2025,2.53,9,Medium
862,2023,3.59,3,Medium
862,2024,3.46,5,Medium
862,2025,3.76,7,High
863,2023,3.27,8,Medium
863,2024,3.91,4,High
863,2025,3.52,8,Medium
864,2023,3.94,8,High
864,2024,3.34,7,Medium
864,2025,3.85,8,High
865,2023,2.87,7,Medium
865,2024,2.67,7,Medium
865,2025,3.71,6,High
866,2023,3.28,5,Medium
866,2024,3.29,6,Medium
866,2025,2.95,7,Medium
867,2023,2.87,2,Medium
867,2024,4.03,4,High
867,2025,3.77,5,High
868,2023,3.06,3,Medium
868,2024,3.12,6,Medium
868,2025,3.54,2,Medium
869,2023,2.92,7,Medium
869,2024,2.75,6,Medium
869,2025,2.77,7,Medium
870,2023,3.21,9,Medium
870,2024,2.67,8,Medium
870,2025,2.94,4,Medium
871,2023,4.14,5,High
871,2024,3.16,5,Medium
871,2025,3.61,12,Medium
872,2023,3.57,3,Medium
872,2024,3.91,6,High
872,2025,2.87,9,Medium
873,2023,2.72,6,Medium
873,2024,3.07,6,Medium
873,2025,3.54,9,Medium
874,2023,3.59,3,Medium
874,2024,4.03,8,High
874,2025,3.01,5,Medium
875,2023,2.96,7,Medium
875,2024,3.0,9,Medium
875,2025,2.99,5,Medium
876,2023,2.89,6,Medium
876,2024,3.49,9,Medium
876,2025,2.53,3,Medium
877,2023,3.64,8,Medium
877,2024,3.03,5,Medium
877,2025,3.28,8,Medium
878,2023,2.68,6,Medium
878,2024,2.94,5,Medium
878,2025,3.03,7,Medium
879,2023,3.22,9,Medium
879,2024,3.2,6,Medium
879,2025,3.44,5,Medium
880,2023,3.04,9,Medium
880,2024,3.6,6,Medium
880,2025,3.66,6,Medium
881,2023,3.89,6,High
881,2024,3.2,8,Medium
881,2025,3.01,8,Medium
882,2023,3.5,5,Medium
882,2024,3.64,5,Medium
882,2025,3.13,8,Medium
883,2023,3.83,7,High
883,2024,3.77,1,High
883,2025,2.7,7,Medium
884,2023,3.95,6,High
884,2024,3.24,9,Medium
884,2025,2.7,10,Medium
885,2023,3.22,6,Medium
885,2024,3.76,12,High
885,2025,3.28,3,Medium
886,2023,3.04,6,Medium
886,2024,3.27,7,Medium
886,2025,3.68,8,Medium
887,2023,3.5,8,Medium
887,2024,3.27,9,Medium
887,2025,4.35,8,High
888,2023,3.52,7,Medium
888,2024,2.92,6,Medium
888,2025,3.4,4,Medium
889,2023,3.16,6,Medium
889,2024,3.1,6,Medium
889,2025,3.12,4,Medium
890,2023,3.03,8,Medium
890,2024,3.31,5,Medium
890,2025,3.09,8,Medium
891,2023,3.2,7,Medium
891,2024,3.3,4,Medium
891,2025,3.08,5,Medium
892,2023,3.78,5,High
892,2024,4.05,6,High
892,2025,3.34,9,Medium
893,2023,2.86,7,Medium
893,2024,2.5,5,Low
893,2025,3.42,8,Medium
894,2023,3.04,10,Medium
894,2024,2.59,5,Medium
894,2025,2.87,6,Medium
895,2023,3.66,5,Medium
895,2024,3.81,8,High
895,2025,3.7,7,Medium
896,2023,3.63,7,Medium
896,2024,3.98,7,High
896,2025,3.7,4,Medium
897,2023,3.4,3,Medium
897,2024,2.95,6,Medium
897,2025,3.79,4,High
898,2023,3.41,7,Medium
898,2024,2.94,4,Medium
898,2025,3.61,5,Medium
899,2023,2.54,6,Medium
899,2024,2.75,2,Medium
899,2025,2.56,5,Medium
900,2023,2.93,7,Medium
900,2024,2.78,10,Medium
900,2025,3.53,10,Medium
901,2023,3.17,7,Medium
901,2024,2.98,7,Medium
901,2025,3.3,8,Medium
902,2023,3.66,4,Medium
902,2024,3.89,4,High
902,2025,3.27,5,Medium
903,2023,3.31,6,Medium
903,2024,2.85,8,Medium
903,2025,3.4,4,Medium
904,2023,3.43,7,Medium
904,2024,3.06,6,Medium
904,2025,3.33,4,Medium
905,2023,3.0,9,Medium
905,2024,3.27,8,Medium
905,2025,3.01,7,Medium
906,2023,3.2,9,Medium
906,2024,2.87,7,Medium
906,2025,3.45,6,Medium
907,2023,3.33,6,Medium
907,2024,3.59,4,Medium
907,2025,3.16,6,Medium
908,2023,3.28,6,Medium
908,2024,2.67,5,Medium
908,2025,3.69,5,Medium
909,2023,3.34,8,Medium
909,2024,3.2,8,Medium
909,2025,3.67,8,Medium
910,2023,3.44,5,Medium
910,2024,2.93,8,Medium
910,2025,3.25,7,Medium
911,2023,3.32,5,Medium
911,2024,3.81,7,High
911,2025,2.85,2,Medium
912,2023,4.05,10,High
912,2024,3.92,7,High
912,2025,3.28,4,Medium
913,2023,2.87,8,Medium
913,2024,3.28,4,Medium
913,2025,2.5,7,Low
914,2023,3.76,7,High
914,2024,3.73,8,High
914,2025,3.88,6,High
915,2023,3.36,6,Medium
915,2024,4.74,9,High
915,2025,3.74,7,High
916,2023,3.63,8,Medium
916,2024,3.29,5,Medium
916,2025,3.49,7,Medium
917,2023,2.78,6,Medium
917,2024,4.1,3,High
917,2025,3.54,5,Medium
918,2023,3.51,6,Medium
918,2024,3.57,8,Medium
918,2025,3.51,3,Medium
919,2023,3.54,9,Medium
919,2024,3.35,11,Medium
919,2025,2.97,7,Medium
920,2023,3.87,5,High
920,2024,2.66,6,Medium
920,2025,3.56,3,Medium
921,2023,3.87,6,High
921,2024,3.36,3,Medium
921,2025,3.98,6,High
922,2023,3.27,12,Medium
922,2024,4.3,8,High
922,2025,3.43,5,Medium
923,2023,3.49,3,Medium
923,2024,2.89,6,Medium
923,2025,2.7,8,Medium
924,2023,3.63,7,Medium
924,2024,4.35,8,High
924,2025,2.97,10,Medium
925,2023,3.19,8,Medium
925,2024,3.43,7,Medium
925,2025,3.06,6,Medium
926,2023,2.96,4,Medium
926,2024,3.86,7,High
926,2025,3.16,9,Medium
927,2023,2.77,3,Medium
927,2024,2.85,9,Medium
927,2025,3.02,8,Medium
928,2023,3.51,4,Medium
928,2024,2.8,6,Medium
928,2025,3.21,7,Medium
929,2023,3.04,6,Medium
929,2024,2.75,10,Medium
929,2025,3.09,9,Medium
930,2023,3.83,6,High
930,2024,3.58,5,Medium
930,2025,3.75,7,High
931,2023,2.11,7,Low
931,2024,2.8,5,Medium
931,2025,3.3,5,Medium
932,2023,3.28,4,Medium
932,2024,3.47,6,Medium
932,2025,3.47,5,Medium
933,2023,2.8,4,Medium
933,2024,3.26,7,Medium
933,2025,3.05,9,Medium
934,2023,3.58,3,Medium
934,2024,3.28,6,Medium
934,2025,2.91,5,Medium
935,2023,3.25,6,Medium
935,2024,3.93,7,High
935,2025,2.56,5,Medium
936,2023,3.88,6,High
936,2024,3.15,6,Medium
936,2025,3.44,8,Medium
937,2023,2.59,5,Medium
937,2024,3.41,7,Medium
937,2025,3.44,8,Medium
938,2023,3.87,7,High
938,2024,3.29,4,Medium
938,2025,2.3,7,Low
939,2023,3.35,7,Medium
939,2024,3.41,5,Medium
939,2025,2.69,8,Medium
940,2023,2.15,7,Low
940,2024,2.29,7,Low
940,2025,3.2,7,Medium
941,2023,2.98,7,Medium
941,2024,3.52,5,Medium
941,2025,3.68,5,Medium
942,2023,3.62,7,Medium
942,2024,3.65,8,Medium
942,2025,3.81,6,High
943,2023,3.27,5,Medium
943,2024,3.29,7,Medium
943,2025,2.21,8,Low
944,2023,3.18,7,Medium
944,2024,2.96,9,Medium
944,2025,3.99,8,High
945,2023,3.0,8,Medium
945,2024,2.99,7,Medium
945,2025,3.29,7,Medium
946,2023,3.75,3,High
946,2024,3.86,7,High
946,2025,3.03,7,Medium
947,2023,3.47,5,Medium
947,2024,3.27,5,Medium
947,2025,3.55,7,Medium
948,2023,2.57,3,Medium
948,2024,3.97,9,High
948,2025,3.44,3,Medium
949,2023,3.05,4,Medium
949,2024,3.03,7,Medium
949,2025,3.47,10,Medium
950,2023,4.09,8,High
950,2024,4.05,9,High
950,2025,3.13,7,Medium
951,2023,3.96,6,High
951,2024,3.29,5,Medium
951,2025,3.34,7,Medium
952,2023,3.39,10,Medium
952,2024,3.64,4,Medium
952,2025,3.68,7,Medium
953,2023,3.74,7,High
953,2024,3.0,11,Medium
953,2025,3.91,8,High
954,2023,4.25,7,High
954,2024,3.57,9,Medium
954,2025,3.83,6,High
955,2023,3.75,9,High
955,2024,3.84,3,High
955,2025,2.82,5,Medium
956,2023,2.93,6,Medium
956,2024,3.84,10,High
956,2025,3.69,4,Medium
957,2023,3.17,8,Medium
957,2024,3.39,7,Medium
957,2025,3.73,4,High
958,2023,3.45,6,Medium
958,2024,3.75,8,High
958,2025,3.15,5,Medium
959,2023,3.6,7,Medium
959,2024,3.25,7,Medium
959,2025,2.68,7,Medium
960,2023,3.98,8,High
960,2024,4.03,3,High
960,2025,2.87,3,Medium
961,2023,2.93,4,Medium
961,2024,3.43,6,Medium
961,2025,3.04,5,Medium
962,2023,3.44,7,Medium
962,2024,4.07,6,High
962,2025,2.91,5,Medium
963,2023,2.84,8,Medium
963,2024,3.1,7,Medium
963,2025,3.16,5,Medium
964,2023,4.3,6,High
964,2024,4.1,7,High
964,2025,3.35,12,Medium
965,2023,3.48,7,Medium
965,2024,3.03,4,Medium
965,2025,3.94,9,High
966,2023,2.93,8,Medium
966,2024,2.66,9,Medium
966,2025,3.6,3,Medium
967,2023,2.63,5,Medium
967,2024,3.21,4,Medium
967,2025,2.29,9,Low
968,2023,3.69,5,Medium
968,2024,3.03,2,Medium
968,2025,4.04,9,High
969,2023,3.61,8,Medium
969,2024,2.85,5,Medium
969,2025,4.09,7,High
970,2023,2.89,7,Medium
970,2024,2.81,5,Medium
970,2025,3.06,10,Medium
971,2023,3.17,8,Medium
971,2024,3.43,5,Medium
971,2025,3.81,5,High
972,2023,3.52,6,Medium
972,2024,3.3,5,Medium
972,2025,3.43,7,Medium
973,2023,3.63,5,Medium
973,2024,2.86,8,Medium
973,2025,3.0,6,Medium
974,2023,3.95,5,High
974,2024,2.73,8,Medium
974,2025,2.55,6,Medium
975,2023,4.21,9,High
975,2024,3.64,5,Medium
975,2025,4.01,9,High
976,2023,2.75,6,Medium
976,2024,4.12,7,High
976,2025,1.86,9,Low
977,2023,3.43,3,Medium
977,2024,4.22,9,High
977,2025,4.06,11,High
978,2023,3.69,3,Medium
978,2024,4.04,8,High
978,2025,3.25,4,Medium
979,2023,2.57,6,Medium
979,2024,2.89,7,Medium
979,2025,2.52,8,Medium
980,2023,3.0,6,Medium
980,2024,2.45,4,Low
980,2025,3.5,10,Medium
981,2023,2.27,2,Low
981,2024,2.92,6,Medium
981,2025,2.79,7,Medium
982,2023,2.94,7,Medium
982,2024,2.99,10,Medium
982,2025,3.8,4,High
983,2023,3.25,6,Medium
983,2024,2.94,6,Medium
983,2025,3.65,6,Medium
984,2023,3.4,8,Medium
984,2024,3.38,12,Medium
984,2025,3.3,8,Medium
985,2023,3.48,9,Medium
985,2024,3.7,8,Medium
985,2025,3.3,10,Medium
986,2023,3.43,3,Medium
986,2024,4.17,8,High
986,2025,2.81,3,Medium
987,2023,3.39,11,Medium
987,2024,3.68,7,Medium
987,2025,3.82,7,High
988,2023,3.9,7,High
988,2024,3.22,3,Medium
988,2025,2.89,2,Medium
989,2023,2.43,6,Low
989,2024,3.44,5,Medium
989,2025,2.91,6,Medium
990,2023,2.78,6,Medium
990,2024,2.92,7,Medium
990,2025,3.35,7,Medium
991,2023,3.82,7,High
991,2024,2.78,6,Medium
991,2025,2.62,8,Medium
992,2023,3.6,5,Medium
992,2024,3.59,10,Medium
992,2025,3.21,7,Medium
993,2023,3.96,5,High
993,2024,3.8,7,High
993,2025,3.2,5,Medium
994,2023,3.0,5,Medium
994,2024,3.59,7,Medium
994,2025,3.53,5,Medium
995,2023,3.39,10,Medium
995,2024,4.44,5,High
995,2025,3.46,8,Medium
996,2023,3.6,5,Medium
996,2024,3.32,8,Medium
996,2025,3.37,8,Medium
997,2023,3.33,2,Medium
997,2024,2.83,8,Medium
997,2025,3.42,7,Medium
998,2023,3.43,7,Medium
998,2024,2.47,6,Low
998,2025,2.43,6,Low
999,2023,3.32,2,Medium
999,2024,4.25,6,High
999,2025,4.29,6,High
1000,2023,1.9,6,Low
1000,2024,3.76,4,High
1000,2025,3.66,9,Medium
1001,2023,3.02,7,Medium
1001,2024,3.38,5,Medium
1001,2025,3.14,3,Medium
1002,2023,3.0,5,Medium
1002,2024,3.02,6,Medium
1002,2025,2.6,9,Medium
1003,2023,2.99,6,Medium
1003,2024,2.98,6,Medium
1003,2025,3.41,8,Medium
1004,2023,3.18,8,Medium
1004,2024,3.45,7,Medium
1004,2025,3.31,8,Medium
1005,2023,4.08,8,High
1005,2024,3.31,8,Medium
1005,2025,3.86,6,High
1006,2023,3.33,5,Medium
1006,2024,3.99,6,High
1006,2025,3.46,8,Medium
1007,2023,2.67,9,Medium
1007,2024,3.07,8,Medium
1007,2025,3.01,6,Medium
1008,2023,3.08,8,Medium
1008,2024,3.24,5,Medium
1008,2025,2.51,9,Medium
1009,2023,3.38,10,Medium
1009,2024,3.96,9,High
1009,2025,3.9,4,High
1010,2023,2.87,5,Medium
1010,2024,3.26,9,Medium
1010,2025,3.67,8,Medium
1011,2023,3.32,5,Medium
1011,2024,2.99,5,Medium
1011,2025,3.66,8,Medium
1012,2023,3.7,5,Medium
1012,2024,3.67,7,Medium
1012,2025,3.01,9,Medium
1013,2023,3.79,7,High
1013,2024,3.44,10,Medium
1013,2025,4.34,8,High
1014,2023,3.35,7,Medium
1014,2024,2.4,8,Low
1014,2025,2.92,9,Medium
1015,2023,3.48,5,Medium
1015,2024,3.01,6,Medium
1015,2025,3.56,5,Medium
1016,2023,2.87,3,Medium
1016,2024,3.4,6,Medium
1016,2025,2.64,7,Medium
1017,2023,2.98,6,Medium
1017,2024,3.64,7,Medium
1017,2025,3.14,6,Medium
1018,2023,3.55,5,Medium
1018,2024,3.02,7,Medium
1018,2025,3.31,4,Medium
1019,2023,2.86,6,Medium
1019,2024,3.04,5,Medium
1019,2025,4.16,5,High
1020,2023,3.42,5,Medium
1020,2024,3.23,10,Medium
1020,2025,2.92,7,Medium
1021,2023,2.86,5,Medium
1021,2024,3.16,5,Medium
1021,2025,3.36,8,Medium
1022,2023,3.5,7,Medium
1022,2024,3.15,8,Medium
1022,2025,3.52,7,Medium
1023,2023,3.78,8,High
1023,2024,4.0,3,High
1023,2025,3.95,6,High
1024,2023,3.47,3,Medium
1024,2024,2.46,10,Low
1024,2025,3.11,6,Medium
1025,2023,2.89,9,Medium
1025,2024,3.53,8,Medium
1025,2025,2.99,5,Medium
1026,2023,2.98,9,Medium
1026,2024,3.13,6,Medium
1026,2025,4.72,9,High
1027,2023,4.35,5,High
1027,2024,3.48,7,Medium
1027,2025,4.48,6,High
1028,2023,3.51,7,Medium
1028,2024,3.12,5,Medium
1028,2025,3.65,3,Medium
1029,2023,2.87,4,Medium
1029,2024,2.42,9,Low
1029,2025,2.36,4,Low
1030,2023,4.15,6,High
1030,2024,3.58,6,Medium
1030,2025,3.16,8,Medium
1031,2023,3.46,10,Medium
1031,2024,2.63,9,Medium
1031,2025,2.81,4,Medium
1032,2023,3.3,4,Medium
1032,2024,3.95,5,High
1032,2025,2.5,8,Low
1033,2023,2.95,7,Medium
1033,2024,3.36,9,Medium
1033,2025,3.73,4,High
1034,2023,3.24,5,Medium
1034,2024,2.89,7,Medium
1034,2025,3.03,5,Medium
1035,2023,3.4,9,Medium
1035,2024,4.08,3,High
1035,2025,3.7,11,Medium
1036,2023,2.72,6,Medium
1036,2024,2.41,3,Low
1036,2025,3.39,11,Medium
1037,2023,2.53,4,Medium
1037,2024,3.28,8,Medium
1037,2025,3.43,6,Medium
1038,2023,3.76,4,High
1038,2024,2.8,6,Medium
1038,2025,3.66,9,Medium
1039,2023,3.59,7,Medium
1039,2024,2.99,3,Medium
1039,2025,2.69,8,Medium
1040,2023,3.09,6,Medium
1040,2024,3.14,8,Medium
1040,2025,3.52,3,Medium
1041,2023,3.13,3,Medium
1041,2024,3.24,3,Medium
1041,2025,3.4,9,Medium
1042,2023,3.37,7,Medium
1042,2024,3.5,11,Medium
1042,2025,3.05,5,Medium
1043,2023,3.45,5,Medium
1043,2024,3.36,3,Medium
1043,2025,3.39,9,Medium
1044,2023,2.6,7,Medium
1044,2024,3.08,7,Medium
1044,2025,2.79,7,Medium
1045,2023,3.25,10,Medium
1045,2024,3.34,5,Medium
1045,2025,4.09,9,High
1046,2023,3.04,7,Medium
1046,2024,2.96,5,Medium
1046,2025,3.21,6,Medium
1047,2023,2.67,5,Medium
1047,2024,2.14,8,Low
1047,2025,2.95,9,Medium
1048,2023,3.05,8,Medium
1048,2024,3.16,9,Medium
1048,2025,2.98,6,Medium
1049,2023,3.11,5,Medium
1049,2024,3.59,7,Medium
1049,2025,3.24,4,Medium
1050,2023,2.85,7,Medium
1050,2024,3.37,7,Medium
1050,2025,3.04,7,Medium
1051,2023,3.69,3,Medium
1051,2024,2.63,7,Medium
1051,2025,3.89,4,High
1052,2023,3.31,5,Medium
1052,2024,2.62,7,Medium
1052,2025,2.99,7,Medium
1053,2023,2.83,2,Medium
1053,2024,3.35,6,Medium
1053,2025,2.83,6,Medium
1054,2023,3.26,6,Medium
1054,2024,3.86,6,High
1054,2025,3.56,10,Medium
1055,2023,2.31,1,Low
1055,2024,3.81,6,High
1055,2025,3.22,2,Medium
1056,2023,3.23,6,Medium
1056,2024,3.74,8,High
1056,2025,3.55,12,Medium
1057,2023,4.29,8,High
1057,2024,3.0,7,Medium
1057,2025,3.66,8,Medium
1058,2023,3.16,5,Medium
1058,2024,3.63,8,Medium
1058,2025,3.94,7,High
1059,2023,2.88,9,Medium
1059,2024,4.19,6,High
1059,2025,3.37,7,Medium
1060,2023,3.15,6,Medium
1060,2024,2.04,7,Low
1060,2025,3.33,7,Medium
1061,2023,3.98,8,High
1061,2024,3.47,7,Medium
1061,2025,3.61,6,Medium
1062,2023,3.04,5,Medium
1062,2024,3.07,6,Medium
1062,2025,3.09,6,Medium
1063,2023,3.12,6,Medium
1063,2024,3.27,4,Medium
1063,2025,3.26,10,Medium
1064,2023,3.69,5,Medium
1064,2024,3.41,10,Medium
1064,2025,3.91,4,High
1065,2023,4.07,10,High
1065,2024,2.92,8,Medium
1065,2025,3.87,4,High
1066,2023,3.95,7,High
1066,2024,3.41,7,Medium
1066,2025,4.3,10,High
1067,2023,3.39,6,Medium
1067,2024,3.44,9,Medium
1067,2025,2.06,6,Low
1068,2023,3.4,4,Medium
1068,2024,3.08,8,Medium
1068,2025,3.29,6,Medium
1069,2023,3.93,7,High
1069,2024,3.84,8,High
1069,2025,3.87,10,High
1070,2023,3.81,5,High
1070,2024,3.33,6,Medium
1070,2025,4.24,6,High
1071,2023,3.73,7,High
1071,2024,3.12,7,Medium
1071,2025,3.61,6,Medium
1072,2023,2.99,5,Medium
1072,2024,3.81,4,High
1072,2025,2.99,5,Medium
1073,2023,3.03,5,Medium
1073,2024,2.97,8,Medium
1073,2025,3.47,5,Medium
1074,2023,3.31,10,Medium
1074,2024,3.85,3,High
1074,2025,3.05,6,Medium
1075,2023,3.58,7,Medium
1075,2024,3.09,7,Medium
1075,2025,2.92,7,Medium
1076,2023,3.2,6,Medium
1076,2024,3.23,8,Medium
1076,2025,2.88,4,Medium
1077,2023,4.17,9,High
1077,2024,3.93,4,High
1077,2025,2.72,5,Medium
1078,2023,3.34,6,Medium
1078,2024,3.19,8,Medium
1078,2025,2.08,7,Low
1079,2023,3.37,9,Medium
1079,2024,2.95,6,Medium
1079,2025,3.24,8,Medium
1080,2023,3.27,5,Medium
1080,2024,3.43,8,Medium
1080,2025,3.24,7,Medium
1081,2023,2.1,6,Low
1081,2024,3.1,5,Medium
1081,2025,2.31,9,Low
1082,2023,2.82,7,Medium
1082,2024,4.16,9,High
1082,2025,3.36,6,Medium
1083,2023,2.66,8,Medium
1083,2024,3.37,10,Medium
1083,2025,4.43,8,High
1084,2023,2.86,9,Medium
1084,2024,2.2,9,Low
1084,2025,3.06,9,Medium
1085,2023,4.45,7,High
1085,2024,3.24,9,Medium
1085,2025,4.15,7,High
1086,2023,3.64,6,Medium
1086,2024,4.74,6,High
1086,2025,3.58,8,Medium
1087,2023,3.0,7,Medium
1087,2024,3.38,4,Medium
1087,2025,2.82,11,Medium
1088,2023,2.92,6,Medium
1088,2024,3.04,8,Medium
1088,2025,3.87,10,High
1089,2023,2.61,4,Medium
1089,2024,2.92,8,Medium
1089,2025,4.17,5,High
1090,2023,3.48,7,Medium
1090,2024,2.96,9,Medium
1090,2025,3.69,9,Medium
1091,2023,3.61,6,Medium
1091,2024,3.38,4,Medium
1091,2025,3.23,2,Medium
1092,2023,3.28,10,Medium
1092,2024,2.45,2,Low
1092,2025,3.2,6,Medium
1093,2023,3.56,5,Medium
1093,2024,3.39,3,Medium
1093,2025,2.9,5,Medium
1094,2023,3.03,6,Medium
1094,2024,3.4,8,Medium
1094,2025,2.59,7,Medium
1095,2023,3.28,5,Medium
1095,2024,3.33,4,Medium
1095,2025,3.44,9,Medium
1096,2023,4.1,6,High
1096,2024,4.0,5,High
1096,2025,3.67,9,Medium
1097,2023,3.41,5,Medium
1097,2024,3.39,6,Medium
1097,2025,3.6,8,Medium
1098,2023,3.77,7,High
1098,2024,3.01,5,Medium
1098,2025,3.55,5,Medium
1099,2023,3.18,7,Medium
1099,2024,3.84,5,High
1099,2025,3.32,7,Medium
1100,2023,3.94,4,High
1100,2024,2.94,8,Medium
1100,2025,3.18,9,Medium
1101,2023,2.86,7,Medium
1101,2024,3.67,8,Medium
1101,2025,3.9,4,High
1102,2023,3.06,3,Medium
1102,2024,3.4,5,Medium
1102,2025,3.01,4,Medium
1103,2023,3.35,7,Medium
1103,2024,3.85,9,High
1103,2025,4.35,2,High
1104,2023,3.78,7,High
1104,2024,2.89,7,Medium
1104,2025,3.4,7,Medium
1105,2023,3.78,9,High
1105,2024,2.06,5,Low
1105,2025,3.59,7,Medium
1106,2023,3.38,6,Medium
1106,2024,4.26,10,High
1106,2025,3.3,6,Medium
1107,2023,3.77,7,High
1107,2024,2.99,6,Medium
1107,2025,3.4,7,Medium
1108,2023,3.25,8,Medium
1108,2024,3.87,6,High
1108,2025,3.73,5,High
1109,2023,3.1,5,Medium
1109,2024,2.61,10,Medium
1109,2025,3.69,6,Medium
1110,2023,4.07,10,High
1110,2024,2.61,7,Medium
1110,2025,4.09,8,High
1111,2023,3.07,5,Medium
1111,2024,4.07,9,High
1111,2025,3.43,8,Medium
1112,2023,3.67,10,Medium
1112,2024,3.29,5,Medium
1112,2025,3.59,7,Medium
1113,2023,3.15,10,Medium
1113,2024,2.69,5,Medium
1113,2025,3.79,5,High
1114,2023,4.16,8,High
1114,2024,3.48,6,Medium
1114,2025,3.85,7,High
1115,2023,3.2,5,Medium
1115,2024,2.82,7,Medium
1115,2025,3.62,8,Medium
1116,2023,3.39,7,Medium
1116,2024,2.93,9,Medium
1116,2025,3.69,3,Medium
1117,2023,2.74,8,Medium
1117,2024,3.65,7,Medium
1117,2025,2.6,6,Medium
1118,2023,3.32,10,Medium
1118,2024,3.15,7,Medium
1118,2025,3.55,6,Medium
1119,2023,3.64,7,Medium
1119,2024,3.65,3,Medium
1119,2025,3.44,6,Medium
1120,2023,3.7,5,Medium
1120,2024,2.89,2,Medium
1120,2025,2.39,5,Low
1121,2023,4.55,8,High
1121,2024,2.9,7,Medium
1121,2025,4.46,9,High
1122,2023,3.33,6,Medium
1122,2024,4.33,5,High
1122,2025,4.29,7,High
1123,2023,3.05,8,Medium
1123,2024,3.05,7,Medium
1123,2025,2.8,6,Medium
1124,2023,3.47,8,Medium
1124,2024,3.6,6,Medium
1124,2025,4.42,8,High
1125,2023,2.64,5,Medium
1125,2024,3.39,6,Medium
1125,2025,3.79,6,High
1126,2023,2.87,10,Medium
1126,2024,3.98,8,High
1126,2025,4.03,2,High
1127,2023,3.84,10,High
1127,2024,3.27,8,Medium
1127,2025,3.85,9,High
1128,2023,3.24,9,Medium
1128,2024,3.13,5,Medium
1128,2025,3.67,5,Medium
1129,2023,3.23,4,Medium
1129,2024,3.88,7,High
1129,2025,3.87,3,High
1130,2023,3.6,7,Medium
1130,2024,2.77,7,Medium
1130,2025,3.37,5,Medium
1131,2023,2.98,10,Medium
1131,2024,4.06,8,High
1131,2025,2.52,1,Medium
1132,2023,3.52,8,Medium
1132,2024,3.42,6,Medium
1132,2025,3.47,6,Medium
1133,2023,2.88,8,Medium
1133,2024,3.12,7,Medium
1133,2025,2.83,6,Medium
1134,2023,3.01,4,Medium
1134,2024,3.5,7,Medium
1134,2025,4.7,6,High
1135,2023,3.85,8,High
1135,2024,3.16,7,Medium
1135,2025,3.39,11,Medium
1136,2023,2.58,5,Medium
1136,2024,1.91,5,Low
1136,2025,3.12,8,Medium
1137,2023,3.36,5,Medium
1137,2024,3.37,5,Medium
1137,2025,3.26,4,Medium
1138,2023,3.23,10,Medium
1138,2024,3.68,6,Medium
1138,2025,2.96,6,Medium
1139,2023,3.14,5,Medium
1139,2024,2.32,8,Low
1139,2025,3.96,7,High
1140,2023,3.65,7,Medium
1140,2024,3.01,5,Medium
1140,2025,3.15,7,Medium
1141,2023,3.81,7,High
1141,2024,3.87,7,High
1141,2025,3.21,8,Medium
1142,2023,2.85,6,Medium
1142,2024,2.83,8,Medium
1142,2025,3.43,5,Medium
1143,2023,2.98,8,Medium
1143,2024,3.34,5,Medium
1143,2025,3.28,12,Medium
1144,2023,3.11,8,Medium
1144,2024,2.71,5,Medium
1144,2025,3.78,7,High
1145,2023,3.16,6,Medium
1145,2024,3.19,7,Medium
1145,2025,3.09,5,Medium
1146,2023,2.89,2,Medium
1146,2024,3.27,10,Medium
1146,2025,3.57,6,Medium
1147,2023,3.21,8,Medium
1147,2024,3.62,4,Medium
1147,2025,3.39,8,Medium
1148,2023,2.68,6,Medium
1148,2024,2.47,6,Low
1148,2025,3.48,4,Medium
1149,2023,3.29,6,Medium
1149,2024,3.52,8,Medium
1149,2025,3.27,6,Medium
1150,2023,3.92,10,High
1150,2024,2.84,8,Medium
1150,2025,3.86,10,High
1151,2023,2.47,5,Low
1151,2024,3.36,4,Medium
1151,2025,3.03,5,Medium
1152,2023,3.34,5,Medium
1152,2024,3.43,6,Medium
1152,2025,3.22,7,Medium
1153,2023,3.41,7,Medium
1153,2024,2.91,5,Medium
1153,2025,2.56,7,Medium
1154,2023,3.09,4,Medium
1154,2024,3.11,6,Medium
1154,2025,3.4,5,Medium
1155,2023,2.94,5,Medium
1155,2024,3.87,8,High
1155,2025,4.05,6,High
1156,2023,3.32,7,Medium
1156,2024,3.7,5,Medium
1156,2025,4.39,7,High
1157,2023,3.37,7,Medium
1157,2024,2.73,9,Medium
1157,2025,3.15,6,Medium
1158,2023,3.16,4,Medium
1158,2024,3.55,6,Medium
1158,2025,3.99,3,High
1159,2023,2.3,8,Low
1159,2024,3.7,6,Medium
1159,2025,3.21,4,Medium
1160,2023,3.42,5,Medium
1160,2024,3.29,8,Medium
1160,2025,2.82,4,Medium
1161,2023,3.67,8,Medium
1161,2024,3.91,10,High
1161,2025,4.0,9,High
1162,2023,3.95,7,High
1162,2024,3.23,6,Medium
1162,2025,4.05,5,High
1163,2023,4.13,8,High
1163,2024,4.07,8,High
1163,2025,3.12,10,Medium
1164,2023,3.21,7,Medium
1164,2024,3.52,7,Medium
1164,2025,3.84,9,High
1165,2023,2.8,9,Medium
1165,2024,2.94,3,Medium
1165,2025,3.5,9,Medium
1166,2023,2.97,8,Medium
1166,2024,3.28,6,Medium
1166,2025,3.4,7,Medium
1167,2023,2.39,8,Low
1167,2024,3.4,9,Medium
1167,2025,3.22,8,Medium
1168,2023,2.6,7,Medium
1168,2024,3.03,8,Medium
1168,2025,3.64,8,Medium
1169,2023,3.48,11,Medium
1169,2024,3.64,9,Medium
1169,2025,3.76,8,High
1170,2023,2.24,5,Low
1170,2024,3.73,8,High
1170,2025,3.29,6,Medium
1171,2023,3.83,6,High
1171,2024,3.93,5,High
1171,2025,3.6,7,Medium
1172,2023,3.63,7,Medium
1172,2024,4.67,10,High
1172,2025,2.99,6,Medium
1173,2023,3.72,7,High
1173,2024,2.97,8,Medium
1173,2025,4.07,8,High
1174,2023,3.48,7,Medium
1174,2024,2.81,9,Medium
1174,2025,3.68,1,Medium
1175,2023,3.77,10,High
1175,2024,3.45,2,Medium
1175,2025,3.69,9,Medium
1176,2023,4.09,8,High
1176,2024,3.8,7,High
1176,2025,3.25,9,Medium
1177,2023,3.71,7,High
1177,2024,3.31,7,Medium
1177,2025,2.88,5,Medium
1178,2023,3.3,7,Medium
1178,2024,3.28,9,Medium
1178,2025,3.16,8,Medium
1179,2023,2.5,8,Low
1179,2024,3.64,7,Medium
1179,2025,3.44,7,Medium
1180,2023,2.83,5,Medium
1180,2024,3.33,7,Medium
1180,2025,3.25,4,Medium
1181,2023,2.6,5,Medium
1181,2024,3.26,5,Medium
1181,2025,3.44,9,Medium
1182,2023,4.19,8,High
1182,2024,3.49,9,Medium
1182,2025,4.22,7,High
1183,2023,2.98,9,Medium
1183,2024,3.01,8,Medium
1183,2025,2.36,5,Low
1184,2023,3.28,2,Medium
1184,2024,3.13,5,Medium
1184,2025,3.06,8,Medium
1185,2023,2.87,10,Medium
1185,2024,2.68,8,Medium
1185,2025,2.7,5,Medium
1186,2023,3.46,7,Medium
1186,2024,3.73,8,High
1186,2025,4.07,8,High
1187,2023,3.27,6,Medium
1187,2024,2.39,5,Low
1187,2025,3.24,9,Medium
1188,2023,4.25,4,High
1188,2024,3.78,8,High
1188,2025,4.2,5,High
1189,2023,3.31,1,Medium
1189,2024,3.19,6,Medium
1189,2025,3.21,6,Medium
1190,2023,3.54,5,Medium
1190,2024,2.89,9,Medium
1190,2025,3.17,3,Medium
1191,2023,3.28,8,Medium
1191,2024,3.71,8,High
1191,2025,2.73,7,Medium
1192,2023,4.09,6,High
1192,2024,4.12,4,High
1192,2025,2.97,6,Medium
1193,2023,3.24,8,Medium
1193,2024,3.2,4,Medium
1193,2025,3.01,2,Medium
1194,2023,3.57,5,Medium
1194,2024,3.84,5,High
1194,2025,3.48,3,Medium
1195,2023,3.08,5,Medium
1195,2024,3.82,10,High
1195,2025,2.87,9,Medium
1196,2023,3.36,8,Medium
1196,2024,3.26,7,Medium
1196,2025,2.98,2,Medium
1197,2023,2.75,9,Medium
1197,2024,3.24,4,Medium
1197,2025,3.83,5,High
1198,2023,3.85,6,High
1198,2024,3.2,7,Medium
1198,2025,3.34,4,Medium
1199,2023,3.39,5,Medium
1199,2024,3.01,8,Medium
1199,2025,3.45,10,Medium
1200,2023,3.7,6,Medium
1200,2024,3.29,8,Medium
1200,2025,2.46,6,Low
1201,2023,3.63,8,Medium
1201,2024,4.1,8,High
1201,2025,3.84,8,High
1202,2023,4.0,5,High
1202,2024,3.65,6,Medium
1202,2025,3.08,7,Medium
1203,2023,3.05,6,Medium
1203,2024,3.18,8,Medium
1203,2025,3.13,3,Medium
1204,2023,3.54,10,Medium
1204,2024,2.93,10,Medium
1204,2025,3.12,8,Medium
1205,2023,3.31,6,Medium
1205,2024,3.46,6,Medium
1205,2025,3.81,6,High
1206,2023,3.1,7,Medium
1206,2024,2.34,5,Low
1206,2025,3.75,6,High
1207,2023,3.33,3,Medium
1207,2024,3.35,7,Medium
1207,2025,3.8,6,High
1208,2023,3.6,10,Medium
1208,2024,3.29,7,Medium
1208,2025,3.11,2,Medium
1209,2023,3.34,7,Medium
1209,2024,2.99,7,Medium
1209,2025,3.57,5,Medium
1210,2023,2.92,11,Medium
1210,2024,3.43,7,Medium
1210,2025,4.31,5,High
1211,2023,2.81,9,Medium
1211,2024,3.64,7,Medium
1211,2025,3.27,6,Medium
1212,2023,2.76,5,Medium
1212,2024,2.88,6,Medium
1212,2025,3.15,4,Medium
1213,2023,4.69,6,High
1213,2024,4.02,5,High
1213,2025,3.93,9,High
1214,2023,3.07,7,Medium
1214,2024,2.82,10,Medium
1214,2025,2.97,9,Medium
1215,2023,4.01,5,High
1215,2024,3.22,7,Medium
1215,2025,3.56,7,Medium
1216,2023,3.12,7,Medium
1216,2024,3.17,9,Medium
1216,2025,3.05,6,Medium
1217,2023,3.53,7,Medium
1217,2024,2.97,7,Medium
1217,2025,3.59,7,Medium
1218,2023,4.36,5,High
1218,2024,3.47,5,Medium
1218,2025,3.31,2,Medium
1219,2023,3.03,7,Medium
1219,2024,3.45,7,Medium
1219,2025,2.56,7,Medium
1220,2023,3.86,9,High
1220,2024,3.35,8,Medium
1220,2025,3.47,9,Medium
1221,2023,3.06,9,Medium
1221,2024,3.11,10,Medium
1221,2025,2.7,9,Medium
1222,2023,2.7,5,Medium
1222,2024,2.54,8,Medium
1222,2025,2.47,8,Low
1223,2023,3.66,7,Medium
1223,2024,3.03,11,Medium
1223,2025,3.27,7,Medium
1224,2023,3.83,8,High
1224,2024,3.71,6,High
1224,2025,3.98,6,High
1225,2023,4.26,6,High
1225,2024,3.71,5,High
1225,2025,3.35,7,Medium
1226,2023,3.84,10,High
1226,2024,2.65,6,Medium
1226,2025,3.6,7,Medium
1227,2023,3.52,5,Medium
1227,2024,3.74,3,High
1227,2025,2.97,7,Medium
1228,2023,3.41,5,Medium
1228,2024,2.97,5,Medium
1228,2025,2.86,3,Medium
1229,2023,4.15,3,High
1229,2024,3.91,7,High
1229,2025,3.66,10,Medium
1230,2023,3.23,5,Medium
1230,2024,2.73,8,Medium
1230,2025,2.76,5,Medium
1231,2023,3.34,5,Medium
1231,2024,2.58,4,Medium
1231,2025,3.6,6,Medium
1232,2023,4.21,2,High
1232,2024,4.13,4,High
1232,2025,3.93,6,High
1233,2023,2.91,5,Medium
1233,2024,2.89,7,Medium
1233,2025,3.89,8,High
1234,2023,3.28,6,Medium
1234,2024,3.44,9,Medium
1234,2025,3.67,3,Medium
1235,2023,4.58,8,High
1235,2024,3.29,6,Medium
1235,2025,4.23,3,High
1236,2023,2.72,8,Medium
1236,2024,3.31,7,Medium
1236,2025,2.92,5,Medium
1237,2023,3.69,9,Medium
1237,2024,4.26,7,High
1237,2025,3.13,8,Medium
1238,2023,2.53,7,Medium
1238,2024,2.86,4,Medium
1238,2025,2.76,3,Medium
1239,2023,2.52,4,Medium
1239,2024,3.88,7,High
1239,2025,3.81,5,High
1240,2023,3.03,7,Medium
1240,2024,3.51,5,Medium
1240,2025,3.6,3,Medium
1241,2023,4.16,7,High
1241,2024,3.59,8,Medium
1241,2025,2.98,6,Medium
1242,2023,3.64,6,Medium
1242,2024,2.85,8,Medium
1242,2025,3.46,8,Medium
1243,2023,4.04,9,High
1243,2024,3.41,8,Medium
1243,2025,3.63,5,Medium
1244,2023,2.78,6,Medium
1244,2024,4.06,7,High
1244,2025,2.24,6,Low
1245,2023,4.08,6,High
1245,2024,4.24,7,High
1245,2025,3.17,7,Medium
1246,2023,3.45,5,Medium
1246,2024,3.59,4,Medium
1246,2025,4.18,7,High
1247,2023,2.39,5,Low
1247,2024,3.01,5,Medium
1247,2025,3.26,5,Medium
1248,2023,3.82,6,High
1248,2024,2.66,5,Medium
1248,2025,3.37,9,Medium
1249,2023,3.57,6,Medium
1249,2024,3.91,4,High
1249,2025,3.88,7,High
1250,2023,3.37,9,Medium
1250,2024,5.0,6,High
1250,2025,4.33,6,High
1251,2023,2.96,3,Medium
1251,2024,3.13,6,Medium
1251,2025,3.79,5,High
1252,2023,3.24,3,Medium
1252,2024,3.39,4,Medium
1252,2025,4.23,9,High
1253,2023,3.62,8,Medium
1253,2024,2.95,9,Medium
1253,2025,3.0,7,Medium
1254,2023,2.53,2,Medium
1254,2024,3.66,7,Medium
1254,2025,2.49,11,Low
1255,2023,2.99,4,Medium
1255,2024,2.91,3,Medium
1255,2025,3.92,4,High
1256,2023,3.6,8,Medium
1256,2024,3.72,2,High
1256,2025,2.82,8,Medium
1257,2023,4.03,6,High
1257,2024,3.47,6,Medium
1257,2025,2.88,7,Medium
1258,2023,3.26,6,Medium
1258,2024,4.24,6,High
1258,2025,3.12,7,Medium
1259,2023,3.26,9,Medium
1259,2024,3.13,6,Medium
1259,2025,2.8,3,Medium
1260,2023,3.71,7,High
1260,2024,3.67,8,Medium
1260,2025,3.39,11,Medium
1261,2023,3.38,7,Medium
1261,2024,3.01,8,Medium
1261,2025,2.73,7,Medium
1262,2023,3.48,7,Medium
1262,2024,2.8,9,Medium
1262,2025,3.31,11,Medium
1263,2023,3.6,8,Medium
1263,2024,3.5,9,Medium
1263,2025,4.35,1,High
1264,2023,2.7,4,Medium
1264,2024,3.18,5,Medium
1264,2025,3.28,7,Medium
1265,2023,3.54,4,Medium
1265,2024,3.25,6,Medium
1265,2025,2.96,7,Medium
1266,2023,2.81,9,Medium
1266,2024,3.31,7,Medium
1266,2025,2.9,8,Medium
1267,2023,3.45,6,Medium
1267,2024,2.47,5,Low
1267,2025,3.2,9,Medium
1268,2023,3.79,7,High
1268,2024,3.65,4,Medium
1268,2025,3.23,6,Medium
1269,2023,3.38,9,Medium
1269,2024,3.83,4,High
1269,2025,4.22,5,High
1270,2023,2.86,4,Medium
1270,2024,2.67,7,Medium
1270,2025,2.83,5,Medium
1271,2023,3.42,4,Medium
1271,2024,3.54,4,Medium
1271,2025,4.44,9,High
1272,2023,3.19,6,Medium
1272,2024,2.9,7,Medium
1272,2025,3.85,6,High
1273,2023,3.38,4,Medium
1273,2024,3.85,8,High
1273,2025,3.03,5,Medium
1274,2023,4.01,7,High
1274,2024,3.36,6,Medium
1274,2025,3.32,5,Medium
1275,2023,2.63,7,Medium
1275,2024,3.18,6,Medium
1275,2025,2.85,10,Medium
1276,2023,3.53,9,Medium
1276,2024,3.0,4,Medium
1276,2025,2.69,7,Medium
1277,2023,3.36,6,Medium
1277,2024,2.76,5,Medium
1277,2025,2.74,5,Medium
1278,2023,4.45,6,High
1278,2024,3.01,9,Medium
1278,2025,3.75,7,High
1279,2023,2.56,7,Medium
1279,2024,3.23,4,Medium
1279,2025,3.37,1,Medium
1280,2023,2.28,4,Low
1280,2024,2.5,9,Low
1280,2025,3.63,6,Medium
1281,2023,3.11,5,Medium
1281,2024,3.33,8,Medium
1281,2025,3.78,7,High
1282,2023,4.03,5,High
1282,2024,3.17,7,Medium
1282,2025,3.44,8,Medium
1283,2023,2.86,11,Medium
1283,2024,3.01,9,Medium
1283,2025,2.81,6,Medium
1284,2023,2.91,6,Medium
1284,2024,3.99,4,High
1284,2025,2.86,6,Medium
1285,2023,2.08,7,Low
1285,2024,3.18,6,Medium
1285,2025,2.5,4,Low
1286,2023,3.45,5,Medium
1286,2024,3.21,5,Medium
1286,2025,4.25,8,High
1287,2023,3.55,8,Medium
1287,2024,2.13,7,Low
1287,2025,2.5,7,Low
1288,2023,3.3,6,Medium
1288,2024,3.56,5,Medium
1288,2025,3.86,6,High
1289,2023,3.35,7,Medium
1289,2024,3.33,7,Medium
1289,2025,2.87,5,Medium
1290,2023,2.93,3,Medium
1290,2024,3.24,7,Medium
1290,2025,3.24,3,Medium
1291,2023,3.3,6,Medium
1291,2024,2.7,3,Medium
1291,2025,3.07,9,Medium
1292,2023,3.53,8,Medium
1292,2024,2.83,8,Medium
1292,2025,3.32,4,Medium
1293,2023,3.05,4,Medium
1293,2024,3.42,11,Medium
1293,2025,3.73,7,High
1294,2023,3.46,3,Medium
1294,2024,2.7,6,Medium
1294,2025,1.69,5,Low
1295,2023,3.71,8,High
1295,2024,3.67,4,Medium
1295,2025,2.22,5,Low
1296,2023,3.87,8,High
1296,2024,3.69,7,Medium
1296,2025,4.27,6,High
1297,2023,3.67,4,Medium
1297,2024,3.52,7,Medium
1297,2025,2.95,3,Medium
1298,2023,2.02,7,Low
1298,2024,3.3,7,Medium
1298,2025,2.59,6,Medium
1299,2023,2.49,4,Low
1299,2024,4.6,7,High
1299,2025,2.98,7,Medium
1300,2023,3.69,5,Medium
1300,2024,3.84,2,High
1300,2025,3.65,7,Medium
1301,2023,2.37,9,Low
1301,2024,4.32,6,High
1301,2025,3.63,6,Medium
1302,2023,3.85,7,High
1302,2024,3.32,5,Medium
1302,2025,3.24,6,Medium
1303,2023,3.27,8,Medium
1303,2024,3.29,7,Medium
1303,2025,3.37,10,Medium
1304,2023,3.65,7,Medium
1304,2024,2.91,8,Medium
1304,2025,3.34,5,Medium
1305,2023,2.83,6,Medium
1305,2024,3.28,7,Medium
1305,2025,3.08,9,Medium
1306,2023,3.17,6,Medium
1306,2024,2.82,8,Medium
1306,2025,3.62,9,Medium
1307,2023,3.01,10,Medium
1307,2024,3.67,7,Medium
1307,2025,2.74,7,Medium
1308,2023,3.33,5,Medium
1308,2024,2.66,7,Medium
1308,2025,3.19,8,Medium
1309,2023,3.24,6,Medium
1309,2024,4.04,4,High
1309,2025,4.09,6,High
1310,2023,3.75,1,High
1310,2024,3.55,6,Medium
1310,2025,3.38,4,Medium
1311,2023,3.17,7,Medium
1311,2024,3.34,11,Medium
1311,2025,3.13,8,Medium
1312,2023,3.78,5,High
1312,2024,3.11,9,Medium
1312,2025,3.8,7,High
1313,2023,2.67,8,Medium
1313,2024,3.98,6,High
1313,2025,2.96,9,Medium
1314,2023,3.25,5,Medium
1314,2024,3.56,3,Medium
1314,2025,2.82,5,Medium
1315,2023,3.29,7,Medium
1315,2024,3.09,5,Medium
1315,2025,3.83,8,High
1316,2023,2.81,7,Medium
1316,2024,3.73,5,High
1316,2025,3.15,7,Medium
1317,2023,3.09,1,Medium
1317,2024,3.57,8,Medium
1317,2025,3.51,7,Medium
1318,2023,2.62,5,Medium
1318,2024,2.89,8,Medium
1318,2025,3.13,6,Medium
1319,2023,4.0,7,High
1319,2024,4.05,6,High
1319,2025,3.3,3,Medium
1320,2023,3.49,6,Medium
1320,2024,3.86,3,High
1320,2025,2.89,7,Medium
1321,2023,3.18,7,Medium
1321,2024,3.37,7,Medium
1321,2025,3.87,5,High
1322,2023,3.74,4,High
1322,2024,3.4,7,Medium
1322,2025,3.7,2,Medium
1323,2023,3.0,7,Medium
1323,2024,3.13,9,Medium
1323,2025,3.98,6,High
1324,2023,2.2,9,Low
1324,2024,2.77,7,Medium
1324,2025,3.63,9,Medium
1325,2023,3.43,8,Medium
1325,2024,3.7,6,Medium
1325,2025,3.26,6,Medium
1326,2023,4.22,5,High
1326,2024,3.92,5,High
1326,2025,2.85,7,Medium
1327,2023,2.31,6,Low
1327,2024,3.22,5,Medium
1327,2025,4.67,9,High
1328,2023,3.12,7,Medium
1328,2024,2.49,1,Low
1328,2025,3.23,8,Medium
1329,2023,3.47,5,Medium
1329,2024,3.16,9,Medium
1329,2025,2.84,8,Medium
1330,2023,3.19,9,Medium
1330,2024,3.38,8,Medium
1330,2025,3.91,9,High
1331,2023,3.09,2,Medium
1331,2024,3.18,3,Medium
1331,2025,2.57,8,Medium
1332,2023,3.23,4,Medium
1332,2024,3.47,6,Medium
1332,2025,3.35,8,Medium
1333,2023,3.8,12,High
1333,2024,3.28,7,Medium
1333,2025,3.97,7,High
1334,2023,4.28,2,High
1334,2024,2.8,7,Medium
1334,2025,3.57,6,Medium
1335,2023,3.9,8,High
1335,2024,2.28,8,Low
1335,2025,2.74,8,Medium
1336,2023,3.58,4,Medium
1336,2024,3.18,8,Medium
1336,2025,3.08,5,Medium
1337,2023,2.84,4,Medium
1337,2024,3.68,6,Medium
1337,2025,3.99,7,High
1338,2023,3.81,7,High
1338,2024,3.39,4,Medium
1338,2025,3.57,9,Medium
1339,2023,2.69,8,Medium
1339,2024,2.93,9,Medium
1339,2025,2.39,10,Low
1340,2023,3.23,5,Medium
1340,2024,3.79,9,High
1340,2025,3.47,5,Medium
1341,2023,3.02,7,Medium
1341,2024,2.7,8,Medium
1341,2025,3.15,6,Medium
1342,2023,3.24,8,Medium
1342,2024,2.75,5,Medium
1342,2025,2.86,7,Medium
1343,2023,2.75,8,Medium
1343,2024,3.81,7,High
1343,2025,4.2,4,High
1344,2023,2.86,5,Medium
1344,2024,3.38,6,Medium
1344,2025,3.55,7,Medium
1345,2023,3.25,10,Medium
1345,2024,3.51,4,Medium
1345,2025,2.93,5,Medium
1346,2023,3.66,10,Medium
1346,2024,3.03,8,Medium
1346,2025,3.43,7,Medium
1347,2023,3.56,7,Medium
1347,2024,3.41,8,Medium
1347,2025,3.68,7,Medium
1348,2023,2.75,7,Medium
1348,2024,3.54,9,Medium
1348,2025,3.22,3,Medium
1349,2023,3.3,9,Medium
1349,2024,3.26,4,Medium
1349,2025,3.22,9,Medium
1350,2023,3.74,6,High
1350,2024,3.37,6,Medium
1350,2025,1.94,4,Low
1351,2023,3.99,8,High
1351,2024,3.89,7,High
1351,2025,3.32,6,Medium
1352,2023,3.46,5,Medium
1352,2024,3.29,9,Medium
1352,2025,3.39,6,Medium
1353,2023,2.75,6,Medium
1353,2024,2.46,9,Low
1353,2025,3.69,8,Medium
1354,2023,2.88,11,Medium
1354,2024,2.8,7,Medium
1354,2025,3.33,11,Medium
1355,2023,2.9,8,Medium
1355,2024,3.21,8,Medium
1355,2025,2.75,7,Medium
1356,2023,3.32,8,Medium
1356,2024,3.54,9,Medium
1356,2025,3.19,7,Medium
1357,2023,2.98,5,Medium
1357,2024,3.63,5,Medium
1357,2025,3.12,7,Medium
1358,2023,3.55,6,Medium
1358,2024,2.58,7,Medium
1358,2025,3.87,8,High
1359,2023,3.22,7,Medium
1359,2024,3.19,9,Medium
1359,2025,3.55,7,Medium
1360,2023,2.34,5,Low
1360,2024,2.74,6,Medium
1360,2025,2.93,8,Medium
1361,2023,2.08,9,Low
1361,2024,3.21,7,Medium
1361,2025,2.62,5,Medium
1362,2023,3.66,8,Medium
1362,2024,2.7,10,Medium
1362,2025,3.6,7,Medium
1363,2023,3.0,5,Medium
1363,2024,3.98,4,High
1363,2025,3.34,10,Medium
1364,2023,2.99,7,Medium
1364,2024,4.11,4,High
1364,2025,3.73,6,High
1365,2023,3.03,11,Medium
1365,2024,2.34,10,Low
1365,2025,2.66,6,Medium
1366,2023,3.5,5,Medium
1366,2024,3.19,9,Medium
1366,2025,3.01,8,Medium
1367,2023,3.23,7,Medium
1367,2024,3.7,1,Medium
1367,2025,4.11,7,High
1368,2023,3.04,8,Medium
1368,2024,3.16,6,Medium
1368,2025,3.93,5,High
1369,2023,3.18,4,Medium
1369,2024,3.41,7,Medium
1369,2025,3.71,4,High
1370,2023,3.61,7,Medium
1370,2024,2.4,4,Low
1370,2025,3.02,5,Medium
1371,2023,2.98,5,Medium
1371,2024,3.98,4,High
1371,2025,3.62,4,Medium
1372,2023,3.21,9,Medium
1372,2024,3.2,6,Medium
1372,2025,3.52,4,Medium
1373,2023,2.78,8,Medium
1373,2024,2.98,5,Medium
1373,2025,2.9,9,Medium
1374,2023,3.42,5,Medium
1374,2024,3.92,6,High
1374,2025,3.09,4,Medium
1375,2023,3.95,9,High
1375,2024,3.75,5,High
1375,2025,3.55,5,Medium
1376,2023,3.41,4,Medium
1376,2024,3.1,4,Medium
1376,2025,3.27,7,Medium
1377,2023,4.16,10,High
1377,2024,3.46,8,Medium
1377,2025,3.44,3,Medium
1378,2023,3.68,8,Medium
1378,2024,3.41,6,Medium
1378,2025,3.89,5,High
1379,2023,4.56,7,High
1379,2024,4.33,5,High
1379,2025,3.23,10,Medium
1380,2023,3.6,8,Medium
1380,2024,2.49,4,Low
1380,2025,3.44,7,Medium
1381,2023,2.99,1,Medium
1381,2024,3.3,5,Medium
1381,2025,3.08,9,Medium
1382,2023,3.24,9,Medium
1382,2024,3.52,5,Medium
1382,2025,3.96,7,High
1383,2023,4.1,7,High
1383,2024,3.67,9,Medium
1383,2025,3.45,5,Medium
1384,2023,3.85,9,High
1384,2024,3.38,7,Medium
1384,2025,3.41,7,Medium
1385,2023,3.77,7,High
1385,2024,2.7,7,Medium
1385,2025,3.63,9,Medium
1386,2023,3.04,5,Medium
1386,2024,2.99,4,Medium
1386,2025,2.61,6,Medium
1387,2023,3.19,11,Medium
1387,2024,2.78,9,Medium
1387,2025,3.19,5,Medium
1388,2023,3.13,6,Medium
1388,2024,2.81,5,Medium
1388,2025,3.59,7,Medium
1389,2023,3.2,6,Medium
1389,2024,3.53,5,Medium
1389,2025,2.84,6,Medium
1390,2023,2.98,7,Medium
1390,2024,2.67,9,Medium
1390,2025,3.11,6,Medium
1391,2023,3.24,7,Medium
1391,2024,3.24,8,Medium
1391,2025,3.85,5,High
1392,2023,3.5,7,Medium
1392,2024,2.44,8,Low
1392,2025,3.46,8,Medium
1393,2023,2.98,10,Medium
1393,2024,3.65,8,Medium
1393,2025,2.54,7,Medium
1394,2023,3.02,7,Medium
1394,2024,3.25,6,Medium
1394,2025,2.67,9,Medium
1395,2023,4.04,6,High
1395,2024,4.35,6,High
1395,2025,3.41,5,Medium
1396,2023,3.45,6,Medium
1396,2024,3.5,8,Medium
1396,2025,2.82,4,Medium
1397,2023,2.81,6,Medium
1397,2024,3.26,6,Medium
1397,2025,3.76,8,High
1398,2023,3.55,8,Medium
1398,2024,2.43,9,Low
1398,2025,3.64,5,Medium
1399,2023,3.97,8,High
1399,2024,2.17,7,Low
1399,2025,3.79,6,High
1400,2023,3.32,8,Medium
1400,2024,3.89,4,High
1400,2025,3.75,5,High
1401,2023,3.36,4,Medium
1401,2024,3.18,9,Medium
1401,2025,3.27,8,Medium
1402,2023,2.41,4,Low
1402,2024,2.38,4,Low
1402,2025,3.38,8,Medium
1403,2023,3.16,5,Medium
1403,2024,3.4,8,Medium
1403,2025,2.9,10,Medium
1404,2023,3.13,5,Medium
1404,2024,3.23,8,Medium
1404,2025,3.09,6,Medium
1405,2023,3.78,10,High
1405,2024,3.62,3,Medium
1405,2025,3.55,4,Medium
1406,2023,4.29,7,High
1406,2024,3.31,9,Medium
1406,2025,3.07,6,Medium
1407,2023,3.0,5,Medium
1407,2024,3.28,3,Medium
1407,2025,2.79,7,Medium
1408,2023,2.81,4,Medium
1408,2024,2.93,11,Medium
1408,2025,3.67,7,Medium
1409,2023,3.91,7,High
1409,2024,4.28,6,High
1409,2025,4.3,5,High
1410,2023,3.23,6,Medium
1410,2024,2.25,7,Low
1410,2025,3.22,8,Medium
1411,2023,3.14,6,Medium
1411,2024,3.23,6,Medium
1411,2025,2.81,7,Medium
1412,2023,2.57,5,Medium
1412,2024,3.22,10,Medium
1412,2025,2.42,5,Low
1413,2023,3.54,5,Medium
1413,2024,2.46,8,Low
1413,2025,2.21,6,Low
1414,2023,3.29,10,Medium
1414,2024,2.94,7,Medium
1414,2025,2.24,5,Low
1415,2023,2.78,8,Medium
1415,2024,3.4,6,Medium
1415,2025,3.21,9,Medium
1416,2023,2.92,5,Medium
1416,2024,3.09,7,Medium
1416,2025,3.0,8,Medium
1417,2023,3.13,5,Medium
1417,2024,2.94,10,Medium
1417,2025,3.57,7,Medium
1418,2023,3.74,7,High
1418,2024,3.3,2,Medium
1418,2025,3.59,4,Medium
1419,2023,3.59,5,Medium
1419,2024,2.5,9,Low
1419,2025,3.42,3,Medium
1420,2023,2.39,5,Low
1420,2024,4.08,7,High
1420,2025,2.86,7,Medium
1421,2023,3.59,8,Medium
1421,2024,3.14,7,Medium
1421,2025,2.66,5,Medium
1422,2023,2.72,4,Medium
1422,2024,3.77,10,High
1422,2025,3.69,8,Medium
1423,2023,3.57,6,Medium
1423,2024,3.17,5,Medium
1423,2025,3.46,6,Medium
1424,2023,3.32,6,Medium
1424,2024,3.51,6,Medium
1424,2025,3.09,5,Medium
1425,2023,2.46,8,Low
1425,2024,3.23,5,Medium
1425,2025,3.02,6,Medium
1426,2023,3.4,8,Medium
1426,2024,3.37,7,Medium
1426,2025,3.59,10,Medium
1427,2023,3.13,3,Medium
1427,2024,3.13,6,Medium
1427,2025,3.9,7,High
1428,2023,2.96,8,Medium
1428,2024,3.39,6,Medium
1428,2025,3.45,7,Medium
1429,2023,2.16,8,Low
1429,2024,3.12,5,Medium
1429,2025,3.1,8,Medium
1430,2023,3.13,5,Medium
1430,2024,2.68,7,Medium
1430,2025,2.56,3,Medium
1431,2023,2.85,4,Medium
1431,2024,3.96,5,High
1431,2025,3.54,4,Medium
1432,2023,3.13,6,Medium
1432,2024,2.91,9,Medium
1432,2025,2.86,6,Medium
1433,2023,3.3,7,Medium
1433,2024,3.25,10,Medium
1433,2025,2.55,7,Medium
1434,2023,2.57,7,Medium
1434,2024,2.73,5,Medium
1434,2025,3.47,7,Medium
1435,2023,2.89,8,Medium
1435,2024,3.24,5,Medium
1435,2025,3.72,7,High
1436,2023,3.51,4,Medium
1436,2024,3.37,7,Medium
1436,2025,3.73,6,High
1437,2023,3.19,7,Medium
1437,2024,2.73,3,Medium
1437,2025,3.82,6,High
1438,2023,3.66,8,Medium
1438,2024,3.09,7,Medium
1438,2025,3.68,6,Medium
1439,2023,2.58,1,Medium
1439,2024,3.5,9,Medium
1439,2025,2.46,4,Low
1440,2023,3.28,8,Medium
1440,2024,3.37,5,Medium
1440,2025,3.12,4,Medium
1441,2023,3.28,6,Medium
1441,2024,2.93,3,Medium
1441,2025,3.29,4,Medium
1442,2023,3.96,9,High
1442,2024,2.99,8,Medium
1442,2025,3.74,5,High
1443,2023,4.43,5,High
1443,2024,3.46,2,Medium
1443,2025,2.71,6,Medium
1444,2023,3.45,5,Medium
1444,2024,3.18,9,Medium
1444,2025,3.91,7,High
1445,2023,2.91,7,Medium
1445,2024,3.34,7,Medium
1445,2025,3.31,5,Medium
1446,2023,3.01,8,Medium
1446,2024,2.8,7,Medium
1446,2025,3.08,7,Medium
1447,2023,3.43,7,Medium
1447,2024,3.08,11,Medium
1447,2025,3.37,2,Medium
1448,2023,3.55,4,Medium
1448,2024,2.92,6,Medium
1448,2025,2.3,8,Low
1449,2023,3.25,7,Medium
1449,2024,2.88,8,Medium
1449,2025,3.91,6,High
1450,2023,3.09,5,Medium
1450,2024,3.35,8,Medium
1450,2025,3.35,6,Medium
1451,2023,3.59,9,Medium
1451,2024,3.51,4,Medium
1451,2025,2.59,9,Medium
1452,2023,2.71,8,Medium
1452,2024,3.06,6,Medium
1452,2025,3.78,4,High
1453,2023,2.45,5,Low
1453,2024,3.08,6,Medium
1453,2025,3.39,9,Medium
1454,2023,2.93,6,Medium
1454,2024,3.86,8,High
1454,2025,2.76,5,Medium
1455,2023,3.47,6,Medium
1455,2024,3.92,6,High
1455,2025,3.48,12,Medium
1456,2023,3.32,9,Medium
1456,2024,3.7,8,Medium
1456,2025,2.92,7,Medium
1457,2023,2.32,9,Low
1457,2024,4.05,3,High
1457,2025,4.04,2,High
1458,2023,2.46,7,Low
1458,2024,3.25,6,Medium
1458,2025,3.31,5,Medium
1459,2023,2.9,8,Medium
1459,2024,3.25,2,Medium
1459,2025,3.11,9,Medium
1460,2023,3.24,9,Medium
1460,2024,3.41,4,Medium
1460,2025,4.13,10,High
1461,2023,2.71,8,Medium
1461,2024,2.74,6,Medium
1461,2025,3.47,6,Medium
1462,2023,3.44,7,Medium
1462,2024,2.58,7,Medium
1462,2025,2.76,7,Medium
1463,2023,3.08,10,Medium
1463,2024,3.02,5,Medium
1463,2025,2.8,6,Medium
1464,2023,4.08,7,High
1464,2024,3.11,3,Medium
1464,2025,3.58,8,Medium
1465,2023,3.44,6,Medium
1465,2024,3.48,7,Medium
1465,2025,3.6,6,Medium
1466,2023,3.16,9,Medium
1466,2024,3.47,3,Medium
1466,2025,2.44,3,Low
1467,2023,2.51,9,Medium
1467,2024,3.17,6,Medium
1467,2025,2.96,8,Medium
1468,2023,3.08,12,Medium
1468,2024,3.46,6,Medium
1468,2025,4.03,6,High
1469,2023,4.57,7,High
1469,2024,2.97,3,Medium
1469,2025,3.11,6,Medium
1470,2023,4.15,8,High
1470,2024,3.22,6,Medium
1470,2025,3.57,6,Medium
1471,2023,3.74,3,High
1471,2024,3.82,8,High
1471,2025,3.2,9,Medium
1472,2023,3.11,2,Medium
1472,2024,2.98,7,Medium
1472,2025,3.46,8,Medium
1473,2023,4.15,7,High
1473,2024,3.18,7,Medium
1473,2025,3.61,9,Medium
1474,2023,3.5,10,Medium
1474,2024,3.63,7,Medium
1474,2025,3.61,4,Medium
1475,2023,3.52,6,Medium
1475,2024,2.84,7,Medium
1475,2025,2.33,4,Low
1476,2023,3.13,8,Medium
1476,2024,3.22,5,Medium
1476,2025,3.98,10,High
1477,2023,3.45,4,Medium
1477,2024,3.86,11,High
1477,2025,3.09,4,Medium
1478,2023,4.06,3,High
1478,2024,3.66,9,Medium
1478,2025,3.24,5,Medium
1479,2023,3.01,7,Medium
1479,2024,2.06,7,Low
1479,2025,3.67,4,Medium
1480,2023,4.14,2,High
1480,2024,3.76,6,High
1480,2025,3.61,8,Medium
1481,2023,3.79,6,High
1481,2024,2.87,6,Medium
1481,2025,3.35,8,Medium
1482,2023,2.98,3,Medium
1482,2024,3.35,5,Medium
1482,2025,2.89,9,Medium
1483,2023,3.91,5,High
1483,2024,3.75,7,High
1483,2025,2.41,5,Low
1484,2023,4.05,6,High
1484,2024,3.2,6,Medium
1484,2025,3.16,4,Medium
1485,2023,3.57,10,Medium
1485,2024,3.69,8,Medium
1485,2025,2.7,9,Medium
1486,2023,3.71,6,High
1486,2024,3.14,3,Medium
1486,2025,4.28,6,High
1487,2023,2.46,7,Low
1487,2024,3.34,8,Medium
1487,2025,3.14,6,Medium
1488,2023,3.54,4,Medium
1488,2024,3.34,8,Medium
1488,2025,3.24,6,Medium
1489,2023,2.54,6,Medium
1489,2024,3.1,7,Medium
1489,2025,3.65,7,Medium
1490,2023,3.28,6,Medium
1490,2024,3.03,8,Medium
1490,2025,2.79,8,Medium
1491,2023,3.13,8,Medium
1491,2024,3.02,5,Medium
1491,2025,3.24,5,Medium
1492,2023,3.25,6,Medium
1492,2024,3.21,8,Medium
1492,2025,2.79,4,Medium
1493,2023,2.7,7,Medium
1493,2024,3.98,7,High
1493,2025,3.09,8,Medium
1494,2023,2.88,7,Medium
1494,2024,3.37,7,Medium
1494,2025,3.12,6,Medium
1495,2023,4.19,3,High
1495,2024,3.32,6,Medium
1495,2025,3.14,8,Medium
1496,2023,3.43,9,Medium
1496,2024,3.38,7,Medium
1496,2025,3.17,10,Medium
1497,2023,3.1,7,Medium
1497,2024,3.54,6,Medium
1497,2025,3.83,7,High
1498,2023,2.54,6,Medium
1498,2024,2.98,10,Medium
1498,2025,3.39,6,Medium
1499,2023,3.73,6,High
1499,2024,3.85,5,High
1499,2025,2.69,9,Medium
1500,2023,3.34,4,Medium
1500,2024,3.62,4,Medium
1500,2025,2.96,4,Medium
1501,2023,3.31,4,Medium
1501,2024,2.54,7,Medium
1501,2025,2.84,7,Medium
1502,2023,2.68,4,Medium
1502,2024,3.11,6,Medium
1502,2025,2.21,7,Low
1503,2023,3.64,6,Medium
1503,2024,3.39,1,Medium
1503,2025,3.23,8,Medium
1504,2023,2.82,8,Medium
1504,2024,2.33,6,Low
1504,2025,3.45,9,Medium
1505,2023,2.63,9,Medium
1505,2024,2.99,3,Medium
1505,2025,3.42,8,Medium
1506,2023,2.49,5,Low
1506,2024,3.34,4,Medium
1506,2025,3.28,7,Medium
1507,2023,5.0,5,High
1507,2024,3.39,8,Medium
1507,2025,2.69,7,Medium
1508,2023,2.99,9,Medium
1508,2024,2.52,6,Medium
1508,2025,3.91,9,High
1509,2023,4.16,6,High
1509,2024,3.33,9,Medium
1509,2025,3.68,7,Medium
1510,2023,3.38,6,Medium
1510,2024,3.21,10,Medium
1510,2025,2.72,5,Medium
1511,2023,3.93,6,High
1511,2024,3.72,8,High
1511,2025,4.75,8,High
1512,2023,3.07,4,Medium
1512,2024,3.3,4,Medium
1512,2025,3.18,5,Medium
1513,2023,3.22,7,Medium
1513,2024,3.52,5,Medium
1513,2025,3.36,7,Medium
1514,2023,2.89,9,Medium
1514,2024,3.92,7,High
1514,2025,3.19,6,Medium
1515,2023,3.47,8,Medium
1515,2024,3.1,5,Medium
1515,2025,3.26,5,Medium
1516,2023,3.52,5,Medium
1516,2024,4.09,7,High
1516,2025,4.03,9,High
1517,2023,3.68,8,Medium
1517,2024,4.07,9,High
1517,2025,3.7,4,Medium
1518,2023,3.45,5,Medium
1518,2024,4.19,9,High
1518,2025,3.21,7,Medium
1519,2023,3.76,5,High
1519,2024,3.53,9,Medium
1519,2025,3.27,3,Medium
1520,2023,3.41,7,Medium
1520,2024,3.41,4,Medium
1520,2025,3.42,8,Medium
1521,2023,3.62,6,Medium
1521,2024,3.53,8,Medium
1521,2025,3.61,5,Medium
1522,2023,3.9,3,High
1522,2024,3.92,5,High
1522,2025,3.74,4,High
1523,2023,4.43,6,High
1523,2024,3.51,6,Medium
1523,2025,3.16,9,Medium
1524,2023,3.34,5,Medium
1524,2024,3.0,5,Medium
1524,2025,3.89,5,High
1525,2023,2.44,8,Low
1525,2024,3.42,7,Medium
1525,2025,2.83,3,Medium
1526,2023,3.19,11,Medium
1526,2024,2.59,8,Medium
1526,2025,3.12,6,Medium
1527,2023,4.15,2,High
1527,2024,3.41,7,Medium
1527,2025,3.93,6,High
1528,2023,3.59,6,Medium
1528,2024,3.51,8,Medium
1528,2025,2.33,8,Low
1529,2023,4.3,11,High
1529,2024,3.52,4,Medium
1529,2025,3.92,9,High
1530,2023,3.53,4,Medium
1530,2024,3.09,8,Medium
1530,2025,3.03,6,Medium
1531,2023,4.33,8,High
1531,2024,2.83,8,Medium
1531,2025,3.31,4,Medium
1532,2023,4.3,4,High
1532,2024,3.22,7,Medium
1532,2025,4.12,3,High
1533,2023,3.37,8,Medium
1533,2024,3.75,7,High
1533,2025,3.91,3,High
1534,2023,3.11,8,Medium
1534,2024,2.1,8,Low
1534,2025,2.2,4,Low
1535,2023,3.52,8,Medium
1535,2024,3.15,6,Medium
1535,2025,3.31,3,Medium
1536,2023,3.5,9,Medium
1536,2024,2.36,7,Low
1536,2025,2.94,10,Medium
1537,2023,2.28,5,Low
1537,2024,2.28,6,Low
1537,2025,3.5,7,Medium
1538,2023,3.61,9,Medium
1538,2024,2.67,5,Medium
1538,2025,3.71,8,High
1539,2023,1.85,5,Low
1539,2024,2.76,9,Medium
1539,2025,3.67,2,Medium
1540,2023,2.87,9,Medium
1540,2024,3.59,5,Medium
1540,2025,3.69,4,Medium
1541,2023,3.02,11,Medium
1541,2024,3.08,6,Medium
1541,2025,2.84,6,Medium
1542,2023,3.85,8,High
1542,2024,3.11,7,Medium
1542,2025,3.14,8,Medium
1543,2023,2.65,7,Medium
1543,2024,4.28,5,High
1543,2025,3.83,7,High
1544,2023,3.29,11,Medium
1544,2024,3.2,8,Medium
1544,2025,3.74,6,High
1545,2023,3.12,6,Medium
1545,2024,2.99,6,Medium
1545,2025,3.98,4,High
1546,2023,4.17,9,High
1546,2024,3.01,5,Medium
1546,2025,3.46,7,Medium
1547,2023,3.93,12,High
1547,2024,3.74,5,High
1547,2025,3.86,6,High
1548,2023,3.25,7,Medium
1548,2024,2.14,8,Low
1548,2025,3.26,5,Medium
1549,2023,3.46,8,Medium
1549,2024,3.34,7,Medium
1549,2025,2.9,4,Medium
1550,2023,3.91,5,High
1550,2024,3.46,9,Medium
1550,2025,3.63,5,Medium
1551,2023,2.83,3,Medium
1551,2024,2.92,6,Medium
1551,2025,3.22,10,Medium
1552,2023,3.13,2,Medium
1552,2024,2.96,7,Medium
1552,2025,2.88,7,Medium
1553,2023,2.41,6,Low
1553,2024,2.9,3,Medium
1553,2025,3.39,6,Medium
1554,2023,3.39,5,Medium
1554,2024,3.61,10,Medium
1554,2025,4.02,4,High
1555,2023,3.43,8,Medium
1555,2024,3.09,4,Medium
1555,2025,4.32,8,High
1556,2023,3.3,6,Medium
1556,2024,2.85,5,Medium
1556,2025,2.31,9,Low
1557,2023,4.52,5,High
1557,2024,3.34,3,Medium
1557,2025,3.63,5,Medium
1558,2023,3.03,6,Medium
1558,2024,2.96,8,Medium
1558,2025,4.01,3,High
1559,2023,2.89,6,Medium
1559,2024,2.84,4,Medium
1559,2025,3.12,3,Medium
1560,2023,3.12,10,Medium
1560,2024,3.58,6,Medium
1560,2025,3.04,4,Medium
1561,2023,3.37,6,Medium
1561,2024,2.79,5,Medium
1561,2025,2.67,5,Medium
1562,2023,3.23,8,Medium
1562,2024,3.31,10,Medium
1562,2025,4.4,8,High
1563,2023,3.2,4,Medium
1563,2024,3.2,5,Medium
1563,2025,3.78,5,High
1564,2023,3.77,7,High
1564,2024,2.96,7,Medium
1564,2025,3.35,5,Medium
1565,2023,2.18,7,Low
1565,2024,3.53,8,Medium
1565,2025,3.6,7,Medium
1566,2023,3.39,5,Medium
1566,2024,4.01,8,High
1566,2025,3.31,8,Medium
1567,2023,3.49,6,Medium
1567,2024,3.53,8,Medium
1567,2025,3.18,8,Medium
1568,2023,4.04,11,High
1568,2024,3.91,7,High
1568,2025,2.85,7,Medium
1569,2023,2.93,4,Medium
1569,2024,3.48,8,Medium
1569,2025,3.43,6,Medium
1570,2023,3.48,6,Medium
1570,2024,3.54,3,Medium
1570,2025,2.67,5,Medium
1571,2023,3.34,6,Medium
1571,2024,3.51,4,Medium
1571,2025,2.99,8,Medium
1572,2023,3.66,7,Medium
1572,2024,2.84,8,Medium
1572,2025,2.98,6,Medium
1573,2023,4.42,10,High
1573,2024,2.91,12,Medium
1573,2025,3.61,6,Medium
1574,2023,3.19,7,Medium
1574,2024,3.82,6,High
1574,2025,3.86,5,High
1575,2023,3.12,3,Medium
1575,2024,2.68,6,Medium
1575,2025,2.69,8,Medium
1576,2023,2.84,7,Medium
1576,2024,2.65,5,Medium
1576,2025,3.31,9,Medium
1577,2023,2.85,7,Medium
1577,2024,3.17,12,Medium
1577,2025,2.85,8,Medium
1578,2023,3.86,8,High
1578,2024,3.74,6,High
1578,2025,3.26,8,Medium
1579,2023,3.31,4,Medium
1579,2024,3.54,7,Medium
1579,2025,3.1,6,Medium
1580,2023,3.12,8,Medium
1580,2024,3.75,7,High
1580,2025,3.39,7,Medium
1581,2023,2.71,9,Medium
1581,2024,3.26,10,Medium
1581,2025,3.98,10,High
1582,2023,3.51,8,Medium
1582,2024,2.66,7,Medium
1582,2025,3.15,8,Medium
1583,2023,2.91,7,Medium
1583,2024,2.62,8,Medium
1583,2025,2.47,6,Low
1584,2023,2.74,7,Medium
1584,2024,3.58,10,Medium
1584,2025,3.81,8,High
1585,2023,2.64,8,Medium
1585,2024,4.53,7,High
1585,2025,3.17,7,Medium
1586,2023,3.8,5,High
1586,2024,3.87,7,High
1586,2025,3.01,7,Medium
1587,2023,3.18,7,Medium
1587,2024,3.73,4,High
1587,2025,2.79,10,Medium
1588,2023,3.69,6,Medium
1588,2024,1.9,4,Low
1588,2025,3.09,5,Medium
1589,2023,3.34,4,Medium
1589,2024,2.87,5,Medium
1589,2025,3.46,7,Medium
1590,2023,3.02,9,Medium
1590,2024,3.33,6,Medium
1590,2025,3.68,2,Medium
1591,2023,2.52,4,Medium
1591,2024,3.31,7,Medium
1591,2025,2.85,4,Medium
1592,2023,3.74,6,High
1592,2024,3.04,4,Medium
1592,2025,3.89,6,High
1593,2023,1.91,6,Low
1593,2024,2.98,6,Medium
1593,2025,4.35,6,High
1594,2023,3.34,4,Medium
1594,2024,2.64,9,Medium
1594,2025,2.6,6,Medium
1595,2023,2.86,8,Medium
1595,2024,3.02,7,Medium
1595,2025,2.99,8,Medium
1596,2023,3.63,6,Medium
1596,2024,4.04,6,High
1596,2025,3.03,5,Medium
1597,2023,3.23,7,Medium
1597,2024,2.95,7,Medium
1597,2025,2.65,4,Medium
1598,2023,3.41,7,Medium
1598,2024,3.13,8,Medium
1598,2025,3.65,10,Medium
1599,2023,3.13,6,Medium
1599,2024,3.43,6,Medium
1599,2025,2.79,3,Medium
1600,2023,3.65,6,Medium
1600,2024,3.79,8,High
1600,2025,3.36,6,Medium
1601,2023,3.14,2,Medium
1601,2024,3.23,6,Medium
1601,2025,2.28,6,Low
1602,2023,2.52,7,Medium
1602,2024,3.04,9,Medium
1602,2025,2.85,8,Medium
1603,2023,3.91,5,High
1603,2024,3.64,6,Medium
1603,2025,3.52,5,Medium
1604,2023,3.39,7,Medium
1604,2024,3.41,6,Medium
1604,2025,2.8,7,Medium
1605,2023,3.36,6,Medium
1605,2024,3.88,3,High
1605,2025,3.45,7,Medium
1606,2023,2.95,7,Medium
1606,2024,2.23,9,Low
1606,2025,2.47,7,Low
1607,2023,3.52,6,Medium
1607,2024,3.05,10,Medium
1607,2025,2.89,6,Medium
1608,2023,3.46,5,Medium
1608,2024,3.62,7,Medium
1608,2025,2.62,6,Medium
1609,2023,3.99,5,High
1609,2024,3.03,4,Medium
1609,2025,3.38,7,Medium
1610,2023,2.52,3,Medium
1610,2024,3.68,6,Medium
1610,2025,2.58,6,Medium
1611,2023,2.61,6,Medium
1611,2024,3.38,7,Medium
1611,2025,2.58,6,Medium
1612,2023,3.23,6,Medium
1612,2024,2.68,7,Medium
1612,2025,3.73,6,High
1613,2023,3.46,5,Medium
1613,2024,2.72,7,Medium
1613,2025,3.4,10,Medium
1614,2023,2.95,7,Medium
1614,2024,3.66,7,Medium
1614,2025,3.35,5,Medium
1615,2023,3.66,6,Medium
1615,2024,2.8,5,Medium
1615,2025,3.05,6,Medium
1616,2023,3.63,8,Medium
1616,2024,4.14,6,High
1616,2025,3.48,9,Medium
1617,2023,3.2,7,Medium
1617,2024,2.86,5,Medium
1617,2025,3.51,7,Medium
1618,2023,3.29,5,Medium
1618,2024,2.34,5,Low
1618,2025,3.31,6,Medium
1619,2023,3.45,10,Medium
1619,2024,2.47,8,Low
1619,2025,2.79,4,Medium
1620,2023,2.06,6,Low
1620,2024,2.86,9,Medium
1620,2025,2.79,7,Medium
1621,2023,3.83,6,High
1621,2024,3.38,3,Medium
1621,2025,3.66,4,Medium
1622,2023,4.01,6,High
1622,2024,4.65,9,High
1622,2025,3.71,9,High
1623,2023,2.66,5,Medium
1623,2024,2.68,8,Medium
1623,2025,3.26,5,Medium
1624,2023,3.34,8,Medium
1624,2024,3.22,2,Medium
1624,2025,2.78,4,Medium
1625,2023,3.94,4,High
1625,2024,3.26,3,Medium
1625,2025,2.89,7,Medium
1626,2023,3.69,5,Medium
1626,2024,3.93,4,High
1626,2025,3.83,6,High
1627,2023,2.52,4,Medium
1627,2024,3.92,4,High
1627,2025,2.87,7,Medium
1628,2023,3.14,7,Medium
1628,2024,3.6,9,Medium
1628,2025,3.31,9,Medium
1629,2023,2.83,4,Medium
1629,2024,2.89,7,Medium
1629,2025,3.16,9,Medium
1630,2023,3.11,8,Medium
1630,2024,3.63,4,Medium
1630,2025,3.22,7,Medium
1631,2023,2.71,5,Medium
1631,2024,2.55,6,Medium
1631,2025,3.29,7,Medium
1632,2023,3.35,7,Medium
1632,2024,3.49,6,Medium
1632,2025,3.33,3,Medium
1633,2023,3.49,6,Medium
1633,2024,2.98,7,Medium
1633,2025,3.21,2,Medium
1634,2023,3.83,6,High
1634,2024,3.22,5,Medium
1634,2025,3.59,6,Medium
1635,2023,2.86,5,Medium
1635,2024,3.22,3,Medium
1635,2025,3.09,5,Medium
1636,2023,2.76,5,Medium
1636,2024,3.27,7,Medium
1636,2025,3.09,4,Medium
1637,2023,3.21,6,Medium
1637,2024,3.34,4,Medium
1637,2025,3.12,7,Medium
1638,2023,3.65,8,Medium
1638,2024,3.86,9,High
1638,2025,2.62,10,Medium
1639,2023,3.24,1,Medium
1639,2024,3.82,5,High
1639,2025,3.13,9,Medium
1640,2023,4.15,4,High
1640,2024,4.17,9,High
1640,2025,2.99,7,Medium
1641,2023,2.91,7,Medium
1641,2024,3.26,5,Medium
1641,2025,3.81,9,High
1642,2023,3.31,8,Medium
1642,2024,3.23,7,Medium
1642,2025,3.21,2,Medium
1643,2023,3.51,4,Medium
1643,2024,3.31,1,Medium
1643,2025,3.31,8,Medium
1644,2023,3.37,9,Medium
1644,2024,3.43,6,Medium
1644,2025,3.36,6,Medium
1645,2023,4.08,6,High
1645,2024,3.77,9,High
1645,2025,3.46,7,Medium
1646,2023,4.18,5,High
1646,2024,2.48,6,Low
1646,2025,3.14,7,Medium
1647,2023,3.47,7,Medium
1647,2024,3.42,5,Medium
1647,2025,3.71,5,High
1648,2023,3.74,3,High
1648,2024,3.61,5,Medium
1648,2025,2.95,7,Medium
1649,2023,3.88,7,High
1649,2024,3.2,8,Medium
1649,2025,3.45,1,Medium
1650,2023,3.65,7,Medium
1650,2024,2.41,6,Low
1650,2025,3.33,6,Medium
1651,2023,2.73,6,Medium
1651,2024,3.57,6,Medium
1651,2025,2.74,6,Medium
1652,2023,3.96,8,High
1652,2024,3.2,8,Medium
1652,2025,3.13,4,Medium
1653,2023,4.06,7,High
1653,2024,3.0,5,Medium
1653,2025,3.46,7,Medium
1654,2023,2.93,7,Medium
1654,2024,2.97,8,Medium
1654,2025,3.37,4,Medium
1655,2023,3.34,7,Medium
1655,2024,3.36,7,Medium
1655,2025,3.56,8,Medium
1656,2023,3.29,5,Medium
1656,2024,2.91,8,Medium
1656,2025,3.81,4,High
1657,2023,3.04,5,Medium
1657,2024,2.82,7,Medium
1657,2025,3.84,5,High
1658,2023,3.6,7,Medium
1658,2024,3.07,2,Medium
1658,2025,3.15,6,Medium
1659,2023,2.04,6,Low
1659,2024,2.65,6,Medium
1659,2025,3.21,8,Medium
1660,2023,4.11,7,High
1660,2024,3.1,6,Medium
1660,2025,3.26,5,Medium
1661,2023,3.43,7,Medium
1661,2024,3.53,6,Medium
1661,2025,2.92,6,Medium
1662,2023,2.87,8,Medium
1662,2024,4.58,4,High
1662,2025,2.72,6,Medium
1663,2023,3.67,10,Medium
1663,2024,3.27,6,Medium
1663,2025,3.05,5,Medium
1664,2023,3.21,6,Medium
1664,2024,3.86,5,High
1664,2025,3.13,6,Medium
1665,2023,3.32,8,Medium
1665,2024,3.85,7,High
1665,2025,3.53,2,Medium
1666,2023,2.53,9,Medium
1666,2024,2.53,6,Medium
1666,2025,3.4,5,Medium
1667,2023,3.28,7,Medium
1667,2024,3.73,9,High
1667,2025,3.8,8,High
1668,2023,4.23,6,High
1668,2024,3.29,7,Medium
1668,2025,3.36,6,Medium
1669,2023,2.93,4,Medium
1669,2024,3.4,5,Medium
1669,2025,2.93,3,Medium
1670,2023,3.32,11,Medium
1670,2024,2.9,5,Medium
1670,2025,2.95,7,Medium
1671,2023,3.64,8,Medium
1671,2024,3.29,6,Medium
1671,2025,3.65,7,Medium
1672,2023,3.34,5,Medium
1672,2024,3.99,7,High
1672,2025,3.15,5,Medium
1673,2023,3.83,6,High
1673,2024,3.13,8,Medium
1673,2025,2.93,5,Medium
1674,2023,3.71,8,High
1674,2024,4.37,5,High
1674,2025,3.65,10,Medium
1675,2023,3.46,9,Medium
1675,2024,2.83,6,Medium
1675,2025,4.61,9,High
1676,2023,2.74,7,Medium
1676,2024,3.42,4,Medium
1676,2025,3.43,9,Medium
1677,2023,3.58,4,Medium
1677,2024,3.89,6,High
1677,2025,4.01,5,High
1678,2023,2.6,9,Medium
1678,2024,4.2,6,High
1678,2025,3.09,6,Medium
1679,2023,2.9,7,Medium
1679,2024,2.74,10,Medium
1679,2025,2.58,8,Medium
1680,2023,3.67,10,Medium
1680,2024,2.96,5,Medium
1680,2025,3.48,9,Medium
1681,2023,3.85,5,High
1681,2024,4.12,3,High
1681,2025,2.87,5,Medium
1682,2023,2.83,6,Medium
1682,2024,3.3,4,Medium
1682,2025,3.55,10,Medium
1683,2023,3.02,4,Medium
1683,2024,2.95,6,Medium
1683,2025,3.74,4,High
1684,2023,3.32,8,Medium
1684,2024,2.98,6,Medium
1684,2025,2.64,7,Medium
1685,2023,2.63,8,Medium
1685,2024,3.36,5,Medium
1685,2025,3.59,8,Medium
1686,2023,3.57,6,Medium
1686,2024,2.66,1,Medium
1686,2025,3.59,5,Medium
1687,2023,3.88,10,High
1687,2024,3.47,8,Medium
1687,2025,3.36,5,Medium
1688,2023,3.72,7,High
1688,2024,2.75,8,Medium
1688,2025,2.65,8,Medium
1689,2023,3.41,10,Medium
1689,2024,3.39,7,Medium
1689,2025,2.12,9,Low
1690,2023,3.54,8,Medium
1690,2024,3.88,5,High
1690,2025,4.05,8,High
1691,2023,3.25,6,Medium
1691,2024,2.86,5,Medium
1691,2025,3.64,8,Medium
1692,2023,3.98,9,High
1692,2024,3.53,7,Medium
1692,2025,3.77,10,High
1693,2023,3.63,8,Medium
1693,2024,4.25,10,High
1693,2025,1.81,6,Low
1694,2023,3.68,3,Medium
1694,2024,3.21,4,Medium
1694,2025,3.33,7,Medium
1695,2023,4.01,4,High
1695,2024,3.66,7,Medium
1695,2025,3.77,7,High
1696,2023,3.01,5,Medium
1696,2024,3.34,8,Medium
1696,2025,3.29,7,Medium
1697,2023,2.67,4,Medium
1697,2024,3.32,7,Medium
1697,2025,3.44,10,Medium
1698,2023,3.57,6,Medium
1698,2024,3.99,4,High
1698,2025,3.4,4,Medium
1699,2023,2.66,8,Medium
1699,2024,3.16,6,Medium
1699,2025,3.08,8,Medium
1700,2023,2.81,5,Medium
1700,2024,3.77,6,High
1700,2025,4.35,8,High
1701,2023,3.43,8,Medium
1701,2024,3.17,8,Medium
1701,2025,2.51,7,Medium
1702,2023,3.63,9,Medium
1702,2024,3.88,8,High
1702,2025,3.3,5,Medium
1703,2023,3.04,6,Medium
1703,2024,2.32,7,Low
1703,2025,3.22,4,Medium
1704,2023,3.13,6,Medium
1704,2024,3.91,9,High
1704,2025,3.71,4,High
1705,2023,3.2,6,Medium
1705,2024,3.83,6,High
1705,2025,2.79,7,Medium
1706,2023,3.91,8,High
1706,2024,3.31,6,Medium
1706,2025,3.09,8,Medium
1707,2023,3.4,5,Medium
1707,2024,4.07,5,High
1707,2025,3.44,10,Medium
1708,2023,4.2,7,High
1708,2024,4.27,7,High
1708,2025,3.27,4,Medium
1709,2023,3.52,7,Medium
1709,2024,2.64,4,Medium
1709,2025,3.79,6,High
1710,2023,3.28,5,Medium
1710,2024,3.03,6,Medium
1710,2025,2.23,6,Low
1711,2023,3.93,8,High
1711,2024,3.65,6,Medium
1711,2025,3.16,6,Medium
1712,2023,3.77,6,High
1712,2024,4.3,9,High
1712,2025,4.34,10,High
1713,2023,3.34,5,Medium
1713,2024,2.92,5,Medium
1713,2025,3.91,7,High
1714,2023,2.83,7,Medium
1714,2024,3.02,10,Medium
1714,2025,3.78,6,High
1715,2023,4.0,7,High
1715,2024,3.75,7,High
1715,2025,3.35,6,Medium
1716,2023,3.6,6,Medium
1716,2024,3.83,6,High
1716,2025,3.54,4,Medium
1717,2023,2.16,11,Low
1717,2024,2.83,9,Medium
1717,2025,3.54,10,Medium
1718,2023,2.81,5,Medium
1718,2024,3.53,5,Medium
1718,2025,3.3,9,Medium
1719,2023,3.61,5,Medium
1719,2024,4.01,11,High
1719,2025,3.35,7,Medium
1720,2023,3.79,10,High
1720,2024,3.38,3,Medium
1720,2025,3.63,6,Medium
1721,2023,3.88,9,High
1721,2024,3.07,6,Medium
1721,2025,3.56,7,Medium
1722,2023,2.63,6,Medium
1722,2024,2.94,4,Medium
1722,2025,2.9,5,Medium
1723,2023,3.35,9,Medium
1723,2024,4.07,3,High
1723,2025,3.66,6,Medium
1724,2023,4.82,7,High
1724,2024,3.68,5,Medium
1724,2025,3.4,7,Medium
1725,2023,4.02,9,High
1725,2024,3.88,8,High
1725,2025,4.11,8,High
1726,2023,2.91,5,Medium
1726,2024,2.95,6,Medium
1726,2025,3.23,6,Medium
1727,2023,3.04,8,Medium
1727,2024,3.63,9,Medium
1727,2025,2.59,7,Medium
1728,2023,3.86,5,High
1728,2024,4.37,2,High
1728,2025,3.86,7,High
1729,2023,3.54,8,Medium
1729,2024,3.14,5,Medium
1729,2025,2.6,7,Medium
1730,2023,2.15,4,Low
1730,2024,3.32,7,Medium
1730,2025,3.06,3,Medium
1731,2023,2.9,8,Medium
1731,2024,4.22,5,High
1731,2025,3.25,7,Medium
1732,2023,3.51,6,Medium
1732,2024,3.54,8,Medium
1732,2025,3.79,8,High
1733,2023,3.68,6,Medium
1733,2024,3.02,10,Medium
1733,2025,2.79,7,Medium
1734,2023,3.42,3,Medium
1734,2024,3.29,5,Medium
1734,2025,3.8,4,High
1735,2023,3.13,4,Medium
1735,2024,3.58,6,Medium
1735,2025,3.89,5,High
1736,2023,3.02,7,Medium
1736,2024,3.83,5,High
1736,2025,3.72,10,High
1737,2023,2.86,7,Medium
1737,2024,2.37,3,Low
1737,2025,2.06,8,Low
1738,2023,2.95,7,Medium
1738,2024,3.19,3,Medium
1738,2025,3.29,5,Medium
1739,2023,3.4,6,Medium
1739,2024,4.19,6,High
1739,2025,4.13,4,High
1740,2023,2.91,9,Medium
1740,2024,3.0,7,Medium
1740,2025,3.04,8,Medium
1741,2023,3.16,7,Medium
1741,2024,3.3,6,Medium
1741,2025,3.84,8,High
1742,2023,2.63,7,Medium
1742,2024,2.93,8,Medium
1742,2025,3.19,7,Medium
1743,2023,3.06,6,Medium
1743,2024,3.23,9,Medium
1743,2025,4.3,9,High
1744,2023,3.8,9,High
1744,2024,3.5,5,Medium
1744,2025,3.24,3,Medium
1745,2023,2.7,6,Medium
1745,2024,3.46,6,Medium
1745,2025,3.5,10,Medium
1746,2023,3.12,2,Medium
1746,2024,3.71,10,High
1746,2025,2.77,8,Medium
1747,2023,3.51,8,Medium
1747,2024,2.61,10,Medium
1747,2025,3.53,10,Medium
1748,2023,3.85,8,High
1748,2024,4.26,7,High
1748,2025,3.82,8,High
1749,2023,3.96,7,High
1749,2024,2.72,7,Medium
1749,2025,2.59,8,Medium
1750,2023,3.18,5,Medium
1750,2024,2.46,8,Low
1750,2025,4.27,4,High
1751,2023,3.91,7,High
1751,2024,2.97,8,Medium
1751,2025,2.83,3,Medium
1752,2023,3.3,2,Medium
1752,2024,3.29,7,Medium
1752,2025,2.6,3,Medium
1753,2023,3.15,7,Medium
1753,2024,3.21,6,Medium
1753,2025,4.0,7,High
1754,2023,3.28,8,Medium
1754,2024,3.58,4,Medium
1754,2025,3.38,9,Medium
1755,2023,3.34,6,Medium
1755,2024,2.8,8,Medium
1755,2025,2.63,10,Medium
1756,2023,3.61,7,Medium
1756,2024,3.27,6,Medium
1756,2025,3.03,6,Medium
1757,2023,3.19,7,Medium
1757,2024,2.62,8,Medium
1757,2025,3.78,9,High
1758,2023,3.06,8,Medium
1758,2024,2.1,2,Low
1758,2025,3.76,9,High
1759,2023,3.84,7,High
1759,2024,3.03,8,Medium
1759,2025,3.09,7,Medium
1760,2023,3.26,3,Medium
1760,2024,4.31,3,High
1760,2025,3.39,5,Medium
1761,2023,2.56,7,Medium
1761,2024,2.81,4,Medium
1761,2025,3.48,9,Medium
1762,2023,3.82,5,High
1762,2024,3.68,7,Medium
1762,2025,3.13,8,Medium
1763,2023,3.61,6,Medium
1763,2024,2.86,5,Medium
1763,2025,3.32,6,Medium
1764,2023,3.08,5,Medium
1764,2024,4.52,5,High
1764,2025,3.2,4,Medium
1765,2023,3.79,8,High
1765,2024,4.05,10,High
1765,2025,3.87,7,High
1766,2023,2.83,7,Medium
1766,2024,4.08,6,High
1766,2025,2.86,6,Medium
1767,2023,2.99,5,Medium
1767,2024,3.92,8,High
1767,2025,3.35,7,Medium
1768,2023,3.14,7,Medium
1768,2024,3.14,6,Medium
1768,2025,2.29,3,Low
1769,2023,2.81,5,Medium
1769,2024,3.91,7,High
1769,2025,3.53,7,Medium
1770,2023,3.27,7,Medium
1770,2024,3.87,8,High
1770,2025,3.12,4,Medium
1771,2023,3.11,8,Medium
1771,2024,2.8,10,Medium
1771,2025,3.47,9,Medium
1772,2023,2.97,6,Medium
1772,2024,3.55,9,Medium
1772,2025,2.91,7,Medium
1773,2023,2.66,6,Medium
1773,2024,3.12,8,Medium
1773,2025,3.56,9,Medium
1774,2023,2.98,2,Medium
1774,2024,2.97,3,Medium
1774,2025,3.07,3,Medium
1775,2023,3.85,6,High
1775,2024,2.79,7,Medium
1775,2025,3.64,9,Medium
1776,2023,3.36,4,Medium
1776,2024,3.21,9,Medium
1776,2025,3.77,6,High
1777,2023,3.42,8,Medium
1777,2024,3.94,6,High
1777,2025,3.13,4,Medium
1778,2023,3.76,9,High
1778,2024,3.14,5,Medium
1778,2025,2.95,4,Medium
1779,2023,3.2,9,Medium
1779,2024,3.34,8,Medium
1779,2025,3.27,9,Medium
1780,2023,2.7,10,Medium
1780,2024,3.16,8,Medium
1780,2025,3.15,4,Medium
1781,2023,3.78,4,High
1781,2024,3.33,5,Medium
1781,2025,2.28,10,Low
1782,2023,3.15,7,Medium
1782,2024,3.71,6,High
1782,2025,3.22,8,Medium
1783,2023,2.95,8,Medium
1783,2024,2.78,7,Medium
1783,2025,3.32,8,Medium
1784,2023,3.91,4,High
1784,2024,2.68,11,Medium
1784,2025,3.62,2,Medium
1785,2023,3.29,5,Medium
1785,2024,2.84,5,Medium
1785,2025,3.32,6,Medium
1786,2023,2.61,6,Medium
1786,2024,3.6,9,Medium
1786,2025,3.22,7,Medium
1787,2023,3.07,6,Medium
1787,2024,3.12,9,Medium
1787,2025,3.52,5,Medium
1788,2023,2.93,6,Medium
1788,2024,2.29,5,Low
1788,2025,2.21,3,Low
1789,2023,2.93,6,Medium
1789,2024,4.11,7,High
1789,2025,2.92,10,Medium
1790,2023,3.75,6,High
1790,2024,2.78,6,Medium
1790,2025,3.44,5,Medium
1791,2023,3.37,3,Medium
1791,2024,3.03,5,Medium
1791,2025,3.66,5,Medium
1792,2023,3.2,8,Medium
1792,2024,3.2,6,Medium
1792,2025,3.59,6,Medium
1793,2023,3.35,9,Medium
1793,2024,3.68,8,Medium
1793,2025,3.68,8,Medium
1794,2023,3.08,9,Medium
1794,2024,2.29,4,Low
1794,2025,2.9,2,Medium
1795,2023,3.52,7,Medium
1795,2024,3.36,5,Medium
1795,2025,4.08,9,High
1796,2023,4.05,6,High
1796,2024,3.74,11,High
1796,2025,3.57,9,Medium
1797,2023,3.31,8,Medium
1797,2024,3.79,9,High
1797,2025,3.43,5,Medium
1798,2023,2.95,5,Medium
1798,2024,3.97,4,High
1798,2025,2.58,6,Medium
1799,2023,2.78,3,Medium
1799,2024,2.92,4,Medium
1799,2025,2.67,5,Medium
1800,2023,2.68,2,Medium
1800,2024,3.18,6,Medium
1800,2025,2.88,3,Medium
1801,2023,3.87,5,High
1801,2024,3.69,3,Medium
1801,2025,3.68,9,Medium
1802,2023,3.57,9,Medium
1802,2024,2.86,4,Medium
1802,2025,2.4,6,Low
1803,2023,3.43,10,Medium
1803,2024,3.01,10,Medium
1803,2025,3.32,6,Medium
1804,2023,1.89,5,Low
1804,2024,2.83,10,Medium
1804,2025,3.02,4,Medium
1805,2023,3.36,8,Medium
1805,2024,3.76,6,High
1805,2025,3.01,6,Medium
1806,2023,2.35,5,Low
1806,2024,2.87,7,Medium
1806,2025,3.14,6,Medium
1807,2023,3.28,4,Medium
1807,2024,3.26,6,Medium
1807,2025,2.57,5,Medium
1808,2023,3.9,6,High
1808,2024,2.76,7,Medium
1808,2025,4.57,5,High
1809,2023,3.35,6,Medium
1809,2024,2.92,5,Medium
1809,2025,3.24,7,Medium
1810,2023,2.65,6,Medium
1810,2024,2.68,7,Medium
1810,2025,3.43,7,Medium
1811,2023,4.12,10,High
1811,2024,3.48,7,Medium
1811,2025,3.56,7,Medium
1812,2023,3.09,7,Medium
1812,2024,4.12,10,High
1812,2025,3.41,9,Medium
1813,2023,3.88,9,High
1813,2024,3.53,6,Medium
1813,2025,3.21,8,Medium
1814,2023,2.95,6,Medium
1814,2024,4.22,8,High
1814,2025,3.67,6,Medium
1815,2023,3.08,6,Medium
1815,2024,3.57,6,Medium
1815,2025,3.18,7,Medium
1816,2023,3.27,8,Medium
1816,2024,2.78,8,Medium
1816,2025,2.86,5,Medium
1817,2023,3.82,6,High
1817,2024,3.18,4,Medium
1817,2025,3.02,6,Medium
1818,2023,3.76,5,High
1818,2024,3.28,4,Medium
1818,2025,3.23,6,Medium
1819,2023,3.01,10,Medium
1819,2024,3.11,6,Medium
1819,2025,3.64,8,Medium
1820,2023,3.4,7,Medium
1820,2024,3.27,6,Medium
1820,2025,4.14,9,High
1821,2023,3.43,10,Medium
1821,2024,3.6,4,Medium
1821,2025,2.87,9,Medium
1822,2023,3.21,7,Medium
1822,2024,3.18,4,Medium
1822,2025,3.04,6,Medium
1823,2023,4.38,6,High
1823,2024,3.35,8,Medium
1823,2025,3.56,7,Medium
1824,2023,3.34,6,Medium
1824,2024,3.02,8,Medium
1824,2025,3.08,5,Medium
1825,2023,3.8,6,High
1825,2024,2.83,10,Medium
1825,2025,4.14,3,High
1826,2023,3.46,8,Medium
1826,2024,3.96,4,High
1826,2025,3.58,7,Medium
1827,2023,2.84,7,Medium
1827,2024,3.25,5,Medium
1827,2025,3.46,6,Medium
1828,2023,2.42,5,Low
1828,2024,3.01,8,Medium
1828,2025,2.55,8,Medium
1829,2023,2.95,9,Medium
1829,2024,2.69,10,Medium
1829,2025,3.0,6,Medium
1830,2023,3.62,5,Medium
1830,2024,2.75,5,Medium
1830,2025,3.18,9,Medium
1831,2023,2.68,6,Medium
1831,2024,3.33,8,Medium
1831,2025,2.79,4,Medium
1832,2023,3.27,6,Medium
1832,2024,2.22,7,Low
1832,2025,2.48,6,Low
1833,2023,3.86,6,High
1833,2024,4.2,3,High
1833,2025,4.07,10,High
1834,2023,3.19,7,Medium
1834,2024,2.79,10,Medium
1834,2025,2.52,8,Medium
1835,2023,3.21,9,Medium
1835,2024,2.8,6,Medium
1835,2025,3.07,7,Medium
1836,2023,3.64,7,Medium
1836,2024,3.16,7,Medium
1836,2025,3.23,10,Medium
1837,2023,2.99,6,Medium
1837,2024,3.28,7,Medium
1837,2025,2.93,5,Medium
1838,2023,3.83,7,High
1838,2024,3.63,5,Medium
1838,2025,3.83,6,High
1839,2023,3.6,10,Medium
1839,2024,4.14,6,High
1839,2025,3.52,5,Medium
1840,2023,3.32,9,Medium
1840,2024,2.36,6,Low
1840,2025,3.26,9,Medium
1841,2023,3.36,9,Medium
1841,2024,3.27,7,Medium
1841,2025,3.47,7,Medium
1842,2023,3.23,5,Medium
1842,2024,3.04,7,Medium
1842,2025,3.68,9,Medium
1843,2023,2.6,6,Medium
1843,2024,3.43,5,Medium
1843,2025,3.07,3,Medium
1844,2023,3.63,7,Medium
1844,2024,3.2,5,Medium
1844,2025,3.71,9,High
1845,2023,2.85,7,Medium
1845,2024,3.11,7,Medium
1845,2025,3.41,7,Medium
1846,2023,2.72,6,Medium
1846,2024,3.57,7,Medium
1846,2025,3.55,4,Medium
1847,2023,3.17,8,Medium
1847,2024,3.76,6,High
1847,2025,3.2,7,Medium
1848,2023,4.32,4,High
1848,2024,2.64,4,Medium
1848,2025,4.0,5,High
1849,2023,3.83,6,High
1849,2024,3.15,9,Medium
1849,2025,3.63,1,Medium
1850,2023,3.02,10,Medium
1850,2024,3.0,4,Medium
1850,2025,3.74,8,High
1851,2023,4.32,8,High
1851,2024,3.25,5,Medium
1851,2025,4.11,7,High
1852,2023,3.51,5,Medium
1852,2024,2.41,6,Low
1852,2025,2.8,4,Medium
1853,2023,2.86,6,Medium
1853,2024,3.34,9,Medium
1853,2025,2.97,9,Medium
1854,2023,3.45,5,Medium
1854,2024,3.86,5,High
1854,2025,3.67,4,Medium
1855,2023,3.16,8,Medium
1855,2024,3.86,7,High
1855,2025,3.87,6,High
1856,2023,3.54,5,Medium
1856,2024,3.49,8,Medium
1856,2025,2.57,6,Medium
1857,2023,3.47,8,Medium
1857,2024,2.95,6,Medium
1857,2025,2.94,8,Medium
1858,2023,3.64,8,Medium
1858,2024,3.67,5,Medium
1858,2025,2.83,6,Medium
1859,2023,3.32,3,Medium
1859,2024,3.15,7,Medium
1859,2025,3.19,4,Medium
1860,2023,2.8,7,Medium
1860,2024,3.07,4,Medium
1860,2025,3.27,5,Medium
1861,2023,3.26,4,Medium
1861,2024,3.47,9,Medium
1861,2025,2.79,7,Medium
1862,2023,3.8,7,High
1862,2024,3.16,3,Medium
1862,2025,3.23,6,Medium
1863,2023,3.23,8,Medium
1863,2024,3.07,8,Medium
1863,2025,3.44,6,Medium
1864,2023,2.78,5,Medium
1864,2024,3.32,5,Medium
1864,2025,3.13,8,Medium
1865,2023,2.72,3,Medium
1865,2024,3.69,7,Medium
1865,2025,3.47,2,Medium
1866,2023,3.75,8,High
1866,2024,3.4,5,Medium
1866,2025,2.97,9,Medium
1867,2023,3.61,4,Medium
1867,2024,4.65,7,High
1867,2025,2.29,7,Low
1868,2023,3.51,6,Medium
1868,2024,2.6,3,Medium
1868,2025,3.37,5,Medium
1869,2023,2.63,5,Medium
1869,2024,3.38,8,Medium
1869,2025,3.63,6,Medium
1870,2023,3.32,8,Medium
1870,2024,3.52,10,Medium
1870,2025,3.41,2,Medium
1871,2023,3.11,7,Medium
1871,2024,3.39,6,Medium
1871,2025,3.69,8,Medium
1872,2023,4.03,6,High
1872,2024,3.19,7,Medium
1872,2025,3.66,4,Medium
1873,2023,3.29,5,Medium
1873,2024,3.73,7,High
1873,2025,3.77,3,High
1874,2023,3.4,4,Medium
1874,2024,3.64,7,Medium
1874,2025,2.78,7,Medium
1875,2023,3.7,5,Medium
1875,2024,3.62,6,Medium
1875,2025,3.92,6,High
1876,2023,2.27,6,Low
1876,2024,3.05,5,Medium
1876,2025,2.55,3,Medium
1877,2023,3.12,8,Medium
1877,2024,2.75,8,Medium
1877,2025,3.76,3,High
1878,2023,3.38,4,Medium
1878,2024,3.7,10,Medium
1878,2025,3.71,8,High
1879,2023,3.64,9,Medium
1879,2024,3.73,5,High
1879,2025,4.04,8,High
1880,2023,3.07,5,Medium
1880,2024,2.94,4,Medium
1880,2025,2.58,7,Medium
1881,2023,3.32,4,Medium
1881,2024,2.74,6,Medium
1881,2025,3.18,5,Medium
1882,2023,4.0,2,High
1882,2024,2.41,3,Low
1882,2025,2.59,7,Medium
1883,2023,3.14,5,Medium
1883,2024,2.59,8,Medium
1883,2025,3.64,7,Medium
1884,2023,3.0,6,Medium
1884,2024,3.42,10,Medium
1884,2025,3.64,7,Medium
1885,2023,2.49,7,Low
1885,2024,3.12,8,Medium
1885,2025,3.71,7,High
1886,2023,3.32,6,Medium
1886,2024,2.93,7,Medium
1886,2025,3.41,5,Medium
1887,2023,2.61,8,Medium
1887,2024,3.39,6,Medium
1887,2025,2.97,8,Medium
1888,2023,3.55,6,Medium
1888,2024,3.48,2,Medium
1888,2025,3.04,7,Medium
1889,2023,4.11,11,High
1889,2024,2.75,5,Medium
1889,2025,4.38,6,High
1890,2023,3.75,7,High
1890,2024,3.34,7,Medium
1890,2025,3.05,8,Medium
1891,2023,2.97,6,Medium
1891,2024,3.23,5,Medium
1891,2025,2.8,4,Medium
1892,2023,3.38,7,Medium
1892,2024,3.58,8,Medium
1892,2025,3.7,7,Medium
1893,2023,3.7,7,Medium
1893,2024,3.75,6,High
1893,2025,3.05,9,Medium
1894,2023,2.58,10,Medium
1894,2024,3.28,6,Medium
1894,2025,3.89,5,High
1895,2023,3.39,4,Medium
1895,2024,4.16,8,High
1895,2025,2.89,4,Medium
1896,2023,3.48,6,Medium
1896,2024,3.48,5,Medium
1896,2025,4.07,10,High
1897,2023,3.32,8,Medium
1897,2024,3.49,9,Medium
1897,2025,3.6,6,Medium
1898,2023,2.81,9,Medium
1898,2024,3.03,8,Medium
1898,2025,3.44,7,Medium
1899,2023,3.53,5,Medium
1899,2024,3.32,7,Medium
1899,2025,3.63,7,Medium
1900,2023,3.17,6,Medium
1900,2024,3.53,5,Medium
1900,2025,2.86,10,Medium
1901,2023,3.58,7,Medium
1901,2024,3.28,6,Medium
1901,2025,3.21,8,Medium
1902,2023,3.87,9,High
1902,2024,3.73,5,High
1902,2025,3.35,3,Medium
1903,2023,3.4,7,Medium
1903,2024,4.24,8,High
1903,2025,4.47,9,High
1904,2023,2.65,8,Medium
1904,2024,3.02,4,Medium
1904,2025,3.05,7,Medium
1905,2023,3.2,8,Medium
1905,2024,3.12,6,Medium
1905,2025,3.23,8,Medium
1906,2023,3.39,4,Medium
1906,2024,2.96,10,Medium
1906,2025,2.9,5,Medium
1907,2023,3.4,3,Medium
1907,2024,3.56,5,Medium
1907,2025,3.49,8,Medium
1908,2023,3.24,8,Medium
1908,2024,3.08,7,Medium
1908,2025,2.84,2,Medium
1909,2023,3.24,4,Medium
1909,2024,2.4,6,Low
1909,2025,3.35,6,Medium
1910,2023,3.5,4,Medium
1910,2024,2.61,6,Medium
1910,2025,3.52,8,Medium
1911,2023,4.31,7,High
1911,2024,3.26,9,Medium
1911,2025,3.77,6,High
1912,2023,2.93,9,Medium
1912,2024,3.02,10,Medium
1912,2025,2.86,7,Medium
1913,2023,2.89,7,Medium
1913,2024,4.09,9,High
1913,2025,3.42,9,Medium
1914,2023,3.35,6,Medium
1914,2024,3.61,6,Medium
1914,2025,3.54,7,Medium
1915,2023,3.43,4,Medium
1915,2024,3.44,7,Medium
1915,2025,3.53,7,Medium
1916,2023,3.93,4,High
1916,2024,3.27,6,Medium
1916,2025,3.19,8,Medium
1917,2023,3.19,6,Medium
1917,2024,3.47,7,Medium
1917,2025,3.6,8,Medium
1918,2023,4.31,10,High
1918,2024,2.58,6,Medium
1918,2025,2.6,6,Medium
1919,2023,4.15,7,High
1919,2024,2.46,10,Low
1919,2025,3.89,9,High
1920,2023,3.12,5,Medium
1920,2024,3.39,4,Medium
1920,2025,3.38,9,Medium
1921,2023,4.11,7,High
1921,2024,3.29,9,Medium
1921,2025,3.81,10,High
1922,2023,3.09,6,Medium
1922,2024,2.95,6,Medium
1922,2025,3.01,8,Medium
1923,2023,3.24,5,Medium
1923,2024,2.86,7,Medium
1923,2025,3.32,6,Medium
1924,2023,3.9,6,High
1924,2024,3.64,8,Medium
1924,2025,3.28,6,Medium
1925,2023,3.83,5,High
1925,2024,3.49,8,Medium
1925,2025,3.69,9,Medium
1926,2023,3.62,8,Medium
1926,2024,2.85,5,Medium
1926,2025,3.67,7,Medium
1927,2023,3.31,7,Medium
1927,2024,2.8,7,Medium
1927,2025,2.87,8,Medium
1928,2023,3.89,8,High
1928,2024,3.96,10,High
1928,2025,3.28,8,Medium
1929,2023,3.73,7,High
1929,2024,4.12,7,High
1929,2025,3.54,10,Medium
1930,2023,2.53,4,Medium
1930,2024,2.89,9,Medium
1930,2025,2.44,8,Low
1931,2023,4.01,7,High
1931,2024,4.37,7,High
1931,2025,3.63,9,Medium
1932,2023,3.05,8,Medium
1932,2024,3.85,8,High
1932,2025,3.05,7,Medium
1933,2023,4.16,8,High
1933,2024,2.93,8,Medium
1933,2025,3.38,3,Medium
1934,2023,3.51,7,Medium
1934,2024,3.18,12,Medium
1934,2025,2.3,10,Low
1935,2023,3.86,9,High
1935,2024,3.29,7,Medium
1935,2025,3.76,9,High
1936,2023,3.1,7,Medium
1936,2024,3.75,3,High
1936,2025,3.94,6,High
1937,2023,3.92,4,High
1937,2024,3.83,7,High
1937,2025,4.13,11,High
1938,2023,3.39,5,Medium
1938,2024,2.98,8,Medium
1938,2025,3.16,4,Medium
1939,2023,3.79,7,High
1939,2024,2.74,3,Medium
1939,2025,2.56,4,Medium
1940,2023,3.24,8,Medium
1940,2024,4.06,6,High
1940,2025,3.6,6,Medium
1941,2023,3.52,7,Medium
1941,2024,4.1,2,High
1941,2025,3.53,6,Medium
1942,2023,2.74,6,Medium
1942,2024,2.52,7,Medium
1942,2025,3.05,1,Medium
1943,2023,3.3,9,Medium
1943,2024,4.04,4,High
1943,2025,2.96,8,Medium
1944,2023,3.75,7,High
1944,2024,3.07,8,Medium
1944,2025,3.54,10,Medium
1945,2023,2.81,7,Medium
1945,2024,3.54,7,Medium
1945,2025,2.99,2,Medium
1946,2023,3.45,5,Medium
1946,2024,3.22,5,Medium
1946,2025,3.53,6,Medium
1947,2023,3.23,6,Medium
1947,2024,4.1,6,High
1947,2025,3.22,7,Medium
1948,2023,3.7,11,Medium
1948,2024,3.61,8,Medium
1948,2025,3.99,8,High
1949,2023,3.96,7,High
1949,2024,3.28,7,Medium
1949,2025,3.74,7,High
1950,2023,2.61,7,Medium
1950,2024,3.23,10,Medium
1950,2025,3.83,5,High
1951,2023,3.14,8,Medium
1951,2024,3.28,5,Medium
1951,2025,3.6,7,Medium
1952,2023,3.22,8,Medium
1952,2024,4.4,7,High
1952,2025,3.34,6,Medium
1953,2023,3.27,4,Medium
1953,2024,2.37,6,Low
1953,2025,3.6,7,Medium
1954,2023,3.23,2,Medium
1954,2024,3.04,7,Medium
1954,2025,2.66,6,Medium
1955,2023,4.34,4,High
1955,2024,3.69,7,Medium
1955,2025,4.23,10,High
1956,2023,3.44,9,Medium
1956,2024,3.45,5,Medium
1956,2025,3.43,11,Medium
1957,2023,3.18,8,Medium
1957,2024,3.25,8,Medium
1957,2025,3.49,7,Medium
1958,2023,4.47,6,High
1958,2024,2.65,3,Medium
1958,2025,4.22,10,High
1959,2023,2.88,7,Medium
1959,2024,3.26,6,Medium
1959,2025,3.07,9,Medium
1960,2023,3.4,7,Medium
1960,2024,3.76,4,High
1960,2025,3.43,7,Medium
1961,2023,3.09,6,Medium
1961,2024,3.56,6,Medium
1961,2025,3.84,10,High
1962,2023,3.46,8,Medium
1962,2024,3.65,8,Medium
1962,2025,3.8,9,High
1963,2023,3.08,8,Medium
1963,2024,3.31,8,Medium
1963,2025,3.49,8,Medium
1964,2023,3.47,7,Medium
1964,2024,3.17,7,Medium
1964,2025,2.42,5,Low
1965,2023,3.48,6,Medium
1965,2024,3.37,7,Medium
1965,2025,3.18,7,Medium
1966,2023,2.87,5,Medium
1966,2024,2.81,6,Medium
1966,2025,3.1,6,Medium
1967,2023,2.82,9,Medium
1967,2024,2.97,6,Medium
1967,2025,2.96,6,Medium
1968,2023,3.13,4,Medium
1968,2024,2.64,4,Medium
1968,2025,4.24,4,High
1969,2023,3.79,8,High
1969,2024,3.34,4,Medium
1969,2025,3.65,4,Medium
1970,2023,3.81,2,High
1970,2024,3.73,5,High
1970,2025,2.37,3,Low
1971,2023,3.02,3,Medium
1971,2024,3.23,8,Medium
1971,2025,3.73,6,High
1972,2023,2.98,5,Medium
1972,2024,3.43,8,Medium
1972,2025,3.05,6,Medium
1973,2023,3.48,4,Medium
1973,2024,3.68,8,Medium
1973,2025,3.27,8,Medium
1974,2023,3.27,5,Medium
1974,2024,3.49,5,Medium
1974,2025,3.85,5,High
1975,2023,3.09,10,Medium
1975,2024,3.62,5,Medium
1975,2025,3.4,6,Medium
1976,2023,3.79,5,High
1976,2024,2.73,5,Medium
1976,2025,3.01,7,Medium
1977,2023,2.77,9,Medium
1977,2024,2.51,5,Medium
1977,2025,3.15,2,Medium
1978,2023,3.08,7,Medium
1978,2024,3.25,1,Medium
1978,2025,3.16,6,Medium
1979,2023,4.18,6,High
1979,2024,3.62,4,Medium
1979,2025,3.55,7,Medium
1980,2023,3.37,6,Medium
1980,2024,4.19,3,High
1980,2025,3.32,5,Medium
1981,2023,3.91,6,High
1981,2024,3.51,8,Medium
1981,2025,3.76,5,High
1982,2023,3.33,6,Medium
1982,2024,3.51,4,Medium
1982,2025,2.63,7,Medium
1983,2023,3.52,6,Medium
1983,2024,3.02,7,Medium
1983,2025,3.29,5,Medium
1984,2023,3.49,5,Medium
1984,2024,3.58,6,Medium
1984,2025,3.43,6,Medium
1985,2023,3.02,7,Medium
1985,2024,3.8,8,High
1985,2025,2.71,7,Medium
1986,2023,3.79,6,High
1986,2024,3.7,8,Medium
1986,2025,3.68,7,Medium
1987,2023,4.06,10,High
1987,2024,3.55,8,Medium
1987,2025,4.25,3,High
1988,2023,3.76,3,High
1988,2024,2.84,10,Medium
1988,2025,3.11,8,Medium
1989,2023,3.26,7,Medium
1989,2024,4.03,11,High
1989,2025,3.7,2,Medium
1990,2023,2.96,5,Medium
1990,2024,3.85,7,High
1990,2025,3.5,6,Medium
1991,2023,3.51,8,Medium
1991,2024,2.53,11,Medium
1991,2025,3.06,8,Medium
1992,2023,3.84,3,High
1992,2024,3.4,10,Medium
1992,2025,3.87,6,High
1993,2023,3.22,5,Medium
1993,2024,3.54,3,Medium
1993,2025,3.82,7,High
1994,2023,3.46,3,Medium
1994,2024,2.67,5,Medium
1994,2025,3.95,4,High
1995,2023,3.49,6,Medium
1995,2024,3.25,6,Medium
1995,2025,3.94,4,High
1996,2023,3.08,6,Medium
1996,2024,3.46,8,Medium
1996,2025,2.26,6,Low
1997,2023,3.99,11,High
1997,2024,3.64,5,Medium
1997,2025,4.0,6,High
1998,2023,2.84,9,Medium
1998,2024,4.07,5,High
1998,2025,3.46,8,Medium
1999,2023,4.04,4,High
1999,2024,3.27,5,Medium
1999,2025,3.89,7,High
2000,2023,3.6,5,Medium
2000,2024,3.52,5,Medium
2000,2025,3.66,2,Medium
2001,2023,2.4,10,Low
2001,2024,3.55,8,Medium
2001,2025,2.74,7,Medium
2002,2023,3.45,5,Medium
2002,2024,3.35,3,Medium
2002,2025,3.46,7,Medium
2003,2023,2.49,7,Low
2003,2024,2.44,3,Low
2003,2025,2.94,4,Medium
2004,2023,2.36,6,Low
2004,2024,2.65,7,Medium
2004,2025,3.35,6,Medium
2005,2023,3.15,1,Medium
2005,2024,3.18,7,Medium
2005,2025,3.96,6,High
2006,2023,2.18,4,Low
2006,2024,3.08,6,Medium
2006,2025,3.37,5,Medium
2007,2023,3.84,2,High
2007,2024,3.04,7,Medium
2007,2025,3.81,8,High
2008,2023,3.46,9,Medium
2008,2024,4.27,8,High
2008,2025,4.04,6,High
2009,2023,3.53,5,Medium
2009,2024,3.64,4,Medium
2009,2025,3.78,2,High
2010,2023,3.53,7,Medium
2010,2024,3.43,7,Medium
2010,2025,3.35,6,Medium
2011,2023,4.33,9,High
2011,2024,3.84,9,High
2011,2025,3.59,8,Medium
2012,2023,3.37,5,Medium
2012,2024,2.78,10,Medium
2012,2025,3.0,9,Medium
2013,2023,2.6,4,Medium
2013,2024,3.08,7,Medium
2013,2025,2.64,8,Medium
2014,2023,3.16,4,Medium
2014,2024,3.19,8,Medium
2014,2025,3.03,9,Medium
2015,2023,3.83,5,High
2015,2024,4.5,6,High
2015,2025,2.77,8,Medium
2016,2023,3.45,10,Medium
2016,2024,3.06,8,Medium
2016,2025,2.58,5,Medium
2017,2023,2.96,6,Medium
2017,2024,3.36,7,Medium
2017,2025,3.33,7,Medium
2018,2023,3.6,6,Medium
2018,2024,3.08,4,Medium
2018,2025,2.63,7,Medium
2019,2023,3.14,8,Medium
2019,2024,3.57,5,Medium
2019,2025,2.57,8,Medium
2020,2023,3.42,8,Medium
2020,2024,3.18,8,Medium
2020,2025,3.71,9,High
2021,2023,3.51,4,Medium
2021,2024,4.12,8,High
2021,2025,3.83,10,High
2022,2023,2.83,9,Medium
2022,2024,3.4,2,Medium
2022,2025,2.87,6,Medium
2023,2023,4.03,7,High
2023,2024,3.35,2,Medium
2023,2025,3.61,7,Medium
2024,2023,2.31,3,Low
2024,2024,2.35,6,Low
2024,2025,2.89,5,Medium
2025,2023,3.59,5,Medium
2025,2024,3.27,6,Medium
2025,2025,3.57,2,Medium
2026,2023,3.16,7,Medium
2026,2024,3.28,7,Medium
2026,2025,2.96,7,Medium
2027,2023,3.83,9,High
2027,2024,3.79,8,High
2027,2025,4.14,6,High
2028,2023,4.17,7,High
2028,2024,3.28,9,Medium
2028,2025,2.91,4,Medium
2029,2023,2.96,7,Medium
2029,2024,3.3,4,Medium
2029,2025,2.98,4,Medium
2030,2023,3.0,5,Medium
2030,2024,3.14,6,Medium
2030,2025,2.91,7,Medium
2031,2023,3.14,5,Medium
2031,2024,3.0,9,Medium
2031,2025,3.87,7,High
2032,2023,3.03,6,Medium
2032,2024,3.34,6,Medium
2032,2025,3.09,6,Medium
2033,2023,2.78,4,Medium
2033,2024,2.91,4,Medium
2033,2025,2.4,6,Low
2034,2023,3.57,6,Medium
2034,2024,4.24,8,High
2034,2025,3.56,11,Medium
2035,2023,3.49,7,Medium
2035,2024,2.55,4,Medium
2035,2025,2.22,6,Low
2036,2023,2.93,10,Medium
2036,2024,4.24,11,High
2036,2025,2.32,7,Low
2037,2023,3.8,10,High
2037,2024,3.43,9,Medium
2037,2025,3.55,7,Medium
2038,2023,3.19,7,Medium
2038,2024,2.84,9,Medium
2038,2025,2.93,9,Medium
2039,2023,3.44,4,Medium
2039,2024,3.5,5,Medium
2039,2025,2.41,7,Low
2040,2023,3.33,6,Medium
2040,2024,3.16,4,Medium
2040,2025,2.73,3,Medium
2041,2023,4.01,5,High
2041,2024,3.28,5,Medium
2041,2025,3.51,8,Medium
2042,2023,3.64,9,Medium
2042,2024,3.49,6,Medium
2042,2025,3.69,8,Medium
2043,2023,2.96,6,Medium
2043,2024,4.15,10,High
2043,2025,3.19,7,Medium
2044,2023,2.7,8,Medium
2044,2024,3.34,7,Medium
2044,2025,2.91,8,Medium
2045,2023,3.79,9,High
2045,2024,3.11,4,Medium
2045,2025,3.5,8,Medium
2046,2023,4.2,7,High
2046,2024,3.68,4,Medium
2046,2025,3.41,6,Medium
2047,2023,3.24,5,Medium
2047,2024,2.06,8,Low
2047,2025,3.0,5,Medium
2048,2023,2.89,8,Medium
2048,2024,3.32,5,Medium
2048,2025,2.93,5,Medium
2049,2023,3.57,4,Medium
2049,2024,2.55,9,Medium
2049,2025,3.41,7,Medium
2050,2023,3.69,6,Medium
2050,2024,3.53,9,Medium
2050,2025,3.06,11,Medium
2051,2023,3.55,5,Medium
2051,2024,3.05,9,Medium
2051,2025,3.11,6,Medium
2052,2023,3.03,7,Medium
2052,2024,3.35,5,Medium
2052,2025,3.91,7,High
2053,2023,3.39,8,Medium
2053,2024,3.89,8,High
2053,2025,3.49,5,Medium
2054,2023,2.65,10,Medium
2054,2024,2.19,11,Low
2054,2025,3.34,8,Medium
2055,2023,3.59,9,Medium
2055,2024,3.31,3,Medium
2055,2025,4.01,5,High
2056,2023,3.75,10,High
2056,2024,4.09,9,High
2056,2025,3.79,7,High
2057,2023,3.19,6,Medium
2057,2024,3.63,7,Medium
2057,2025,4.06,8,High
2058,2023,3.07,9,Medium
2058,2024,3.39,6,Medium
2058,2025,3.31,3,Medium
2059,2023,3.2,7,Medium
2059,2024,2.95,4,Medium
2059,2025,3.79,10,High
2060,2023,4.13,8,High
2060,2024,3.48,9,Medium
2060,2025,3.27,8,Medium
2061,2023,3.94,8,High
2061,2024,3.06,5,Medium
2061,2025,3.64,6,Medium
2062,2023,3.29,5,Medium
2062,2024,3.16,6,Medium
2062,2025,3.6,7,Medium
2063,2023,3.62,5,Medium
2063,2024,3.47,4,Medium
2063,2025,3.23,3,Medium
2064,2023,3.39,4,Medium
2064,2024,3.28,8,Medium
2064,2025,3.35,7,Medium
2065,2023,3.63,8,Medium
2065,2024,3.02,6,Medium
2065,2025,3.67,6,Medium
2066,2023,3.53,7,Medium
2066,2024,3.81,7,High
2066,2025,3.39,7,Medium
2067,2023,3.62,6,Medium
2067,2024,3.83,7,High
2067,2025,3.75,4,High
2068,2023,3.84,7,High
2068,2024,2.89,5,Medium
2068,2025,3.03,7,Medium
2069,2023,2.77,5,Medium
2069,2024,3.78,3,High
2069,2025,2.11,4,Low
2070,2023,3.62,8,Medium
2070,2024,3.07,6,Medium
2070,2025,3.14,7,Medium
2071,2023,3.57,7,Medium
2071,2024,2.55,4,Medium
2071,2025,3.19,3,Medium
2072,2023,3.52,6,Medium
2072,2024,3.68,6,Medium
2072,2025,3.69,8,Medium
2073,2023,3.14,6,Medium
2073,2024,3.72,1,High
2073,2025,3.08,8,Medium
2074,2023,3.46,8,Medium
2074,2024,3.58,5,Medium
2074,2025,3.06,6,Medium
2075,2023,3.86,5,High
2075,2024,3.56,6,Medium
2075,2025,3.57,8,Medium
2076,2023,3.3,6,Medium
2076,2024,3.38,7,Medium
2076,2025,3.15,4,Medium
2077,2023,3.29,4,Medium
2077,2024,3.52,8,Medium
2077,2025,3.4,7,Medium
2078,2023,2.95,6,Medium
2078,2024,3.75,10,High
2078,2025,2.99,9,Medium
2079,2023,3.79,7,High
2079,2024,3.57,5,Medium
2079,2025,3.55,7,Medium
2080,2023,3.99,5,High
2080,2024,3.63,7,Medium
2080,2025,4.51,7,High
2081,2023,3.1,9,Medium
2081,2024,2.23,6,Low
2081,2025,2.96,7,Medium
2082,2023,4.13,7,High
2082,2024,4.46,8,High
2082,2025,4.44,3,High
2083,2023,3.8,9,High
2083,2024,3.16,8,Medium
2083,2025,3.04,5,Medium
2084,2023,4.02,5,High
2084,2024,3.4,4,Medium
2084,2025,3.0,8,Medium
2085,2023,3.91,9,High
2085,2024,2.93,7,Medium
2085,2025,3.09,9,Medium
2086,2023,2.71,8,Medium
2086,2024,3.4,4,Medium
2086,2025,3.73,4,High
2087,2023,3.85,7,High
2087,2024,3.08,3,Medium
2087,2025,3.8,4,High
2088,2023,3.21,9,Medium
2088,2024,2.97,8,Medium
2088,2025,2.96,1,Medium
2089,2023,3.8,4,High
2089,2024,3.47,6,Medium
2089,2025,3.76,4,High
2090,2023,4.08,8,High
2090,2024,3.19,3,Medium
2090,2025,3.68,6,Medium
2091,2023,3.32,6,Medium
2091,2024,3.42,9,Medium
2091,2025,3.62,5,Medium
2092,2023,3.17,3,Medium
2092,2024,3.3,6,Medium
2092,2025,2.53,4,Medium
2093,2023,3.95,8,High
2093,2024,3.21,5,Medium
2093,2025,3.49,8,Medium
2094,2023,3.44,7,Medium
2094,2024,3.93,7,High
2094,2025,3.68,2,Medium
2095,2023,3.31,8,Medium
2095,2024,2.58,7,Medium
2095,2025,3.78,8,High
2096,2023,3.73,5,High
2096,2024,2.74,6,Medium
2096,2025,3.33,5,Medium
2097,2023,3.69,6,Medium
2097,2024,4.0,4,High
2097,2025,3.24,6,Medium
2098,2023,3.86,7,High
2098,2024,3.34,5,Medium
2098,2025,3.04,7,Medium
2099,2023,2.81,12,Medium
2099,2024,3.12,6,Medium
2099,2025,3.37,9,Medium
2100,2023,3.57,11,Medium
2100,2024,3.32,9,Medium
2100,2025,3.34,9,Medium
2101,2023,2.55,8,Medium
2101,2024,2.29,5,Low
2101,2025,2.59,9,Medium
2102,2023,2.84,5,Medium
2102,2024,4.18,11,High
2102,2025,3.66,8,Medium
2103,2023,3.47,3,Medium
2103,2024,3.25,7,Medium
2103,2025,2.86,8,Medium
2104,2023,2.96,5,Medium
2104,2024,2.27,7,Low
2104,2025,2.82,5,Medium
2105,2023,2.96,8,Medium
2105,2024,2.48,4,Low
2105,2025,3.58,8,Medium
2106,2023,3.19,6,Medium
2106,2024,3.83,6,High
2106,2025,3.81,3,High
2107,2023,4.3,6,High
2107,2024,3.97,5,High
2107,2025,3.59,5,Medium
2108,2023,3.4,4,Medium
2108,2024,3.21,7,Medium
2108,2025,4.0,7,High
2109,2023,3.21,7,Medium
2109,2024,3.64,5,Medium
2109,2025,3.69,6,Medium
2110,2023,3.11,6,Medium
2110,2024,2.35,8,Low
2110,2025,3.09,5,Medium
2111,2023,2.99,4,Medium
2111,2024,3.62,7,Medium
2111,2025,3.6,4,Medium
2112,2023,2.93,5,Medium
2112,2024,3.78,9,High
2112,2025,2.98,4,Medium
2113,2023,2.87,6,Medium
2113,2024,3.13,7,Medium
2113,2025,3.37,5,Medium
2114,2023,2.93,7,Medium
2114,2024,3.68,5,Medium
2114,2025,3.33,6,Medium
2115,2023,3.17,6,Medium
2115,2024,2.95,9,Medium
2115,2025,3.61,8,Medium
2116,2023,3.69,5,Medium
2116,2024,2.64,7,Medium
2116,2025,2.8,5,Medium
2117,2023,2.67,5,Medium
2117,2024,3.3,8,Medium
2117,2025,3.32,8,Medium
2118,2023,3.36,5,Medium
2118,2024,2.64,8,Medium
2118,2025,3.25,4,Medium
2119,2023,2.3,8,Low
2119,2024,3.19,8,Medium
2119,2025,3.46,6,Medium
2120,2023,2.11,6,Low
2120,2024,2.37,7,Low
2120,2025,2.76,5,Medium
2121,2023,3.16,9,Medium
2121,2024,3.44,9,Medium
2121,2025,4.17,7,High
2122,2023,3.14,7,Medium
2122,2024,2.62,7,Medium
2122,2025,1.69,7,Low
2123,2023,3.62,6,Medium
2123,2024,2.93,4,Medium
2123,2025,3.52,11,Medium
2124,2023,3.51,11,Medium
2124,2024,3.33,10,Medium
2124,2025,3.17,10,Medium
2125,2023,3.3,5,Medium
2125,2024,3.51,2,Medium
2125,2025,3.53,6,Medium
2126,2023,3.85,4,High
2126,2024,3.62,7,Medium
2126,2025,4.0,5,High
2127,2023,2.76,8,Medium
2127,2024,3.52,9,Medium
2127,2025,2.62,3,Medium
2128,2023,3.43,4,Medium
2128,2024,3.51,4,Medium
2128,2025,3.18,1,Medium
2129,2023,3.41,8,Medium
2129,2024,3.4,4,Medium
2129,2025,3.15,7,Medium
2130,2023,3.16,4,Medium
2130,2024,3.61,5,Medium
2130,2025,3.44,6,Medium
2131,2023,3.41,6,Medium
2131,2024,3.56,6,Medium
2131,2025,3.73,7,High
2132,2023,2.95,8,Medium
2132,2024,2.78,8,Medium
2132,2025,3.08,6,Medium
2133,2023,3.36,6,Medium
2133,2024,2.77,7,Medium
2133,2025,3.29,7,Medium
2134,2023,2.77,5,Medium
2134,2024,2.95,9,Medium
2134,2025,3.23,7,Medium
2135,2023,2.46,7,Low
2135,2024,3.53,4,Medium
2135,2025,3.8,4,High
2136,2023,3.29,4,Medium
2136,2024,2.75,7,Medium
2136,2025,3.92,7,High
2137,2023,2.62,5,Medium
2137,2024,3.18,5,Medium
2137,2025,3.9,6,High
2138,2023,3.24,9,Medium
2138,2024,3.35,6,Medium
2138,2025,3.51,7,Medium
2139,2023,3.36,6,Medium
2139,2024,4.25,5,High
2139,2025,3.23,6,Medium
2140,2023,3.1,9,Medium
2140,2024,3.3,6,Medium
2140,2025,2.27,7,Low
2141,2023,3.98,6,High
2141,2024,4.46,8,High
2141,2025,4.5,4,High
2142,2023,3.27,7,Medium
2142,2024,2.7,8,Medium
2142,2025,2.86,5,Medium
2143,2023,3.42,4,Medium
2143,2024,3.31,11,Medium
2143,2025,3.2,8,Medium
2144,2023,3.15,8,Medium
2144,2024,3.1,9,Medium
2144,2025,2.85,9,Medium
2145,2023,3.82,5,High
2145,2024,4.2,8,High
2145,2025,3.86,5,High
2146,2023,3.84,5,High
2146,2024,3.57,7,Medium
2146,2025,3.51,4,Medium
2147,2023,2.55,10,Medium
2147,2024,2.69,6,Medium
2147,2025,2.9,6,Medium
2148,2023,3.18,8,Medium
2148,2024,2.8,6,Medium
2148,2025,3.94,6,High
2149,2023,4.11,5,High
2149,2024,3.07,8,Medium
2149,2025,3.33,5,Medium
2150,2023,3.04,5,Medium
2150,2024,3.09,6,Medium
2150,2025,3.95,6,High
2151,2023,3.04,7,Medium
2151,2024,3.55,5,Medium
2151,2025,2.16,5,Low
2152,2023,3.88,8,High
2152,2024,3.14,7,Medium
2152,2025,3.49,8,Medium
2153,2023,3.23,6,Medium
2153,2024,3.24,8,Medium
2153,2025,2.74,5,Medium
2154,2023,2.61,6,Medium
2154,2024,2.2,8,Low
2154,2025,3.92,7,High
2155,2023,4.05,8,High
2155,2024,4.02,6,High
2155,2025,3.3,6,Medium
2156,2023,3.78,9,High
2156,2024,3.15,2,Medium
2156,2025,3.99,9,High
2157,2023,3.25,7,Medium
2157,2024,3.11,7,Medium
2157,2025,2.89,3,Medium
2158,2023,3.02,5,Medium
2158,2024,2.62,8,Medium
2158,2025,2.4,7,Low
2159,2023,3.25,5,Medium
2159,2024,3.61,7,Medium
2159,2025,3.3,5,Medium
2160,2023,3.25,5,Medium
2160,2024,5.0,12,High
2160,2025,3.46,5,Medium
2161,2023,3.68,1,Medium
2161,2024,2.2,5,Low
2161,2025,1.85,3,Low
2162,2023,3.76,5,High
2162,2024,3.22,6,Medium
2162,2025,3.51,4,Medium
2163,2023,3.91,10,High
2163,2024,2.94,6,Medium
2163,2025,3.77,7,High
2164,2023,3.79,4,High
2164,2024,2.51,6,Medium
2164,2025,3.11,6,Medium
2165,2023,3.72,5,High
2165,2024,2.97,8,Medium
2165,2025,3.91,5,High
2166,2023,2.72,5,Medium
2166,2024,2.14,9,Low
2166,2025,3.27,9,Medium
2167,2023,3.78,10,High
2167,2024,3.94,10,High
2167,2025,4.1,6,High
2168,2023,2.59,7,Medium
2168,2024,3.29,6,Medium
2168,2025,3.83,8,High
2169,2023,3.75,10,High
2169,2024,3.3,8,Medium
2169,2025,4.19,10,High
2170,2023,3.6,5,Medium
2170,2024,3.85,6,High
2170,2025,2.72,8,Medium
2171,2023,2.93,7,Medium
2171,2024,2.78,3,Medium
2171,2025,3.07,10,Medium
2172,2023,3.3,6,Medium
2172,2024,4.04,5,High
2172,2025,3.14,5,Medium
2173,2023,3.19,7,Medium
2173,2024,3.65,6,Medium
2173,2025,2.73,9,Medium
2174,2023,3.03,8,Medium
2174,2024,3.19,6,Medium
2174,2025,2.91,5,Medium
2175,2023,3.08,11,Medium
2175,2024,3.43,7,Medium
2175,2025,2.91,9,Medium
2176,2023,3.21,8,Medium
2176,2024,2.89,8,Medium
2176,2025,3.21,4,Medium
2177,2023,3.41,6,Medium
2177,2024,3.3,8,Medium
2177,2025,2.98,4,Medium
2178,2023,4.17,6,High
2178,2024,3.35,6,Medium
2178,2025,2.68,5,Medium
2179,2023,3.44,4,Medium
2179,2024,2.94,8,Medium
2179,2025,3.37,7,Medium
2180,2023,3.26,11,Medium
2180,2024,3.19,8,Medium
2180,2025,3.31,7,Medium
2181,2023,2.9,6,Medium
2181,2024,3.13,6,Medium
2181,2025,3.17,10,Medium
2182,2023,3.44,8,Medium
2182,2024,4.32,7,High
2182,2025,3.88,8,High
2183,2023,3.59,7,Medium
2183,2024,3.42,6,Medium
2183,2025,4.49,6,High
2184,2023,2.81,5,Medium
2184,2024,3.49,7,Medium
2184,2025,3.5,7,Medium
2185,2023,3.46,1,Medium
2185,2024,2.93,5,Medium
2185,2025,2.64,10,Medium
2186,2023,3.84,5,High
2186,2024,3.69,9,Medium
2186,2025,3.55,5,Medium
2187,2023,2.92,9,Medium
2187,2024,3.48,6,Medium
2187,2025,3.03,7,Medium
2188,2023,2.69,9,Medium
2188,2024,4.25,5,High
2188,2025,3.75,8,High
2189,2023,2.92,6,Medium
2189,2024,3.91,9,High
2189,2025,2.48,4,Low
2190,2023,2.76,8,Medium
2190,2024,3.08,6,Medium
2190,2025,3.92,6,High
2191,2023,3.36,8,Medium
2191,2024,4.05,4,High
2191,2025,3.23,6,Medium
2192,2023,3.54,9,Medium
2192,2024,3.55,7,Medium
2192,2025,3.16,6,Medium
2193,2023,3.68,10,Medium
2193,2024,3.05,6,Medium
2193,2025,2.91,8,Medium
2194,2023,3.21,7,Medium
2194,2024,2.93,9,Medium
2194,2025,2.89,8,Medium
2195,2023,4.42,7,High
2195,2024,3.56,3,Medium
2195,2025,3.58,6,Medium
2196,2023,3.33,10,Medium
2196,2024,3.23,10,Medium
2196,2025,2.31,6,Low
2197,2023,3.54,7,Medium
2197,2024,4.04,4,High
2197,2025,2.88,8,Medium
2198,2023,3.36,4,Medium
2198,2024,3.43,6,Medium
2198,2025,3.1,8,Medium
2199,2023,3.39,6,Medium
2199,2024,3.82,7,High
2199,2025,3.05,9,Medium
2200,2023,3.49,9,Medium
2200,2024,2.89,6,Medium
2200,2025,2.1,4,Low
2201,2023,2.96,6,Medium
2201,2024,3.3,5,Medium
2201,2025,3.84,4,High
2202,2023,3.71,9,High
2202,2024,3.46,4,Medium
2202,2025,3.29,7,Medium
2203,2023,3.47,7,Medium
2203,2024,2.82,4,Medium
2203,2025,3.36,6,Medium
2204,2023,4.16,8,High
2204,2024,3.27,7,Medium
2204,2025,3.31,5,Medium
2205,2023,3.24,8,Medium
2205,2024,2.78,6,Medium
2205,2025,4.01,8,High
2206,2023,2.87,7,Medium
2206,2024,2.36,7,Low
2206,2025,2.04,6,Low
2207,2023,3.8,6,High
2207,2024,3.57,6,Medium
2207,2025,2.73,5,Medium
2208,2023,3.61,11,Medium
2208,2024,2.78,7,Medium
2208,2025,3.27,5,Medium
2209,2023,3.11,8,Medium
2209,2024,2.93,9,Medium
2209,2025,3.86,5,High
2210,2023,3.62,8,Medium
2210,2024,3.29,7,Medium
2210,2025,3.77,3,High
2211,2023,3.51,4,Medium
2211,2024,3.1,5,Medium
2211,2025,3.02,5,Medium
2212,2023,3.81,5,High
2212,2024,3.5,6,Medium
2212,2025,3.33,8,Medium
2213,2023,3.35,5,Medium
2213,2024,3.95,9,High
2213,2025,3.77,9,High
2214,2023,3.42,6,Medium
2214,2024,4.48,6,High
2214,2025,3.44,8,Medium
2215,2023,3.69,5,Medium
2215,2024,3.79,3,High
2215,2025,2.68,3,Medium
2216,2023,3.19,7,Medium
2216,2024,3.25,5,Medium
2216,2025,2.21,1,Low
2217,2023,3.24,10,Medium
2217,2024,2.29,11,Low
2217,2025,4.34,5,High
2218,2023,3.81,12,High
2218,2024,3.05,7,Medium
2218,2025,4.48,8,High
2219,2023,3.82,8,High
2219,2024,3.59,6,Medium
2219,2025,3.5,5,Medium
2220,2023,2.97,7,Medium
2220,2024,3.0,4,Medium
2220,2025,3.37,3,Medium
2221,2023,4.41,4,High
2221,2024,3.82,7,High
2221,2025,4.23,6,High
2222,2023,3.75,5,High
2222,2024,3.43,8,Medium
2222,2025,4.47,8,High
2223,2023,4.55,4,High
2223,2024,3.17,5,Medium
2223,2025,3.63,7,Medium
2224,2023,3.83,6,High
2224,2024,3.07,4,Medium
2224,2025,3.24,7,Medium
2225,2023,4.07,6,High
2225,2024,3.52,6,Medium
2225,2025,3.36,3,Medium
2226,2023,3.32,8,Medium
2226,2024,3.45,7,Medium
2226,2025,1.89,9,Low
2227,2023,4.1,8,High
2227,2024,3.23,9,Medium
2227,2025,3.57,6,Medium
2228,2023,3.98,4,High
2228,2024,3.0,8,Medium
2228,2025,2.6,6,Medium
2229,2023,3.93,7,High
2229,2024,3.94,5,High
2229,2025,3.11,7,Medium
2230,2023,3.98,4,High
2230,2024,2.93,9,Medium
2230,2025,3.1,7,Medium
2231,2023,3.63,8,Medium
2231,2024,3.14,5,Medium
2231,2025,3.46,6,Medium
2232,2023,3.3,8,Medium
2232,2024,3.63,7,Medium
2232,2025,3.18,7,Medium
2233,2023,3.18,5,Medium
2233,2024,2.85,6,Medium
2233,2025,3.28,6,Medium
2234,2023,2.93,3,Medium
2234,2024,2.89,5,Medium
2234,2025,2.92,6,Medium
2235,2023,3.59,5,Medium
2235,2024,3.64,6,Medium
2235,2025,3.38,7,Medium
2236,2023,3.63,6,Medium
2236,2024,3.56,6,Medium
2236,2025,2.72,8,Medium
2237,2023,4.35,4,High
2237,2024,2.68,5,Medium
2237,2025,4.07,4,High
2238,2023,3.41,7,Medium
2238,2024,3.14,7,Medium
2238,2025,3.15,7,Medium
2239,2023,3.46,10,Medium
2239,2024,3.11,5,Medium
2239,2025,3.61,7,Medium
2240,2023,2.49,8,Low
2240,2024,3.27,6,Medium
2240,2025,3.63,8,Medium
2241,2023,3.09,8,Medium
2241,2024,2.62,8,Medium
2241,2025,3.09,10,Medium
2242,2023,3.67,10,Medium
2242,2024,3.63,8,Medium
2242,2025,3.33,5,Medium
2243,2023,3.73,12,High
2243,2024,3.27,4,Medium
2243,2025,3.3,6,Medium
2244,2023,3.5,8,Medium
2244,2024,2.65,7,Medium
2244,2025,3.15,7,Medium
2245,2023,2.54,7,Medium
2245,2024,3.52,8,Medium
2245,2025,3.24,4,Medium
2246,2023,3.7,8,Medium
2246,2024,3.75,7,High
2246,2025,3.14,8,Medium
2247,2023,2.72,7,Medium
2247,2024,3.1,4,Medium
2247,2025,3.04,8,Medium
2248,2023,4.33,4,High
2248,2024,3.65,8,Medium
2248,2025,3.79,12,High
2249,2023,4.37,5,High
2249,2024,3.94,5,High
2249,2025,3.8,7,High
2250,2023,3.56,6,Medium
2250,2024,2.26,7,Low
2250,2025,2.58,5,Medium
2251,2023,3.2,4,Medium
2251,2024,3.56,1,Medium
2251,2025,3.14,4,Medium
2252,2023,3.17,7,Medium
2252,2024,2.29,8,Low
2252,2025,3.64,8,Medium
2253,2023,3.88,8,High
2253,2024,2.5,8,Low
2253,2025,2.26,5,Low
2254,2023,3.82,3,High
2254,2024,3.89,6,High
2254,2025,1.94,3,Low
2255,2023,3.69,7,Medium
2255,2024,3.33,6,Medium
2255,2025,3.19,10,Medium
2256,2023,2.43,9,Low
2256,2024,3.23,7,Medium
2256,2025,2.82,5,Medium
2257,2023,3.32,4,Medium
2257,2024,4.37,11,High
2257,2025,4.28,6,High
2258,2023,3.93,7,High
2258,2024,3.08,5,Medium
2258,2025,3.19,10,Medium
2259,2023,3.25,5,Medium
2259,2024,3.8,6,High
2259,2025,2.73,7,Medium
2260,2023,2.78,8,Medium
2260,2024,3.18,6,Medium
2260,2025,2.97,7,Medium
2261,2023,3.07,5,Medium
2261,2024,3.55,6,Medium
2261,2025,2.89,8,Medium
2262,2023,3.57,9,Medium
2262,2024,2.97,7,Medium
2262,2025,3.98,4,High
2263,2023,2.65,10,Medium
2263,2024,2.68,8,Medium
2263,2025,3.09,7,Medium
2264,2023,2.39,10,Low
2264,2024,2.96,10,Medium
2264,2025,2.86,4,Medium
2265,2023,3.28,6,Medium
2265,2024,2.91,4,Medium
2265,2025,3.27,6,Medium
2266,2023,2.99,7,Medium
2266,2024,4.17,3,High
2266,2025,2.51,6,Medium
2267,2023,2.38,6,Low
2267,2024,3.1,9,Medium
2267,2025,2.56,10,Medium
2268,2023,3.35,9,Medium
2268,2024,3.97,6,High
2268,2025,3.6,8,Medium
2269,2023,3.43,6,Medium
2269,2024,2.82,5,Medium
2269,2025,2.78,5,Medium
2270,2023,4.03,9,High
2270,2024,2.93,10,Medium
2270,2025,3.75,6,High
2271,2023,2.93,8,Medium
2271,2024,2.76,5,Medium
2271,2025,2.98,8,Medium
2272,2023,2.93,3,Medium
2272,2024,3.3,9,Medium
2272,2025,3.17,9,Medium
2273,2023,2.66,5,Medium
2273,2024,3.64,9,Medium
2273,2025,3.75,1,High
2274,2023,3.77,6,High
2274,2024,4.09,8,High
2274,2025,3.63,6,Medium
2275,2023,3.02,3,Medium
2275,2024,3.74,7,High
2275,2025,3.43,5,Medium
2276,2023,3.36,9,Medium
2276,2024,3.25,3,Medium
2276,2025,3.71,6,High
2277,2023,3.04,3,Medium
2277,2024,3.11,7,Medium
2277,2025,3.47,4,Medium
2278,2023,3.95,6,High
2278,2024,2.99,5,Medium
2278,2025,4.04,5,High
2279,2023,3.6,7,Medium
2279,2024,3.3,8,Medium
2279,2025,3.46,7,Medium
2280,2023,4.43,6,High
2280,2024,3.57,9,Medium
2280,2025,2.78,5,Medium
2281,2023,2.64,8,Medium
2281,2024,2.89,6,Medium
2281,2025,3.59,11,Medium
2282,2023,3.07,5,Medium
2282,2024,3.9,4,High
2282,2025,3.51,6,Medium
2283,2023,3.49,6,Medium
2283,2024,3.45,7,Medium
2283,2025,3.3,7,Medium
2284,2023,3.31,6,Medium
2284,2024,3.49,9,Medium
2284,2025,2.83,9,Medium
2285,2023,2.76,7,Medium
2285,2024,3.38,6,Medium
2285,2025,3.53,7,Medium
2286,2023,3.01,7,Medium
2286,2024,2.83,3,Medium
2286,2025,3.71,9,High
2287,2023,3.96,8,High
2287,2024,3.59,6,Medium
2287,2025,3.35,5,Medium
2288,2023,2.7,4,Medium
2288,2024,3.44,8,Medium
2288,2025,2.7,10,Medium
2289,2023,3.72,1,High
2289,2024,3.38,6,Medium
2289,2025,3.02,3,Medium
2290,2023,3.12,6,Medium
2290,2024,3.63,6,Medium
2290,2025,3.33,9,Medium
2291,2023,2.9,7,Medium
2291,2024,2.83,8,Medium
2291,2025,3.21,5,Medium
2292,2023,3.13,7,Medium
2292,2024,3.49,7,Medium
2292,2025,3.94,10,High
2293,2023,2.82,6,Medium
2293,2024,2.65,7,Medium
2293,2025,3.96,9,High
2294,2023,3.2,5,Medium
2294,2024,3.64,3,Medium
2294,2025,3.24,6,Medium
2295,2023,3.14,8,Medium
2295,2024,3.69,6,Medium
2295,2025,3.85,7,High
2296,2023,2.79,5,Medium
2296,2024,2.32,6,Low
2296,2025,3.58,4,Medium
2297,2023,4.04,8,High
2297,2024,3.45,8,Medium
2297,2025,3.31,10,Medium
2298,2023,3.47,4,Medium
2298,2024,3.84,10,High
2298,2025,3.7,6,Medium
2299,2023,2.87,2,Medium
2299,2024,2.72,9,Medium
2299,2025,2.57,9,Medium
2300,2023,3.5,6,Medium
2300,2024,4.14,4,High
2300,2025,2.39,1,Low
2301,2023,3.22,4,Medium
2301,2024,4.08,5,High
2301,2025,3.27,8,Medium
2302,2023,3.38,7,Medium
2302,2024,2.77,7,Medium
2302,2025,2.61,6,Medium
2303,2023,3.33,6,Medium
2303,2024,2.53,8,Medium
2303,2025,3.03,8,Medium
2304,2023,3.37,7,Medium
2304,2024,4.26,8,High
2304,2025,3.15,4,Medium
2305,2023,2.83,4,Medium
2305,2024,3.39,8,Medium
2305,2025,3.25,5,Medium
2306,2023,3.31,6,Medium
2306,2024,3.35,5,Medium
2306,2025,3.24,5,Medium
2307,2023,3.51,5,Medium
2307,2024,3.84,10,High
2307,2025,3.27,7,Medium
2308,2023,3.0,7,Medium
2308,2024,3.95,3,High
2308,2025,3.21,5,Medium
2309,2023,3.99,5,High
2309,2024,3.75,7,High
2309,2025,3.62,5,Medium
2310,2023,3.52,7,Medium
2310,2024,2.95,3,Medium
2310,2025,3.17,4,Medium
2311,2023,2.87,3,Medium
2311,2024,2.9,6,Medium
2311,2025,2.94,4,Medium
2312,2023,2.86,6,Medium
2312,2024,4.03,3,High
2312,2025,3.09,3,Medium
2313,2023,3.34,5,Medium
2313,2024,3.82,10,High
2313,2025,4.11,3,High
2314,2023,3.36,6,Medium
2314,2024,3.37,7,Medium
2314,2025,2.87,7,Medium
2315,2023,2.47,5,Low
2315,2024,3.74,4,High
2315,2025,3.26,6,Medium
2316,2023,3.35,9,Medium
2316,2024,3.27,6,Medium
2316,2025,2.66,7,Medium
2317,2023,2.7,6,Medium
2317,2024,3.32,10,Medium
2317,2025,3.25,4,Medium
2318,2023,4.11,9,High
2318,2024,3.29,4,Medium
2318,2025,3.23,6,Medium
2319,2023,3.51,9,Medium
2319,2024,4.05,8,High
2319,2025,4.11,4,High
2320,2023,2.63,6,Medium
2320,2024,3.12,9,Medium
2320,2025,3.68,8,Medium
2321,2023,3.41,4,Medium
2321,2024,2.4,6,Low
2321,2025,3.5,7,Medium
2322,2023,2.95,6,Medium
2322,2024,3.45,4,Medium
2322,2025,3.5,7,Medium
2323,2023,3.79,10,High
2323,2024,3.41,7,Medium
2323,2025,3.59,3,Medium
2324,2023,3.45,4,Medium
2324,2024,3.51,8,Medium
2324,2025,4.07,7,High
2325,2023,3.61,7,Medium
2325,2024,3.03,7,Medium
2325,2025,3.56,10,Medium
2326,2023,3.28,8,Medium
2326,2024,3.84,6,High
2326,2025,3.77,6,High
2327,2023,3.88,7,High
2327,2024,3.07,2,Medium
2327,2025,3.75,11,High
2328,2023,2.59,6,Medium
2328,2024,2.61,4,Medium
2328,2025,3.01,6,Medium
2329,2023,3.54,5,Medium
2329,2024,3.42,10,Medium
2329,2025,3.06,7,Medium
2330,2023,3.12,7,Medium
2330,2024,3.79,8,High
2330,2025,2.81,5,Medium
2331,2023,2.26,6,Low
2331,2024,3.07,7,Medium
2331,2025,2.63,8,Medium
2332,2023,3.57,4,Medium
2332,2024,2.74,5,Medium
2332,2025,2.53,1,Medium
2333,2023,3.12,5,Medium
2333,2024,3.91,7,High
2333,2025,3.2,9,Medium
2334,2023,3.8,8,High
2334,2024,3.44,5,Medium
2334,2025,2.67,6,Medium
2335,2023,3.09,8,Medium
2335,2024,3.65,6,Medium
2335,2025,3.23,6,Medium
2336,2023,3.97,9,High
2336,2024,3.52,8,Medium
2336,2025,4.01,5,High
2337,2023,3.23,5,Medium
2337,2024,2.37,10,Low
2337,2025,2.67,7,Medium
2338,2023,3.94,9,High
2338,2024,3.13,4,Medium
2338,2025,3.45,7,Medium
2339,2023,3.6,8,Medium
2339,2024,3.38,9,Medium
2339,2025,3.25,9,Medium
2340,2023,3.3,6,Medium
2340,2024,3.07,7,Medium
2340,2025,3.48,6,Medium
2341,2023,2.95,8,Medium
2341,2024,3.21,4,Medium
2341,2025,4.22,3,High
2342,2023,3.85,7,High
2342,2024,3.06,6,Medium
2342,2025,2.61,7,Medium
2343,2023,3.59,6,Medium
2343,2024,4.14,9,High
2343,2025,2.46,8,Low
2344,2023,3.52,6,Medium
2344,2024,3.35,6,Medium
2344,2025,2.69,3,Medium
2345,2023,4.09,11,High
2345,2024,3.19,6,Medium
2345,2025,3.47,8,Medium
2346,2023,2.99,7,Medium
2346,2024,2.58,6,Medium
2346,2025,3.08,7,Medium
2347,2023,3.12,2,Medium
2347,2024,3.44,8,Medium
2347,2025,4.25,5,High
2348,2023,3.46,8,Medium
2348,2024,3.4,8,Medium
2348,2025,3.55,6,Medium
2349,2023,3.97,9,High
2349,2024,2.54,10,Medium
2349,2025,3.43,5,Medium
2350,2023,3.21,5,Medium
2350,2024,3.34,3,Medium
2350,2025,3.09,6,Medium
2351,2023,4.06,7,High
2351,2024,2.25,5,Low
2351,2025,3.18,6,Medium
2352,2023,3.87,11,High
2352,2024,3.07,7,Medium
2352,2025,1.9,6,Low
2353,2023,4.45,7,High
2353,2024,4.35,7,High
2353,2025,2.98,2,Medium
2354,2023,3.59,6,Medium
2354,2024,3.25,6,Medium
2354,2025,2.48,9,Low
2355,2023,3.57,6,Medium
2355,2024,2.87,10,Medium
2355,2025,3.14,8,Medium
2356,2023,3.77,9,High
2356,2024,3.69,5,Medium
2356,2025,3.71,7,High
2357,2023,3.13,10,Medium
2357,2024,2.42,3,Low
2357,2025,3.31,8,Medium
2358,2023,3.5,9,Medium
2358,2024,2.55,6,Medium
2358,2025,3.05,7,Medium
2359,2023,3.58,9,Medium
2359,2024,3.4,10,Medium
2359,2025,4.05,3,High
2360,2023,3.2,9,Medium
2360,2024,3.39,4,Medium
2360,2025,3.56,8,Medium
2361,2023,3.72,3,High
2361,2024,2.96,3,Medium
2361,2025,4.31,11,High
2362,2023,4.11,8,High
2362,2024,3.25,2,Medium
2362,2025,3.9,4,High
2363,2023,3.28,5,Medium
2363,2024,3.84,6,High
2363,2025,4.13,5,High
2364,2023,2.37,4,Low
2364,2024,3.91,5,High
2364,2025,3.85,6,High
2365,2023,2.87,5,Medium
2365,2024,2.22,8,Low
2365,2025,3.32,4,Medium
2366,2023,3.25,8,Medium
2366,2024,2.65,7,Medium
2366,2025,2.7,5,Medium
2367,2023,3.75,5,High
2367,2024,3.45,8,Medium
2367,2025,3.12,5,Medium
2368,2023,3.44,9,Medium
2368,2024,3.13,6,Medium
2368,2025,4.0,9,High
2369,2023,4.12,3,High
2369,2024,3.22,6,Medium
2369,2025,3.04,5,Medium
2370,2023,3.48,10,Medium
2370,2024,3.14,7,Medium
2370,2025,3.65,5,Medium
2371,2023,2.9,4,Medium
2371,2024,3.41,5,Medium
2371,2025,2.98,7,Medium
2372,2023,3.09,8,Medium
2372,2024,3.23,10,Medium
2372,2025,3.24,7,Medium
2373,2023,3.61,2,Medium
2373,2024,3.63,7,Medium
2373,2025,3.47,7,Medium
2374,2023,3.76,6,High
2374,2024,3.88,8,High
2374,2025,3.27,7,Medium
2375,2023,3.35,8,Medium
2375,2024,3.19,4,Medium
2375,2025,2.97,7,Medium
2376,2023,3.86,4,High
2376,2024,4.3,4,High
2376,2025,3.98,7,High
2377,2023,4.03,5,High
2377,2024,3.8,5,High
2377,2025,3.76,7,High
2378,2023,3.81,6,High
2378,2024,3.86,4,High
2378,2025,4.17,6,High
2379,2023,3.53,8,Medium
2379,2024,3.71,7,High
2379,2025,4.15,11,High
2380,2023,2.82,7,Medium
2380,2024,2.88,10,Medium
2380,2025,2.86,4,Medium
2381,2023,3.49,6,Medium
2381,2024,4.1,4,High
2381,2025,4.52,5,High
2382,2023,2.97,10,Medium
2382,2024,2.65,3,Medium
2382,2025,3.05,8,Medium
2383,2023,3.14,7,Medium
2383,2024,2.93,8,Medium
2383,2025,3.29,6,Medium
2384,2023,3.05,9,Medium
2384,2024,3.53,7,Medium
2384,2025,3.28,8,Medium
2385,2023,1.98,2,Low
2385,2024,2.6,4,Medium
2385,2025,2.97,6,Medium
2386,2023,2.42,8,Low
2386,2024,3.31,4,Medium
2386,2025,3.5,3,Medium
2387,2023,3.21,7,Medium
2387,2024,2.99,4,Medium
2387,2025,3.02,7,Medium
2388,2023,3.12,6,Medium
2388,2024,3.41,8,Medium
2388,2025,2.96,3,Medium
2389,2023,3.24,5,Medium
2389,2024,3.12,6,Medium
2389,2025,3.12,8,Medium
2390,2023,4.43,5,High
2390,2024,3.32,6,Medium
2390,2025,3.63,4,Medium
2391,2023,3.4,7,Medium
2391,2024,2.96,8,Medium
2391,2025,3.57,6,Medium
2392,2023,2.48,5,Low
2392,2024,3.2,5,Medium
2392,2025,3.22,6,Medium
2393,2023,3.56,7,Medium
2393,2024,3.16,6,Medium
2393,2025,3.95,9,High
2394,2023,4.31,6,High
2394,2024,2.68,4,Medium
2394,2025,3.3,10,Medium
2395,2023,2.97,5,Medium
2395,2024,3.15,5,Medium
2395,2025,3.27,6,Medium
2396,2023,3.01,9,Medium
2396,2024,3.92,8,High
2396,2025,2.94,7,Medium
2397,2023,3.87,7,High
2397,2024,3.76,7,High
2397,2025,3.67,7,Medium
2398,2023,3.84,7,High
2398,2024,3.32,6,Medium
2398,2025,3.85,5,High
2399,2023,3.88,8,High
2399,2024,2.68,4,Medium
2399,2025,3.53,6,Medium
2400,2023,3.23,5,Medium
2400,2024,3.25,5,Medium
2400,2025,3.01,8,Medium
2401,2023,3.49,7,Medium
2401,2024,2.41,9,Low
2401,2025,3.03,6,Medium
2402,2023,2.74,7,Medium
2402,2024,2.45,5,Low
2402,2025,3.77,7,High
2403,2023,2.82,4,Medium
2403,2024,4.15,5,High
2403,2025,3.66,7,Medium
2404,2023,3.71,3,High
2404,2024,3.29,9,Medium
2404,2025,4.04,7,High
2405,2023,3.58,5,Medium
2405,2024,3.13,7,Medium
2405,2025,3.81,8,High
2406,2023,3.06,10,Medium
2406,2024,2.94,4,Medium
2406,2025,3.19,5,Medium
2407,2023,4.2,9,High
2407,2024,3.09,6,Medium
2407,2025,3.93,7,High
2408,2023,3.35,3,Medium
2408,2024,3.38,7,Medium
2408,2025,3.0,6,Medium
2409,2023,3.18,7,Medium
2409,2024,3.6,7,Medium
2409,2025,3.17,4,Medium
2410,2023,3.18,5,Medium
2410,2024,3.0,9,Medium
2410,2025,3.36,6,Medium
2411,2023,3.43,10,Medium
2411,2024,3.51,9,Medium
2411,2025,3.05,7,Medium
2412,2023,3.51,6,Medium
2412,2024,3.65,6,Medium
2412,2025,2.53,6,Medium
2413,2023,3.45,6,Medium
2413,2024,2.61,11,Medium
2413,2025,3.81,6,High
2414,2023,4.49,9,High
2414,2024,3.56,6,Medium
2414,2025,3.29,3,Medium
2415,2023,3.13,5,Medium
2415,2024,2.87,6,Medium
2415,2025,2.56,6,Medium
2416,2023,2.1,7,Low
2416,2024,2.72,6,Medium
2416,2025,2.94,3,Medium
2417,2023,2.85,8,Medium
2417,2024,3.08,6,Medium
2417,2025,3.11,6,Medium
2418,2023,2.93,7,Medium
2418,2024,3.27,8,Medium
2418,2025,3.31,8,Medium
2419,2023,3.16,7,Medium
2419,2024,3.61,9,Medium
2419,2025,4.47,8,High
2420,2023,3.82,5,High
2420,2024,3.36,5,Medium
2420,2025,3.03,6,Medium
2421,2023,4.45,10,High
2421,2024,3.58,7,Medium
2421,2025,3.28,4,Medium
2422,2023,3.8,8,High
2422,2024,3.58,5,Medium
2422,2025,3.8,11,High
2423,2023,3.16,7,Medium
2423,2024,2.69,3,Medium
2423,2025,2.99,6,Medium
2424,2023,2.71,6,Medium
2424,2024,3.57,6,Medium
2424,2025,3.55,8,Medium
2425,2023,3.81,7,High
2425,2024,3.91,9,High
2425,2025,2.3,8,Low
2426,2023,3.17,7,Medium
2426,2024,3.19,4,Medium
2426,2025,3.06,7,Medium
2427,2023,3.46,8,Medium
2427,2024,2.95,7,Medium
2427,2025,3.99,7,High
2428,2023,2.47,3,Low
2428,2024,2.66,7,Medium
2428,2025,2.77,6,Medium
2429,2023,3.35,8,Medium
2429,2024,2.76,9,Medium
2429,2025,3.58,8,Medium
2430,2023,2.89,6,Medium
2430,2024,3.4,5,Medium
2430,2025,3.58,6,Medium
2431,2023,3.81,6,High
2431,2024,3.14,8,Medium
2431,2025,3.67,8,Medium
2432,2023,2.34,8,Low
2432,2024,4.46,6,High
2432,2025,3.76,8,High
2433,2023,3.86,7,High
2433,2024,3.32,3,Medium
2433,2025,3.38,4,Medium
2434,2023,3.38,4,Medium
2434,2024,2.98,5,Medium
2434,2025,3.35,8,Medium
2435,2023,4.1,9,High
2435,2024,2.96,6,Medium
2435,2025,3.89,6,High
2436,2023,2.68,5,Medium
2436,2024,2.67,7,Medium
2436,2025,3.08,5,Medium
2437,2023,3.3,7,Medium
2437,2024,2.34,9,Low
2437,2025,3.65,6,Medium
2438,2023,2.61,6,Medium
2438,2024,1.96,6,Low
2438,2025,2.84,6,Medium
2439,2023,2.77,7,Medium
2439,2024,3.3,8,Medium
2439,2025,3.39,4,Medium
2440,2023,2.68,4,Medium
2440,2024,3.2,5,Medium
2440,2025,3.76,7,High
2441,2023,4.04,8,High
2441,2024,2.96,10,Medium
2441,2025,3.23,8,Medium
2442,2023,3.05,6,Medium
2442,2024,3.34,4,Medium
2442,2025,3.97,7,High
2443,2023,3.25,7,Medium
2443,2024,3.09,6,Medium
2443,2025,3.38,6,Medium
2444,2023,3.08,7,Medium
2444,2024,3.11,7,Medium
2444,2025,3.53,10,Medium
2445,2023,2.69,5,Medium
2445,2024,1.96,7,Low
2445,2025,2.83,6,Medium
2446,2023,2.8,6,Medium
2446,2024,3.1,7,Medium
2446,2025,3.32,9,Medium
2447,2023,3.12,8,Medium
2447,2024,2.75,4,Medium
2447,2025,3.19,7,Medium
2448,2023,3.4,3,Medium
2448,2024,2.77,6,Medium
2448,2025,2.98,9,Medium
2449,2023,3.91,6,High
2449,2024,3.4,5,Medium
2449,2025,3.71,10,High
2450,2023,3.74,7,High
2450,2024,3.35,9,Medium
2450,2025,3.96,9,High
2451,2023,3.26,6,Medium
2451,2024,2.86,8,Medium
2451,2025,3.06,6,Medium
2452,2023,3.62,6,Medium
2452,2024,3.4,7,Medium
2452,2025,3.29,8,Medium
2453,2023,3.27,6,Medium
2453,2024,3.41,8,Medium
2453,2025,4.0,5,High
2454,2023,2.27,7,Low
2454,2024,3.21,3,Medium
2454,2025,3.6,7,Medium
2455,2023,3.75,4,High
2455,2024,3.86,9,High
2455,2025,4.13,6,High
2456,2023,2.71,6,Medium
2456,2024,3.16,7,Medium
2456,2025,2.56,6,Medium
2457,2023,3.44,6,Medium
2457,2024,3.82,6,High
2457,2025,3.39,4,Medium
2458,2023,2.86,3,Medium
2458,2024,4.44,5,High
2458,2025,3.78,5,High
2459,2023,3.09,3,Medium
2459,2024,3.53,7,Medium
2459,2025,3.24,6,Medium
2460,2023,3.67,8,Medium
2460,2024,4.04,6,High
2460,2025,3.48,6,Medium
2461,2023,2.93,7,Medium
2461,2024,2.85,3,Medium
2461,2025,3.44,6,Medium
2462,2023,3.67,8,Medium
2462,2024,2.55,11,Medium
2462,2025,3.26,5,Medium
2463,2023,3.3,8,Medium
2463,2024,2.99,6,Medium
2463,2025,2.72,8,Medium
2464,2023,3.38,7,Medium
2464,2024,3.45,4,Medium
2464,2025,3.27,7,Medium
2465,2023,3.3,7,Medium
2465,2024,3.14,6,Medium
2465,2025,3.22,3,Medium
2466,2023,4.13,6,High
2466,2024,3.4,6,Medium
2466,2025,3.65,6,Medium
2467,2023,3.05,8,Medium
2467,2024,3.06,5,Medium
2467,2025,3.51,7,Medium
2468,2023,2.78,7,Medium
2468,2024,2.66,4,Medium
2468,2025,2.73,3,Medium
2469,2023,3.21,6,Medium
2469,2024,4.44,6,High
2469,2025,4.32,5,High
2470,2023,4.19,7,High
2470,2024,4.18,7,High
2470,2025,4.02,5,High
2471,2023,2.81,9,Medium
2471,2024,3.81,5,High
2471,2025,2.7,10,Medium
2472,2023,3.8,8,High
2472,2024,3.33,7,Medium
2472,2025,2.74,4,Medium
2473,2023,3.83,4,High
2473,2024,3.19,7,Medium
2473,2025,3.57,6,Medium
2474,2023,3.07,5,Medium
2474,2024,2.95,8,Medium
2474,2025,3.91,6,High
2475,2023,3.38,4,Medium
2475,2024,3.36,6,Medium
2475,2025,2.88,6,Medium
2476,2023,2.99,8,Medium
2476,2024,3.55,6,Medium
2476,2025,2.87,7,Medium
2477,2023,3.22,9,Medium
2477,2024,3.51,3,Medium
2477,2025,3.57,10,Medium
2478,2023,3.51,4,Medium
2478,2024,3.48,4,Medium
2478,2025,3.05,6,Medium
2479,2023,3.64,5,Medium
2479,2024,2.99,10,Medium
2479,2025,3.28,5,Medium
2480,2023,2.18,5,Low
2480,2024,3.62,6,Medium
2480,2025,3.78,10,High
2481,2023,3.78,9,High
2481,2024,3.79,7,High
2481,2025,3.34,4,Medium
2482,2023,3.93,3,High
2482,2024,3.0,5,Medium
2482,2025,3.77,3,High
2483,2023,3.23,4,Medium
2483,2024,4.28,3,High
2483,2025,3.48,7,Medium
2484,2023,2.9,4,Medium
2484,2024,2.34,8,Low
2484,2025,3.08,7,Medium
2485,2023,3.53,6,Medium
2485,2024,2.75,8,Medium
2485,2025,2.4,6,Low
2486,2023,3.37,7,Medium
2486,2024,4.2,5,High
2486,2025,4.2,8,High
2487,2023,2.18,9,Low
2487,2024,3.91,6,High
2487,2025,3.87,9,High
2488,2023,2.45,6,Low
2488,2024,3.08,8,Medium
2488,2025,3.92,6,High
2489,2023,3.62,6,Medium
2489,2024,4.03,5,High
2489,2025,2.86,8,Medium
2490,2023,3.7,4,Medium
2490,2024,3.26,7,Medium
2490,2025,3.14,9,Medium
2491,2023,2.93,4,Medium
2491,2024,3.03,8,Medium
2491,2025,3.31,9,Medium
2492,2023,2.85,5,Medium
2492,2024,3.5,6,Medium
2492,2025,2.15,5,Low
2493,2023,4.08,7,High
2493,2024,2.87,4,Medium
2493,2025,3.26,8,Medium
2494,2023,3.7,5,Medium
2494,2024,3.72,4,High
2494,2025,3.48,7,Medium
2495,2023,3.73,4,High
2495,2024,3.43,6,Medium
2495,2025,3.22,9,Medium
2496,2023,2.94,8,Medium
2496,2024,3.05,9,Medium
2496,2025,3.13,6,Medium
2497,2023,2.98,6,Medium
2497,2024,2.72,7,Medium
2497,2025,2.4,6,Low
2498,2023,3.03,8,Medium
2498,2024,3.91,4,High
2498,2025,3.34,6,Medium
2499,2023,3.06,9,Medium
2499,2024,3.72,6,High
2499,2025,3.26,7,Medium
2500,2023,3.49,11,Medium
2500,2024,3.13,5,Medium
2500,2025,3.16,6,Medium
2501,2023,2.6,3,Medium
2501,2024,3.09,7,Medium
2501,2025,2.76,8,Medium
2502,2023,3.24,8,Medium
2502,2024,3.71,10,High
2502,2025,3.69,8,Medium
2503,2023,2.95,6,Medium
2503,2024,3.17,8,Medium
2503,2025,3.24,6,Medium
2504,2023,3.97,8,High
2504,2024,2.74,12,Medium
2504,2025,4.0,11,High
2505,2023,3.54,10,Medium
2505,2024,3.11,7,Medium
2505,2025,3.3,5,Medium
2506,2023,3.33,6,Medium
2506,2024,2.47,11,Low
2506,2025,3.21,6,Medium
2507,2023,2.92,9,Medium
2507,2024,2.26,5,Low
2507,2025,2.74,7,Medium
2508,2023,3.79,8,High
2508,2024,3.21,5,Medium
2508,2025,3.71,4,High
2509,2023,3.77,5,High
2509,2024,3.04,8,Medium
2509,2025,4.0,9,High
2510,2023,3.83,5,High
2510,2024,3.22,5,Medium
2510,2025,2.78,5,Medium
2511,2023,3.57,9,Medium
2511,2024,3.37,5,Medium
2511,2025,3.6,4,Medium
2512,2023,3.66,6,Medium
2512,2024,3.58,5,Medium
2512,2025,3.47,9,Medium
2513,2023,3.55,8,Medium
2513,2024,3.23,7,Medium
2513,2025,3.85,9,High
2514,2023,3.05,7,Medium
2514,2024,3.15,6,Medium
2514,2025,3.67,5,Medium
2515,2023,4.42,6,High
2515,2024,3.38,4,Medium
2515,2025,3.95,9,High
2516,2023,2.61,5,Medium
2516,2024,3.22,3,Medium
2516,2025,3.39,9,Medium
2517,2023,3.83,6,High
2517,2024,3.34,3,Medium
2517,2025,3.18,4,Medium
2518,2023,2.8,4,Medium
2518,2024,3.23,3,Medium
2518,2025,4.06,6,High
2519,2023,3.32,8,Medium
2519,2024,4.57,7,High
2519,2025,3.46,3,Medium
2520,2023,3.48,5,Medium
2520,2024,4.09,7,High
2520,2025,3.17,6,Medium
2521,2023,4.16,7,High
2521,2024,3.34,7,Medium
2521,2025,3.22,4,Medium
2522,2023,3.17,4,Medium
2522,2024,2.43,6,Low
2522,2025,2.72,5,Medium
2523,2023,2.98,7,Medium
2523,2024,3.46,9,Medium
2523,2025,3.72,9,High
2524,2023,3.2,4,Medium
2524,2024,4.58,5,High
2524,2025,2.75,4,Medium
2525,2023,2.56,8,Medium
2525,2024,3.43,7,Medium
2525,2025,2.94,9,Medium
2526,2023,2.19,5,Low
2526,2024,3.31,6,Medium
2526,2025,3.26,6,Medium
2527,2023,3.55,7,Medium
2527,2024,3.43,7,Medium
2527,2025,3.44,4,Medium
2528,2023,4.2,3,High
2528,2024,3.92,6,High
2528,2025,3.79,4,High
2529,2023,4.15,6,High
2529,2024,3.62,7,Medium
2529,2025,3.8,4,High
2530,2023,2.02,4,Low
2530,2024,4.6,6,High
2530,2025,3.47,11,Medium
2531,2023,3.98,5,High
2531,2024,3.86,8,High
2531,2025,3.81,4,High
2532,2023,2.96,9,Medium
2532,2024,3.7,6,Medium
2532,2025,3.48,7,Medium
2533,2023,2.94,5,Medium
2533,2024,3.53,6,Medium
2533,2025,3.51,10,Medium
2534,2023,2.91,5,Medium
2534,2024,2.6,6,Medium
2534,2025,2.67,7,Medium
2535,2023,3.75,7,High
2535,2024,3.28,6,Medium
2535,2025,3.68,6,Medium
2536,2023,3.04,9,Medium
2536,2024,3.05,8,Medium
2536,2025,2.69,6,Medium
2537,2023,2.83,7,Medium
2537,2024,3.07,8,Medium
2537,2025,2.36,7,Low
2538,2023,3.76,4,High
2538,2024,3.62,9,Medium
2538,2025,2.96,3,Medium
2539,2023,3.05,11,Medium
2539,2024,1.87,6,Low
2539,2025,2.89,10,Medium
2540,2023,3.14,5,Medium
2540,2024,3.51,8,Medium
2540,2025,4.29,4,High
2541,2023,3.19,7,Medium
2541,2024,3.23,4,Medium
2541,2025,2.38,7,Low
2542,2023,3.02,10,Medium
2542,2024,2.89,8,Medium
2542,2025,2.34,8,Low
2543,2023,3.88,6,High
2543,2024,3.3,5,Medium
2543,2025,3.35,11,Medium
2544,2023,3.85,3,High
2544,2024,2.47,9,Low
2544,2025,2.53,8,Medium
2545,2023,4.08,6,High
2545,2024,3.01,8,Medium
2545,2025,3.76,7,High
2546,2023,3.23,7,Medium
2546,2024,4.01,6,High
2546,2025,3.78,4,High
2547,2023,4.15,4,High
2547,2024,2.7,8,Medium
2547,2025,3.76,6,High
2548,2023,3.93,7,High
2548,2024,3.45,4,Medium
2548,2025,3.18,4,Medium
2549,2023,3.59,5,Medium
2549,2024,4.04,10,High
2549,2025,3.09,5,Medium
2550,2023,4.25,4,High
2550,2024,2.61,9,Medium
2550,2025,3.15,10,Medium
2551,2023,3.1,3,Medium
2551,2024,3.66,5,Medium
2551,2025,3.42,11,Medium
2552,2023,3.69,6,Medium
2552,2024,3.0,8,Medium
2552,2025,3.24,6,Medium
2553,2023,3.05,7,Medium
2553,2024,2.96,6,Medium
2553,2025,3.19,6,Medium
2554,2023,2.86,5,Medium
2554,2024,3.02,7,Medium
2554,2025,2.95,6,Medium
2555,2023,3.59,8,Medium
2555,2024,3.52,6,Medium
2555,2025,3.55,5,Medium
2556,2023,3.47,5,Medium
2556,2024,3.64,6,Medium
2556,2025,3.26,3,Medium
2557,2023,3.04,8,Medium
2557,2024,3.27,8,Medium
2557,2025,2.77,10,Medium
2558,2023,3.32,4,Medium
2558,2024,3.62,6,Medium
2558,2025,3.19,5,Medium
2559,2023,3.75,9,High
2559,2024,3.05,8,Medium
2559,2025,3.6,7,Medium
2560,2023,3.29,7,Medium
2560,2024,3.8,9,High
2560,2025,3.91,6,High
2561,2023,3.55,8,Medium
2561,2024,3.34,8,Medium
2561,2025,3.81,5,High
2562,2023,3.99,5,High
2562,2024,3.69,5,Medium
2562,2025,3.71,9,High
2563,2023,3.37,8,Medium
2563,2024,3.54,9,Medium
2563,2025,3.59,5,Medium
2564,2023,3.56,10,Medium
2564,2024,3.39,5,Medium
2564,2025,2.84,3,Medium
2565,2023,3.86,2,High
2565,2024,2.34,6,Low
2565,2025,2.92,6,Medium
2566,2023,3.88,5,High
2566,2024,2.94,2,Medium
2566,2025,3.76,8,High
2567,2023,3.22,7,Medium
2567,2024,3.34,8,Medium
2567,2025,2.92,9,Medium
2568,2023,3.33,3,Medium
2568,2024,3.75,8,High
2568,2025,3.49,7,Medium
2569,2023,2.89,9,Medium
2569,2024,3.09,9,Medium
2569,2025,2.97,6,Medium
2570,2023,2.88,12,Medium
2570,2024,3.49,9,Medium
2570,2025,3.77,6,High
2571,2023,3.1,5,Medium
2571,2024,3.04,4,Medium
2571,2025,3.25,5,Medium
2572,2023,2.64,7,Medium
2572,2024,2.21,6,Low
2572,2025,3.53,9,Medium
2573,2023,3.37,9,Medium
2573,2024,2.2,8,Low
2573,2025,3.03,6,Medium
2574,2023,3.1,9,Medium
2574,2024,2.9,7,Medium
2574,2025,2.71,11,Medium
2575,2023,3.42,3,Medium
2575,2024,3.1,7,Medium
2575,2025,3.43,8,Medium
2576,2023,3.03,10,Medium
2576,2024,3.88,6,High
2576,2025,4.37,8,High
2577,2023,3.32,2,Medium
2577,2024,3.62,6,Medium
2577,2025,3.19,8,Medium
2578,2023,4.15,7,High
2578,2024,3.15,6,Medium
2578,2025,2.74,5,Medium
2579,2023,2.8,6,Medium
2579,2024,3.05,7,Medium
2579,2025,3.53,7,Medium
2580,2023,2.96,11,Medium
2580,2024,4.0,5,High
2580,2025,3.21,9,Medium
2581,2023,3.35,8,Medium
2581,2024,3.36,6,Medium
2581,2025,3.89,8,High
2582,2023,2.69,10,Medium
2582,2024,3.73,4,High
2582,2025,3.03,11,Medium
2583,2023,3.45,10,Medium
2583,2024,3.15,9,Medium
2583,2025,3.34,6,Medium
2584,2023,3.52,5,Medium
2584,2024,3.7,12,Medium
2584,2025,3.52,8,Medium
2585,2023,3.36,9,Medium
2585,2024,3.52,11,Medium
2585,2025,3.28,10,Medium
2586,2023,3.35,6,Medium
2586,2024,3.63,5,Medium
2586,2025,3.92,5,High
2587,2023,3.63,6,Medium
2587,2024,3.75,4,High
2587,2025,2.71,7,Medium
2588,2023,3.87,4,High
2588,2024,3.56,9,Medium
2588,2025,3.08,10,Medium
2589,2023,2.82,8,Medium
2589,2024,3.6,8,Medium
2589,2025,3.54,9,Medium
2590,2023,2.6,5,Medium
2590,2024,3.05,5,Medium
2590,2025,2.52,8,Medium
2591,2023,3.48,3,Medium
2591,2024,3.34,7,Medium
2591,2025,3.64,9,Medium
2592,2023,3.45,5,Medium
2592,2024,2.74,8,Medium
2592,2025,2.65,8,Medium
2593,2023,3.45,6,Medium
2593,2024,3.45,5,Medium
2593,2025,2.89,7,Medium
2594,2023,3.35,6,Medium
2594,2024,2.69,7,Medium
2594,2025,3.71,6,High
2595,2023,3.79,5,High
2595,2024,4.01,6,High
2595,2025,3.35,7,Medium
2596,2023,4.34,9,High
2596,2024,3.88,8,High
2596,2025,4.07,4,High
2597,2023,3.93,7,High
2597,2024,3.81,8,High
2597,2025,2.93,9,Medium
2598,2023,3.31,6,Medium
2598,2024,3.55,12,Medium
2598,2025,3.11,7,Medium
2599,2023,3.31,6,Medium
2599,2024,2.75,4,Medium
2599,2025,3.38,8,Medium
2600,2023,3.62,6,Medium
2600,2024,4.05,4,High
2600,2025,3.02,6,Medium
2601,2023,3.23,10,Medium
2601,2024,2.99,6,Medium
2601,2025,3.46,5,Medium
2602,2023,3.1,5,Medium
2602,2024,2.95,11,Medium
2602,2025,4.02,6,High
2603,2023,3.5,7,Medium
2603,2024,2.51,8,Medium
2603,2025,2.91,3,Medium
2604,2023,3.42,5,Medium
2604,2024,3.46,6,Medium
2604,2025,2.54,5,Medium
2605,2023,3.01,6,Medium
2605,2024,3.82,11,High
2605,2025,3.51,10,Medium
2606,2023,3.67,3,Medium
2606,2024,2.36,6,Low
2606,2025,2.45,9,Low
2607,2023,3.04,6,Medium
2607,2024,2.71,5,Medium
2607,2025,2.89,9,Medium
2608,2023,3.04,7,Medium
2608,2024,3.36,4,Medium
2608,2025,3.08,5,Medium
2609,2023,3.78,6,High
2609,2024,1.99,5,Low
2609,2025,3.31,5,Medium
2610,2023,3.35,8,Medium
2610,2024,3.6,5,Medium
2610,2025,3.62,3,Medium
2611,2023,3.09,8,Medium
2611,2024,3.4,7,Medium
2611,2025,3.7,5,Medium
2612,2023,3.16,8,Medium
2612,2024,3.73,7,High
2612,2025,3.87,7,High
2613,2023,3.01,7,Medium
2613,2024,3.23,7,Medium
2613,2025,2.58,7,Medium
2614,2023,3.69,8,Medium
2614,2024,2.77,5,Medium
2614,2025,3.94,6,High
2615,2023,2.96,7,Medium
2615,2024,4.02,4,High
2615,2025,3.02,7,Medium
2616,2023,2.75,6,Medium
2616,2024,3.32,8,Medium
2616,2025,3.08,7,Medium
2617,2023,3.32,8,Medium
2617,2024,3.92,9,High
2617,2025,3.79,4,High
2618,2023,3.57,8,Medium
2618,2024,3.3,10,Medium
2618,2025,3.3,7,Medium
2619,2023,3.93,7,High
2619,2024,4.42,6,High
2619,2025,4.14,8,High
2620,2023,2.82,7,Medium
2620,2024,3.87,10,High
2620,2025,3.22,7,Medium
2621,2023,3.39,3,Medium
2621,2024,3.89,7,High
2621,2025,3.49,6,Medium
2622,2023,3.51,6,Medium
2622,2024,2.99,4,Medium
2622,2025,2.36,4,Low
2623,2023,3.18,7,Medium
2623,2024,2.64,10,Medium
2623,2025,3.64,3,Medium
2624,2023,2.9,4,Medium
2624,2024,2.95,7,Medium
2624,2025,2.98,10,Medium
2625,2023,3.85,7,High
2625,2024,3.66,3,Medium
2625,2025,2.03,4,Low
2626,2023,2.04,5,Low
2626,2024,3.56,6,Medium
2626,2025,3.22,8,Medium
2627,2023,3.56,9,Medium
2627,2024,3.66,5,Medium
2627,2025,3.71,7,High
2628,2023,3.12,8,Medium
2628,2024,3.42,10,Medium
2628,2025,2.62,8,Medium
2629,2023,3.15,3,Medium
2629,2024,3.27,11,Medium
2629,2025,3.38,8,Medium
2630,2023,3.01,9,Medium
2630,2024,3.02,7,Medium
2630,2025,3.33,6,Medium
2631,2023,3.56,7,Medium
2631,2024,3.21,7,Medium
2631,2025,2.53,3,Medium
2632,2023,3.25,8,Medium
2632,2024,2.71,6,Medium
2632,2025,3.72,7,High
2633,2023,2.99,10,Medium
2633,2024,3.55,4,Medium
2633,2025,3.24,1,Medium
2634,2023,3.65,6,Medium
2634,2024,2.87,5,Medium
2634,2025,3.02,6,Medium
2635,2023,2.98,9,Medium
2635,2024,2.88,5,Medium
2635,2025,2.96,7,Medium
2636,2023,2.64,6,Medium
2636,2024,3.34,8,Medium
2636,2025,3.01,8,Medium
2637,2023,3.9,9,High
2637,2024,2.8,4,Medium
2637,2025,4.11,9,High
2638,2023,3.04,7,Medium
2638,2024,2.72,5,Medium
2638,2025,2.98,6,Medium
2639,2023,2.72,7,Medium
2639,2024,2.98,7,Medium
2639,2025,3.57,7,Medium
2640,2023,2.95,9,Medium
2640,2024,3.15,10,Medium
2640,2025,2.92,8,Medium
2641,2023,3.19,6,Medium
2641,2024,3.12,5,Medium
2641,2025,2.73,6,Medium
2642,2023,4.26,8,High
2642,2024,3.6,9,Medium
2642,2025,4.25,6,High
2643,2023,3.74,4,High
2643,2024,2.65,6,Medium
2643,2025,3.61,7,Medium
2644,2023,3.44,5,Medium
2644,2024,3.34,5,Medium
2644,2025,3.31,4,Medium
2645,2023,3.69,5,Medium
2645,2024,2.6,7,Medium
2645,2025,2.98,6,Medium
2646,2023,3.31,7,Medium
2646,2024,2.81,6,Medium
2646,2025,3.18,4,Medium
2647,2023,3.59,6,Medium
2647,2024,3.38,8,Medium
2647,2025,2.23,7,Low
2648,2023,2.95,2,Medium
2648,2024,2.9,8,Medium
2648,2025,3.59,5,Medium
2649,2023,3.22,5,Medium
2649,2024,3.47,10,Medium
2649,2025,3.2,2,Medium
2650,2023,3.23,5,Medium
2650,2024,4.11,10,High
2650,2025,4.34,9,High
2651,2023,3.22,12,Medium
2651,2024,2.65,6,Medium
2651,2025,3.2,7,Medium
2652,2023,3.79,9,High
2652,2024,3.22,4,Medium
2652,2025,2.35,7,Low
2653,2023,3.03,5,Medium
2653,2024,2.51,4,Medium
2653,2025,2.67,5,Medium
2654,2023,3.04,7,Medium
2654,2024,2.72,5,Medium
2654,2025,3.32,7,Medium
2655,2023,3.53,7,Medium
2655,2024,2.53,7,Medium
2655,2025,3.53,9,Medium
2656,2023,3.83,5,High
2656,2024,3.49,7,Medium
2656,2025,3.6,8,Medium
2657,2023,3.57,5,Medium
2657,2024,3.77,10,High
2657,2025,2.54,5,Medium
2658,2023,3.71,9,High
2658,2024,3.8,8,High
2658,2025,3.4,6,Medium
2659,2023,3.83,10,High
2659,2024,2.56,4,Medium
2659,2025,3.83,7,High
2660,2023,2.56,4,Medium
2660,2024,3.55,7,Medium
2660,2025,3.99,6,High
2661,2023,4.2,5,High
2661,2024,4.16,7,High
2661,2025,3.35,7,Medium
2662,2023,4.16,8,High
2662,2024,3.55,6,Medium
2662,2025,4.3,4,High
2663,2023,3.32,8,Medium
2663,2024,2.03,9,Low
2663,2025,3.48,6,Medium
2664,2023,2.41,9,Low
2664,2024,3.95,11,High
2664,2025,3.48,9,Medium
2665,2023,3.39,7,Medium
2665,2024,4.25,5,High
2665,2025,3.56,4,Medium
2666,2023,2.7,8,Medium
2666,2024,3.23,5,Medium
2666,2025,3.88,8,High
2667,2023,3.32,5,Medium
2667,2024,2.24,9,Low
2667,2025,3.24,6,Medium
2668,2023,3.51,4,Medium
2668,2024,3.36,7,Medium
2668,2025,2.14,5,Low
2669,2023,3.1,5,Medium
2669,2024,3.68,8,Medium
2669,2025,4.16,6,High
2670,2023,2.69,8,Medium
2670,2024,2.74,8,Medium
2670,2025,2.71,6,Medium
2671,2023,3.72,6,High
2671,2024,3.72,5,High
2671,2025,3.72,5,High
2672,2023,2.9,7,Medium
2672,2024,2.82,8,Medium
2672,2025,3.36,8,Medium
2673,2023,4.29,9,High
2673,2024,3.77,7,High
2673,2025,3.84,10,High
2674,2023,2.72,7,Medium
2674,2024,2.6,7,Medium
2674,2025,3.37,12,Medium
2675,2023,3.27,9,Medium
2675,2024,3.46,7,Medium
2675,2025,3.83,8,High
2676,2023,3.53,7,Medium
2676,2024,3.05,11,Medium
2676,2025,3.63,6,Medium
2677,2023,3.55,4,Medium
2677,2024,3.75,6,High
2677,2025,2.98,6,Medium
2678,2023,3.03,6,Medium
2678,2024,2.69,4,Medium
2678,2025,3.47,9,Medium
2679,2023,3.86,8,High
2679,2024,3.51,10,Medium
2679,2025,4.17,8,High
2680,2023,3.28,9,Medium
2680,2024,2.76,6,Medium
2680,2025,3.18,6,Medium
2681,2023,3.02,5,Medium
2681,2024,3.34,9,Medium
2681,2025,4.27,8,High
2682,2023,3.79,8,High
2682,2024,3.63,5,Medium
2682,2025,2.5,10,Low
2683,2023,3.74,6,High
2683,2024,3.45,7,Medium
2683,2025,3.75,6,High
2684,2023,2.89,7,Medium
2684,2024,3.34,9,Medium
2684,2025,3.97,7,High
2685,2023,2.59,6,Medium
2685,2024,4.0,5,High
2685,2025,3.59,10,Medium
2686,2023,3.38,4,Medium
2686,2024,2.92,4,Medium
2686,2025,3.01,8,Medium
2687,2023,2.96,6,Medium
2687,2024,3.35,8,Medium
2687,2025,3.86,6,High
2688,2023,3.15,4,Medium
2688,2024,3.71,3,High
2688,2025,2.69,3,Medium
2689,2023,2.64,11,Medium
2689,2024,3.98,4,High
2689,2025,3.15,6,Medium
2690,2023,3.38,9,Medium
2690,2024,3.06,8,Medium
2690,2025,3.57,5,Medium
2691,2023,4.42,5,High
2691,2024,3.3,6,Medium
2691,2025,2.94,5,Medium
2692,2023,2.93,8,Medium
2692,2024,3.47,12,Medium
2692,2025,2.92,6,Medium
2693,2023,3.06,5,Medium
2693,2024,2.51,8,Medium
2693,2025,3.58,2,Medium
2694,2023,3.79,7,High
2694,2024,3.05,5,Medium
2694,2025,3.14,10,Medium
2695,2023,3.74,5,High
2695,2024,3.89,6,High
2695,2025,3.68,6,Medium
2696,2023,3.7,7,Medium
2696,2024,3.48,8,Medium
2696,2025,3.94,7,High
2697,2023,3.51,4,Medium
2697,2024,2.91,7,Medium
2697,2025,3.13,9,Medium
2698,2023,3.71,5,High
2698,2024,3.7,6,Medium
2698,2025,2.99,8,Medium
2699,2023,3.43,4,Medium
2699,2024,3.27,8,Medium
2699,2025,2.6,8,Medium
2700,2023,4.0,4,High
2700,2024,3.14,7,Medium
2700,2025,2.94,6,Medium
2701,2023,3.63,5,Medium
2701,2024,3.44,8,Medium
2701,2025,4.25,5,High
2702,2023,3.62,7,Medium
2702,2024,3.09,7,Medium
2702,2025,3.51,8,Medium
2703,2023,3.66,9,Medium
2703,2024,2.89,8,Medium
2703,2025,3.66,7,Medium
2704,2023,2.85,5,Medium
2704,2024,2.77,8,Medium
2704,2025,3.36,8,Medium
2705,2023,4.03,5,High
2705,2024,2.75,6,Medium
2705,2025,3.21,5,Medium
2706,2023,3.34,7,Medium
2706,2024,4.17,6,High
2706,2025,3.1,7,Medium
2707,2023,4.22,6,High
2707,2024,2.62,7,Medium
2707,2025,3.16,7,Medium
2708,2023,3.48,8,Medium
2708,2024,2.14,7,Low
2708,2025,2.97,4,Medium
2709,2023,2.67,8,Medium
2709,2024,2.68,9,Medium
2709,2025,4.07,9,High
2710,2023,3.75,5,High
2710,2024,3.37,5,Medium
2710,2025,3.87,5,High
2711,2023,3.32,2,Medium
2711,2024,3.54,8,Medium
2711,2025,3.23,4,Medium
2712,2023,3.47,8,Medium
2712,2024,3.33,4,Medium
2712,2025,3.54,3,Medium
2713,2023,2.71,6,Medium
2713,2024,3.5,7,Medium
2713,2025,4.13,3,High
2714,2023,2.71,5,Medium
2714,2024,3.05,3,Medium
2714,2025,2.13,8,Low
2715,2023,3.49,6,Medium
2715,2024,4.78,7,High
2715,2025,3.53,8,Medium
2716,2023,3.89,6,High
2716,2024,3.23,7,Medium
2716,2025,3.72,10,High
2717,2023,3.17,7,Medium
2717,2024,3.54,3,Medium
2717,2025,2.69,7,Medium
2718,2023,3.8,5,High
2718,2024,3.52,6,Medium
2718,2025,3.62,5,Medium
2719,2023,3.26,7,Medium
2719,2024,3.67,6,Medium
2719,2025,4.11,6,High
2720,2023,3.31,8,Medium
2720,2024,3.99,6,High
2720,2025,3.64,7,Medium
2721,2023,4.15,9,High
2721,2024,3.12,9,Medium
2721,2025,3.21,10,Medium
2722,2023,3.54,9,Medium
2722,2024,3.03,4,Medium
2722,2025,3.32,5,Medium
2723,2023,3.44,8,Medium
2723,2024,3.2,7,Medium
2723,2025,2.33,6,Low
2724,2023,3.75,8,High
2724,2024,3.16,4,Medium
2724,2025,2.78,8,Medium
2725,2023,3.88,9,High
2725,2024,3.62,3,Medium
2725,2025,2.56,7,Medium
2726,2023,2.6,7,Medium
2726,2024,3.54,5,Medium
2726,2025,4.4,4,High
2727,2023,3.01,7,Medium
2727,2024,3.25,8,Medium
2727,2025,2.96,6,Medium
2728,2023,3.25,6,Medium
2728,2024,3.05,7,Medium
2728,2025,2.75,4,Medium
2729,2023,2.78,9,Medium
2729,2024,3.56,11,Medium
2729,2025,3.84,7,High
2730,2023,3.39,9,Medium
2730,2024,3.94,8,High
2730,2025,3.62,12,Medium
2731,2023,4.0,2,High
2731,2024,3.72,8,High
2731,2025,3.29,1,Medium
2732,2023,3.34,5,Medium
2732,2024,3.35,6,Medium
2732,2025,3.3,6,Medium
2733,2023,3.4,9,Medium
2733,2024,2.65,10,Medium
2733,2025,4.23,7,High
2734,2023,2.57,12,Medium
2734,2024,3.7,4,Medium
2734,2025,2.6,5,Medium
2735,2023,3.46,4,Medium
2735,2024,3.69,9,Medium
2735,2025,3.7,9,Medium
2736,2023,2.77,3,Medium
2736,2024,3.83,5,High
2736,2025,3.19,6,Medium
2737,2023,3.7,5,Medium
2737,2024,4.31,5,High
2737,2025,3.43,6,Medium
2738,2023,3.2,5,Medium
2738,2024,2.59,9,Medium
2738,2025,3.12,10,Medium
2739,2023,2.91,4,Medium
2739,2024,3.37,7,Medium
2739,2025,3.6,8,Medium
2740,2023,2.89,5,Medium
2740,2024,3.04,3,Medium
2740,2025,3.74,6,High
2741,2023,2.99,5,Medium
2741,2024,2.99,6,Medium
2741,2025,3.71,8,High
2742,2023,2.92,9,Medium
2742,2024,2.84,12,Medium
2742,2025,3.58,7,Medium
2743,2023,4.41,6,High
2743,2024,3.7,4,Medium
2743,2025,3.41,8,Medium
2744,2023,3.57,7,Medium
2744,2024,3.26,6,Medium
2744,2025,3.99,7,High
2745,2023,2.72,3,Medium
2745,2024,2.95,2,Medium
2745,2025,3.8,9,High
2746,2023,3.15,3,Medium
2746,2024,3.44,4,Medium
2746,2025,2.67,4,Medium
2747,2023,2.8,7,Medium
2747,2024,3.11,11,Medium
2747,2025,3.18,6,Medium
2748,2023,2.95,5,Medium
2748,2024,2.45,9,Low
2748,2025,3.25,4,Medium
2749,2023,3.7,8,Medium
2749,2024,4.11,7,High
2749,2025,2.89,5,Medium
2750,2023,2.95,6,Medium
2750,2024,3.13,7,Medium
2750,2025,2.45,6,Low
2751,2023,3.32,6,Medium
2751,2024,2.82,7,Medium
2751,2025,2.84,8,Medium
2752,2023,3.44,3,Medium
2752,2024,2.9,7,Medium
2752,2025,3.26,5,Medium
2753,2023,3.83,9,High
2753,2024,2.67,7,Medium
2753,2025,3.05,6,Medium
2754,2023,3.26,9,Medium
2754,2024,3.89,4,High
2754,2025,3.47,7,Medium
2755,2023,3.13,6,Medium
2755,2024,3.85,11,High
2755,2025,2.7,5,Medium
2756,2023,3.56,7,Medium
2756,2024,3.33,6,Medium
2756,2025,3.52,6,Medium
2757,2023,4.37,9,High
2757,2024,3.14,8,Medium
2757,2025,3.3,7,Medium
2758,2023,3.05,8,Medium
2758,2024,3.61,7,Medium
2758,2025,2.45,4,Low
2759,2023,3.95,7,High
2759,2024,2.43,12,Low
2759,2025,3.63,8,Medium
2760,2023,2.62,5,Medium
2760,2024,2.96,3,Medium
2760,2025,2.89,5,Medium
2761,2023,3.2,5,Medium
2761,2024,3.17,7,Medium
2761,2025,3.71,10,High
2762,2023,3.08,5,Medium
2762,2024,3.67,6,Medium
2762,2025,3.75,8,High
2763,2023,2.93,6,Medium
2763,2024,3.12,8,Medium
2763,2025,2.98,6,Medium
2764,2023,3.79,6,High
2764,2024,3.45,7,Medium
2764,2025,3.34,7,Medium
2765,2023,4.1,4,High
2765,2024,3.02,6,Medium
2765,2025,3.44,7,Medium
2766,2023,3.14,5,Medium
2766,2024,3.42,8,Medium
2766,2025,3.3,8,Medium
2767,2023,3.48,7,Medium
2767,2024,3.78,6,High
2767,2025,3.43,4,Medium
2768,2023,3.6,8,Medium
2768,2024,3.16,8,Medium
2768,2025,2.93,10,Medium
2769,2023,3.01,3,Medium
2769,2024,2.76,9,Medium
2769,2025,3.55,9,Medium
2770,2023,3.58,7,Medium
2770,2024,3.3,9,Medium
2770,2025,3.52,7,Medium
2771,2023,3.09,7,Medium
2771,2024,2.56,4,Medium
2771,2025,2.99,6,Medium
2772,2023,3.03,8,Medium
2772,2024,3.45,6,Medium
2772,2025,2.39,5,Low
2773,2023,2.9,6,Medium
2773,2024,3.59,7,Medium
2773,2025,2.94,9,Medium
2774,2023,3.69,9,Medium
2774,2024,3.5,6,Medium
2774,2025,3.66,6,Medium
2775,2023,3.18,8,Medium
2775,2024,2.65,5,Medium
2775,2025,3.23,8,Medium
2776,2023,3.68,9,Medium
2776,2024,3.96,10,High
2776,2025,3.06,5,Medium
2777,2023,2.95,7,Medium
2777,2024,2.93,7,Medium
2777,2025,3.84,3,High
2778,2023,3.04,8,Medium
2778,2024,3.23,6,Medium
2778,2025,3.19,6,Medium
2779,2023,2.45,7,Low
2779,2024,3.58,6,Medium
2779,2025,3.39,5,Medium
2780,2023,2.97,8,Medium
2780,2024,4.42,6,High
2780,2025,4.12,9,High
2781,2023,3.59,8,Medium
2781,2024,3.52,8,Medium
2781,2025,4.13,4,High
2782,2023,3.81,7,High
2782,2024,3.17,8,Medium
2782,2025,3.36,9,Medium
2783,2023,3.39,7,Medium
2783,2024,2.8,4,Medium
2783,2025,4.25,9,High
2784,2023,4.03,5,High
2784,2024,3.45,3,Medium
2784,2025,5.0,7,High
2785,2023,3.08,6,Medium
2785,2024,3.77,9,High
2785,2025,3.09,9,Medium
2786,2023,3.1,6,Medium
2786,2024,3.5,4,Medium
2786,2025,3.36,6,Medium
2787,2023,3.13,7,Medium
2787,2024,3.21,8,Medium
2787,2025,3.53,6,Medium
2788,2023,3.87,8,High
2788,2024,4.8,5,High
2788,2025,3.83,10,High
2789,2023,3.35,7,Medium
2789,2024,3.16,4,Medium
2789,2025,3.86,5,High
2790,2023,3.2,5,Medium
2790,2024,2.96,6,Medium
2790,2025,2.73,4,Medium
2791,2023,3.36,6,Medium
2791,2024,2.77,6,Medium
2791,2025,3.74,7,High
2792,2023,2.91,6,Medium
2792,2024,3.84,8,High
2792,2025,4.06,6,High
2793,2023,3.37,4,Medium
2793,2024,2.56,2,Medium
2793,2025,4.28,7,High
2794,2023,3.12,6,Medium
2794,2024,3.48,4,Medium
2794,2025,2.53,7,Medium
2795,2023,4.0,5,High
2795,2024,2.32,9,Low
2795,2025,2.62,5,Medium
2796,2023,3.92,10,High
2796,2024,2.8,6,Medium
2796,2025,3.71,7,High
2797,2023,3.38,8,Medium
2797,2024,3.45,8,Medium
2797,2025,3.67,7,Medium
2798,2023,3.17,4,Medium
2798,2024,4.45,12,High
2798,2025,3.6,4,Medium
2799,2023,3.8,4,High
2799,2024,4.29,7,High
2799,2025,3.51,8,Medium
2800,2023,4.46,4,High
2800,2024,2.4,9,Low
2800,2025,4.14,4,High
2801,2023,3.25,8,Medium
2801,2024,2.91,7,Medium
2801,2025,4.74,11,High
2802,2023,2.73,8,Medium
2802,2024,2.86,7,Medium
2802,2025,3.77,7,High
2803,2023,3.88,9,High
2803,2024,3.35,5,Medium
2803,2025,2.9,6,Medium
2804,2023,3.33,7,Medium
2804,2024,3.31,10,Medium
2804,2025,2.93,7,Medium
2805,2023,3.41,4,Medium
2805,2024,4.23,8,High
2805,2025,3.95,8,High
2806,2023,3.46,7,Medium
2806,2024,2.89,7,Medium
2806,2025,2.67,6,Medium
2807,2023,3.86,8,High
2807,2024,2.8,4,Medium
2807,2025,2.55,9,Medium
2808,2023,3.6,11,Medium
2808,2024,3.44,10,Medium
2808,2025,3.15,6,Medium
2809,2023,2.81,8,Medium
2809,2024,2.79,9,Medium
2809,2025,3.47,8,Medium
2810,2023,2.71,5,Medium
2810,2024,3.73,6,High
2810,2025,3.52,5,Medium
2811,2023,3.19,5,Medium
2811,2024,3.15,11,Medium
2811,2025,3.79,7,High
2812,2023,3.74,5,High
2812,2024,3.74,8,High
2812,2025,3.6,10,Medium
2813,2023,3.33,8,Medium
2813,2024,4.37,7,High
2813,2025,3.51,2,Medium
2814,2023,3.13,5,Medium
2814,2024,2.93,7,Medium
2814,2025,2.8,10,Medium
2815,2023,3.17,7,Medium
2815,2024,2.78,8,Medium
2815,2025,2.88,8,Medium
2816,2023,4.26,6,High
2816,2024,3.93,5,High
2816,2025,3.91,7,High
2817,2023,2.45,11,Low
2817,2024,4.19,2,High
2817,2025,2.78,6,Medium
2818,2023,3.4,6,Medium
2818,2024,3.5,6,Medium
2818,2025,3.61,8,Medium
2819,2023,3.16,8,Medium
2819,2024,2.9,7,Medium
2819,2025,2.75,7,Medium
2820,2023,3.08,8,Medium
2820,2024,2.13,9,Low
2820,2025,4.02,10,High
2821,2023,4.58,7,High
2821,2024,4.29,4,High
2821,2025,3.84,8,High
2822,2023,3.8,7,High
2822,2024,3.61,8,Medium
2822,2025,3.59,12,Medium
2823,2023,3.18,7,Medium
2823,2024,3.05,6,Medium
2823,2025,2.33,5,Low
2824,2023,3.67,10,Medium
2824,2024,3.59,2,Medium
2824,2025,3.72,7,High
2825,2023,3.35,8,Medium
2825,2024,3.22,6,Medium
2825,2025,3.2,4,Medium
2826,2023,3.18,4,Medium
2826,2024,3.49,6,Medium
2826,2025,3.6,8,Medium
2827,2023,3.38,7,Medium
2827,2024,3.52,5,Medium
2827,2025,2.82,9,Medium
2828,2023,4.38,9,High
2828,2024,2.89,5,Medium
2828,2025,3.8,5,High
2829,2023,3.4,9,Medium
2829,2024,2.74,6,Medium
2829,2025,3.54,7,Medium
2830,2023,3.53,9,Medium
2830,2024,2.77,3,Medium
2830,2025,3.13,7,Medium
2831,2023,3.11,7,Medium
2831,2024,3.55,5,Medium
2831,2025,3.6,5,Medium
2832,2023,3.2,5,Medium
2832,2024,3.7,3,Medium
2832,2025,3.35,4,Medium
2833,2023,3.77,9,High
2833,2024,3.9,5,High
2833,2025,3.99,4,High
2834,2023,3.24,6,Medium
2834,2024,2.79,5,Medium
2834,2025,3.38,5,Medium
2835,2023,3.14,9,Medium
2835,2024,2.2,11,Low
2835,2025,2.96,8,Medium
2836,2023,3.15,4,Medium
2836,2024,3.14,6,Medium
2836,2025,3.04,8,Medium
2837,2023,3.35,6,Medium
2837,2024,2.52,6,Medium
2837,2025,3.35,7,Medium
2838,2023,3.9,9,High
2838,2024,4.04,4,High
2838,2025,3.55,7,Medium
2839,2023,3.67,3,Medium
2839,2024,2.95,9,Medium
2839,2025,3.08,7,Medium
2840,2023,3.48,5,Medium
2840,2024,3.14,8,Medium
2840,2025,2.78,5,Medium
2841,2023,2.6,4,Medium
2841,2024,3.45,10,Medium
2841,2025,3.17,6,Medium
2842,2023,3.46,7,Medium
2842,2024,3.69,9,Medium
2842,2025,2.99,10,Medium
2843,2023,3.28,7,Medium
2843,2024,3.07,11,Medium
2843,2025,2.62,8,Medium
2844,2023,3.43,10,Medium
2844,2024,4.24,5,High
2844,2025,3.39,5,Medium
2845,2023,3.41,7,Medium
2845,2024,3.67,5,Medium
2845,2025,3.07,9,Medium
2846,2023,4.4,5,High
2846,2024,3.86,5,High
2846,2025,3.24,3,Medium
2847,2023,3.5,5,Medium
2847,2024,1.28,2,Low
2847,2025,3.62,6,Medium
2848,2023,4.78,2,High
2848,2024,3.71,5,High
2848,2025,3.42,5,Medium
2849,2023,3.64,6,Medium
2849,2024,2.67,7,Medium
2849,2025,4.02,7,High
2850,2023,3.37,7,Medium
2850,2024,3.09,8,Medium
2850,2025,3.15,7,Medium
2851,2023,3.82,6,High
2851,2024,4.04,9,High
2851,2025,3.63,7,Medium
2852,2023,3.41,4,Medium
2852,2024,3.31,7,Medium
2852,2025,2.55,7,Medium
2853,2023,3.45,5,Medium
2853,2024,3.28,9,Medium
2853,2025,3.02,7,Medium
2854,2023,4.17,5,High
2854,2024,3.62,4,Medium
2854,2025,3.94,4,High
2855,2023,2.7,11,Medium
2855,2024,3.9,7,High
2855,2025,3.99,8,High
2856,2023,2.55,5,Medium
2856,2024,2.58,8,Medium
2856,2025,3.18,6,Medium
2857,2023,4.05,6,High
2857,2024,3.79,6,High
2857,2025,3.31,4,Medium
2858,2023,3.49,8,Medium
2858,2024,3.08,10,Medium
2858,2025,3.75,7,High
2859,2023,2.86,6,Medium
2859,2024,3.94,5,High
2859,2025,3.49,6,Medium
2860,2023,2.66,5,Medium
2860,2024,3.45,3,Medium
2860,2025,3.3,6,Medium
2861,2023,3.03,6,Medium
2861,2024,3.45,7,Medium
2861,2025,4.02,9,High
2862,2023,3.65,7,Medium
2862,2024,3.47,5,Medium
2862,2025,3.38,8,Medium
2863,2023,3.15,5,Medium
2863,2024,3.55,6,Medium
2863,2025,3.84,7,High
2864,2023,3.29,7,Medium
2864,2024,3.84,6,High
2864,2025,2.99,3,Medium
2865,2023,3.35,6,Medium
2865,2024,3.4,5,Medium
2865,2025,3.74,5,High
2866,2023,3.92,5,High
2866,2024,3.29,6,Medium
2866,2025,4.09,7,High
2867,2023,3.25,8,Medium
2867,2024,3.16,5,Medium
2867,2025,3.32,3,Medium
2868,2023,3.32,5,Medium
2868,2024,3.86,9,High
2868,2025,3.51,8,Medium
2869,2023,3.62,8,Medium
2869,2024,3.45,7,Medium
2869,2025,3.62,6,Medium
2870,2023,3.02,4,Medium
2870,2024,1.91,8,Low
2870,2025,3.84,7,High
2871,2023,3.29,6,Medium
2871,2024,3.62,3,Medium
2871,2025,2.0,9,Low
2872,2023,4.1,9,High
2872,2024,4.28,6,High
2872,2025,4.35,6,High
2873,2023,2.57,6,Medium
2873,2024,2.19,6,Low
2873,2025,2.67,2,Medium
2874,2023,3.49,7,Medium
2874,2024,3.75,5,High
2874,2025,3.21,6,Medium
2875,2023,3.45,5,Medium
2875,2024,2.94,6,Medium
2875,2025,3.03,7,Medium
2876,2023,3.07,7,Medium
2876,2024,2.5,6,Low
2876,2025,2.93,7,Medium
2877,2023,3.06,6,Medium
2877,2024,2.85,9,Medium
2877,2025,2.82,6,Medium
2878,2023,3.54,7,Medium
2878,2024,2.69,10,Medium
2878,2025,3.93,6,High
2879,2023,4.09,5,High
2879,2024,3.32,8,Medium
2879,2025,3.66,3,Medium
2880,2023,3.97,5,High
2880,2024,4.15,6,High
2880,2025,3.65,2,Medium
2881,2023,3.88,7,High
2881,2024,3.75,7,High
2881,2025,3.19,4,Medium
2882,2023,2.89,6,Medium
2882,2024,2.82,12,Medium
2882,2025,2.64,7,Medium
2883,2023,3.3,10,Medium
2883,2024,3.53,6,Medium
2883,2025,3.11,9,Medium
2884,2023,3.02,6,Medium
2884,2024,2.81,6,Medium
2884,2025,3.68,5,Medium
2885,2023,3.55,10,Medium
2885,2024,3.67,6,Medium
2885,2025,3.29,6,Medium
2886,2023,3.3,7,Medium
2886,2024,3.46,3,Medium
2886,2025,2.83,6,Medium
2887,2023,3.1,7,Medium
2887,2024,2.97,5,Medium
2887,2025,2.48,9,Low
2888,2023,2.86,7,Medium
2888,2024,2.91,5,Medium
2888,2025,2.75,4,Medium
2889,2023,4.06,8,High
2889,2024,3.92,4,High
2889,2025,3.36,5,Medium
2890,2023,3.61,8,Medium
2890,2024,3.3,7,Medium
2890,2025,3.42,6,Medium
2891,2023,3.98,3,High
2891,2024,3.2,3,Medium
2891,2025,3.44,4,Medium
2892,2023,3.68,5,Medium
2892,2024,3.18,6,Medium
2892,2025,3.8,5,High
2893,2023,3.62,9,Medium
2893,2024,3.43,7,Medium
2893,2025,3.44,4,Medium
2894,2023,2.75,6,Medium
2894,2024,3.09,6,Medium
2894,2025,3.56,6,Medium
2895,2023,2.97,6,Medium
2895,2024,2.87,4,Medium
2895,2025,3.46,8,Medium
2896,2023,3.57,11,Medium
2896,2024,4.19,9,High
2896,2025,4.14,7,High
2897,2023,3.47,7,Medium
2897,2024,3.35,6,Medium
2897,2025,3.31,8,Medium
2898,2023,2.98,4,Medium
2898,2024,3.19,6,Medium
2898,2025,2.88,7,Medium
2899,2023,3.35,8,Medium
2899,2024,3.2,6,Medium
2899,2025,3.67,6,Medium
2900,2023,3.54,4,Medium
2900,2024,3.31,1,Medium
2900,2025,3.3,6,Medium
2901,2023,3.83,8,High
2901,2024,3.47,8,Medium
2901,2025,4.44,7,High
2902,2023,3.6,7,Medium
2902,2024,3.08,2,Medium
2902,2025,3.07,6,Medium
2903,2023,2.74,7,Medium
2903,2024,3.11,8,Medium
2903,2025,2.48,8,Low
2904,2023,3.2,9,Medium
2904,2024,2.12,6,Low
2904,2025,3.87,4,High
2905,2023,3.06,8,Medium
2905,2024,4.22,6,High
2905,2025,3.09,6,Medium
2906,2023,3.04,8,Medium
2906,2024,2.62,8,Medium
2906,2025,3.01,6,Medium
2907,2023,3.96,5,High
2907,2024,3.21,9,Medium
2907,2025,3.6,7,Medium
2908,2023,3.47,4,Medium
2908,2024,4.13,6,High
2908,2025,3.82,4,High
2909,2023,3.11,6,Medium
2909,2024,3.72,6,High
2909,2025,3.95,3,High
2910,2023,2.71,2,Medium
2910,2024,3.35,7,Medium
2910,2025,2.9,2,Medium
2911,2023,3.51,7,Medium
2911,2024,3.38,11,Medium
2911,2025,3.03,9,Medium
2912,2023,3.41,6,Medium
2912,2024,3.56,8,Medium
2912,2025,3.6,7,Medium
2913,2023,4.18,8,High
2913,2024,3.0,5,Medium
2913,2025,3.16,10,Medium
2914,2023,3.38,9,Medium
2914,2024,3.53,6,Medium
2914,2025,3.16,4,Medium
2915,2023,3.25,4,Medium
2915,2024,3.09,9,Medium
2915,2025,2.98,10,Medium
2916,2023,4.76,7,High
2916,2024,3.51,7,Medium
2916,2025,4.17,10,High
2917,2023,2.98,6,Medium
2917,2024,2.65,6,Medium
2917,2025,2.48,6,Low
2918,2023,3.51,6,Medium
2918,2024,2.75,7,Medium
2918,2025,4.25,7,High
2919,2023,3.57,5,Medium
2919,2024,3.73,4,High
2919,2025,3.23,9,Medium
2920,2023,2.67,9,Medium
2920,2024,2.82,11,Medium
2920,2025,3.83,7,High
2921,2023,3.52,8,Medium
2921,2024,3.05,6,Medium
2921,2025,2.55,8,Medium
2922,2023,3.14,9,Medium
2922,2024,3.64,5,Medium
2922,2025,3.96,6,High
2923,2023,4.33,7,High
2923,2024,3.46,5,Medium
2923,2025,2.96,4,Medium
2924,2023,3.22,5,Medium
2924,2024,2.78,6,Medium
2924,2025,3.66,4,Medium
2925,2023,3.74,7,High
2925,2024,3.02,10,Medium
2925,2025,3.44,8,Medium
2926,2023,3.64,8,Medium
2926,2024,2.57,3,Medium
2926,2025,3.6,6,Medium
2927,2023,3.54,9,Medium
2927,2024,3.24,6,Medium
2927,2025,2.85,6,Medium
2928,2023,3.47,8,Medium
2928,2024,3.61,7,Medium
2928,2025,4.29,5,High
2929,2023,3.28,4,Medium
2929,2024,4.19,6,High
2929,2025,4.26,8,High
2930,2023,2.93,11,Medium
2930,2024,3.56,4,Medium
2930,2025,2.49,4,Low
2931,2023,4.35,10,High
2931,2024,3.38,5,Medium
2931,2025,3.11,9,Medium
2932,2023,3.27,5,Medium
2932,2024,3.36,11,Medium
2932,2025,2.92,6,Medium
2933,2023,4.23,8,High
2933,2024,3.82,5,High
2933,2025,3.71,8,High
2934,2023,2.62,4,Medium
2934,2024,3.45,3,Medium
2934,2025,3.53,6,Medium
2935,2023,3.89,6,High
2935,2024,3.63,7,Medium
2935,2025,3.47,5,Medium
2936,2023,3.57,11,Medium
2936,2024,3.54,7,Medium
2936,2025,3.86,3,High
2937,2023,3.65,5,Medium
2937,2024,2.67,7,Medium
2937,2025,3.65,6,Medium
2938,2023,3.11,7,Medium
2938,2024,2.81,6,Medium
2938,2025,2.69,3,Medium
2939,2023,2.77,3,Medium
2939,2024,2.29,8,Low
2939,2025,2.97,4,Medium
2940,2023,3.84,7,High
2940,2024,3.3,5,Medium
2940,2025,2.7,5,Medium
2941,2023,2.98,4,Medium
2941,2024,4.5,8,High
2941,2025,3.54,6,Medium
2942,2023,3.76,11,High
2942,2024,3.68,2,Medium
2942,2025,2.84,4,Medium
2943,2023,2.53,7,Medium
2943,2024,2.8,4,Medium
2943,2025,2.99,8,Medium
2944,2023,3.02,6,Medium
2944,2024,3.39,5,Medium
2944,2025,3.91,6,High
2945,2023,4.04,5,High
2945,2024,3.22,8,Medium
2945,2025,3.35,2,Medium
2946,2023,3.82,2,High
2946,2024,3.75,7,High
2946,2025,3.68,9,Medium
2947,2023,3.59,6,Medium
2947,2024,3.65,9,Medium
2947,2025,3.71,9,High
2948,2023,3.68,9,Medium
2948,2024,4.03,2,High
2948,2025,2.38,7,Low
2949,2023,3.51,4,Medium
2949,2024,3.75,6,High
2949,2025,2.97,6,Medium
2950,2023,4.17,6,High
2950,2024,2.68,9,Medium
2950,2025,2.83,4,Medium
2951,2023,3.68,10,Medium
2951,2024,2.5,7,Low
2951,2025,3.67,5,Medium
2952,2023,4.04,5,High
2952,2024,3.45,9,Medium
2952,2025,3.12,2,Medium
2953,2023,3.55,8,Medium
2953,2024,2.1,7,Low
2953,2025,3.3,10,Medium
2954,2023,3.29,5,Medium
2954,2024,2.61,10,Medium
2954,2025,3.11,10,Medium
2955,2023,3.11,7,Medium
2955,2024,3.22,7,Medium
2955,2025,3.91,8,High
2956,2023,2.99,6,Medium
2956,2024,2.96,10,Medium
2956,2025,2.82,9,Medium
2957,2023,2.78,5,Medium
2957,2024,3.93,8,High
2957,2025,3.58,3,Medium
2958,2023,2.44,3,Low
2958,2024,3.2,5,Medium
2958,2025,2.88,4,Medium
2959,2023,3.38,8,Medium
2959,2024,2.16,8,Low
2959,2025,2.55,7,Medium
2960,2023,3.02,6,Medium
2960,2024,3.42,9,Medium
2960,2025,3.04,10,Medium
2961,2023,3.1,7,Medium
2961,2024,3.86,8,High
2961,2025,3.53,6,Medium
2962,2023,3.52,5,Medium
2962,2024,3.26,5,Medium
2962,2025,4.32,5,High
2963,2023,2.98,8,Medium
2963,2024,3.59,9,Medium
2963,2025,2.97,4,Medium
2964,2023,2.87,3,Medium
2964,2024,3.81,6,High
2964,2025,3.9,7,High
2965,2023,2.79,8,Medium
2965,2024,3.92,8,High
2965,2025,3.26,4,Medium
2966,2023,4.01,4,High
2966,2024,3.56,7,Medium
2966,2025,3.13,4,Medium
2967,2023,3.08,7,Medium
2967,2024,4.06,8,High
2967,2025,3.65,2,Medium
2968,2023,3.23,7,Medium
2968,2024,3.5,4,Medium
2968,2025,3.52,8,Medium
2969,2023,3.96,9,High
2969,2024,4.19,5,High
2969,2025,4.08,6,High
2970,2023,4.03,5,High
2970,2024,2.91,6,Medium
2970,2025,2.84,9,Medium
2971,2023,4.02,7,High
2971,2024,3.26,9,Medium
2971,2025,2.97,2,Medium
2972,2023,2.87,8,Medium
2972,2024,3.32,7,Medium
2972,2025,2.8,8,Medium
2973,2023,3.06,5,Medium
2973,2024,3.53,3,Medium
2973,2025,3.56,3,Medium
2974,2023,3.61,6,Medium
2974,2024,3.05,8,Medium
2974,2025,3.14,6,Medium
2975,2023,3.86,7,High
2975,2024,3.47,8,Medium
2975,2025,4.26,2,High
2976,2023,3.17,5,Medium
2976,2024,3.0,8,Medium
2976,2025,2.38,11,Low
2977,2023,2.69,8,Medium
2977,2024,2.69,4,Medium
2977,2025,3.21,9,Medium
2978,2023,2.76,6,Medium
2978,2024,3.49,6,Medium
2978,2025,3.53,4,Medium
2979,2023,2.69,10,Medium
2979,2024,3.2,4,Medium
2979,2025,2.91,6,Medium
2980,2023,3.38,6,Medium
2980,2024,3.13,6,Medium
2980,2025,3.85,9,High
2981,2023,2.52,6,Medium
2981,2024,4.02,9,High
2981,2025,2.77,7,Medium
2982,2023,4.01,7,High
2982,2024,3.04,8,Medium
2982,2025,3.84,7,High
2983,2023,3.87,7,High
2983,2024,3.25,9,Medium
2983,2025,3.67,4,Medium
2984,2023,3.11,7,Medium
2984,2024,3.95,11,High
2984,2025,3.04,6,Medium
2985,2023,3.07,8,Medium
2985,2024,3.47,5,Medium
2985,2025,3.81,7,High
2986,2023,2.97,5,Medium
2986,2024,3.21,9,Medium
2986,2025,3.14,8,Medium
2987,2023,3.59,2,Medium
2987,2024,3.5,7,Medium
2987,2025,2.67,7,Medium
2988,2023,1.99,7,Low
2988,2024,2.53,10,Medium
2988,2025,3.92,5,High
2989,2023,4.19,7,High
2989,2024,3.27,1,Medium
2989,2025,3.33,9,Medium
2990,2023,3.47,3,Medium
2990,2024,3.45,5,Medium
2990,2025,4.01,6,High
2991,2023,3.99,7,High
2991,2024,2.89,5,Medium
2991,2025,3.07,10,Medium
2992,2023,3.51,6,Medium
2992,2024,4.33,9,High
2992,2025,3.65,5,Medium
2993,2023,3.2,12,Medium
2993,2024,2.93,6,Medium
2993,2025,2.64,6,Medium
2994,2023,3.26,7,Medium
2994,2024,3.29,6,Medium
2994,2025,4.16,8,High
2995,2023,3.65,7,Medium
2995,2024,3.54,6,Medium
2995,2025,2.85,6,Medium
2996,2023,3.42,5,Medium
2996,2024,4.77,6,High
2996,2025,3.77,2,High
2997,2023,2.95,4,Medium
2997,2024,2.63,7,Medium
2997,2025,3.44,6,Medium
2998,2023,3.6,9,Medium
2998,2024,3.1,8,Medium
2998,2025,3.73,7,High
2999,2023,2.84,5,Medium
2999,2024,4.08,8,High
2999,2025,3.15,5,Medium
3000,2023,3.81,6,High
3000,2024,4.06,2,High
3000,2025,3.14,7,Medium
3001,2023,3.31,6,Medium
3001,2024,4.07,7,High
3001,2025,3.81,6,High
3002,2023,2.72,3,Medium
3002,2024,3.88,8,High
3002,2025,4.31,7,High
3003,2023,3.59,9,Medium
3003,2024,3.35,2,Medium
3003,2025,3.79,6,High
3004,2023,3.17,9,Medium
3004,2024,4.4,4,High
3004,2025,2.73,9,Medium
3005,2023,3.47,9,Medium
3005,2024,3.07,8,Medium
3005,2025,3.91,5,High
3006,2023,3.16,5,Medium
3006,2024,2.31,7,Low
3006,2025,2.29,8,Low
3007,2023,2.71,11,Medium
3007,2024,2.62,8,Medium
3007,2025,3.81,5,High
3008,2023,2.88,9,Medium
3008,2024,3.19,10,Medium
3008,2025,3.39,7,Medium
3009,2023,2.4,8,Low
3009,2024,2.89,8,Medium
3009,2025,4.12,1,High
3010,2023,4.02,7,High
3010,2024,3.73,6,High
3010,2025,3.67,4,Medium
3011,2023,3.64,7,Medium
3011,2024,3.2,7,Medium
3011,2025,4.44,7,High
3012,2023,2.31,7,Low
3012,2024,2.42,8,Low
3012,2025,3.15,7,Medium
3013,2023,3.15,6,Medium
3013,2024,3.81,4,High
3013,2025,2.18,12,Low
3014,2023,3.31,9,Medium
3014,2024,3.2,8,Medium
3014,2025,3.08,8,Medium
3015,2023,2.47,8,Low
3015,2024,2.9,7,Medium
3015,2025,2.98,8,Medium
3016,2023,4.19,2,High
3016,2024,3.38,9,Medium
3016,2025,2.57,7,Medium
3017,2023,4.04,6,High
3017,2024,3.64,7,Medium
3017,2025,3.25,7,Medium
3018,2023,3.27,8,Medium
3018,2024,3.06,8,Medium
3018,2025,3.38,10,Medium
3019,2023,3.34,5,Medium
3019,2024,3.14,7,Medium
3019,2025,3.01,7,Medium
3020,2023,3.57,3,Medium
3020,2024,3.75,8,High
3020,2025,3.62,7,Medium
3021,2023,3.41,8,Medium
3021,2024,2.71,8,Medium
3021,2025,3.39,6,Medium
3022,2023,2.91,11,Medium
3022,2024,3.85,4,High
3022,2025,2.73,4,Medium
3023,2023,3.97,5,High
3023,2024,3.95,6,High
3023,2025,3.61,6,Medium
3024,2023,2.79,8,Medium
3024,2024,3.06,6,Medium
3024,2025,3.52,8,Medium
3025,2023,3.4,4,Medium
3025,2024,2.82,7,Medium
3025,2025,2.92,5,Medium
3026,2023,4.59,7,High
3026,2024,2.87,6,Medium
3026,2025,2.44,6,Low
3027,2023,2.53,7,Medium
3027,2024,3.44,8,Medium
3027,2025,3.13,10,Medium
3028,2023,3.37,8,Medium
3028,2024,3.87,8,High
3028,2025,4.31,8,High
3029,2023,3.38,4,Medium
3029,2024,3.37,7,Medium
3029,2025,4.1,5,High
3030,2023,3.58,11,Medium
3030,2024,3.53,8,Medium
3030,2025,3.92,4,High
3031,2023,3.22,5,Medium
3031,2024,2.64,5,Medium
3031,2025,3.31,7,Medium
3032,2023,3.06,6,Medium
3032,2024,3.27,7,Medium
3032,2025,3.15,5,Medium
3033,2023,3.45,6,Medium
3033,2024,3.54,8,Medium
3033,2025,2.81,8,Medium
3034,2023,3.73,5,High
3034,2024,3.49,7,Medium
3034,2025,2.61,4,Medium
3035,2023,3.43,8,Medium
3035,2024,4.38,6,High
3035,2025,3.38,5,Medium
3036,2023,3.11,3,Medium
3036,2024,2.46,6,Low
3036,2025,2.75,8,Medium
3037,2023,3.36,6,Medium
3037,2024,3.58,8,Medium
3037,2025,3.05,4,Medium
3038,2023,3.5,6,Medium
3038,2024,4.16,6,High
3038,2025,3.52,8,Medium
3039,2023,3.61,10,Medium
3039,2024,3.04,9,Medium
3039,2025,3.59,8,Medium
3040,2023,3.34,9,Medium
3040,2024,2.74,3,Medium
3040,2025,2.64,2,Medium
3041,2023,3.69,5,Medium
3041,2024,3.38,8,Medium
3041,2025,2.66,8,Medium
3042,2023,3.43,7,Medium
3042,2024,3.72,6,High
3042,2025,2.56,7,Medium
3043,2023,3.2,6,Medium
3043,2024,3.41,9,Medium
3043,2025,3.13,8,Medium
3044,2023,3.44,10,Medium
3044,2024,2.65,10,Medium
3044,2025,3.95,7,High
3045,2023,1.97,9,Low
3045,2024,2.6,6,Medium
3045,2025,3.66,7,Medium
3046,2023,3.53,8,Medium
3046,2024,2.67,10,Medium
3046,2025,3.98,8,High
3047,2023,2.79,7,Medium
3047,2024,3.58,7,Medium
3047,2025,2.09,10,Low
3048,2023,2.4,6,Low
3048,2024,3.52,7,Medium
3048,2025,3.98,6,High
3049,2023,3.18,7,Medium
3049,2024,3.16,5,Medium
3049,2025,2.43,8,Low
3050,2023,2.78,5,Medium
3050,2024,2.66,7,Medium
3050,2025,2.76,7,Medium
3051,2023,2.76,6,Medium
3051,2024,3.79,6,High
3051,2025,3.23,6,Medium
3052,2023,4.1,7,High
3052,2024,3.03,5,Medium
3052,2025,3.35,5,Medium
3053,2023,3.5,8,Medium
3053,2024,3.22,7,Medium
3053,2025,2.76,6,Medium
3054,2023,3.22,8,Medium
3054,2024,3.46,7,Medium
3054,2025,3.24,8,Medium
3055,2023,3.78,6,High
3055,2024,2.96,7,Medium
3055,2025,4.3,6,High
3056,2023,3.37,7,Medium
3056,2024,3.37,7,Medium
3056,2025,3.71,6,High
3057,2023,4.18,5,High
3057,2024,3.16,6,Medium
3057,2025,3.89,8,High
3058,2023,3.38,7,Medium
3058,2024,2.52,7,Medium
3058,2025,3.42,8,Medium
3059,2023,3.38,4,Medium
3059,2024,4.16,8,High
3059,2025,3.0,7,Medium
3060,2023,2.84,5,Medium
3060,2024,2.58,5,Medium
3060,2025,3.48,4,Medium
3061,2023,3.29,10,Medium
3061,2024,3.48,10,Medium
3061,2025,3.54,7,Medium
3062,2023,2.1,8,Low
3062,2024,2.03,6,Low
3062,2025,3.62,5,Medium
3063,2023,3.14,6,Medium
3063,2024,3.73,5,High
3063,2025,3.47,6,Medium
3064,2023,4.27,6,High
3064,2024,3.4,6,Medium
3064,2025,3.83,8,High
3065,2023,3.12,4,Medium
3065,2024,3.2,1,Medium
3065,2025,2.93,8,Medium
3066,2023,3.35,5,Medium
3066,2024,3.1,7,Medium
3066,2025,2.82,3,Medium
3067,2023,3.44,5,Medium
3067,2024,3.51,9,Medium
3067,2025,3.88,6,High
3068,2023,3.08,5,Medium
3068,2024,3.0,7,Medium
3068,2025,3.9,9,High
3069,2023,3.41,5,Medium
3069,2024,4.17,8,High
3069,2025,2.81,3,Medium
3070,2023,3.08,10,Medium
3070,2024,3.98,6,High
3070,2025,2.52,6,Medium
3071,2023,3.68,6,Medium
3071,2024,3.47,6,Medium
3071,2025,3.81,7,High
3072,2023,3.47,6,Medium
3072,2024,2.65,10,Medium
3072,2025,3.77,9,High
3073,2023,3.16,6,Medium
3073,2024,3.22,5,Medium
3073,2025,3.31,7,Medium
3074,2023,3.61,7,Medium
3074,2024,2.75,6,Medium
3074,2025,3.44,6,Medium
3075,2023,3.25,8,Medium
3075,2024,2.79,9,Medium
3075,2025,3.3,5,Medium
3076,2023,3.52,2,Medium
3076,2024,2.85,6,Medium
3076,2025,3.65,3,Medium
3077,2023,2.83,4,Medium
3077,2024,3.75,1,High
3077,2025,3.14,9,Medium
3078,2023,3.17,3,Medium
3078,2024,4.03,11,High
3078,2025,3.15,3,Medium
3079,2023,3.69,8,Medium
3079,2024,3.12,6,Medium
3079,2025,3.6,8,Medium
3080,2023,2.62,8,Medium
3080,2024,2.67,4,Medium
3080,2025,3.98,10,High
3081,2023,3.53,4,Medium
3081,2024,3.38,6,Medium
3081,2025,3.58,10,Medium
3082,2023,3.24,7,Medium
3082,2024,3.09,6,Medium
3082,2025,3.12,6,Medium
3083,2023,2.89,7,Medium
3083,2024,3.63,9,Medium
3083,2025,2.94,8,Medium
3084,2023,3.06,6,Medium
3084,2024,3.68,8,Medium
3084,2025,3.18,2,Medium
3085,2023,3.33,8,Medium
3085,2024,3.73,5,High
3085,2025,3.26,6,Medium
3086,2023,3.21,7,Medium
3086,2024,3.46,8,Medium
3086,2025,3.44,4,Medium
3087,2023,2.78,7,Medium
3087,2024,2.75,4,Medium
3087,2025,2.67,7,Medium
3088,2023,3.19,4,Medium
3088,2024,3.01,4,Medium
3088,2025,3.31,8,Medium
3089,2023,3.06,6,Medium
3089,2024,3.33,7,Medium
3089,2025,4.07,5,High
3090,2023,2.99,8,Medium
3090,2024,3.02,4,Medium
3090,2025,2.52,6,Medium
3091,2023,4.04,6,High
3091,2024,4.03,7,High
3091,2025,3.79,6,High
3092,2023,2.92,6,Medium
3092,2024,3.85,4,High
3092,2025,2.58,3,Medium
3093,2023,3.08,6,Medium
3093,2024,2.97,6,Medium
3093,2025,3.72,5,High
3094,2023,3.56,2,Medium
3094,2024,4.1,10,High
3094,2025,2.56,7,Medium
3095,2023,3.48,8,Medium
3095,2024,3.27,6,Medium
3095,2025,2.86,3,Medium
3096,2023,3.28,4,Medium
3096,2024,4.12,7,High
3096,2025,3.42,9,Medium
3097,2023,3.19,6,Medium
3097,2024,4.17,8,High
3097,2025,4.02,1,High
3098,2023,3.56,3,Medium
3098,2024,2.93,7,Medium
3098,2025,2.49,7,Low
3099,2023,4.13,5,High
3099,2024,2.97,9,Medium
3099,2025,4.03,3,High
3100,2023,3.29,6,Medium
3100,2024,3.42,6,Medium
3100,2025,2.52,5,Medium
3101,2023,4.34,8,High
3101,2024,3.43,6,Medium
3101,2025,3.48,1,Medium
3102,2023,3.82,6,High
3102,2024,2.96,8,Medium
3102,2025,4.18,4,High
3103,2023,2.94,8,Medium
3103,2024,3.58,6,Medium
3103,2025,3.52,4,Medium
3104,2023,3.96,7,High
3104,2024,2.59,4,Medium
3104,2025,2.83,7,Medium
3105,2023,3.59,8,Medium
3105,2024,2.54,12,Medium
3105,2025,2.55,7,Medium
3106,2023,3.03,4,Medium
3106,2024,3.41,2,Medium
3106,2025,2.75,8,Medium
3107,2023,3.48,5,Medium
3107,2024,3.65,1,Medium
3107,2025,2.57,5,Medium
3108,2023,3.82,4,High
3108,2024,3.73,11,High
3108,2025,3.55,4,Medium
3109,2023,4.11,6,High
3109,2024,3.82,6,High
3109,2025,3.53,7,Medium
3110,2023,3.45,9,Medium
3110,2024,3.74,7,High
3110,2025,3.43,5,Medium
3111,2023,3.83,5,High
3111,2024,3.96,5,High
3111,2025,3.6,11,Medium
3112,2023,2.96,6,Medium
3112,2024,2.7,7,Medium
3112,2025,3.28,6,Medium
3113,2023,3.95,3,High
3113,2024,3.65,10,Medium
3113,2025,2.44,4,Low
3114,2023,3.79,6,High
3114,2024,3.07,7,Medium
3114,2025,3.46,4,Medium
3115,2023,3.07,6,Medium
3115,2024,3.35,7,Medium
3115,2025,2.43,10,Low
3116,2023,3.5,4,Medium
3116,2024,3.18,8,Medium
3116,2025,2.86,9,Medium
3117,2023,3.9,4,High
3117,2024,2.95,7,Medium
3117,2025,3.92,9,High
3118,2023,3.01,9,Medium
3118,2024,3.27,4,Medium
3118,2025,3.24,7,Medium
3119,2023,2.81,11,Medium
3119,2024,3.33,5,Medium
3119,2025,3.96,9,High
3120,2023,3.65,9,Medium
3120,2024,3.3,10,Medium
3120,2025,3.57,4,Medium
3121,2023,3.43,6,Medium
3121,2024,2.95,8,Medium
3121,2025,2.96,8,Medium
3122,2023,3.29,2,Medium
3122,2024,3.61,10,Medium
3122,2025,4.01,5,High
3123,2023,3.7,4,Medium
3123,2024,3.91,9,High
3123,2025,3.83,6,High
3124,2023,2.45,10,Low
3124,2024,3.33,6,Medium
3124,2025,2.49,7,Low
3125,2023,2.64,6,Medium
3125,2024,2.31,4,Low
3125,2025,3.03,8,Medium
3126,2023,2.78,8,Medium
3126,2024,3.17,8,Medium
3126,2025,3.38,8,Medium
3127,2023,2.9,9,Medium
3127,2024,2.8,6,Medium
3127,2025,3.1,9,Medium
3128,2023,3.3,8,Medium
3128,2024,2.66,6,Medium
3128,2025,2.69,5,Medium
3129,2023,3.52,6,Medium
3129,2024,3.44,4,Medium
3129,2025,3.56,8,Medium
3130,2023,3.36,7,Medium
3130,2024,2.91,6,Medium
3130,2025,2.23,7,Low
3131,2023,3.47,10,Medium
3131,2024,4.2,7,High
3131,2025,3.56,9,Medium
3132,2023,2.87,8,Medium
3132,2024,2.31,5,Low
3132,2025,2.36,9,Low
3133,2023,2.95,7,Medium
3133,2024,3.03,7,Medium
3133,2025,2.79,6,Medium
3134,2023,3.61,3,Medium
3134,2024,3.04,2,Medium
3134,2025,2.78,4,Medium
3135,2023,3.91,7,High
3135,2024,3.5,5,Medium
3135,2025,3.36,5,Medium
3136,2023,2.71,7,Medium
3136,2024,2.58,5,Medium
3136,2025,2.51,9,Medium
3137,2023,3.48,9,Medium
3137,2024,3.59,9,Medium
3137,2025,3.01,8,Medium
3138,2023,3.03,5,Medium
3138,2024,3.11,7,Medium
3138,2025,3.02,7,Medium
3139,2023,3.27,7,Medium
3139,2024,3.8,6,High
3139,2025,3.36,7,Medium
3140,2023,3.53,6,Medium
3140,2024,3.34,9,Medium
3140,2025,3.37,4,Medium
3141,2023,3.16,7,Medium
3141,2024,2.68,7,Medium
3141,2025,3.18,5,Medium
3142,2023,2.97,5,Medium
3142,2024,2.97,5,Medium
3142,2025,2.64,8,Medium
3143,2023,3.24,5,Medium
3143,2024,3.96,4,High
3143,2025,3.01,4,Medium
3144,2023,3.47,6,Medium
3144,2024,2.57,4,Medium
3144,2025,3.3,6,Medium
3145,2023,3.14,7,Medium
3145,2024,1.81,8,Low
3145,2025,3.99,10,High
3146,2023,4.02,6,High
3146,2024,2.59,8,Medium
3146,2025,3.58,7,Medium
3147,2023,2.81,6,Medium
3147,2024,2.44,5,Low
3147,2025,2.59,7,Medium
3148,2023,3.45,8,Medium
3148,2024,3.36,6,Medium
3148,2025,3.71,6,High
3149,2023,3.3,9,Medium
3149,2024,3.31,10,Medium
3149,2025,3.62,6,Medium
3150,2023,3.69,7,Medium
3150,2024,3.47,8,Medium
3150,2025,3.7,6,Medium
3151,2023,4.29,5,High
3151,2024,3.48,7,Medium
3151,2025,2.98,8,Medium
3152,2023,2.91,7,Medium
3152,2024,2.85,7,Medium
3152,2025,3.48,4,Medium
3153,2023,3.26,7,Medium
3153,2024,3.7,6,Medium
3153,2025,3.89,7,High
3154,2023,3.68,5,Medium
3154,2024,2.95,6,Medium
3154,2025,3.48,10,Medium
3155,2023,3.99,7,High
3155,2024,3.08,1,Medium
3155,2025,3.63,9,Medium
3156,2023,3.46,4,Medium
3156,2024,4.63,5,High
3156,2025,3.86,6,High
3157,2023,3.39,9,Medium
3157,2024,2.44,7,Low
3157,2025,2.91,3,Medium
3158,2023,2.74,7,Medium
3158,2024,2.76,6,Medium
3158,2025,3.62,6,Medium
3159,2023,3.02,5,Medium
3159,2024,3.32,5,Medium
3159,2025,3.75,5,High
3160,2023,2.6,8,Medium
3160,2024,3.24,5,Medium
3160,2025,3.31,4,Medium
3161,2023,3.85,5,High
3161,2024,3.96,6,High
3161,2025,3.85,7,High
3162,2023,3.36,7,Medium
3162,2024,2.95,6,Medium
3162,2025,2.98,5,Medium
3163,2023,2.49,4,Low
3163,2024,4.33,8,High
3163,2025,4.71,8,High
3164,2023,3.27,8,Medium
3164,2024,3.45,7,Medium
3164,2025,3.84,7,High
3165,2023,3.56,7,Medium
3165,2024,3.4,5,Medium
3165,2025,3.61,10,Medium
3166,2023,3.96,4,High
3166,2024,3.07,4,Medium
3166,2025,3.27,7,Medium
3167,2023,2.9,7,Medium
3167,2024,3.11,11,Medium
3167,2025,3.52,7,Medium
3168,2023,3.63,7,Medium
3168,2024,3.26,9,Medium
3168,2025,2.91,11,Medium
3169,2023,2.69,8,Medium
3169,2024,3.77,4,High
3169,2025,3.02,11,Medium
3170,2023,2.65,7,Medium
3170,2024,2.63,7,Medium
3170,2025,3.65,2,Medium
3171,2023,2.66,5,Medium
3171,2024,2.82,5,Medium
3171,2025,3.61,6,Medium
3172,2023,3.72,8,High
3172,2024,3.44,3,Medium
3172,2025,2.47,2,Low
3173,2023,3.39,10,Medium
3173,2024,3.66,7,Medium
3173,2025,2.65,6,Medium
3174,2023,3.63,8,Medium
3174,2024,3.96,6,High
3174,2025,3.8,4,High
3175,2023,2.61,4,Medium
3175,2024,3.11,7,Medium
3175,2025,3.31,7,Medium
3176,2023,3.22,5,Medium
3176,2024,3.17,8,Medium
3176,2025,2.68,8,Medium
3177,2023,2.97,3,Medium
3177,2024,2.98,9,Medium
3177,2025,3.38,6,Medium
3178,2023,3.42,5,Medium
3178,2024,3.56,8,Medium
3178,2025,2.73,6,Medium
3179,2023,3.41,3,Medium
3179,2024,3.1,5,Medium
3179,2025,3.32,5,Medium
3180,2023,3.1,6,Medium
3180,2024,3.41,7,Medium
3180,2025,3.5,5,Medium
3181,2023,2.94,9,Medium
3181,2024,3.08,7,Medium
3181,2025,3.46,8,Medium
3182,2023,3.42,5,Medium
3182,2024,3.81,9,High
3182,2025,3.75,8,High
3183,2023,2.58,4,Medium
3183,2024,3.77,6,High
3183,2025,3.19,11,Medium
3184,2023,3.76,10,High
3184,2024,3.52,7,Medium
3184,2025,3.08,9,Medium
3185,2023,2.04,6,Low
3185,2024,4.61,9,High
3185,2025,3.09,4,Medium
3186,2023,3.13,3,Medium
3186,2024,2.7,11,Medium
3186,2025,2.81,8,Medium
3187,2023,3.34,5,Medium
3187,2024,3.02,8,Medium
3187,2025,3.17,7,Medium
3188,2023,3.34,3,Medium
3188,2024,3.82,7,High
3188,2025,3.58,8,Medium
3189,2023,2.67,10,Medium
3189,2024,3.8,6,High
3189,2025,2.95,3,Medium
3190,2023,2.32,5,Low
3190,2024,3.15,5,Medium
3190,2025,2.83,6,Medium
3191,2023,1.9,7,Low
3191,2024,2.88,7,Medium
3191,2025,3.53,10,Medium
3192,2023,3.66,2,Medium
3192,2024,3.03,2,Medium
3192,2025,3.85,6,High
3193,2023,3.35,4,Medium
3193,2024,3.16,6,Medium
3193,2025,3.83,3,High
3194,2023,3.68,10,Medium
3194,2024,3.42,10,Medium
3194,2025,2.57,6,Medium
3195,2023,3.28,10,Medium
3195,2024,3.09,12,Medium
3195,2025,2.91,6,Medium
3196,2023,3.31,8,Medium
3196,2024,2.21,4,Low
3196,2025,3.52,5,Medium
3197,2023,3.55,9,Medium
3197,2024,2.86,8,Medium
3197,2025,3.25,6,Medium
3198,2023,2.35,7,Low
3198,2024,3.95,8,High
3198,2025,4.38,9,High
3199,2023,3.48,6,Medium
3199,2024,3.46,6,Medium
3199,2025,2.84,7,Medium
3200,2023,3.46,5,Medium
3200,2024,2.59,6,Medium
3200,2025,2.75,8,Medium
3201,2023,2.35,7,Low
3201,2024,3.3,9,Medium
3201,2025,2.85,6,Medium
3202,2023,2.12,10,Low
3202,2024,2.45,5,Low
3202,2025,3.9,5,High
3203,2023,4.03,4,High
3203,2024,4.01,2,High
3203,2025,2.69,8,Medium
3204,2023,3.19,7,Medium
3204,2024,3.34,8,Medium
3204,2025,3.48,6,Medium
3205,2023,3.38,6,Medium
3205,2024,3.49,7,Medium
3205,2025,3.55,9,Medium
3206,2023,3.58,8,Medium
3206,2024,2.82,10,Medium
3206,2025,3.17,8,Medium
3207,2023,4.35,5,High
3207,2024,3.52,11,Medium
3207,2025,3.41,9,Medium
3208,2023,4.49,7,High
3208,2024,3.65,8,Medium
3208,2025,4.15,8,High
3209,2023,3.73,4,High
3209,2024,2.9,7,Medium
3209,2025,3.28,7,Medium
3210,2023,3.06,9,Medium
3210,2024,2.59,6,Medium
3210,2025,2.61,7,Medium
3211,2023,3.39,10,Medium
3211,2024,3.38,7,Medium
3211,2025,3.34,8,Medium
3212,2023,3.59,8,Medium
3212,2024,3.18,6,Medium
3212,2025,4.57,7,High
3213,2023,2.92,6,Medium
3213,2024,3.48,4,Medium
3213,2025,2.96,6,Medium
3214,2023,2.87,5,Medium
3214,2024,2.85,7,Medium
3214,2025,3.1,9,Medium
3215,2023,3.65,10,Medium
3215,2024,3.78,6,High
3215,2025,2.76,7,Medium
3216,2023,2.62,5,Medium
3216,2024,3.07,4,Medium
3216,2025,3.25,7,Medium
3217,2023,2.92,2,Medium
3217,2024,3.41,8,Medium
3217,2025,3.22,5,Medium
3218,2023,2.7,6,Medium
3218,2024,3.47,3,Medium
3218,2025,3.28,4,Medium
3219,2023,3.57,8,Medium
3219,2024,3.27,7,Medium
3219,2025,3.12,6,Medium
3220,2023,3.78,7,High
3220,2024,3.3,5,Medium
3220,2025,2.73,2,Medium
3221,2023,3.43,8,Medium
3221,2024,4.02,8,High
3221,2025,2.74,6,Medium
3222,2023,3.66,9,Medium
3222,2024,3.59,4,Medium
3222,2025,3.95,8,High
3223,2023,3.42,5,Medium
3223,2024,3.18,6,Medium
3223,2025,3.74,4,High
3224,2023,3.28,8,Medium
3224,2024,3.69,8,Medium
3224,2025,3.69,6,Medium
3225,2023,3.0,6,Medium
3225,2024,3.48,9,Medium
3225,2025,3.46,7,Medium
3226,2023,3.96,6,High
3226,2024,3.5,3,Medium
3226,2025,2.74,9,Medium
3227,2023,2.6,4,Medium
3227,2024,2.86,7,Medium
3227,2025,2.83,4,Medium
3228,2023,3.77,7,High
3228,2024,3.62,6,Medium
3228,2025,3.56,5,Medium
3229,2023,3.37,2,Medium
3229,2024,3.02,6,Medium
3229,2025,4.1,3,High
3230,2023,3.56,7,Medium
3230,2024,3.51,7,Medium
3230,2025,3.42,7,Medium
3231,2023,2.85,5,Medium
3231,2024,3.99,5,High
3231,2025,3.75,8,High
3232,2023,4.04,11,High
3232,2024,3.43,6,Medium
3232,2025,3.43,8,Medium
3233,2023,2.86,6,Medium
3233,2024,3.25,6,Medium
3233,2025,3.37,5,Medium
3234,2023,2.78,8,Medium
3234,2024,4.47,3,High
3234,2025,3.88,1,High
3235,2023,3.65,6,Medium
3235,2024,3.61,9,Medium
3235,2025,2.66,8,Medium
3236,2023,3.11,8,Medium
3236,2024,3.38,10,Medium
3236,2025,3.31,9,Medium
3237,2023,3.59,6,Medium
3237,2024,3.89,6,High
3237,2025,2.69,3,Medium
3238,2023,2.96,7,Medium
3238,2024,3.53,10,Medium
3238,2025,2.38,9,Low
3239,2023,3.72,9,High
3239,2024,3.94,7,High
3239,2025,3.01,6,Medium
3240,2023,3.24,7,Medium
3240,2024,3.42,8,Medium
3240,2025,3.32,6,Medium
3241,2023,3.79,8,High
3241,2024,3.62,5,Medium
3241,2025,3.59,7,Medium
3242,2023,3.22,5,Medium
3242,2024,3.56,7,Medium
3242,2025,2.85,7,Medium
3243,2023,3.44,6,Medium
3243,2024,2.52,5,Medium
3243,2025,2.48,4,Low
3244,2023,2.15,10,Low
3244,2024,3.05,8,Medium
3244,2025,2.89,6,Medium
3245,2023,3.01,9,Medium
3245,2024,3.16,7,Medium
3245,2025,2.77,9,Medium
3246,2023,3.81,5,High
3246,2024,3.67,4,Medium
3246,2025,2.92,4,Medium
3247,2023,2.17,6,Low
3247,2024,3.07,2,Medium
3247,2025,2.64,6,Medium
3248,2023,3.56,5,Medium
3248,2024,3.35,6,Medium
3248,2025,2.85,8,Medium
3249,2023,3.82,8,High
3249,2024,3.72,3,High
3249,2025,4.11,8,High
3250,2023,2.77,5,Medium
3250,2024,4.3,2,High
3250,2025,3.35,2,Medium
3251,2023,3.18,9,Medium
3251,2024,3.34,7,Medium
3251,2025,2.9,9,Medium
3252,2023,3.03,11,Medium
3252,2024,2.67,6,Medium
3252,2025,3.55,9,Medium
3253,2023,3.21,5,Medium
3253,2024,3.27,5,Medium
3253,2025,3.18,8,Medium
3254,2023,2.99,4,Medium
3254,2024,2.77,3,Medium
3254,2025,3.01,4,Medium
3255,2023,2.28,5,Low
3255,2024,4.0,4,High
3255,2025,3.33,5,Medium
3256,2023,2.83,8,Medium
3256,2024,3.57,7,Medium
3256,2025,3.91,6,High
3257,2023,2.7,7,Medium
3257,2024,3.88,10,High
3257,2025,2.74,7,Medium
3258,2023,3.35,8,Medium
3258,2024,3.96,6,High
3258,2025,2.85,8,Medium
3259,2023,2.71,8,Medium
3259,2024,3.68,2,Medium
3259,2025,1.89,11,Low
3260,2023,3.74,6,High
3260,2024,2.5,5,Low
3260,2025,3.25,6,Medium
3261,2023,2.84,10,Medium
3261,2024,3.41,3,Medium
3261,2025,3.16,8,Medium
3262,2023,2.88,6,Medium
3262,2024,2.7,8,Medium
3262,2025,3.23,5,Medium
3263,2023,2.88,6,Medium
3263,2024,3.37,5,Medium
3263,2025,3.22,7,Medium
3264,2023,3.42,5,Medium
3264,2024,3.66,7,Medium
3264,2025,3.48,7,Medium
3265,2023,2.56,11,Medium
3265,2024,3.62,7,Medium
3265,2025,3.21,5,Medium
3266,2023,2.65,5,Medium
3266,2024,2.55,5,Medium
3266,2025,2.71,5,Medium
3267,2023,3.36,5,Medium
3267,2024,2.19,9,Low
3267,2025,3.36,7,Medium
3268,2023,2.83,6,Medium
3268,2024,3.44,7,Medium
3268,2025,4.28,9,High
3269,2023,3.26,5,Medium
3269,2024,2.85,6,Medium
3269,2025,2.33,10,Low
3270,2023,3.57,4,Medium
3270,2024,3.08,5,Medium
3270,2025,3.12,8,Medium
3271,2023,4.06,5,High
3271,2024,3.05,6,Medium
3271,2025,2.66,7,Medium
3272,2023,3.32,5,Medium
3272,2024,3.04,8,Medium
3272,2025,3.31,11,Medium
3273,2023,3.19,4,Medium
3273,2024,3.55,4,Medium
3273,2025,3.26,10,Medium
3274,2023,4.1,5,High
3274,2024,3.93,6,High
3274,2025,3.06,4,Medium
3275,2023,2.84,10,Medium
3275,2024,2.69,8,Medium
3275,2025,3.14,7,Medium
3276,2023,3.45,6,Medium
3276,2024,3.0,5,Medium
3276,2025,3.71,6,High
3277,2023,3.76,8,High
3277,2024,3.76,4,High
3277,2025,4.07,10,High
3278,2023,3.2,9,Medium
3278,2024,3.3,8,Medium
3278,2025,3.26,7,Medium
3279,2023,3.41,8,Medium
3279,2024,3.14,10,Medium
3279,2025,3.89,5,High
3280,2023,3.18,8,Medium
3280,2024,3.39,4,Medium
3280,2025,3.96,7,High
3281,2023,4.5,7,High
3281,2024,4.46,8,High
3281,2025,3.96,4,High
3282,2023,3.21,6,Medium
3282,2024,3.54,7,Medium
3282,2025,2.83,7,Medium
3283,2023,3.11,7,Medium
3283,2024,3.89,7,High
3283,2025,3.17,7,Medium
3284,2023,3.13,5,Medium
3284,2024,3.08,6,Medium
3284,2025,3.77,4,High
3285,2023,3.78,6,High
3285,2024,3.29,6,Medium
3285,2025,3.47,5,Medium
3286,2023,3.53,6,Medium
3286,2024,2.94,6,Medium
3286,2025,3.41,9,Medium
3287,2023,3.2,9,Medium
3287,2024,2.84,2,Medium
3287,2025,3.58,6,Medium
3288,2023,3.44,6,Medium
3288,2024,3.61,7,Medium
3288,2025,3.1,6,Medium
3289,2023,3.27,5,Medium
3289,2024,3.36,8,Medium
3289,2025,4.21,8,High
3290,2023,3.04,9,Medium
3290,2024,3.42,5,Medium
3290,2025,3.13,4,Medium
3291,2023,3.53,9,Medium
3291,2024,2.86,7,Medium
3291,2025,2.37,5,Low
3292,2023,3.24,5,Medium
3292,2024,3.53,4,Medium
3292,2025,3.84,6,High
3293,2023,3.58,6,Medium
3293,2024,2.7,3,Medium
3293,2025,2.91,4,Medium
3294,2023,3.4,6,Medium
3294,2024,3.4,8,Medium
3294,2025,2.73,3,Medium
3295,2023,3.24,5,Medium
3295,2024,2.95,7,Medium
3295,2025,3.59,10,Medium
3296,2023,4.19,6,High
3296,2024,3.71,6,High
3296,2025,3.26,8,Medium
3297,2023,3.39,6,Medium
3297,2024,4.17,3,High
3297,2025,2.7,6,Medium
3298,2023,3.19,8,Medium
3298,2024,3.43,8,Medium
3298,2025,3.65,5,Medium
3299,2023,2.58,2,Medium
3299,2024,3.06,6,Medium
3299,2025,3.25,7,Medium
3300,2023,2.99,9,Medium
3300,2024,2.85,10,Medium
3300,2025,2.95,10,Medium
3301,2023,3.21,7,Medium
3301,2024,3.25,7,Medium
3301,2025,3.21,4,Medium
3302,2023,3.33,9,Medium
3302,2024,3.63,9,Medium
3302,2025,3.84,3,High
3303,2023,3.02,7,Medium
3303,2024,3.63,7,Medium
3303,2025,3.19,9,Medium
3304,2023,2.6,7,Medium
3304,2024,2.74,7,Medium
3304,2025,3.54,8,Medium
3305,2023,3.47,6,Medium
3305,2024,3.65,4,Medium
3305,2025,3.21,6,Medium
3306,2023,2.9,6,Medium
3306,2024,4.27,7,High
3306,2025,3.47,12,Medium
3307,2023,2.9,8,Medium
3307,2024,2.57,5,Medium
3307,2025,2.74,5,Medium
3308,2023,3.58,9,Medium
3308,2024,3.25,6,Medium
3308,2025,2.45,8,Low
3309,2023,3.0,4,Medium
3309,2024,2.89,6,Medium
3309,2025,2.99,6,Medium
3310,2023,3.71,8,High
3310,2024,2.87,7,Medium
3310,2025,3.68,7,Medium
3311,2023,4.52,8,High
3311,2024,3.11,6,Medium
3311,2025,4.03,8,High
3312,2023,3.2,6,Medium
3312,2024,2.86,9,Medium
3312,2025,2.36,5,Low
3313,2023,3.58,5,Medium
3313,2024,3.23,6,Medium
3313,2025,1.91,4,Low
3314,2023,3.46,4,Medium
3314,2024,2.75,6,Medium
3314,2025,4.44,10,High
3315,2023,3.29,7,Medium
3315,2024,3.12,7,Medium
3315,2025,3.11,6,Medium
3316,2023,3.26,9,Medium
3316,2024,2.92,4,Medium
3316,2025,2.59,4,Medium
3317,2023,3.33,6,Medium
3317,2024,2.68,7,Medium
3317,2025,3.51,5,Medium
3318,2023,3.67,6,Medium
3318,2024,2.93,7,Medium
3318,2025,2.33,10,Low
3319,2023,3.16,3,Medium
3319,2024,3.28,8,Medium
3319,2025,2.66,8,Medium
3320,2023,2.52,10,Medium
3320,2024,2.53,4,Medium
3320,2025,3.97,4,High
3321,2023,3.81,5,High
3321,2024,2.84,4,Medium
3321,2025,3.92,9,High
3322,2023,3.18,7,Medium
3322,2024,3.26,7,Medium
3322,2025,1.38,7,Low
3323,2023,3.1,9,Medium
3323,2024,3.93,1,High
3323,2025,2.42,7,Low
3324,2023,4.18,7,High
3324,2024,3.75,8,High
3324,2025,3.33,3,Medium
3325,2023,2.83,6,Medium
3325,2024,3.64,5,Medium
3325,2025,3.42,9,Medium
3326,2023,3.29,7,Medium
3326,2024,3.69,6,Medium
3326,2025,2.94,7,Medium
3327,2023,2.82,4,Medium
3327,2024,2.93,9,Medium
3327,2025,2.81,9,Medium
3328,2023,3.13,4,Medium
3328,2024,3.01,9,Medium
3328,2025,3.36,10,Medium
3329,2023,3.45,5,Medium
3329,2024,3.78,5,High
3329,2025,2.56,5,Medium
3330,2023,3.58,8,Medium
3330,2024,2.85,10,Medium
3330,2025,2.74,5,Medium
3331,2023,3.28,8,Medium
3331,2024,3.22,8,Medium
3331,2025,3.33,5,Medium
3332,2023,3.24,5,Medium
3332,2024,3.75,7,High
3332,2025,3.26,7,Medium
3333,2023,2.71,5,Medium
3333,2024,2.47,6,Low
3333,2025,2.9,7,Medium
3334,2023,3.36,7,Medium
3334,2024,3.09,11,Medium
3334,2025,3.35,5,Medium
3335,2023,3.31,10,Medium
3335,2024,4.07,7,High
3335,2025,2.72,6,Medium
3336,2023,3.46,12,Medium
3336,2024,3.35,7,Medium
3336,2025,3.63,4,Medium
3337,2023,3.64,7,Medium
3337,2024,4.03,9,High
3337,2025,3.41,8,Medium
3338,2023,3.24,8,Medium
3338,2024,3.6,6,Medium
3338,2025,2.55,6,Medium
3339,2023,3.1,5,Medium
3339,2024,3.22,5,Medium
3339,2025,3.13,7,Medium
3340,2023,3.23,8,Medium
3340,2024,3.58,5,Medium
3340,2025,3.53,6,Medium
3341,2023,3.36,10,Medium
3341,2024,3.31,5,Medium
3341,2025,3.2,5,Medium
3342,2023,3.14,3,Medium
3342,2024,2.9,5,Medium
3342,2025,3.32,6,Medium
3343,2023,3.97,8,High
3343,2024,3.54,6,Medium
3343,2025,2.9,8,Medium
3344,2023,3.17,4,Medium
3344,2024,3.8,4,High
3344,2025,4.06,4,High
3345,2023,3.32,8,Medium
3345,2024,3.36,5,Medium
3345,2025,3.27,11,Medium
3346,2023,4.6,11,High
3346,2024,3.72,8,High
3346,2025,3.99,3,High
3347,2023,2.98,6,Medium
3347,2024,3.31,7,Medium
3347,2025,4.41,7,High
3348,2023,3.42,2,Medium
3348,2024,3.77,4,High
3348,2025,2.91,4,Medium
3349,2023,3.46,6,Medium
3349,2024,2.54,7,Medium
3349,2025,3.22,7,Medium
3350,2023,3.29,5,Medium
3350,2024,3.75,7,High
3350,2025,3.22,7,Medium
3351,2023,3.61,5,Medium
3351,2024,3.22,8,Medium
3351,2025,3.58,9,Medium
3352,2023,3.43,5,Medium
3352,2024,1.92,5,Low
3352,2025,3.48,6,Medium
3353,2023,2.93,9,Medium
3353,2024,3.02,6,Medium
3353,2025,2.9,10,Medium
3354,2023,3.01,9,Medium
3354,2024,2.75,3,Medium
3354,2025,2.89,7,Medium
3355,2023,2.6,7,Medium
3355,2024,3.37,5,Medium
3355,2025,3.76,6,High
3356,2023,3.11,8,Medium
3356,2024,3.04,6,Medium
3356,2025,3.24,9,Medium
3357,2023,2.58,5,Medium
3357,2024,3.26,7,Medium
3357,2025,3.04,6,Medium
3358,2023,2.48,5,Low
3358,2024,3.7,3,Medium
3358,2025,2.84,7,Medium
3359,2023,3.34,5,Medium
3359,2024,3.27,3,Medium
3359,2025,3.76,6,High
3360,2023,3.22,6,Medium
3360,2024,4.06,7,High
3360,2025,3.94,9,High
3361,2023,3.41,6,Medium
3361,2024,4.37,9,High
3361,2025,3.26,7,Medium
3362,2023,2.75,7,Medium
3362,2024,3.91,3,High
3362,2025,3.46,6,Medium
3363,2023,3.85,8,High
3363,2024,3.79,6,High
3363,2025,3.8,4,High
3364,2023,3.21,5,Medium
3364,2024,2.74,9,Medium
3364,2025,2.42,7,Low
3365,2023,2.89,8,Medium
3365,2024,3.21,9,Medium
3365,2025,3.6,7,Medium
3366,2023,3.25,7,Medium
3366,2024,2.66,5,Medium
3366,2025,4.08,9,High
3367,2023,3.85,5,High
3367,2024,3.13,8,Medium
3367,2025,3.45,8,Medium
3368,2023,3.26,8,Medium
3368,2024,2.94,7,Medium
3368,2025,3.39,4,Medium
3369,2023,2.39,9,Low
3369,2024,3.19,8,Medium
3369,2025,3.26,4,Medium
3370,2023,2.72,6,Medium
3370,2024,3.5,7,Medium
3370,2025,2.46,8,Low
3371,2023,2.78,3,Medium
3371,2024,3.64,7,Medium
3371,2025,3.48,7,Medium
3372,2023,2.86,5,Medium
3372,2024,3.15,8,Medium
3372,2025,2.86,7,Medium
3373,2023,2.84,8,Medium
3373,2024,3.22,5,Medium
3373,2025,2.99,7,Medium
3374,2023,3.25,8,Medium
3374,2024,3.27,5,Medium
3374,2025,4.53,5,High
3375,2023,3.41,4,Medium
3375,2024,2.85,5,Medium
3375,2025,2.64,5,Medium
3376,2023,3.4,7,Medium
3376,2024,2.67,8,Medium
3376,2025,4.04,7,High
3377,2023,2.79,8,Medium
3377,2024,3.05,5,Medium
3377,2025,3.52,4,Medium
3378,2023,3.79,4,High
3378,2024,2.81,9,Medium
3378,2025,3.4,2,Medium
3379,2023,4.2,9,High
3379,2024,2.59,4,Medium
3379,2025,2.96,7,Medium
3380,2023,3.23,9,Medium
3380,2024,2.71,7,Medium
3380,2025,2.85,7,Medium
3381,2023,3.71,5,High
3381,2024,4.07,7,High
3381,2025,4.02,8,High
3382,2023,3.1,11,Medium
3382,2024,3.37,6,Medium
3382,2025,2.96,12,Medium
3383,2023,4.19,4,High
3383,2024,3.64,7,Medium
3383,2025,3.4,6,Medium
3384,2023,3.1,6,Medium
3384,2024,3.03,4,Medium
3384,2025,2.86,8,Medium
3385,2023,3.18,9,Medium
3385,2024,3.05,7,Medium
3385,2025,3.53,8,Medium
3386,2023,2.93,5,Medium
3386,2024,3.57,4,Medium
3386,2025,2.65,8,Medium
3387,2023,3.39,7,Medium
3387,2024,2.62,9,Medium
3387,2025,2.85,7,Medium
3388,2023,3.16,3,Medium
3388,2024,3.1,6,Medium
3388,2025,4.43,9,High
3389,2023,2.92,5,Medium
3389,2024,3.22,7,Medium
3389,2025,2.74,5,Medium
3390,2023,4.28,9,High
3390,2024,3.37,6,Medium
3390,2025,2.88,7,Medium
3391,2023,3.79,7,High
3391,2024,3.38,7,Medium
3391,2025,3.09,5,Medium
3392,2023,3.44,9,Medium
3392,2024,3.47,8,Medium
3392,2025,3.94,7,High
3393,2023,4.02,8,High
3393,2024,2.31,7,Low
3393,2025,3.17,8,Medium
3394,2023,3.32,6,Medium
3394,2024,2.96,9,Medium
3394,2025,2.91,2,Medium
3395,2023,3.32,7,Medium
3395,2024,3.79,6,High
3395,2025,3.1,11,Medium
3396,2023,2.95,7,Medium
3396,2024,2.54,8,Medium
3396,2025,3.77,3,High
3397,2023,3.82,5,High
3397,2024,3.76,7,High
3397,2025,3.76,8,High
3398,2023,3.75,6,High
3398,2024,3.14,9,Medium
3398,2025,3.59,7,Medium
3399,2023,3.51,11,Medium
3399,2024,3.34,6,Medium
3399,2025,3.25,9,Medium
3400,2023,2.64,8,Medium
3400,2024,2.35,7,Low
3400,2025,3.82,6,High
3401,2023,3.8,7,High
3401,2024,3.16,5,Medium
3401,2025,3.29,7,Medium
3402,2023,3.49,4,Medium
3402,2024,3.73,8,High
3402,2025,3.9,6,High
3403,2023,3.57,8,Medium
3403,2024,2.82,8,Medium
3403,2025,3.15,9,Medium
3404,2023,3.11,5,Medium
3404,2024,1.73,10,Low
3404,2025,3.36,8,Medium
3405,2023,2.31,4,Low
3405,2024,4.15,6,High
3405,2025,2.79,7,Medium
3406,2023,3.06,7,Medium
3406,2024,3.68,11,Medium
3406,2025,2.67,5,Medium
3407,2023,3.57,6,Medium
3407,2024,2.98,6,Medium
3407,2025,3.33,6,Medium
3408,2023,3.12,10,Medium
3408,2024,3.72,7,High
3408,2025,3.58,8,Medium
3409,2023,3.66,8,Medium
3409,2024,3.47,7,Medium
3409,2025,3.14,9,Medium
3410,2023,3.9,8,High
3410,2024,3.78,7,High
3410,2025,3.08,6,Medium
3411,2023,3.47,7,Medium
3411,2024,3.42,8,Medium
3411,2025,3.53,5,Medium
3412,2023,3.64,7,Medium
3412,2024,3.04,6,Medium
3412,2025,3.46,6,Medium
3413,2023,2.49,7,Low
3413,2024,3.38,9,Medium
3413,2025,3.67,7,Medium
3414,2023,4.23,8,High
3414,2024,3.12,8,Medium
3414,2025,2.49,9,Low
3415,2023,2.94,6,Medium
3415,2024,2.95,6,Medium
3415,2025,3.02,8,Medium
3416,2023,3.88,8,High
3416,2024,3.19,8,Medium
3416,2025,3.74,7,High
3417,2023,3.51,11,Medium
3417,2024,3.47,8,Medium
3417,2025,3.34,8,Medium
3418,2023,2.89,4,Medium
3418,2024,3.35,5,Medium
3418,2025,4.06,3,High
3419,2023,3.5,5,Medium
3419,2024,3.62,9,Medium
3419,2025,3.05,5,Medium
3420,2023,3.52,7,Medium
3420,2024,3.46,5,Medium
3420,2025,4.42,7,High
3421,2023,3.03,5,Medium
3421,2024,3.21,7,Medium
3421,2025,3.83,5,High
3422,2023,3.63,6,Medium
3422,2024,3.38,4,Medium
3422,2025,3.43,4,Medium
3423,2023,3.17,6,Medium
3423,2024,3.6,6,Medium
3423,2025,2.92,4,Medium
3424,2023,3.21,6,Medium
3424,2024,3.09,3,Medium
3424,2025,3.81,5,High
3425,2023,3.66,7,Medium
3425,2024,3.14,5,Medium
3425,2025,3.23,5,Medium
3426,2023,4.19,5,High
3426,2024,3.75,8,High
3426,2025,3.11,4,Medium
3427,2023,2.81,5,Medium
3427,2024,3.24,5,Medium
3427,2025,3.75,9,High
3428,2023,3.36,10,Medium
3428,2024,2.87,8,Medium
3428,2025,3.65,6,Medium
3429,2023,3.09,8,Medium
3429,2024,3.3,7,Medium
3429,2025,4.41,6,High
3430,2023,2.9,8,Medium
3430,2024,3.17,3,Medium
3430,2025,3.27,8,Medium
3431,2023,2.77,8,Medium
3431,2024,3.77,5,High
3431,2025,3.34,5,Medium
3432,2023,3.83,5,High
3432,2024,3.65,8,Medium
3432,2025,3.15,7,Medium
3433,2023,3.82,5,High
3433,2024,4.05,8,High
3433,2025,2.97,5,Medium
3434,2023,3.51,4,Medium
3434,2024,3.94,8,High
3434,2025,3.35,7,Medium
3435,2023,3.43,6,Medium
3435,2024,3.63,10,Medium
3435,2025,3.34,6,Medium
3436,2023,3.63,4,Medium
3436,2024,3.2,7,Medium
3436,2025,3.59,9,Medium
3437,2023,2.99,8,Medium
3437,2024,3.19,8,Medium
3437,2025,3.34,5,Medium
3438,2023,3.0,4,Medium
3438,2024,3.05,6,Medium
3438,2025,3.33,5,Medium
3439,2023,2.92,5,Medium
3439,2024,3.22,6,Medium
3439,2025,3.0,9,Medium
3440,2023,3.43,8,Medium
3440,2024,3.75,3,High
3440,2025,3.89,8,High
3441,2023,4.07,6,High
3441,2024,3.54,5,Medium
3441,2025,2.94,7,Medium
3442,2023,2.92,6,Medium
3442,2024,3.64,5,Medium
3442,2025,3.3,7,Medium
3443,2023,3.07,8,Medium
3443,2024,3.87,8,High
3443,2025,4.17,6,High
3444,2023,3.66,11,Medium
3444,2024,3.86,8,High
3444,2025,3.24,6,Medium
3445,2023,2.92,9,Medium
3445,2024,1.75,4,Low
3445,2025,3.6,4,Medium
3446,2023,3.43,7,Medium
3446,2024,3.11,2,Medium
3446,2025,3.69,6,Medium
3447,2023,3.31,7,Medium
3447,2024,3.14,9,Medium
3447,2025,3.63,6,Medium
3448,2023,2.9,9,Medium
3448,2024,2.9,4,Medium
3448,2025,2.92,7,Medium
3449,2023,2.94,8,Medium
3449,2024,4.28,9,High
3449,2025,3.03,5,Medium
3450,2023,3.54,9,Medium
3450,2024,3.81,10,High
3450,2025,3.9,5,High
3451,2023,3.39,8,Medium
3451,2024,2.43,5,Low
3451,2025,2.52,6,Medium
3452,2023,3.29,9,Medium
3452,2024,3.81,4,High
3452,2025,3.79,7,High
3453,2023,3.62,5,Medium
3453,2024,3.02,11,Medium
3453,2025,2.91,6,Medium
3454,2023,2.58,7,Medium
3454,2024,3.35,8,Medium
3454,2025,3.5,6,Medium
3455,2023,3.22,5,Medium
3455,2024,3.6,8,Medium
3455,2025,3.42,9,Medium
3456,2023,3.66,5,Medium
3456,2024,3.45,6,Medium
3456,2025,2.71,7,Medium
3457,2023,3.46,8,Medium
3457,2024,2.86,6,Medium
3457,2025,3.45,5,Medium
3458,2023,1.92,4,Low
3458,2024,3.0,5,Medium
3458,2025,3.36,8,Medium
3459,2023,2.4,7,Low
3459,2024,3.34,6,Medium
3459,2025,2.72,6,Medium
3460,2023,3.44,7,Medium
3460,2024,3.22,8,Medium
3460,2025,3.21,5,Medium
3461,2023,4.0,2,High
3461,2024,3.77,6,High
3461,2025,2.61,5,Medium
3462,2023,2.72,4,Medium
3462,2024,2.87,6,Medium
3462,2025,3.71,4,High
3463,2023,3.11,10,Medium
3463,2024,2.81,6,Medium
3463,2025,3.15,6,Medium
3464,2023,2.86,11,Medium
3464,2024,2.84,8,Medium
3464,2025,3.12,7,Medium
3465,2023,3.98,5,High
3465,2024,3.91,6,High
3465,2025,4.35,9,High
3466,2023,3.31,6,Medium
3466,2024,3.36,7,Medium
3466,2025,3.2,7,Medium
3467,2023,3.18,8,Medium
3467,2024,3.21,6,Medium
3467,2025,2.98,10,Medium
3468,2023,2.66,5,Medium
3468,2024,3.7,9,Medium
3468,2025,3.57,7,Medium
3469,2023,2.56,7,Medium
3469,2024,3.24,7,Medium
3469,2025,3.23,8,Medium
3470,2023,3.76,8,High
3470,2024,3.28,11,Medium
3470,2025,3.13,4,Medium
3471,2023,3.36,6,Medium
3471,2024,4.01,7,High
3471,2025,4.04,9,High
3472,2023,2.72,5,Medium
3472,2024,3.11,6,Medium
3472,2025,2.93,10,Medium
3473,2023,3.05,6,Medium
3473,2024,3.48,4,Medium
3473,2025,3.36,11,Medium
3474,2023,2.02,2,Low
3474,2024,3.2,5,Medium
3474,2025,3.76,8,High
3475,2023,3.46,7,Medium
3475,2024,4.08,6,High
3475,2025,3.58,4,Medium
3476,2023,3.99,7,High
3476,2024,4.0,5,High
3476,2025,4.0,6,High
3477,2023,3.41,5,Medium
3477,2024,3.21,6,Medium
3477,2025,2.54,6,Medium
3478,2023,2.49,9,Low
3478,2024,3.73,11,High
3478,2025,2.72,6,Medium
3479,2023,3.79,9,High
3479,2024,2.77,4,Medium
3479,2025,2.17,9,Low
3480,2023,2.71,7,Medium
3480,2024,2.47,3,Low
3480,2025,3.75,5,High
3481,2023,3.33,6,Medium
3481,2024,3.31,7,Medium
3481,2025,3.21,7,Medium
3482,2023,3.09,6,Medium
3482,2024,3.23,4,Medium
3482,2025,2.85,3,Medium
3483,2023,2.37,6,Low
3483,2024,2.39,6,Low
3483,2025,2.67,10,Medium
3484,2023,2.78,7,Medium
3484,2024,4.03,5,High
3484,2025,3.24,9,Medium
3485,2023,2.52,8,Medium
3485,2024,3.49,6,Medium
3485,2025,2.96,3,Medium
3486,2023,3.9,5,High
3486,2024,3.14,7,Medium
3486,2025,3.26,6,Medium
3487,2023,4.31,8,High
3487,2024,3.34,7,Medium
3487,2025,3.31,2,Medium
3488,2023,3.51,6,Medium
3488,2024,3.16,7,Medium
3488,2025,4.39,9,High
3489,2023,3.05,3,Medium
3489,2024,4.02,5,High
3489,2025,3.29,7,Medium
3490,2023,2.9,4,Medium
3490,2024,2.83,8,Medium
3490,2025,2.18,7,Low
3491,2023,3.12,8,Medium
3491,2024,3.67,11,Medium
3491,2025,3.28,6,Medium
3492,2023,2.58,6,Medium
3492,2024,3.38,9,Medium
3492,2025,3.05,10,Medium
3493,2023,2.97,8,Medium
3493,2024,2.38,9,Low
3493,2025,2.81,6,Medium
3494,2023,3.39,7,Medium
3494,2024,3.39,6,Medium
3494,2025,3.83,4,High
3495,2023,2.58,6,Medium
3495,2024,3.05,7,Medium
3495,2025,3.3,6,Medium
3496,2023,3.65,9,Medium
3496,2024,3.47,8,Medium
3496,2025,3.36,7,Medium
3497,2023,3.55,5,Medium
3497,2024,4.77,7,High
3497,2025,3.01,6,Medium
3498,2023,4.1,6,High
3498,2024,4.26,6,High
3498,2025,3.17,7,Medium
3499,2023,3.53,7,Medium
3499,2024,2.57,5,Medium
3499,2025,3.3,7,Medium
3500,2023,3.73,8,High
3500,2024,3.3,8,Medium
3500,2025,3.52,4,Medium
3501,2023,3.52,6,Medium
3501,2024,3.43,3,Medium
3501,2025,3.41,5,Medium
3502,2023,3.57,6,Medium
3502,2024,3.62,8,Medium
3502,2025,3.53,8,Medium
3503,2023,2.99,5,Medium
3503,2024,2.78,7,Medium
3503,2025,3.31,6,Medium
3504,2023,3.36,7,Medium
3504,2024,4.29,6,High
3504,2025,2.9,5,Medium
3505,2023,2.88,9,Medium
3505,2024,3.42,8,Medium
3505,2025,2.48,8,Low
3506,2023,2.76,8,Medium
3506,2024,2.94,6,Medium
3506,2025,3.9,7,High
3507,2023,3.1,5,Medium
3507,2024,3.5,8,Medium
3507,2025,3.21,10,Medium
3508,2023,3.26,8,Medium
3508,2024,4.04,7,High
3508,2025,2.96,4,Medium
3509,2023,3.13,6,Medium
3509,2024,3.17,7,Medium
3509,2025,3.67,9,Medium
3510,2023,3.35,7,Medium
3510,2024,2.8,7,Medium
3510,2025,2.88,5,Medium
3511,2023,3.01,7,Medium
3511,2024,3.83,8,High
3511,2025,3.27,8,Medium
3512,2023,3.56,7,Medium
3512,2024,4.07,5,High
3512,2025,3.63,9,Medium
3513,2023,3.49,8,Medium
3513,2024,3.23,5,Medium
3513,2025,2.67,9,Medium
3514,2023,4.02,9,High
3514,2024,2.81,7,Medium
3514,2025,3.52,6,Medium
3515,2023,3.88,6,High
3515,2024,2.85,6,Medium
3515,2025,2.78,2,Medium
3516,2023,3.35,7,Medium
3516,2024,2.65,7,Medium
3516,2025,3.73,6,High
3517,2023,3.04,5,Medium
3517,2024,3.82,8,High
3517,2025,3.79,5,High
3518,2023,3.58,8,Medium
3518,2024,3.42,6,Medium
3518,2025,3.68,8,Medium
3519,2023,3.03,5,Medium
3519,2024,2.97,9,Medium
3519,2025,2.54,6,Medium
3520,2023,3.48,7,Medium
3520,2024,2.91,4,Medium
3520,2025,3.37,8,Medium
3521,2023,3.33,6,Medium
3521,2024,2.48,5,Low
3521,2025,3.28,12,Medium
3522,2023,3.62,10,Medium
3522,2024,3.31,3,Medium
3522,2025,3.49,6,Medium
3523,2023,3.26,3,Medium
3523,2024,3.87,5,High
3523,2025,3.14,4,Medium
3524,2023,3.9,6,High
3524,2024,2.79,3,Medium
3524,2025,3.33,9,Medium
3525,2023,3.71,5,High
3525,2024,3.34,8,Medium
3525,2025,3.69,9,Medium
3526,2023,3.35,11,Medium
3526,2024,3.33,7,Medium
3526,2025,2.71,7,Medium
3527,2023,3.31,4,Medium
3527,2024,2.79,7,Medium
3527,2025,2.94,5,Medium
3528,2023,4.09,7,High
3528,2024,3.71,7,High
3528,2025,3.33,6,Medium
3529,2023,3.63,3,Medium
3529,2024,4.03,9,High
3529,2025,4.19,8,High
3530,2023,3.3,7,Medium
3530,2024,3.62,7,Medium
3530,2025,3.09,8,Medium
3531,2023,3.35,6,Medium
3531,2024,2.84,10,Medium
3531,2025,3.12,7,Medium
3532,2023,2.34,8,Low
3532,2024,2.81,6,Medium
3532,2025,2.86,6,Medium
3533,2023,3.26,7,Medium
3533,2024,3.12,7,Medium
3533,2025,2.43,3,Low
3534,2023,3.96,9,High
3534,2024,3.48,5,Medium
3534,2025,3.72,5,High
3535,2023,3.72,6,High
3535,2024,3.07,7,Medium
3535,2025,3.33,6,Medium
3536,2023,3.21,7,Medium
3536,2024,3.3,6,Medium
3536,2025,3.6,10,Medium
3537,2023,4.22,6,High
3537,2024,4.32,7,High
3537,2025,3.59,3,Medium
3538,2023,2.69,3,Medium
3538,2024,3.86,5,High
3538,2025,3.61,5,Medium
3539,2023,2.62,6,Medium
3539,2024,2.7,9,Medium
3539,2025,2.93,2,Medium
3540,2023,3.38,8,Medium
3540,2024,3.1,5,Medium
3540,2025,3.77,5,High
3541,2023,3.73,11,High
3541,2024,3.51,7,Medium
3541,2025,2.97,6,Medium
3542,2023,3.81,4,High
3542,2024,3.52,8,Medium
3542,2025,2.8,4,Medium
3543,2023,3.7,4,Medium
3543,2024,3.05,4,Medium
3543,2025,3.23,5,Medium
3544,2023,3.34,9,Medium
3544,2024,2.7,8,Medium
3544,2025,3.64,5,Medium
3545,2023,3.46,8,Medium
3545,2024,3.51,4,Medium
3545,2025,3.15,3,Medium
3546,2023,3.23,10,Medium
3546,2024,3.25,10,Medium
3546,2025,3.09,5,Medium
3547,2023,3.35,4,Medium
3547,2024,3.06,7,Medium
3547,2025,2.37,7,Low
3548,2023,3.22,6,Medium
3548,2024,3.26,5,Medium
3548,2025,3.6,8,Medium
3549,2023,3.42,7,Medium
3549,2024,3.52,6,Medium
3549,2025,3.86,5,High
3550,2023,3.42,7,Medium
3550,2024,3.28,4,Medium
3550,2025,3.21,8,Medium
3551,2023,3.25,9,Medium
3551,2024,4.11,10,High
3551,2025,3.27,5,Medium
3552,2023,3.35,5,Medium
3552,2024,3.37,7,Medium
3552,2025,4.08,9,High
3553,2023,2.78,6,Medium
3553,2024,3.09,6,Medium
3553,2025,3.37,2,Medium
3554,2023,3.49,8,Medium
3554,2024,2.32,4,Low
3554,2025,3.24,7,Medium
3555,2023,2.55,5,Medium
3555,2024,4.39,9,High
3555,2025,2.97,6,Medium
3556,2023,2.93,7,Medium
3556,2024,4.04,6,High
3556,2025,2.93,5,Medium
3557,2023,3.07,10,Medium
3557,2024,4.08,12,High
3557,2025,4.54,5,High
3558,2023,3.46,6,Medium
3558,2024,3.46,5,Medium
3558,2025,2.92,7,Medium
3559,2023,3.98,7,High
3559,2024,3.15,8,Medium
3559,2025,2.97,4,Medium
3560,2023,3.97,8,High
3560,2024,2.79,3,Medium
3560,2025,3.72,8,High
3561,2023,2.15,5,Low
3561,2024,3.43,4,Medium
3561,2025,3.09,7,Medium
3562,2023,3.85,5,High
3562,2024,2.87,9,Medium
3562,2025,3.4,8,Medium
3563,2023,2.85,6,Medium
3563,2024,2.72,6,Medium
3563,2025,3.52,6,Medium
3564,2023,3.87,10,High
3564,2024,2.34,3,Low
3564,2025,3.96,4,High
3565,2023,3.76,9,High
3565,2024,4.04,4,High
3565,2025,2.19,7,Low
3566,2023,3.73,8,High
3566,2024,3.19,6,Medium
3566,2025,2.97,8,Medium
3567,2023,4.48,2,High
3567,2024,3.61,7,Medium
3567,2025,3.66,10,Medium
3568,2023,2.68,7,Medium
3568,2024,2.61,8,Medium
3568,2025,3.5,12,Medium
3569,2023,4.34,6,High
3569,2024,3.94,4,High
3569,2025,3.89,2,High
3570,2023,2.45,7,Low
3570,2024,3.37,4,Medium
3570,2025,3.61,8,Medium
3571,2023,3.28,9,Medium
3571,2024,2.3,6,Low
3571,2025,3.93,3,High
3572,2023,3.48,8,Medium
3572,2024,2.68,6,Medium
3572,2025,4.06,8,High
3573,2023,3.01,7,Medium
3573,2024,3.42,7,Medium
3573,2025,2.84,8,Medium
3574,2023,3.06,6,Medium
3574,2024,3.83,8,High
3574,2025,2.86,10,Medium
3575,2023,4.25,4,High
3575,2024,3.42,4,Medium
3575,2025,3.46,6,Medium
3576,2023,3.44,4,Medium
3576,2024,3.68,3,Medium
3576,2025,3.05,8,Medium
3577,2023,3.07,8,Medium
3577,2024,4.03,5,High
3577,2025,3.45,9,Medium
3578,2023,3.24,11,Medium
3578,2024,3.03,8,Medium
3578,2025,2.75,9,Medium
3579,2023,3.43,7,Medium
3579,2024,2.67,7,Medium
3579,2025,3.51,4,Medium
3580,2023,3.14,6,Medium
3580,2024,3.19,8,Medium
3580,2025,2.98,6,Medium
3581,2023,2.82,7,Medium
3581,2024,2.78,9,Medium
3581,2025,3.32,8,Medium
3582,2023,2.68,9,Medium
3582,2024,2.86,7,Medium
3582,2025,2.73,5,Medium
3583,2023,4.15,3,High
3583,2024,2.55,5,Medium
3583,2025,3.73,6,High
3584,2023,4.06,6,High
3584,2024,2.17,7,Low
3584,2025,3.33,11,Medium
3585,2023,3.05,9,Medium
3585,2024,3.83,7,High
3585,2025,2.89,5,Medium
3586,2023,3.9,7,High
3586,2024,3.19,9,Medium
3586,2025,2.89,11,Medium
3587,2023,3.07,5,Medium
3587,2024,2.77,10,Medium
3587,2025,2.03,6,Low
3588,2023,2.86,6,Medium
3588,2024,4.08,6,High
3588,2025,3.34,8,Medium
3589,2023,3.73,6,High
3589,2024,3.02,8,Medium
3589,2025,3.7,8,Medium
3590,2023,3.51,7,Medium
3590,2024,4.05,7,High
3590,2025,3.49,6,Medium
3591,2023,3.55,5,Medium
3591,2024,3.53,10,Medium
3591,2025,3.57,6,Medium
3592,2023,3.51,8,Medium
3592,2024,3.51,10,Medium
3592,2025,2.76,7,Medium
3593,2023,4.28,7,High
3593,2024,3.15,4,Medium
3593,2025,3.55,4,Medium
3594,2023,3.4,3,Medium
3594,2024,3.37,7,Medium
3594,2025,3.49,5,Medium
3595,2023,3.04,5,Medium
3595,2024,3.5,7,Medium
3595,2025,3.3,7,Medium
3596,2023,4.31,5,High
3596,2024,3.54,7,Medium
3596,2025,4.35,4,High
3597,2023,3.59,4,Medium
3597,2024,3.29,6,Medium
3597,2025,4.13,10,High
3598,2023,4.24,5,High
3598,2024,3.26,9,Medium
3598,2025,3.55,6,Medium
3599,2023,3.79,8,High
3599,2024,3.51,10,Medium
3599,2025,3.29,4,Medium
3600,2023,2.91,6,Medium
3600,2024,3.78,7,High
3600,2025,3.73,8,High
3601,2023,3.26,7,Medium
3601,2024,3.35,8,Medium
3601,2025,3.19,7,Medium
3602,2023,3.8,8,High
3602,2024,2.96,7,Medium
3602,2025,3.26,4,Medium
3603,2023,3.62,8,Medium
3603,2024,2.23,10,Low
3603,2025,3.12,7,Medium
3604,2023,2.9,8,Medium
3604,2024,4.37,11,High
3604,2025,2.87,6,Medium
3605,2023,2.52,7,Medium
3605,2024,4.24,8,High
3605,2025,3.17,3,Medium
3606,2023,2.87,5,Medium
3606,2024,2.79,8,Medium
3606,2025,3.63,3,Medium
3607,2023,3.25,6,Medium
3607,2024,3.36,9,Medium
3607,2025,3.02,6,Medium
3608,2023,4.37,4,High
3608,2024,3.51,5,Medium
3608,2025,3.35,7,Medium
3609,2023,2.93,9,Medium
3609,2024,2.8,7,Medium
3609,2025,4.42,4,High
3610,2023,2.99,5,Medium
3610,2024,3.13,6,Medium
3610,2025,3.65,8,Medium
3611,2023,4.16,6,High
3611,2024,2.98,5,Medium
3611,2025,3.37,7,Medium
3612,2023,3.83,8,High
3612,2024,3.76,5,High
3612,2025,4.25,8,High
3613,2023,3.34,9,Medium
3613,2024,4.18,5,High
3613,2025,3.37,8,Medium
3614,2023,3.28,6,Medium
3614,2024,2.53,6,Medium
3614,2025,3.27,7,Medium
3615,2023,2.72,8,Medium
3615,2024,3.02,5,Medium
3615,2025,3.25,6,Medium
3616,2023,3.71,7,High
3616,2024,3.53,7,Medium
3616,2025,2.98,10,Medium
3617,2023,2.62,9,Medium
3617,2024,2.57,8,Medium
3617,2025,3.36,12,Medium
3618,2023,3.57,3,Medium
3618,2024,3.79,7,High
3618,2025,3.14,6,Medium
3619,2023,2.81,3,Medium
3619,2024,3.67,8,Medium
3619,2025,2.95,4,Medium
3620,2023,3.83,4,High
3620,2024,3.4,8,Medium
3620,2025,2.89,5,Medium
3621,2023,3.63,9,Medium
3621,2024,3.23,6,Medium
3621,2025,2.61,7,Medium
3622,2023,3.12,10,Medium
3622,2024,3.13,10,Medium
3622,2025,2.77,6,Medium
3623,2023,3.07,5,Medium
3623,2024,2.46,7,Low
3623,2025,3.36,7,Medium
3624,2023,3.24,6,Medium
3624,2024,3.21,9,Medium
3624,2025,3.79,4,High
3625,2023,4.96,6,High
3625,2024,3.46,6,Medium
3625,2025,3.82,5,High
3626,2023,3.93,5,High
3626,2024,3.64,5,Medium
3626,2025,3.47,8,Medium
3627,2023,3.29,7,Medium
3627,2024,3.24,4,Medium
3627,2025,2.86,3,Medium
3628,2023,3.44,7,Medium
3628,2024,3.16,8,Medium
3628,2025,3.09,7,Medium
3629,2023,3.54,4,Medium
3629,2024,3.93,10,High
3629,2025,3.59,6,Medium
3630,2023,3.74,7,High
3630,2024,2.74,6,Medium
3630,2025,3.2,7,Medium
3631,2023,4.28,5,High
3631,2024,3.25,4,Medium
3631,2025,2.72,10,Medium
3632,2023,3.63,5,Medium
3632,2024,2.81,9,Medium
3632,2025,4.03,6,High
3633,2023,3.35,12,Medium
3633,2024,3.37,9,Medium
3633,2025,3.37,7,Medium
3634,2023,2.91,5,Medium
3634,2024,3.02,6,Medium
3634,2025,2.96,9,Medium
3635,2023,3.61,5,Medium
3635,2024,3.84,11,High
3635,2025,3.54,6,Medium
3636,2023,4.81,10,High
3636,2024,3.52,6,Medium
3636,2025,3.86,7,High
3637,2023,3.11,8,Medium
3637,2024,3.38,7,Medium
3637,2025,3.27,5,Medium
3638,2023,4.16,5,High
3638,2024,3.48,6,Medium
3638,2025,3.07,4,Medium
3639,2023,2.38,5,Low
3639,2024,3.39,7,Medium
3639,2025,3.33,4,Medium
3640,2023,3.64,4,Medium
3640,2024,2.98,6,Medium
3640,2025,3.26,4,Medium
3641,2023,4.01,2,High
3641,2024,3.23,4,Medium
3641,2025,4.19,4,High
3642,2023,2.37,11,Low
3642,2024,3.35,7,Medium
3642,2025,2.9,6,Medium
3643,2023,2.99,6,Medium
3643,2024,3.46,5,Medium
3643,2025,3.71,6,High
3644,2023,3.24,7,Medium
3644,2024,3.0,8,Medium
3644,2025,2.8,5,Medium
3645,2023,3.02,6,Medium
3645,2024,3.39,8,Medium
3645,2025,3.92,6,High
3646,2023,3.51,5,Medium
3646,2024,3.23,8,Medium
3646,2025,3.2,8,Medium
3647,2023,4.16,5,High
3647,2024,3.97,4,High
3647,2025,3.83,4,High
3648,2023,3.1,6,Medium
3648,2024,3.54,5,Medium
3648,2025,4.31,9,High
3649,2023,3.5,6,Medium
3649,2024,2.45,11,Low
3649,2025,3.37,8,Medium
3650,2023,3.83,5,High
3650,2024,3.29,7,Medium
3650,2025,3.62,9,Medium
3651,2023,4.51,9,High
3651,2024,2.77,6,Medium
3651,2025,2.88,4,Medium
3652,2023,2.79,6,Medium
3652,2024,2.48,12,Low
3652,2025,3.29,7,Medium
3653,2023,3.8,9,High
3653,2024,3.63,6,Medium
3653,2025,3.59,7,Medium
3654,2023,3.49,7,Medium
3654,2024,3.47,5,Medium
3654,2025,3.09,8,Medium
3655,2023,3.51,5,Medium
3655,2024,4.0,9,High
3655,2025,3.66,9,Medium
3656,2023,2.91,9,Medium
3656,2024,3.32,6,Medium
3656,2025,2.43,9,Low
3657,2023,2.29,5,Low
3657,2024,3.23,9,Medium
3657,2025,3.6,7,Medium
3658,2023,3.99,7,High
3658,2024,2.32,9,Low
3658,2025,4.81,5,High
3659,2023,3.31,7,Medium
3659,2024,3.49,8,Medium
3659,2025,3.35,3,Medium
3660,2023,3.76,5,High
3660,2024,3.01,6,Medium
3660,2025,2.75,4,Medium
3661,2023,4.12,6,High
3661,2024,3.19,10,Medium
3661,2025,2.76,8,Medium
3662,2023,3.17,5,Medium
3662,2024,3.96,8,High
3662,2025,3.67,9,Medium
3663,2023,3.52,5,Medium
3663,2024,2.63,7,Medium
3663,2025,2.78,7,Medium
3664,2023,3.55,6,Medium
3664,2024,3.72,7,High
3664,2025,4.29,8,High
3665,2023,2.85,6,Medium
3665,2024,3.26,7,Medium
3665,2025,3.46,2,Medium
3666,2023,3.19,6,Medium
3666,2024,3.6,3,Medium
3666,2025,4.34,6,High
3667,2023,3.67,4,Medium
3667,2024,2.46,6,Low
3667,2025,3.68,5,Medium
3668,2023,3.59,5,Medium
3668,2024,2.77,7,Medium
3668,2025,3.2,6,Medium
3669,2023,3.03,7,Medium
3669,2024,4.14,4,High
3669,2025,4.02,6,High
3670,2023,2.98,8,Medium
3670,2024,3.37,7,Medium
3670,2025,2.72,6,Medium
3671,2023,2.68,4,Medium
3671,2024,3.79,4,High
3671,2025,2.84,5,Medium
3672,2023,2.59,5,Medium
3672,2024,3.02,5,Medium
3672,2025,2.89,5,Medium
3673,2023,2.12,6,Low
3673,2024,2.95,7,Medium
3673,2025,2.9,4,Medium
3674,2023,4.0,5,High
3674,2024,4.31,4,High
3674,2025,4.02,6,High
3675,2023,3.25,8,Medium
3675,2024,3.94,7,High
3675,2025,4.0,3,High
3676,2023,3.34,3,Medium
3676,2024,3.18,11,Medium
3676,2025,2.81,8,Medium
3677,2023,2.54,7,Medium
3677,2024,3.14,8,Medium
3677,2025,3.39,6,Medium
3678,2023,3.4,6,Medium
3678,2024,3.72,5,High
3678,2025,3.05,6,Medium
3679,2023,3.07,7,Medium
3679,2024,3.51,6,Medium
3679,2025,3.8,6,High
3680,2023,3.24,3,Medium
3680,2024,2.86,8,Medium
3680,2025,4.0,8,High
3681,2023,3.21,3,Medium
3681,2024,3.97,5,High
3681,2025,3.75,3,High
3682,2023,3.26,9,Medium
3682,2024,3.16,9,Medium
3682,2025,3.45,7,Medium
3683,2023,2.19,6,Low
3683,2024,4.08,8,High
3683,2025,3.38,8,Medium
3684,2023,3.65,10,Medium
3684,2024,2.68,9,Medium
3684,2025,4.05,8,High
3685,2023,2.86,6,Medium
3685,2024,3.0,6,Medium
3685,2025,3.09,8,Medium
3686,2023,3.03,5,Medium
3686,2024,3.16,7,Medium
3686,2025,3.96,5,High
3687,2023,3.5,4,Medium
3687,2024,3.22,7,Medium
3687,2025,2.62,8,Medium
3688,2023,3.23,4,Medium
3688,2024,3.56,5,Medium
3688,2025,3.59,7,Medium
3689,2023,3.81,6,High
3689,2024,2.91,7,Medium
3689,2025,3.52,7,Medium
3690,2023,4.13,10,High
3690,2024,3.53,9,Medium
3690,2025,3.86,9,High
3691,2023,3.02,9,Medium
3691,2024,3.78,7,High
3691,2025,3.39,8,Medium
3692,2023,2.58,8,Medium
3692,2024,4.62,3,High
3692,2025,3.63,7,Medium
3693,2023,3.75,10,High
3693,2024,3.48,7,Medium
3693,2025,2.57,5,Medium
3694,2023,3.24,8,Medium
3694,2024,3.47,4,Medium
3694,2025,4.81,7,High
3695,2023,3.45,8,Medium
3695,2024,2.75,11,Medium
3695,2025,2.87,9,Medium
3696,2023,3.75,7,High
3696,2024,2.93,7,Medium
3696,2025,2.79,4,Medium
3697,2023,3.13,6,Medium
3697,2024,4.22,4,High
3697,2025,3.18,11,Medium
3698,2023,4.2,6,High
3698,2024,3.89,5,High
3698,2025,3.39,6,Medium
3699,2023,2.99,9,Medium
3699,2024,3.43,6,Medium
3699,2025,1.85,6,Low
3700,2023,2.89,6,Medium
3700,2024,2.84,8,Medium
3700,2025,3.55,4,Medium
3701,2023,2.8,8,Medium
3701,2024,2.86,8,Medium
3701,2025,3.19,9,Medium
3702,2023,2.23,5,Low
3702,2024,2.3,6,Low
3702,2025,3.47,8,Medium
3703,2023,3.39,9,Medium
3703,2024,2.88,9,Medium
3703,2025,3.82,5,High
3704,2023,3.52,6,Medium
3704,2024,4.22,6,High
3704,2025,3.81,9,High
3705,2023,2.89,6,Medium
3705,2024,3.2,8,Medium
3705,2025,3.68,5,Medium
3706,2023,3.74,3,High
3706,2024,3.88,6,High
3706,2025,3.13,6,Medium
3707,2023,3.44,5,Medium
3707,2024,4.12,5,High
3707,2025,3.56,4,Medium
3708,2023,3.39,5,Medium
3708,2024,2.93,5,Medium
3708,2025,3.51,8,Medium
3709,2023,2.98,5,Medium
3709,2024,3.73,7,High
3709,2025,3.22,7,Medium
3710,2023,3.19,5,Medium
3710,2024,3.79,11,High
3710,2025,2.38,8,Low
3711,2023,2.48,7,Low
3711,2024,2.8,7,Medium
3711,2025,1.92,6,Low
3712,2023,3.16,5,Medium
3712,2024,2.84,6,Medium
3712,2025,3.41,5,Medium
3713,2023,3.21,5,Medium
3713,2024,2.98,7,Medium
3713,2025,2.73,3,Medium
3714,2023,3.98,7,High
3714,2024,3.71,6,High
3714,2025,3.97,7,High
3715,2023,3.56,11,Medium
3715,2024,3.43,4,Medium
3715,2025,3.41,4,Medium
3716,2023,4.27,6,High
3716,2024,4.3,10,High
3716,2025,3.57,3,Medium
3717,2023,2.44,6,Low
3717,2024,3.2,5,Medium
3717,2025,3.25,6,Medium
3718,2023,3.89,4,High
3718,2024,2.93,6,Medium
3718,2025,3.64,7,Medium
3719,2023,4.63,5,High
3719,2024,2.54,8,Medium
3719,2025,3.42,10,Medium
3720,2023,3.63,8,Medium
3720,2024,2.79,9,Medium
3720,2025,3.63,8,Medium
3721,2023,3.44,6,Medium
3721,2024,3.75,3,High
3721,2025,3.37,5,Medium
3722,2023,3.8,8,High
3722,2024,3.8,4,High
3722,2025,3.54,6,Medium
3723,2023,3.34,7,Medium
3723,2024,3.41,4,Medium
3723,2025,3.28,10,Medium
3724,2023,3.15,8,Medium
3724,2024,2.67,10,Medium
3724,2025,2.97,9,Medium
3725,2023,2.38,8,Low
3725,2024,3.57,3,Medium
3725,2025,3.31,4,Medium
3726,2023,3.32,7,Medium
3726,2024,2.87,6,Medium
3726,2025,2.69,6,Medium
3727,2023,3.24,6,Medium
3727,2024,3.11,12,Medium
3727,2025,2.67,6,Medium
3728,2023,3.28,6,Medium
3728,2024,3.0,7,Medium
3728,2025,3.32,7,Medium
3729,2023,2.85,7,Medium
3729,2024,2.68,7,Medium
3729,2025,3.29,5,Medium
3730,2023,2.16,5,Low
3730,2024,3.59,6,Medium
3730,2025,3.15,6,Medium
3731,2023,2.89,4,Medium
3731,2024,3.02,4,Medium
3731,2025,3.7,8,Medium
3732,2023,3.03,4,Medium
3732,2024,3.12,7,Medium
3732,2025,2.77,10,Medium
3733,2023,3.73,3,High
3733,2024,3.27,6,Medium
3733,2025,3.68,5,Medium
3734,2023,2.53,6,Medium
3734,2024,2.94,4,Medium
3734,2025,3.46,5,Medium
3735,2023,3.8,8,High
3735,2024,3.92,9,High
3735,2025,3.45,7,Medium
3736,2023,3.06,4,Medium
3736,2024,3.07,6,Medium
3736,2025,4.06,10,High
3737,2023,3.7,6,Medium
3737,2024,3.9,12,High
3737,2025,4.31,7,High
3738,2023,1.91,6,Low
3738,2024,2.84,6,Medium
3738,2025,2.74,6,Medium
3739,2023,2.14,6,Low
3739,2024,3.31,9,Medium
3739,2025,2.57,10,Medium
3740,2023,3.14,5,Medium
3740,2024,3.43,7,Medium
3740,2025,3.44,2,Medium
3741,2023,4.33,4,High
3741,2024,3.84,7,High
3741,2025,2.68,7,Medium
3742,2023,2.98,8,Medium
3742,2024,2.92,7,Medium
3742,2025,4.16,6,High
3743,2023,3.75,2,High
3743,2024,3.05,7,Medium
3743,2025,2.75,7,Medium
3744,2023,3.84,4,High
3744,2024,3.87,6,High
3744,2025,3.59,7,Medium
3745,2023,2.32,8,Low
3745,2024,3.23,10,Medium
3745,2025,3.19,4,Medium
3746,2023,3.13,4,Medium
3746,2024,2.67,4,Medium
3746,2025,3.83,7,High
3747,2023,3.09,4,Medium
3747,2024,2.77,6,Medium
3747,2025,2.48,7,Low
3748,2023,2.77,4,Medium
3748,2024,3.22,7,Medium
3748,2025,3.61,7,Medium
3749,2023,3.63,3,Medium
3749,2024,2.68,5,Medium
3749,2025,4.23,4,High
3750,2023,4.49,6,High
3750,2024,2.85,4,Medium
3750,2025,2.95,12,Medium
3751,2023,3.37,7,Medium
3751,2024,3.96,6,High
3751,2025,4.06,7,High
3752,2023,3.3,6,Medium
3752,2024,3.43,6,Medium
3752,2025,3.15,5,Medium
3753,2023,3.83,6,High
3753,2024,3.85,7,High
3753,2025,3.37,4,Medium
3754,2023,4.3,4,High
3754,2024,3.81,8,High
3754,2025,3.69,9,Medium
3755,2023,2.99,6,Medium
3755,2024,2.83,7,Medium
3755,2025,2.36,6,Low
3756,2023,2.97,6,Medium
3756,2024,3.21,8,Medium
3756,2025,2.55,5,Medium
3757,2023,2.92,8,Medium
3757,2024,2.93,5,Medium
3757,2025,3.44,6,Medium
3758,2023,3.76,5,High
3758,2024,3.09,4,Medium
3758,2025,3.29,7,Medium
3759,2023,3.23,8,Medium
3759,2024,2.99,4,Medium
3759,2025,3.22,7,Medium
3760,2023,3.75,6,High
3760,2024,2.95,6,Medium
3760,2025,3.87,6,High
3761,2023,3.02,7,Medium
3761,2024,2.81,6,Medium
3761,2025,3.15,6,Medium
3762,2023,3.57,8,Medium
3762,2024,3.85,7,High
3762,2025,3.36,5,Medium
3763,2023,3.5,8,Medium
3763,2024,3.38,9,Medium
3763,2025,3.82,5,High
3764,2023,3.54,3,Medium
3764,2024,3.39,4,Medium
3764,2025,4.84,7,High
3765,2023,4.09,6,High
3765,2024,3.3,7,Medium
3765,2025,4.09,10,High
3766,2023,4.36,4,High
3766,2024,3.53,6,Medium
3766,2025,3.52,9,Medium
3767,2023,2.98,5,Medium
3767,2024,3.81,3,High
3767,2025,3.51,7,Medium
3768,2023,2.74,10,Medium
3768,2024,3.38,8,Medium
3768,2025,3.41,4,Medium
3769,2023,3.32,5,Medium
3769,2024,3.34,3,Medium
3769,2025,2.68,7,Medium
3770,2023,4.05,8,High
3770,2024,3.0,7,Medium
3770,2025,3.79,5,High
3771,2023,3.24,7,Medium
3771,2024,2.8,4,Medium
3771,2025,3.48,6,Medium
3772,2023,3.53,8,Medium
3772,2024,2.79,8,Medium
3772,2025,3.62,7,Medium
3773,2023,2.87,3,Medium
3773,2024,2.56,4,Medium
3773,2025,3.24,5,Medium
3774,2023,3.93,9,High
3774,2024,4.23,6,High
3774,2025,2.67,6,Medium
3775,2023,3.14,7,Medium
3775,2024,3.19,6,Medium
3775,2025,3.24,6,Medium
3776,2023,3.18,5,Medium
3776,2024,4.11,5,High
3776,2025,4.12,7,High
3777,2023,4.86,10,High
3777,2024,4.11,5,High
3777,2025,3.61,6,Medium
3778,2023,2.56,7,Medium
3778,2024,2.2,10,Low
3778,2025,3.54,8,Medium
3779,2023,3.34,4,Medium
3779,2024,4.14,6,High
3779,2025,3.2,5,Medium
3780,2023,3.94,4,High
3780,2024,3.81,6,High
3780,2025,2.15,10,Low
3781,2023,3.78,7,High
3781,2024,3.59,7,Medium
3781,2025,3.05,4,Medium
3782,2023,4.03,8,High
3782,2024,3.35,7,Medium
3782,2025,4.02,7,High
3783,2023,3.22,8,Medium
3783,2024,3.24,5,Medium
3783,2025,3.26,4,Medium
3784,2023,3.74,7,High
3784,2024,4.13,6,High
3784,2025,3.75,6,High
3785,2023,2.41,10,Low
3785,2024,3.98,9,High
3785,2025,2.7,7,Medium
3786,2023,3.3,4,Medium
3786,2024,3.41,12,Medium
3786,2025,2.7,7,Medium
3787,2023,3.36,6,Medium
3787,2024,3.17,5,Medium
3787,2025,3.64,6,Medium
3788,2023,3.59,5,Medium
3788,2024,2.41,4,Low
3788,2025,2.81,6,Medium
3789,2023,3.16,8,Medium
3789,2024,4.23,6,High
3789,2025,3.13,1,Medium
3790,2023,2.35,10,Low
3790,2024,3.48,4,Medium
3790,2025,3.82,5,High
3791,2023,3.24,8,Medium
3791,2024,3.19,8,Medium
3791,2025,3.5,9,Medium
3792,2023,3.22,8,Medium
3792,2024,2.87,8,Medium
3792,2025,3.62,5,Medium
3793,2023,3.34,5,Medium
3793,2024,3.92,7,High
3793,2025,3.1,6,Medium
3794,2023,3.97,7,High
3794,2024,2.94,9,Medium
3794,2025,3.69,8,Medium
3795,2023,3.56,9,Medium
3795,2024,2.94,6,Medium
3795,2025,3.9,6,High
3796,2023,3.74,8,High
3796,2024,3.36,2,Medium
3796,2025,3.83,9,High
3797,2023,3.51,6,Medium
3797,2024,2.98,6,Medium
3797,2025,2.97,5,Medium
3798,2023,4.0,7,High
3798,2024,3.12,8,Medium
3798,2025,4.54,7,High
3799,2023,3.2,4,Medium
3799,2024,4.19,9,High
3799,2025,3.2,3,Medium
3800,2023,2.65,7,Medium
3800,2024,3.46,5,Medium
3800,2025,2.92,5,Medium
3801,2023,2.0,3,Low
3801,2024,3.54,4,Medium
3801,2025,3.36,9,Medium
3802,2023,2.32,6,Low
3802,2024,2.55,6,Medium
3802,2025,3.05,7,Medium
3803,2023,3.46,8,Medium
3803,2024,4.14,7,High
3803,2025,3.89,7,High
3804,2023,2.92,7,Medium
3804,2024,2.61,6,Medium
3804,2025,2.47,6,Low
3805,2023,3.85,8,High
3805,2024,2.94,5,Medium
3805,2025,3.35,9,Medium
3806,2023,3.08,8,Medium
3806,2024,2.48,8,Low
3806,2025,3.23,5,Medium
3807,2023,3.52,9,Medium
3807,2024,3.08,8,Medium
3807,2025,2.51,3,Medium
3808,2023,3.45,6,Medium
3808,2024,2.79,10,Medium
3808,2025,2.69,6,Medium
3809,2023,4.42,10,High
3809,2024,2.64,9,Medium
3809,2025,2.91,5,Medium
3810,2023,3.61,8,Medium
3810,2024,3.38,6,Medium
3810,2025,3.55,3,Medium
3811,2023,3.74,6,High
3811,2024,3.58,8,Medium
3811,2025,4.13,6,High
3812,2023,3.48,4,Medium
3812,2024,3.01,9,Medium
3812,2025,2.99,6,Medium
3813,2023,3.24,9,Medium
3813,2024,3.02,4,Medium
3813,2025,3.69,10,Medium
3814,2023,3.73,7,High
3814,2024,3.55,8,Medium
3814,2025,3.92,8,High
3815,2023,3.7,6,Medium
3815,2024,3.52,4,Medium
3815,2025,3.45,4,Medium
3816,2023,3.39,8,Medium
3816,2024,4.0,6,High
3816,2025,3.45,8,Medium
3817,2023,2.52,7,Medium
3817,2024,2.8,7,Medium
3817,2025,3.55,7,Medium
3818,2023,2.98,9,Medium
3818,2024,3.41,5,Medium
3818,2025,3.57,6,Medium
3819,2023,3.39,8,Medium
3819,2024,3.25,2,Medium
3819,2025,2.89,7,Medium
3820,2023,3.42,5,Medium
3820,2024,2.64,8,Medium
3820,2025,3.31,3,Medium
3821,2023,2.4,8,Low
3821,2024,2.95,3,Medium
3821,2025,3.33,5,Medium
3822,2023,3.6,7,Medium
3822,2024,3.98,5,High
3822,2025,2.81,6,Medium
3823,2023,2.75,4,Medium
3823,2024,2.63,6,Medium
3823,2025,3.57,8,Medium
3824,2023,2.7,7,Medium
3824,2024,3.01,9,Medium
3824,2025,3.18,6,Medium
3825,2023,3.39,8,Medium
3825,2024,3.88,8,High
3825,2025,3.38,11,Medium
3826,2023,2.64,12,Medium
3826,2024,3.01,8,Medium
3826,2025,2.62,5,Medium
3827,2023,3.71,5,High
3827,2024,3.59,8,Medium
3827,2025,3.52,6,Medium
3828,2023,3.53,7,Medium
3828,2024,3.56,4,Medium
3828,2025,2.85,6,Medium
3829,2023,3.79,6,High
3829,2024,3.17,6,Medium
3829,2025,2.92,9,Medium
3830,2023,4.18,7,High
3830,2024,3.59,8,Medium
3830,2025,3.87,7,High
3831,2023,2.9,4,Medium
3831,2024,3.61,8,Medium
3831,2025,3.34,5,Medium
3832,2023,3.42,5,Medium
3832,2024,4.18,5,High
3832,2025,2.6,10,Medium
3833,2023,3.7,7,Medium
3833,2024,3.97,7,High
3833,2025,3.67,9,Medium
3834,2023,3.57,5,Medium
3834,2024,2.74,9,Medium
3834,2025,3.09,6,Medium
3835,2023,3.48,6,Medium
3835,2024,2.83,5,Medium
3835,2025,2.44,5,Low
3836,2023,4.51,6,High
3836,2024,3.75,8,High
3836,2025,3.79,11,High
3837,2023,3.11,3,Medium
3837,2024,3.37,9,Medium
3837,2025,2.88,7,Medium
3838,2023,3.15,6,Medium
3838,2024,3.18,6,Medium
3838,2025,3.28,9,Medium
3839,2023,3.12,8,Medium
3839,2024,3.17,5,Medium
3839,2025,3.6,8,Medium
3840,2023,3.25,6,Medium
3840,2024,3.5,5,Medium
3840,2025,2.57,4,Medium
3841,2023,3.59,5,Medium
3841,2024,2.87,7,Medium
3841,2025,3.95,5,High
3842,2023,3.68,7,Medium
3842,2024,3.63,9,Medium
3842,2025,3.74,6,High
3843,2023,3.27,6,Medium
3843,2024,3.52,4,Medium
3843,2025,3.65,9,Medium
3844,2023,2.53,8,Medium
3844,2024,3.2,6,Medium
3844,2025,3.09,6,Medium
3845,2023,2.79,6,Medium
3845,2024,2.53,7,Medium
3845,2025,3.12,7,Medium
3846,2023,2.54,6,Medium
3846,2024,3.53,6,Medium
3846,2025,2.77,8,Medium
3847,2023,3.83,8,High
3847,2024,3.3,10,Medium
3847,2025,3.28,9,Medium
3848,2023,2.92,4,Medium
3848,2024,2.67,6,Medium
3848,2025,3.59,6,Medium
3849,2023,3.24,5,Medium
3849,2024,3.44,7,Medium
3849,2025,2.95,8,Medium
3850,2023,3.58,6,Medium
3850,2024,3.35,7,Medium
3850,2025,2.71,7,Medium
3851,2023,3.36,7,Medium
3851,2024,3.64,4,Medium
3851,2025,3.09,10,Medium
3852,2023,3.62,7,Medium
3852,2024,2.65,5,Medium
3852,2025,3.24,11,Medium
3853,2023,3.27,6,Medium
3853,2024,4.1,5,High
3853,2025,3.04,7,Medium
3854,2023,3.34,7,Medium
3854,2024,3.93,9,High
3854,2025,3.42,9,Medium
3855,2023,3.07,7,Medium
3855,2024,3.79,7,High
3855,2025,4.29,4,High
3856,2023,3.34,10,Medium
3856,2024,4.04,5,High
3856,2025,3.56,7,Medium
3857,2023,4.19,9,High
3857,2024,3.56,5,Medium
3857,2025,4.27,9,High
3858,2023,2.93,5,Medium
3858,2024,3.19,7,Medium
3858,2025,2.67,7,Medium
3859,2023,3.66,3,Medium
3859,2024,3.41,7,Medium
3859,2025,3.62,5,Medium
3860,2023,3.71,10,High
3860,2024,3.68,6,Medium
3860,2025,3.85,6,High
3861,2023,3.55,6,Medium
3861,2024,3.3,5,Medium
3861,2025,3.24,9,Medium
3862,2023,3.1,1,Medium
3862,2024,3.95,8,High
3862,2025,3.08,8,Medium
3863,2023,3.37,4,Medium
3863,2024,3.49,6,Medium
3863,2025,2.87,7,Medium
3864,2023,2.9,6,Medium
3864,2024,3.13,6,Medium
3864,2025,3.68,4,Medium
3865,2023,3.27,5,Medium
3865,2024,2.86,8,Medium
3865,2025,3.72,7,High
3866,2023,3.14,5,Medium
3866,2024,4.0,6,High
3866,2025,3.18,7,Medium
3867,2023,2.81,6,Medium
3867,2024,4.3,6,High
3867,2025,2.19,6,Low
3868,2023,3.25,6,Medium
3868,2024,2.77,4,Medium
3868,2025,2.56,9,Medium
3869,2023,3.44,8,Medium
3869,2024,4.17,5,High
3869,2025,3.71,8,High
3870,2023,2.39,8,Low
3870,2024,2.58,6,Medium
3870,2025,2.86,8,Medium
3871,2023,3.03,6,Medium
3871,2024,4.08,8,High
3871,2025,3.71,6,High
3872,2023,3.24,5,Medium
3872,2024,3.43,4,Medium
3872,2025,3.04,3,Medium
3873,2023,3.42,12,Medium
3873,2024,3.11,4,Medium
3873,2025,3.7,7,Medium
3874,2023,3.27,6,Medium
3874,2024,3.46,7,Medium
3874,2025,3.94,11,High
3875,2023,3.04,6,Medium
3875,2024,2.01,5,Low
3875,2025,3.9,6,High
3876,2023,3.56,7,Medium
3876,2024,2.9,7,Medium
3876,2025,3.38,6,Medium
3877,2023,4.07,8,High
3877,2024,3.5,6,Medium
3877,2025,3.62,6,Medium
3878,2023,3.57,5,Medium
3878,2024,4.39,10,High
3878,2025,4.75,5,High
3879,2023,4.08,10,High
3879,2024,4.42,5,High
3879,2025,2.99,5,Medium
3880,2023,3.49,7,Medium
3880,2024,3.28,5,Medium
3880,2025,3.96,6,High
3881,2023,3.65,3,Medium
3881,2024,3.01,4,Medium
3881,2025,2.98,7,Medium
3882,2023,3.5,7,Medium
3882,2024,3.12,5,Medium
3882,2025,2.7,6,Medium
3883,2023,3.54,4,Medium
3883,2024,2.87,7,Medium
3883,2025,2.99,9,Medium
3884,2023,3.41,3,Medium
3884,2024,2.63,7,Medium
3884,2025,3.94,3,High
3885,2023,3.52,9,Medium
3885,2024,2.99,11,Medium
3885,2025,3.82,7,High
3886,2023,4.39,5,High
3886,2024,2.85,6,Medium
3886,2025,2.18,7,Low
3887,2023,3.36,8,Medium
3887,2024,3.46,5,Medium
3887,2025,3.57,6,Medium
3888,2023,3.79,8,High
3888,2024,3.24,7,Medium
3888,2025,3.0,5,Medium
3889,2023,3.5,10,Medium
3889,2024,3.77,6,High
3889,2025,2.32,3,Low
3890,2023,3.67,5,Medium
3890,2024,2.96,10,Medium
3890,2025,3.6,9,Medium
3891,2023,3.08,8,Medium
3891,2024,3.06,8,Medium
3891,2025,3.81,8,High
3892,2023,3.62,5,Medium
3892,2024,3.77,5,High
3892,2025,2.43,5,Low
3893,2023,3.63,7,Medium
3893,2024,3.84,8,High
3893,2025,2.76,9,Medium
3894,2023,2.38,10,Low
3894,2024,3.24,9,Medium
3894,2025,3.19,9,Medium
3895,2023,3.78,7,High
3895,2024,3.45,6,Medium
3895,2025,3.41,7,Medium
3896,2023,4.5,5,High
3896,2024,3.48,3,Medium
3896,2025,3.74,10,High
3897,2023,3.17,6,Medium
3897,2024,4.12,6,High
3897,2025,3.66,7,Medium
3898,2023,3.71,6,High
3898,2024,4.12,5,High
3898,2025,3.44,5,Medium
3899,2023,4.25,3,High
3899,2024,3.77,7,High
3899,2025,3.08,10,Medium
3900,2023,3.16,7,Medium
3900,2024,3.0,5,Medium
3900,2025,3.17,6,Medium
3901,2023,2.64,8,Medium
3901,2024,3.74,8,High
3901,2025,3.62,5,Medium
3902,2023,3.14,4,Medium
3902,2024,3.49,4,Medium
3902,2025,3.08,7,Medium
3903,2023,3.47,4,Medium
3903,2024,4.0,5,High
3903,2025,3.44,6,Medium
3904,2023,4.17,10,High
3904,2024,3.73,5,High
3904,2025,4.66,8,High
3905,2023,3.26,4,Medium
3905,2024,2.69,6,Medium
3905,2025,3.2,3,Medium
3906,2023,3.27,7,Medium
3906,2024,3.06,5,Medium
3906,2025,3.48,7,Medium
3907,2023,4.03,5,High
3907,2024,3.55,9,Medium
3907,2025,3.88,6,High
3908,2023,3.72,6,High
3908,2024,3.36,6,Medium
3908,2025,2.82,7,Medium
3909,2023,4.41,7,High
3909,2024,4.4,5,High
3909,2025,3.25,6,Medium
3910,2023,2.35,7,Low
3910,2024,2.98,9,Medium
3910,2025,3.06,8,Medium
3911,2023,3.13,7,Medium
3911,2024,3.48,9,Medium
3911,2025,4.28,4,High
3912,2023,3.35,9,Medium
3912,2024,2.97,7,Medium
3912,2025,3.53,5,Medium
3913,2023,3.5,6,Medium
3913,2024,3.23,8,Medium
3913,2025,2.93,6,Medium
3914,2023,3.39,7,Medium
3914,2024,2.49,7,Low
3914,2025,3.25,8,Medium
3915,2023,4.39,4,High
3915,2024,3.83,6,High
3915,2025,3.53,8,Medium
3916,2023,4.1,9,High
3916,2024,4.01,5,High
3916,2025,4.27,10,High
3917,2023,3.19,7,Medium
3917,2024,3.03,4,Medium
3917,2025,2.79,7,Medium
3918,2023,3.71,6,High
3918,2024,3.81,5,High
3918,2025,2.2,3,Low
3919,2023,3.82,6,High
3919,2024,3.5,7,Medium
3919,2025,2.98,7,Medium
3920,2023,3.93,6,High
3920,2024,3.61,4,Medium
3920,2025,3.73,9,High
3921,2023,3.02,7,Medium
3921,2024,3.02,1,Medium
3921,2025,3.45,5,Medium
3922,2023,3.34,8,Medium
3922,2024,3.35,9,Medium
3922,2025,4.08,8,High
3923,2023,3.84,7,High
3923,2024,3.35,5,Medium
3923,2025,3.7,9,Medium
3924,2023,4.18,8,High
3924,2024,3.0,6,Medium
3924,2025,2.71,7,Medium
3925,2023,3.02,7,Medium
3925,2024,2.82,5,Medium
3925,2025,3.24,6,Medium
3926,2023,3.63,8,Medium
3926,2024,3.86,6,High
3926,2025,3.49,7,Medium
3927,2023,3.41,5,Medium
3927,2024,3.63,8,Medium
3927,2025,3.07,8,Medium
3928,2023,3.49,4,Medium
3928,2024,4.4,7,High
3928,2025,2.98,6,Medium
3929,2023,4.12,10,High
3929,2024,4.02,5,High
3929,2025,3.63,5,Medium
3930,2023,2.44,5,Low
3930,2024,2.48,10,Low
3930,2025,2.55,10,Medium
3931,2023,2.98,8,Medium
3931,2024,3.17,5,Medium
3931,2025,3.03,3,Medium
3932,2023,3.16,5,Medium
3932,2024,4.03,2,High
3932,2025,2.75,4,Medium
3933,2023,2.89,5,Medium
3933,2024,2.96,7,Medium
3933,2025,2.82,7,Medium
3934,2023,3.28,7,Medium
3934,2024,3.76,9,High
3934,2025,3.14,6,Medium
3935,2023,2.95,4,Medium
3935,2024,3.45,4,Medium
3935,2025,3.55,3,Medium
3936,2023,3.22,8,Medium
3936,2024,2.81,4,Medium
3936,2025,2.43,2,Low
3937,2023,2.42,7,Low
3937,2024,2.66,5,Medium
3937,2025,3.32,6,Medium
3938,2023,3.38,7,Medium
3938,2024,3.19,4,Medium
3938,2025,2.95,10,Medium
3939,2023,3.1,5,Medium
3939,2024,2.99,2,Medium
3939,2025,3.37,9,Medium
3940,2023,3.69,8,Medium
3940,2024,3.7,2,Medium
3940,2025,3.43,3,Medium
3941,2023,3.32,10,Medium
3941,2024,3.52,5,Medium
3941,2025,3.48,4,Medium
3942,2023,3.27,9,Medium
3942,2024,3.44,10,Medium
3942,2025,4.25,4,High
3943,2023,2.81,7,Medium
3943,2024,3.84,8,High
3943,2025,3.51,4,Medium
3944,2023,3.33,6,Medium
3944,2024,3.42,4,Medium
3944,2025,2.82,6,Medium
3945,2023,2.87,8,Medium
3945,2024,3.41,7,Medium
3945,2025,4.3,5,High
3946,2023,3.06,6,Medium
3946,2024,3.39,2,Medium
3946,2025,3.85,5,High
3947,2023,2.95,11,Medium
3947,2024,3.19,7,Medium
3947,2025,3.41,9,Medium
3948,2023,3.32,5,Medium
3948,2024,3.81,4,High
3948,2025,4.14,5,High
3949,2023,2.64,7,Medium
3949,2024,2.97,10,Medium
3949,2025,3.54,8,Medium
3950,2023,4.08,6,High
3950,2024,3.55,7,Medium
3950,2025,3.12,10,Medium
3951,2023,4.05,5,High
3951,2024,3.57,10,Medium
3951,2025,4.14,8,High
3952,2023,3.06,10,Medium
3952,2024,2.93,7,Medium
3952,2025,3.3,10,Medium
3953,2023,3.23,7,Medium
3953,2024,3.99,8,High
3953,2025,4.04,8,High
3954,2023,3.59,7,Medium
3954,2024,3.72,4,High
3954,2025,3.59,6,Medium
3955,2023,2.52,8,Medium
3955,2024,3.48,5,Medium
3955,2025,2.33,7,Low
3956,2023,3.64,7,Medium
3956,2024,3.01,2,Medium
3956,2025,2.65,3,Medium
3957,2023,3.12,9,Medium
3957,2024,3.52,9,Medium
3957,2025,3.62,7,Medium
3958,2023,3.6,6,Medium
3958,2024,2.76,6,Medium
3958,2025,2.66,5,Medium
3959,2023,3.17,5,Medium
3959,2024,3.25,6,Medium
3959,2025,3.29,10,Medium
3960,2023,2.47,6,Low
3960,2024,3.1,7,Medium
3960,2025,3.39,3,Medium
3961,2023,3.24,5,Medium
3961,2024,3.47,6,Medium
3961,2025,3.95,7,High
3962,2023,2.86,6,Medium
3962,2024,3.63,3,Medium
3962,2025,2.63,7,Medium
3963,2023,2.9,7,Medium
3963,2024,4.21,10,High
3963,2025,3.12,6,Medium
3964,2023,3.19,7,Medium
3964,2024,2.44,6,Low
3964,2025,2.97,6,Medium
3965,2023,3.63,7,Medium
3965,2024,3.77,8,High
3965,2025,3.7,7,Medium
3966,2023,3.36,5,Medium
3966,2024,3.82,4,High
3966,2025,3.56,5,Medium
3967,2023,2.36,5,Low
3967,2024,2.99,5,Medium
3967,2025,2.64,4,Medium
3968,2023,3.17,8,Medium
3968,2024,3.64,5,Medium
3968,2025,3.22,6,Medium
3969,2023,3.89,9,High
3969,2024,3.94,5,High
3969,2025,2.52,7,Medium
3970,2023,3.9,9,High
3970,2024,3.44,3,Medium
3970,2025,3.66,7,Medium
3971,2023,3.53,8,Medium
3971,2024,2.56,6,Medium
3971,2025,3.11,4,Medium
3972,2023,3.73,6,High
3972,2024,3.5,9,Medium
3972,2025,4.18,5,High
3973,2023,3.08,7,Medium
3973,2024,3.46,5,Medium
3973,2025,3.44,9,Medium
3974,2023,4.22,6,High
3974,2024,3.65,4,Medium
3974,2025,3.46,7,Medium
3975,2023,4.27,4,High
3975,2024,3.69,6,Medium
3975,2025,3.06,7,Medium
3976,2023,3.42,6,Medium
3976,2024,3.84,8,High
3976,2025,3.09,10,Medium
3977,2023,3.85,5,High
3977,2024,4.03,6,High
3977,2025,3.72,7,High
3978,2023,3.05,8,Medium
3978,2024,3.16,8,Medium
3978,2025,3.61,6,Medium
3979,2023,3.3,4,Medium
3979,2024,4.2,7,High
3979,2025,2.76,6,Medium
3980,2023,3.4,10,Medium
3980,2024,3.0,6,Medium
3980,2025,2.05,6,Low
3981,2023,3.89,6,High
3981,2024,3.21,3,Medium
3981,2025,3.91,6,High
3982,2023,3.49,5,Medium
3982,2024,3.48,2,Medium
3982,2025,2.96,7,Medium
3983,2023,3.22,6,Medium
3983,2024,4.43,2,High
3983,2025,3.64,5,Medium
3984,2023,4.26,8,High
3984,2024,3.34,5,Medium
3984,2025,3.53,5,Medium
3985,2023,3.61,5,Medium
3985,2024,3.85,8,High
3985,2025,2.31,9,Low
3986,2023,3.15,9,Medium
3986,2024,3.59,7,Medium
3986,2025,4.03,9,High
3987,2023,3.75,5,High
3987,2024,3.16,9,Medium
3987,2025,3.54,8,Medium
3988,2023,4.56,2,High
3988,2024,3.45,8,Medium
3988,2025,3.25,11,Medium
3989,2023,3.5,8,Medium
3989,2024,3.07,9,Medium
3989,2025,3.27,7,Medium
3990,2023,3.73,6,High
3990,2024,3.24,6,Medium
3990,2025,3.25,7,Medium
3991,2023,4.36,5,High
3991,2024,3.01,7,Medium
3991,2025,3.05,7,Medium
3992,2023,3.4,7,Medium
3992,2024,2.93,10,Medium
3992,2025,3.61,8,Medium
3993,2023,3.62,6,Medium
3993,2024,3.83,7,High
3993,2025,4.02,9,High
3994,2023,3.33,6,Medium
3994,2024,3.67,4,Medium
3994,2025,2.33,6,Low
3995,2023,3.48,7,Medium
3995,2024,2.68,5,Medium
3995,2025,3.64,6,Medium
3996,2023,4.1,7,High
3996,2024,2.91,6,Medium
3996,2025,2.62,3,Medium
3997,2023,3.02,6,Medium
3997,2024,3.71,6,High
3997,2025,3.43,5,Medium
3998,2023,3.08,7,Medium
3998,2024,3.43,6,Medium
3998,2025,2.66,5,Medium
3999,2023,3.76,6,High
3999,2024,3.37,5,Medium
3999,2025,4.05,7,High
4000,2023,3.04,5,Medium
4000,2024,3.72,5,High
4000,2025,3.54,5,Medium
4001,2023,4.15,3,High
4001,2024,3.33,5,Medium
4001,2025,2.77,6,Medium
4002,2023,3.76,6,High
4002,2024,2.91,9,Medium
4002,2025,3.41,7,Medium
4003,2023,3.5,6,Medium
4003,2024,2.31,7,Low
4003,2025,2.81,7,Medium
4004,2023,3.95,7,High
4004,2024,3.9,5,High
4004,2025,3.42,6,Medium
4005,2023,3.18,4,Medium
4005,2024,4.85,6,High
4005,2025,3.82,6,High
4006,2023,3.5,9,Medium
4006,2024,2.83,7,Medium
4006,2025,2.64,10,Medium
4007,2023,3.79,7,High
4007,2024,3.23,10,Medium
4007,2025,3.42,10,Medium
4008,2023,3.24,5,Medium
4008,2024,3.97,9,High
4008,2025,3.23,8,Medium
4009,2023,3.9,3,High
4009,2024,3.73,4,High
4009,2025,3.01,5,Medium
4010,2023,3.08,5,Medium
4010,2024,3.59,7,Medium
4010,2025,3.27,7,Medium
4011,2023,3.35,6,Medium
4011,2024,4.13,4,High
4011,2025,3.32,7,Medium
4012,2023,4.64,2,High
4012,2024,3.55,4,Medium
4012,2025,3.39,6,Medium
4013,2023,3.8,3,High
4013,2024,3.24,6,Medium
4013,2025,3.73,5,High
4014,2023,2.58,8,Medium
4014,2024,2.19,4,Low
4014,2025,1.93,8,Low
4015,2023,2.8,8,Medium
4015,2024,2.84,8,Medium
4015,2025,3.7,7,Medium
4016,2023,3.56,8,Medium
4016,2024,3.5,7,Medium
4016,2025,3.07,5,Medium
4017,2023,3.85,10,High
4017,2024,3.77,8,High
4017,2025,2.73,7,Medium
4018,2023,2.93,7,Medium
4018,2024,2.74,6,Medium
4018,2025,3.89,7,High
4019,2023,3.55,9,Medium
4019,2024,3.45,5,Medium
4019,2025,3.54,8,Medium
4020,2023,3.54,5,Medium
4020,2024,3.57,3,Medium
4020,2025,2.49,2,Low
4021,2023,3.1,4,Medium
4021,2024,4.42,5,High
4021,2025,2.67,3,Medium
4022,2023,3.52,7,Medium
4022,2024,3.37,5,Medium
4022,2025,3.06,9,Medium
4023,2023,2.68,9,Medium
4023,2024,3.34,8,Medium
4023,2025,2.93,8,Medium
4024,2023,3.4,11,Medium
4024,2024,3.65,6,Medium
4024,2025,3.02,7,Medium
4025,2023,2.93,7,Medium
4025,2024,3.42,9,Medium
4025,2025,3.08,5,Medium
4026,2023,2.63,7,Medium
4026,2024,3.63,4,Medium
4026,2025,3.71,10,High
4027,2023,3.61,7,Medium
4027,2024,3.21,7,Medium
4027,2025,2.87,5,Medium
4028,2023,2.75,5,Medium
4028,2024,3.12,6,Medium
4028,2025,3.63,9,Medium
4029,2023,2.98,10,Medium
4029,2024,4.11,5,High
4029,2025,3.03,7,Medium
4030,2023,4.08,2,High
4030,2024,3.63,10,Medium
4030,2025,3.21,4,Medium
4031,2023,3.12,7,Medium
4031,2024,3.88,10,High
4031,2025,3.59,4,Medium
4032,2023,2.76,6,Medium
4032,2024,3.12,8,Medium
4032,2025,3.2,5,Medium
4033,2023,2.7,4,Medium
4033,2024,3.15,8,Medium
4033,2025,2.12,7,Low
4034,2023,2.69,5,Medium
4034,2024,3.71,11,High
4034,2025,3.12,2,Medium
4035,2023,3.39,3,Medium
4035,2024,3.34,8,Medium
4035,2025,3.53,4,Medium
4036,2023,3.75,6,High
4036,2024,3.84,9,High
4036,2025,2.78,3,Medium
4037,2023,3.83,8,High
4037,2024,3.36,7,Medium
4037,2025,4.22,7,High
4038,2023,3.37,12,Medium
4038,2024,3.06,8,Medium
4038,2025,3.96,8,High
4039,2023,3.68,7,Medium
4039,2024,2.52,5,Medium
4039,2025,3.26,8,Medium
4040,2023,2.81,7,Medium
4040,2024,2.87,5,Medium
4040,2025,3.13,6,Medium
4041,2023,2.68,6,Medium
4041,2024,3.59,5,Medium
4041,2025,2.74,7,Medium
4042,2023,3.09,5,Medium
4042,2024,2.88,6,Medium
4042,2025,3.58,6,Medium
4043,2023,2.57,6,Medium
4043,2024,3.35,6,Medium
4043,2025,3.6,7,Medium
4044,2023,3.22,7,Medium
4044,2024,4.1,5,High
4044,2025,3.32,3,Medium
4045,2023,3.62,7,Medium
4045,2024,3.47,5,Medium
4045,2025,2.81,7,Medium
4046,2023,3.5,8,Medium
4046,2024,3.55,8,Medium
4046,2025,3.05,1,Medium
4047,2023,2.6,10,Medium
4047,2024,2.84,5,Medium
4047,2025,2.78,4,Medium
4048,2023,2.19,5,Low
4048,2024,4.27,3,High
4048,2025,3.08,8,Medium
4049,2023,4.03,9,High
4049,2024,3.71,5,High
4049,2025,3.11,8,Medium
4050,2023,3.67,7,Medium
4050,2024,2.91,7,Medium
4050,2025,4.17,3,High
4051,2023,3.15,7,Medium
4051,2024,3.11,9,Medium
4051,2025,3.99,5,High
4052,2023,3.27,9,Medium
4052,2024,4.02,8,High
4052,2025,2.9,11,Medium
4053,2023,4.04,6,High
4053,2024,2.58,8,Medium
4053,2025,3.34,8,Medium
4054,2023,3.13,5,Medium
4054,2024,3.43,3,Medium
4054,2025,4.03,5,High
4055,2023,2.95,9,Medium
4055,2024,4.09,8,High
4055,2025,3.64,8,Medium
4056,2023,2.26,8,Low
4056,2024,2.94,8,Medium
4056,2025,3.16,5,Medium
4057,2023,3.18,8,Medium
4057,2024,2.65,5,Medium
4057,2025,2.82,6,Medium
4058,2023,2.89,6,Medium
4058,2024,4.14,9,High
4058,2025,2.66,6,Medium
4059,2023,2.67,6,Medium
4059,2024,3.07,7,Medium
4059,2025,3.19,6,Medium
4060,2023,2.81,4,Medium
4060,2024,2.99,8,Medium
4060,2025,3.62,2,Medium
4061,2023,3.06,7,Medium
4061,2024,3.18,9,Medium
4061,2025,3.76,5,High
4062,2023,4.37,5,High
4062,2024,4.01,4,High
4062,2025,2.66,5,Medium
4063,2023,3.13,4,Medium
4063,2024,3.69,10,Medium
4063,2025,2.18,4,Low
4064,2023,3.31,8,Medium
4064,2024,3.16,10,Medium
4064,2025,4.25,2,High
4065,2023,3.81,8,High
4065,2024,3.91,5,High
4065,2025,4.17,7,High
4066,2023,1.85,6,Low
4066,2024,3.35,5,Medium
4066,2025,2.76,6,Medium
4067,2023,2.59,6,Medium
4067,2024,2.91,9,Medium
4067,2025,3.0,6,Medium
4068,2023,3.25,7,Medium
4068,2024,3.49,6,Medium
4068,2025,3.79,5,High
4069,2023,2.74,7,Medium
4069,2024,3.09,8,Medium
4069,2025,1.89,6,Low
4070,2023,2.7,10,Medium
4070,2024,3.29,8,Medium
4070,2025,3.45,8,Medium
4071,2023,4.32,8,High
4071,2024,3.0,11,Medium
4071,2025,2.74,8,Medium
4072,2023,3.24,10,Medium
4072,2024,3.21,8,Medium
4072,2025,2.83,6,Medium
4073,2023,3.51,3,Medium
4073,2024,2.69,8,Medium
4073,2025,3.51,4,Medium
4074,2023,3.17,7,Medium
4074,2024,3.24,7,Medium
4074,2025,3.41,6,Medium
4075,2023,3.97,8,High
4075,2024,3.33,4,Medium
4075,2025,3.32,8,Medium
4076,2023,3.26,4,Medium
4076,2024,2.95,8,Medium
4076,2025,3.62,7,Medium
4077,2023,2.85,8,Medium
4077,2024,3.65,10,Medium
4077,2025,3.32,4,Medium
4078,2023,3.36,3,Medium
4078,2024,2.74,8,Medium
4078,2025,4.08,5,High
4079,2023,3.39,9,Medium
4079,2024,2.97,5,Medium
4079,2025,3.2,8,Medium
4080,2023,3.51,7,Medium
4080,2024,3.68,5,Medium
4080,2025,3.47,9,Medium
4081,2023,3.63,5,Medium
4081,2024,1.86,7,Low
4081,2025,2.81,5,Medium
4082,2023,3.68,8,Medium
4082,2024,3.02,7,Medium
4082,2025,3.85,7,High
4083,2023,3.86,4,High
4083,2024,4.31,6,High
4083,2025,3.88,5,High
4084,2023,3.53,6,Medium
4084,2024,3.59,5,Medium
4084,2025,3.12,9,Medium
4085,2023,2.86,7,Medium
4085,2024,3.13,8,Medium
4085,2025,3.38,9,Medium
4086,2023,3.06,5,Medium
4086,2024,3.88,11,High
4086,2025,3.62,7,Medium
4087,2023,3.47,3,Medium
4087,2024,2.97,7,Medium
4087,2025,3.41,7,Medium
4088,2023,3.93,5,High
4088,2024,3.76,12,High
4088,2025,3.47,3,Medium
4089,2023,3.15,7,Medium
4089,2024,3.29,7,Medium
4089,2025,3.45,9,Medium
4090,2023,2.96,8,Medium
4090,2024,3.51,6,Medium
4090,2025,2.32,5,Low
4091,2023,2.76,8,Medium
4091,2024,3.18,6,Medium
4091,2025,2.65,8,Medium
4092,2023,2.84,6,Medium
4092,2024,3.63,6,Medium
4092,2025,3.09,10,Medium
4093,2023,2.8,4,Medium
4093,2024,3.04,5,Medium
4093,2025,3.0,8,Medium
4094,2023,4.19,5,High
4094,2024,2.91,10,Medium
4094,2025,3.72,1,High
4095,2023,3.62,4,Medium
4095,2024,3.03,6,Medium
4095,2025,2.51,8,Medium
4096,2023,4.23,6,High
4096,2024,3.67,7,Medium
4096,2025,3.73,9,High
4097,2023,2.64,9,Medium
4097,2024,3.1,6,Medium
4097,2025,2.69,7,Medium
4098,2023,2.1,6,Low
4098,2024,2.47,12,Low
4098,2025,2.29,4,Low
4099,2023,3.18,5,Medium
4099,2024,2.8,9,Medium
4099,2025,3.74,7,High
4100,2023,3.71,9,High
4100,2024,3.58,11,Medium
4100,2025,4.22,7,High
4101,2023,2.64,6,Medium
4101,2024,4.27,4,High
4101,2025,2.88,4,Medium
4102,2023,4.02,2,High
4102,2024,2.8,6,Medium
4102,2025,3.55,10,Medium
4103,2023,3.92,5,High
4103,2024,3.56,8,Medium
4103,2025,3.34,8,Medium
4104,2023,4.18,4,High
4104,2024,2.76,8,Medium
4104,2025,3.33,6,Medium
4105,2023,2.56,10,Medium
4105,2024,3.05,6,Medium
4105,2025,2.68,10,Medium
4106,2023,3.04,1,Medium
4106,2024,2.75,7,Medium
4106,2025,2.78,2,Medium
4107,2023,2.99,2,Medium
4107,2024,3.36,7,Medium
4107,2025,2.88,3,Medium
4108,2023,3.24,3,Medium
4108,2024,3.14,5,Medium
4108,2025,3.34,7,Medium
4109,2023,2.59,8,Medium
4109,2024,3.39,7,Medium
4109,2025,3.86,7,High
4110,2023,2.57,4,Medium
4110,2024,3.42,4,Medium
4110,2025,3.93,9,High
4111,2023,3.17,7,Medium
4111,2024,3.04,8,Medium
4111,2025,3.58,6,Medium
4112,2023,3.37,6,Medium
4112,2024,3.83,8,High
4112,2025,3.07,7,Medium
4113,2023,3.83,4,High
4113,2024,3.08,5,Medium
4113,2025,3.42,3,Medium
4114,2023,3.17,8,Medium
4114,2024,3.6,5,Medium
4114,2025,3.89,7,High
4115,2023,3.34,5,Medium
4115,2024,3.08,6,Medium
4115,2025,2.59,10,Medium
4116,2023,3.48,6,Medium
4116,2024,3.46,7,Medium
4116,2025,4.11,8,High
4117,2023,3.29,8,Medium
4117,2024,2.22,5,Low
4117,2025,2.85,9,Medium
4118,2023,3.5,8,Medium
4118,2024,3.62,7,Medium
4118,2025,3.91,2,High
4119,2023,2.87,8,Medium
4119,2024,3.48,7,Medium
4119,2025,3.75,9,High
4120,2023,2.7,8,Medium
4120,2024,4.23,8,High
4120,2025,3.46,4,Medium
4121,2023,3.11,2,Medium
4121,2024,2.97,8,Medium
4121,2025,3.68,8,Medium
4122,2023,3.74,5,High
4122,2024,3.19,5,Medium
4122,2025,3.68,5,Medium
4123,2023,4.09,6,High
4123,2024,3.95,5,High
4123,2025,3.94,7,High
4124,2023,3.05,6,Medium
4124,2024,2.93,4,Medium
4124,2025,2.93,8,Medium
4125,2023,2.92,7,Medium
4125,2024,2.85,9,Medium
4125,2025,2.48,7,Low
4126,2023,4.24,6,High
4126,2024,3.0,5,Medium
4126,2025,3.19,10,Medium
4127,2023,3.27,7,Medium
4127,2024,3.25,6,Medium
4127,2025,3.18,4,Medium
4128,2023,3.48,4,Medium
4128,2024,3.47,6,Medium
4128,2025,3.49,10,Medium
4129,2023,2.87,9,Medium
4129,2024,2.85,3,Medium
4129,2025,3.73,5,High
4130,2023,3.57,5,Medium
4130,2024,3.6,6,Medium
4130,2025,3.35,7,Medium
4131,2023,3.3,4,Medium
4131,2024,4.1,8,High
4131,2025,3.8,6,High
4132,2023,3.8,7,High
4132,2024,2.83,7,Medium
4132,2025,3.24,6,Medium
4133,2023,3.22,7,Medium
4133,2024,3.2,6,Medium
4133,2025,3.62,7,Medium
4134,2023,2.99,7,Medium
4134,2024,2.5,8,Low
4134,2025,4.15,10,High
4135,2023,3.12,5,Medium
4135,2024,3.58,7,Medium
4135,2025,3.07,6,Medium
4136,2023,2.83,7,Medium
4136,2024,3.29,6,Medium
4136,2025,3.21,7,Medium
4137,2023,3.28,4,Medium
4137,2024,4.22,5,High
4137,2025,3.71,10,High
4138,2023,2.8,11,Medium
4138,2024,2.94,8,Medium
4138,2025,3.62,5,Medium
4139,2023,3.17,8,Medium
4139,2024,3.49,10,Medium
4139,2025,3.79,5,High
4140,2023,4.06,6,High
4140,2024,2.85,7,Medium
4140,2025,3.54,8,Medium
4141,2023,3.5,6,Medium
4141,2024,3.56,7,Medium
4141,2025,3.57,7,Medium
4142,2023,3.34,3,Medium
4142,2024,4.02,5,High
4142,2025,3.21,4,Medium
4143,2023,3.96,7,High
4143,2024,3.29,5,Medium
4143,2025,3.58,5,Medium
4144,2023,2.57,5,Medium
4144,2024,2.37,6,Low
4144,2025,4.55,7,High
4145,2023,3.6,7,Medium
4145,2024,2.77,8,Medium
4145,2025,3.33,8,Medium
4146,2023,4.04,3,High
4146,2024,3.96,8,High
4146,2025,2.58,5,Medium
4147,2023,2.57,6,Medium
4147,2024,2.96,10,Medium
4147,2025,2.72,6,Medium
4148,2023,3.12,7,Medium
4148,2024,2.79,5,Medium
4148,2025,3.67,7,Medium
4149,2023,3.53,9,Medium
4149,2024,3.12,6,Medium
4149,2025,3.32,6,Medium
4150,2023,3.51,9,Medium
4150,2024,4.13,5,High
4150,2025,3.22,8,Medium
4151,2023,3.62,6,Medium
4151,2024,3.06,6,Medium
4151,2025,2.81,8,Medium
4152,2023,4.3,6,High
4152,2024,3.1,8,Medium
4152,2025,2.86,7,Medium
4153,2023,3.22,4,Medium
4153,2024,2.69,7,Medium
4153,2025,3.27,7,Medium
4154,2023,3.11,4,Medium
4154,2024,4.26,5,High
4154,2025,3.45,8,Medium
4155,2023,3.2,6,Medium
4155,2024,3.77,3,High
4155,2025,3.69,10,Medium
4156,2023,3.47,8,Medium
4156,2024,4.1,3,High
4156,2025,3.48,5,Medium
4157,2023,2.36,9,Low
4157,2024,3.11,8,Medium
4157,2025,3.07,8,Medium
4158,2023,2.52,1,Medium
4158,2024,3.4,9,Medium
4158,2025,2.48,8,Low
4159,2023,3.19,11,Medium
4159,2024,2.88,6,Medium
4159,2025,3.69,7,Medium
4160,2023,2.56,10,Medium
4160,2024,3.44,8,Medium
4160,2025,3.88,3,High
4161,2023,2.96,8,Medium
4161,2024,3.54,5,Medium
4161,2025,2.71,6,Medium
4162,2023,3.04,8,Medium
4162,2024,3.01,6,Medium
4162,2025,4.39,6,High
4163,2023,2.69,8,Medium
4163,2024,2.77,6,Medium
4163,2025,3.18,9,Medium
4164,2023,3.0,9,Medium
4164,2024,3.77,8,High
4164,2025,3.33,8,Medium
4165,2023,3.01,10,Medium
4165,2024,2.95,10,Medium
4165,2025,2.61,5,Medium
4166,2023,3.99,1,High
4166,2024,3.73,6,High
4166,2025,4.27,10,High
4167,2023,3.55,6,Medium
4167,2024,2.87,8,Medium
4167,2025,2.85,7,Medium
4168,2023,4.19,5,High
4168,2024,3.37,9,Medium
4168,2025,3.46,8,Medium
4169,2023,3.2,8,Medium
4169,2024,3.29,11,Medium
4169,2025,3.42,5,Medium
4170,2023,4.04,7,High
4170,2024,4.69,5,High
4170,2025,3.39,7,Medium
4171,2023,3.02,5,Medium
4171,2024,3.11,5,Medium
4171,2025,3.39,7,Medium
4172,2023,2.99,9,Medium
4172,2024,2.4,7,Low
4172,2025,2.41,6,Low
4173,2023,4.17,7,High
4173,2024,3.2,7,Medium
4173,2025,3.0,4,Medium
4174,2023,4.16,8,High
4174,2024,3.37,7,Medium
4174,2025,2.89,5,Medium
4175,2023,2.55,7,Medium
4175,2024,3.71,3,High
4175,2025,2.48,3,Low
4176,2023,3.01,8,Medium
4176,2024,3.83,3,High
4176,2025,3.11,12,Medium
4177,2023,2.58,7,Medium
4177,2024,3.3,4,Medium
4177,2025,3.26,5,Medium
4178,2023,2.93,7,Medium
4178,2024,3.92,7,High
4178,2025,2.86,4,Medium
4179,2023,3.18,7,Medium
4179,2024,2.53,3,Medium
4179,2025,3.3,9,Medium
4180,2023,3.12,5,Medium
4180,2024,2.84,6,Medium
4180,2025,2.76,8,Medium
4181,2023,3.32,8,Medium
4181,2024,3.01,8,Medium
4181,2025,2.93,8,Medium
4182,2023,2.97,7,Medium
4182,2024,3.43,4,Medium
4182,2025,2.46,3,Low
4183,2023,3.01,7,Medium
4183,2024,3.84,6,High
4183,2025,3.09,8,Medium
4184,2023,4.73,5,High
4184,2024,4.18,5,High
4184,2025,3.38,6,Medium
4185,2023,2.88,6,Medium
4185,2024,3.61,3,Medium
4185,2025,4.27,7,High
4186,2023,2.66,11,Medium
4186,2024,3.82,7,High
4186,2025,3.56,9,Medium
4187,2023,3.23,10,Medium
4187,2024,4.33,7,High
4187,2025,3.65,8,Medium
4188,2023,3.35,5,Medium
4188,2024,3.09,4,Medium
4188,2025,2.32,5,Low
4189,2023,3.08,9,Medium
4189,2024,3.69,6,Medium
4189,2025,3.97,6,High
4190,2023,2.89,5,Medium
4190,2024,2.85,7,Medium
4190,2025,3.69,8,Medium
4191,2023,4.04,10,High
4191,2024,3.48,3,Medium
4191,2025,3.02,6,Medium
4192,2023,3.75,8,High
4192,2024,3.68,8,Medium
4192,2025,3.75,9,High
4193,2023,3.77,5,High
4193,2024,3.56,3,Medium
4193,2025,4.19,9,High
4194,2023,3.59,7,Medium
4194,2024,3.14,7,Medium
4194,2025,3.9,8,High
4195,2023,3.15,6,Medium
4195,2024,3.33,8,Medium
4195,2025,3.48,2,Medium
4196,2023,3.59,8,Medium
4196,2024,2.34,8,Low
4196,2025,3.35,7,Medium
4197,2023,2.83,5,Medium
4197,2024,3.09,6,Medium
4197,2025,2.1,9,Low
4198,2023,3.81,8,High
4198,2024,3.83,7,High
4198,2025,3.92,8,High
4199,2023,3.76,8,High
4199,2024,3.21,5,Medium
4199,2025,2.9,6,Medium
4200,2023,3.55,9,Medium
4200,2024,3.47,7,Medium
4200,2025,3.13,4,Medium
4201,2023,3.26,5,Medium
4201,2024,3.75,5,High
4201,2025,2.76,4,Medium
4202,2023,2.92,5,Medium
4202,2024,3.72,10,High
4202,2025,2.42,6,Low
4203,2023,3.67,10,Medium
4203,2024,2.87,9,Medium
4203,2025,3.05,4,Medium
4204,2023,3.37,6,Medium
4204,2024,3.59,5,Medium
4204,2025,3.48,8,Medium
4205,2023,3.53,7,Medium
4205,2024,3.61,3,Medium
4205,2025,2.91,6,Medium
4206,2023,3.18,7,Medium
4206,2024,3.18,7,Medium
4206,2025,3.75,4,High
4207,2023,3.3,5,Medium
4207,2024,2.87,7,Medium
4207,2025,3.24,7,Medium
4208,2023,3.77,5,High
4208,2024,3.47,6,Medium
4208,2025,3.52,6,Medium
4209,2023,2.95,8,Medium
4209,2024,4.08,6,High
4209,2025,3.69,8,Medium
4210,2023,3.28,8,Medium
4210,2024,2.95,8,Medium
4210,2025,3.77,8,High
4211,2023,2.45,6,Low
4211,2024,2.39,4,Low
4211,2025,2.83,4,Medium
4212,2023,2.95,7,Medium
4212,2024,3.1,10,Medium
4212,2025,3.26,5,Medium
4213,2023,3.76,9,High
4213,2024,3.32,4,Medium
4213,2025,3.09,7,Medium
4214,2023,3.0,3,Medium
4214,2024,3.45,5,Medium
4214,2025,2.86,4,Medium
4215,2023,3.06,9,Medium
4215,2024,2.87,10,Medium
4215,2025,3.36,3,Medium
4216,2023,3.73,5,High
4216,2024,3.9,11,High
4216,2025,3.4,10,Medium
4217,2023,3.29,8,Medium
4217,2024,2.81,6,Medium
4217,2025,2.58,5,Medium
4218,2023,2.93,6,Medium
4218,2024,3.0,5,Medium
4218,2025,3.03,8,Medium
4219,2023,3.56,6,Medium
4219,2024,2.53,7,Medium
4219,2025,2.39,12,Low
4220,2023,2.88,6,Medium
4220,2024,3.47,6,Medium
4220,2025,4.36,9,High
4221,2023,4.2,8,High
4221,2024,4.12,7,High
4221,2025,3.4,3,Medium
4222,2023,2.57,11,Medium
4222,2024,3.31,8,Medium
4222,2025,3.87,8,High
4223,2023,3.22,9,Medium
4223,2024,2.93,9,Medium
4223,2025,3.08,6,Medium
4224,2023,3.48,10,Medium
4224,2024,4.45,5,High
4224,2025,3.61,2,Medium
4225,2023,3.97,6,High
4225,2024,3.75,4,High
4225,2025,3.72,7,High
4226,2023,4.0,5,High
4226,2024,4.03,7,High
4226,2025,3.34,6,Medium
4227,2023,2.95,7,Medium
4227,2024,3.35,5,Medium
4227,2025,3.27,5,Medium
4228,2023,4.27,3,High
4228,2024,3.85,7,High
4228,2025,2.91,8,Medium
4229,2023,2.75,8,Medium
4229,2024,2.87,5,Medium
4229,2025,3.47,7,Medium
4230,2023,2.87,5,Medium
4230,2024,3.59,5,Medium
4230,2025,2.58,2,Medium
4231,2023,2.23,7,Low
4231,2024,3.18,7,Medium
4231,2025,2.28,7,Low
4232,2023,3.19,11,Medium
4232,2024,3.39,4,Medium
4232,2025,3.78,9,High
4233,2023,3.8,7,High
4233,2024,2.92,5,Medium
4233,2025,2.98,8,Medium
4234,2023,2.53,7,Medium
4234,2024,2.84,7,Medium
4234,2025,3.7,5,Medium
4235,2023,4.78,6,High
4235,2024,3.57,4,Medium
4235,2025,3.38,8,Medium
4236,2023,3.16,10,Medium
4236,2024,2.97,5,Medium
4236,2025,2.42,7,Low
4237,2023,4.03,5,High
4237,2024,3.66,3,Medium
4237,2025,3.31,6,Medium
4238,2023,3.65,6,Medium
4238,2024,3.62,9,Medium
4238,2025,3.92,8,High
4239,2023,3.8,7,High
4239,2024,3.59,8,Medium
4239,2025,3.68,3,Medium
4240,2023,3.1,12,Medium
4240,2024,3.0,3,Medium
4240,2025,3.82,10,High
4241,2023,4.51,4,High
4241,2024,3.24,7,Medium
4241,2025,2.93,9,Medium
4242,2023,2.43,10,Low
4242,2024,2.85,6,Medium
4242,2025,2.78,5,Medium
4243,2023,3.85,4,High
4243,2024,3.97,6,High
4243,2025,4.22,5,High
4244,2023,4.27,10,High
4244,2024,3.92,5,High
4244,2025,3.17,4,Medium
4245,2023,3.22,5,Medium
4245,2024,2.79,10,Medium
4245,2025,2.1,5,Low
4246,2023,3.44,8,Medium
4246,2024,3.21,8,Medium
4246,2025,2.91,4,Medium
4247,2023,2.87,7,Medium
4247,2024,3.97,7,High
4247,2025,3.56,8,Medium
4248,2023,4.14,8,High
4248,2024,3.36,5,Medium
4248,2025,2.56,6,Medium
4249,2023,2.64,6,Medium
4249,2024,2.86,12,Medium
4249,2025,4.48,4,High
4250,2023,3.19,6,Medium
4250,2024,3.23,7,Medium
4250,2025,3.1,5,Medium
4251,2023,3.29,8,Medium
4251,2024,2.58,5,Medium
4251,2025,2.93,6,Medium
4252,2023,2.79,4,Medium
4252,2024,3.81,4,High
4252,2025,3.88,6,High
4253,2023,2.76,6,Medium
4253,2024,2.18,7,Low
4253,2025,2.95,7,Medium
4254,2023,3.72,10,High
4254,2024,2.71,5,Medium
4254,2025,2.86,2,Medium
4255,2023,3.06,3,Medium
4255,2024,3.13,6,Medium
4255,2025,3.34,4,Medium
4256,2023,4.11,7,High
4256,2024,3.06,3,Medium
4256,2025,2.93,4,Medium
4257,2023,3.23,4,Medium
4257,2024,2.96,5,Medium
4257,2025,3.05,5,Medium
4258,2023,3.23,6,Medium
4258,2024,3.0,7,Medium
4258,2025,3.79,6,High
4259,2023,2.73,6,Medium
4259,2024,3.24,6,Medium
4259,2025,2.61,4,Medium
4260,2023,3.43,7,Medium
4260,2024,3.42,6,Medium
4260,2025,4.18,2,High
4261,2023,3.55,5,Medium
4261,2024,2.36,4,Low
4261,2025,3.34,6,Medium
4262,2023,3.36,7,Medium
4262,2024,3.7,4,Medium
4262,2025,3.1,6,Medium
4263,2023,3.83,8,High
4263,2024,3.43,5,Medium
4263,2025,3.19,7,Medium
4264,2023,2.62,6,Medium
4264,2024,2.51,7,Medium
4264,2025,2.71,7,Medium
4265,2023,2.91,7,Medium
4265,2024,3.5,6,Medium
4265,2025,3.66,4,Medium
4266,2023,2.94,6,Medium
4266,2024,3.23,7,Medium
4266,2025,3.03,5,Medium
4267,2023,2.45,6,Low
4267,2024,3.16,6,Medium
4267,2025,3.59,8,Medium
4268,2023,3.47,11,Medium
4268,2024,3.15,7,Medium
4268,2025,3.2,8,Medium
4269,2023,3.21,8,Medium
4269,2024,3.47,7,Medium
4269,2025,2.99,4,Medium
4270,2023,4.4,4,High
4270,2024,4.35,6,High
4270,2025,3.35,5,Medium
4271,2023,3.38,5,Medium
4271,2024,3.24,4,Medium
4271,2025,3.33,8,Medium
4272,2023,2.83,2,Medium
4272,2024,2.41,8,Low
4272,2025,3.63,9,Medium
4273,2023,3.95,8,High
4273,2024,3.33,5,Medium
4273,2025,2.61,7,Medium
4274,2023,2.91,7,Medium
4274,2024,3.71,3,High
4274,2025,3.42,9,Medium
4275,2023,3.33,7,Medium
4275,2024,3.54,9,Medium
4275,2025,3.41,3,Medium
4276,2023,4.01,8,High
4276,2024,2.42,8,Low
4276,2025,3.62,11,Medium
4277,2023,2.97,5,Medium
4277,2024,3.3,2,Medium
4277,2025,3.07,8,Medium
4278,2023,3.59,5,Medium
4278,2024,3.63,8,Medium
4278,2025,2.69,4,Medium
4279,2023,3.19,8,Medium
4279,2024,2.74,6,Medium
4279,2025,2.28,8,Low
4280,2023,3.55,7,Medium
4280,2024,3.91,8,High
4280,2025,3.02,8,Medium
4281,2023,2.6,7,Medium
4281,2024,3.55,4,Medium
4281,2025,2.65,9,Medium
4282,2023,2.53,7,Medium
4282,2024,2.76,8,Medium
4282,2025,4.26,6,High
4283,2023,3.65,8,Medium
4283,2024,3.49,7,Medium
4283,2025,2.91,7,Medium
4284,2023,2.48,5,Low
4284,2024,2.84,8,Medium
4284,2025,3.18,7,Medium
4285,2023,3.82,3,High
4285,2024,3.03,5,Medium
4285,2025,3.14,7,Medium
4286,2023,2.6,8,Medium
4286,2024,2.55,8,Medium
4286,2025,2.34,4,Low
4287,2023,2.1,7,Low
4287,2024,3.44,5,Medium
4287,2025,4.46,6,High
4288,2023,4.06,5,High
4288,2024,3.69,7,Medium
4288,2025,3.86,9,High
4289,2023,3.51,10,Medium
4289,2024,3.71,7,High
4289,2025,3.83,6,High
4290,2023,3.12,3,Medium
4290,2024,2.23,8,Low
4290,2025,3.55,9,Medium
4291,2023,3.11,9,Medium
4291,2024,3.09,6,Medium
4291,2025,3.32,6,Medium
4292,2023,3.67,7,Medium
4292,2024,4.06,7,High
4292,2025,4.25,4,High
4293,2023,3.27,4,Medium
4293,2024,3.48,8,Medium
4293,2025,3.12,9,Medium
4294,2023,3.2,5,Medium
4294,2024,4.32,8,High
4294,2025,3.11,7,Medium
4295,2023,2.54,6,Medium
4295,2024,3.07,7,Medium
4295,2025,3.03,9,Medium
4296,2023,3.51,5,Medium
4296,2024,4.23,6,High
4296,2025,3.33,5,Medium
4297,2023,3.2,3,Medium
4297,2024,3.84,8,High
4297,2025,4.44,4,High
4298,2023,3.87,7,High
4298,2024,3.51,8,Medium
4298,2025,3.4,6,Medium
4299,2023,3.87,8,High
4299,2024,2.87,5,Medium
4299,2025,3.25,10,Medium
4300,2023,3.02,5,Medium
4300,2024,4.21,11,High
4300,2025,4.43,4,High
4301,2023,4.3,5,High
4301,2024,3.54,5,Medium
4301,2025,2.93,8,Medium
4302,2023,3.73,6,High
4302,2024,3.36,10,Medium
4302,2025,3.64,6,Medium
4303,2023,3.36,8,Medium
4303,2024,3.93,6,High
4303,2025,3.36,5,Medium
4304,2023,3.47,5,Medium
4304,2024,3.93,7,High
4304,2025,3.45,7,Medium
4305,2023,3.41,1,Medium
4305,2024,3.14,8,Medium
4305,2025,3.85,6,High
4306,2023,3.46,9,Medium
4306,2024,3.29,6,Medium
4306,2025,3.32,7,Medium
4307,2023,3.93,7,High
4307,2024,3.2,5,Medium
4307,2025,3.05,7,Medium
4308,2023,4.04,7,High
4308,2024,3.47,9,Medium
4308,2025,3.37,5,Medium
4309,2023,3.47,5,Medium
4309,2024,2.73,9,Medium
4309,2025,2.36,9,Low
4310,2023,3.85,5,High
4310,2024,4.3,6,High
4310,2025,4.36,8,High
4311,2023,2.81,3,Medium
4311,2024,3.04,5,Medium
4311,2025,2.26,6,Low
4312,2023,3.37,6,Medium
4312,2024,4.82,7,High
4312,2025,3.21,5,Medium
4313,2023,4.35,8,High
4313,2024,2.83,6,Medium
4313,2025,3.56,5,Medium
4314,2023,3.17,8,Medium
4314,2024,3.57,8,Medium
4314,2025,2.92,7,Medium
4315,2023,2.25,10,Low
4315,2024,3.8,4,High
4315,2025,2.68,7,Medium
4316,2023,3.0,5,Medium
4316,2024,3.18,9,Medium
4316,2025,2.91,7,Medium
4317,2023,2.86,9,Medium
4317,2024,3.26,9,Medium
4317,2025,3.73,8,High
4318,2023,3.19,6,Medium
4318,2024,2.73,4,Medium
4318,2025,2.63,6,Medium
4319,2023,3.93,6,High
4319,2024,3.02,6,Medium
4319,2025,3.68,8,Medium
4320,2023,3.28,6,Medium
4320,2024,3.66,9,Medium
4320,2025,3.76,7,High
4321,2023,3.62,5,Medium
4321,2024,3.21,8,Medium
4321,2025,3.46,5,Medium
4322,2023,2.92,8,Medium
4322,2024,3.61,6,Medium
4322,2025,3.34,4,Medium
4323,2023,2.72,8,Medium
4323,2024,3.85,4,High
4323,2025,3.62,8,Medium
4324,2023,2.1,9,Low
4324,2024,2.77,8,Medium
4324,2025,3.6,9,Medium
4325,2023,3.41,7,Medium
4325,2024,3.89,10,High
4325,2025,3.56,7,Medium
4326,2023,3.45,5,Medium
4326,2024,3.56,6,Medium
4326,2025,3.13,5,Medium
4327,2023,4.12,8,High
4327,2024,3.71,7,High
4327,2025,3.76,6,High
4328,2023,3.72,9,High
4328,2024,3.51,7,Medium
4328,2025,3.31,8,Medium
4329,2023,3.16,5,Medium
4329,2024,3.26,10,Medium
4329,2025,3.46,2,Medium
4330,2023,2.53,7,Medium
4330,2024,3.6,9,Medium
4330,2025,3.13,7,Medium
4331,2023,3.25,6,Medium
4331,2024,2.82,10,Medium
4331,2025,3.8,9,High
4332,2023,2.85,6,Medium
4332,2024,2.32,5,Low
4332,2025,3.91,5,High
4333,2023,2.95,3,Medium
4333,2024,3.21,8,Medium
4333,2025,2.75,4,Medium
4334,2023,3.95,8,High
4334,2024,3.81,7,High
4334,2025,3.86,4,High
4335,2023,3.65,10,Medium
4335,2024,3.46,8,Medium
4335,2025,2.94,6,Medium
4336,2023,3.18,4,Medium
4336,2024,3.46,4,Medium
4336,2025,3.28,7,Medium
4337,2023,3.12,8,Medium
4337,2024,3.47,6,Medium
4337,2025,3.51,5,Medium
4338,2023,3.87,4,High
4338,2024,3.56,9,Medium
4338,2025,3.57,7,Medium
4339,2023,3.11,5,Medium
4339,2024,3.64,6,Medium
4339,2025,3.28,9,Medium
4340,2023,3.7,7,Medium
4340,2024,3.38,8,Medium
4340,2025,3.09,10,Medium
4341,2023,3.0,9,Medium
4341,2024,2.85,9,Medium
4341,2025,2.91,7,Medium
4342,2023,3.06,8,Medium
4342,2024,3.08,9,Medium
4342,2025,2.42,8,Low
4343,2023,3.86,7,High
4343,2024,3.08,5,Medium
4343,2025,4.02,8,High
4344,2023,3.32,3,Medium
4344,2024,2.59,4,Medium
4344,2025,2.7,9,Medium
4345,2023,3.24,10,Medium
4345,2024,2.66,7,Medium
4345,2025,3.59,8,Medium
4346,2023,3.36,10,Medium
4346,2024,4.12,3,High
4346,2025,3.32,2,Medium
4347,2023,3.03,5,Medium
4347,2024,3.78,4,High
4347,2025,3.49,6,Medium
4348,2023,3.47,12,Medium
4348,2024,3.68,3,Medium
4348,2025,3.07,4,Medium
4349,2023,3.88,9,High
4349,2024,3.92,10,High
4349,2025,3.8,7,High
4350,2023,2.23,2,Low
4350,2024,3.15,5,Medium
4350,2025,2.46,5,Low
4351,2023,2.87,6,Medium
4351,2024,2.95,6,Medium
4351,2025,3.35,11,Medium
4352,2023,3.32,8,Medium
4352,2024,4.14,6,High
4352,2025,3.84,7,High
4353,2023,4.01,3,High
4353,2024,3.85,3,High
4353,2025,2.92,11,Medium
4354,2023,2.97,6,Medium
4354,2024,2.11,2,Low
4354,2025,3.3,8,Medium
4355,2023,3.97,9,High
4355,2024,3.33,10,Medium
4355,2025,2.79,7,Medium
4356,2023,2.73,7,Medium
4356,2024,3.32,7,Medium
4356,2025,2.88,6,Medium
4357,2023,3.88,6,High
4357,2024,3.82,3,High
4357,2025,3.34,5,Medium
4358,2023,2.6,6,Medium
4358,2024,3.35,3,Medium
4358,2025,2.8,3,Medium
4359,2023,3.68,5,Medium
4359,2024,3.73,8,High
4359,2025,3.21,5,Medium
4360,2023,4.17,6,High
4360,2024,3.33,5,Medium
4360,2025,3.89,7,High
4361,2023,3.81,6,High
4361,2024,3.32,5,Medium
4361,2025,2.92,10,Medium
4362,2023,3.11,4,Medium
4362,2024,3.46,6,Medium
4362,2025,3.01,6,Medium
4363,2023,3.49,7,Medium
4363,2024,3.86,8,High
4363,2025,3.77,7,High
4364,2023,3.11,6,Medium
4364,2024,2.8,6,Medium
4364,2025,3.72,6,High
4365,2023,3.31,4,Medium
4365,2024,3.43,8,Medium
4365,2025,4.13,10,High
4366,2023,4.64,12,High
4366,2024,4.38,8,High
4366,2025,3.46,3,Medium
4367,2023,3.77,9,High
4367,2024,2.47,6,Low
4367,2025,2.99,7,Medium
4368,2023,3.26,6,Medium
4368,2024,3.19,9,Medium
4368,2025,3.54,5,Medium
4369,2023,3.48,6,Medium
4369,2024,3.14,4,Medium
4369,2025,3.38,6,Medium
4370,2023,2.69,7,Medium
4370,2024,1.85,8,Low
4370,2025,3.16,7,Medium
4371,2023,3.84,3,High
4371,2024,4.07,3,High
4371,2025,3.07,8,Medium
4372,2023,2.46,11,Low
4372,2024,2.16,5,Low
4372,2025,3.26,8,Medium
4373,2023,2.76,6,Medium
4373,2024,2.8,8,Medium
4373,2025,3.37,7,Medium
4374,2023,3.74,7,High
4374,2024,2.87,5,Medium
4374,2025,3.49,6,Medium
4375,2023,3.32,7,Medium
4375,2024,3.78,5,High
4375,2025,3.27,8,Medium
4376,2023,2.8,6,Medium
4376,2024,2.81,12,Medium
4376,2025,3.78,8,High
4377,2023,4.53,8,High
4377,2024,3.24,6,Medium
4377,2025,2.83,8,Medium
4378,2023,3.28,8,Medium
4378,2024,2.55,3,Medium
4378,2025,2.53,7,Medium
4379,2023,2.73,11,Medium
4379,2024,2.84,3,Medium
4379,2025,2.36,10,Low
4380,2023,3.45,9,Medium
4380,2024,2.99,4,Medium
4380,2025,3.3,5,Medium
4381,2023,3.15,8,Medium
4381,2024,3.51,2,Medium
4381,2025,3.4,7,Medium
4382,2023,3.33,8,Medium
4382,2024,2.59,8,Medium
4382,2025,3.5,6,Medium
4383,2023,3.27,7,Medium
4383,2024,2.97,7,Medium
4383,2025,3.38,7,Medium
4384,2023,3.6,7,Medium
4384,2024,3.44,10,Medium
4384,2025,3.5,5,Medium
4385,2023,3.48,10,Medium
4385,2024,3.06,10,Medium
4385,2025,3.37,5,Medium
4386,2023,3.12,5,Medium
4386,2024,3.57,2,Medium
4386,2025,2.74,3,Medium
4387,2023,4.15,5,High
4387,2024,4.09,5,High
4387,2025,4.24,7,High
4388,2023,3.45,5,Medium
4388,2024,3.09,5,Medium
4388,2025,2.85,10,Medium
4389,2023,4.08,9,High
4389,2024,3.69,7,Medium
4389,2025,2.77,11,Medium
4390,2023,3.65,6,Medium
4390,2024,3.12,6,Medium
4390,2025,3.26,8,Medium
4391,2023,3.95,8,High
4391,2024,3.02,7,Medium
4391,2025,2.23,5,Low
4392,2023,3.55,6,Medium
4392,2024,3.21,7,Medium
4392,2025,3.33,5,Medium
4393,2023,3.12,5,Medium
4393,2024,2.72,5,Medium
4393,2025,3.75,5,High
4394,2023,4.33,5,High
4394,2024,3.87,6,High
4394,2025,3.28,4,Medium
4395,2023,3.43,5,Medium
4395,2024,4.61,7,High
4395,2025,3.76,8,High
4396,2023,3.13,7,Medium
4396,2024,2.56,5,Medium
4396,2025,3.15,5,Medium
4397,2023,3.12,4,Medium
4397,2024,3.64,7,Medium
4397,2025,3.27,8,Medium
4398,2023,4.23,9,High
4398,2024,4.28,8,High
4398,2025,2.88,8,Medium
4399,2023,3.65,7,Medium
4399,2024,4.13,7,High
4399,2025,3.93,6,High
4400,2023,2.08,5,Low
4400,2024,3.95,8,High
4400,2025,2.45,10,Low
4401,2023,2.49,5,Low
4401,2024,2.53,6,Medium
4401,2025,3.55,7,Medium
4402,2023,2.87,9,Medium
4402,2024,2.95,7,Medium
4402,2025,3.04,8,Medium
4403,2023,3.63,8,Medium
4403,2024,3.42,6,Medium
4403,2025,2.51,7,Medium
4404,2023,2.75,4,Medium
4404,2024,2.39,10,Low
4404,2025,2.78,8,Medium
4405,2023,3.64,10,Medium
4405,2024,3.31,7,Medium
4405,2025,2.93,6,Medium
4406,2023,3.5,3,Medium
4406,2024,3.12,6,Medium
4406,2025,2.67,7,Medium
4407,2023,3.78,5,High
4407,2024,3.25,5,Medium
4407,2025,3.07,4,Medium
4408,2023,3.49,6,Medium
4408,2024,2.64,5,Medium
4408,2025,2.63,7,Medium
4409,2023,2.96,6,Medium
4409,2024,3.69,4,Medium
4409,2025,3.01,9,Medium
4410,2023,3.27,8,Medium
4410,2024,4.34,5,High
4410,2025,2.72,4,Medium
4411,2023,4.05,7,High
4411,2024,3.12,8,Medium
4411,2025,4.07,6,High
4412,2023,3.31,8,Medium
4412,2024,3.58,6,Medium
4412,2025,3.24,8,Medium
4413,2023,2.47,8,Low
4413,2024,2.6,3,Medium
4413,2025,3.02,6,Medium
4414,2023,3.06,3,Medium
4414,2024,2.76,6,Medium
4414,2025,3.48,3,Medium
4415,2023,2.43,8,Low
4415,2024,3.36,3,Medium
4415,2025,3.06,6,Medium
4416,2023,3.54,7,Medium
4416,2024,3.93,4,High
4416,2025,3.02,8,Medium
4417,2023,3.29,7,Medium
4417,2024,3.69,6,Medium
4417,2025,3.47,8,Medium
4418,2023,3.64,7,Medium
4418,2024,2.93,7,Medium
4418,2025,3.54,7,Medium
4419,2023,3.16,3,Medium
4419,2024,3.24,6,Medium
4419,2025,2.89,7,Medium
4420,2023,2.94,7,Medium
4420,2024,2.65,4,Medium
4420,2025,3.34,7,Medium
4421,2023,3.11,5,Medium
4421,2024,3.11,8,Medium
4421,2025,2.68,4,Medium
4422,2023,3.32,10,Medium
4422,2024,2.57,6,Medium
4422,2025,3.37,3,Medium
4423,2023,2.37,7,Low
4423,2024,3.95,8,High
4423,2025,4.35,3,High
4424,2023,3.85,6,High
4424,2024,3.42,2,Medium
4424,2025,3.09,9,Medium
4425,2023,2.89,7,Medium
4425,2024,3.19,9,Medium
4425,2025,3.6,8,Medium
4426,2023,3.63,2,Medium
4426,2024,5.0,4,High
4426,2025,3.46,5,Medium
4427,2023,3.29,5,Medium
4427,2024,3.38,7,Medium
4427,2025,3.57,5,Medium
4428,2023,2.97,7,Medium
4428,2024,3.68,8,Medium
4428,2025,2.55,5,Medium
4429,2023,3.92,5,High
4429,2024,3.38,9,Medium
4429,2025,3.1,8,Medium
4430,2023,3.67,6,Medium
4430,2024,3.3,9,Medium
4430,2025,2.72,6,Medium
4431,2023,3.38,7,Medium
4431,2024,3.39,3,Medium
4431,2025,3.88,8,High
4432,2023,3.7,6,Medium
4432,2024,3.28,7,Medium
4432,2025,3.51,6,Medium
4433,2023,4.74,10,High
4433,2024,2.82,8,Medium
4433,2025,3.19,5,Medium
4434,2023,3.36,5,Medium
4434,2024,3.7,7,Medium
4434,2025,3.06,4,Medium
4435,2023,2.64,6,Medium
4435,2024,4.12,6,High
4435,2025,3.99,7,High
4436,2023,3.0,5,Medium
4436,2024,3.3,7,Medium
4436,2025,3.88,6,High
4437,2023,3.35,7,Medium
4437,2024,3.48,6,Medium
4437,2025,3.43,6,Medium
4438,2023,2.74,6,Medium
4438,2024,2.94,3,Medium
4438,2025,3.61,5,Medium
4439,2023,2.83,6,Medium
4439,2024,3.54,7,Medium
4439,2025,3.03,6,Medium
4440,2023,3.15,8,Medium
4440,2024,4.12,12,High
4440,2025,3.32,6,Medium
4441,2023,2.48,7,Low
4441,2024,3.16,7,Medium
4441,2025,2.23,12,Low
4442,2023,3.94,7,High
4442,2024,2.72,3,Medium
4442,2025,3.12,6,Medium
4443,2023,3.91,2,High
4443,2024,2.99,5,Medium
4443,2025,3.45,6,Medium
4444,2023,3.3,6,Medium
4444,2024,3.67,11,Medium
4444,2025,3.06,11,Medium
4445,2023,3.2,7,Medium
4445,2024,2.68,10,Medium
4445,2025,3.4,7,Medium
4446,2023,3.82,10,High
4446,2024,3.49,5,Medium
4446,2025,3.57,7,Medium
4447,2023,2.61,8,Medium
4447,2024,3.57,10,Medium
4447,2025,3.5,9,Medium
4448,2023,3.4,5,Medium
4448,2024,2.54,8,Medium
4448,2025,3.56,6,Medium
4449,2023,3.87,7,High
4449,2024,3.5,8,Medium
4449,2025,3.68,8,Medium
4450,2023,2.82,8,Medium
4450,2024,3.12,6,Medium
4450,2025,3.31,6,Medium
4451,2023,3.52,8,Medium
4451,2024,4.38,2,High
4451,2025,3.36,5,Medium
4452,2023,3.07,5,Medium
4452,2024,2.52,9,Medium
4452,2025,3.15,7,Medium
4453,2023,2.93,7,Medium
4453,2024,2.73,6,Medium
4453,2025,3.5,8,Medium
4454,2023,3.72,3,High
4454,2024,3.4,9,Medium
4454,2025,3.18,3,Medium
4455,2023,3.91,9,High
4455,2024,4.25,1,High
4455,2025,4.16,5,High
4456,2023,3.08,5,Medium
4456,2024,3.46,9,Medium
4456,2025,3.39,9,Medium
4457,2023,4.08,5,High
4457,2024,4.14,11,High
4457,2025,3.17,5,Medium
4458,2023,3.81,8,High
4458,2024,3.0,5,Medium
4458,2025,3.58,9,Medium
4459,2023,3.58,6,Medium
4459,2024,3.46,6,Medium
4459,2025,3.79,4,High
4460,2023,3.68,5,Medium
4460,2024,3.59,7,Medium
4460,2025,3.13,2,Medium
4461,2023,3.13,6,Medium
4461,2024,3.8,8,High
4461,2025,3.15,9,Medium
4462,2023,3.48,7,Medium
4462,2024,3.45,6,Medium
4462,2025,2.83,9,Medium
4463,2023,4.24,5,High
4463,2024,3.86,6,High
4463,2025,3.67,7,Medium
4464,2023,3.1,5,Medium
4464,2024,2.37,6,Low
4464,2025,2.34,6,Low
4465,2023,3.98,5,High
4465,2024,3.15,6,Medium
4465,2025,3.14,10,Medium
4466,2023,2.32,7,Low
4466,2024,3.44,6,Medium
4466,2025,3.14,6,Medium
4467,2023,3.56,5,Medium
4467,2024,3.61,8,Medium
4467,2025,3.64,8,Medium
4468,2023,3.61,7,Medium
4468,2024,3.58,6,Medium
4468,2025,3.48,11,Medium
4469,2023,2.39,6,Low
4469,2024,2.49,5,Low
4469,2025,3.9,6,High
4470,2023,4.16,7,High
4470,2024,2.41,4,Low
4470,2025,3.65,5,Medium
4471,2023,2.91,7,Medium
4471,2024,4.48,6,High
4471,2025,2.96,7,Medium
4472,2023,3.68,5,Medium
4472,2024,3.46,7,Medium
4472,2025,3.72,5,High
4473,2023,3.58,8,Medium
4473,2024,2.63,4,Medium
4473,2025,3.78,8,High
4474,2023,2.79,3,Medium
4474,2024,2.32,9,Low
4474,2025,2.89,9,Medium
4475,2023,3.23,7,Medium
4475,2024,3.83,6,High
4475,2025,3.58,7,Medium
4476,2023,3.69,5,Medium
4476,2024,3.13,8,Medium
4476,2025,3.97,9,High
4477,2023,3.3,5,Medium
4477,2024,3.34,6,Medium
4477,2025,3.7,3,Medium
4478,2023,2.88,8,Medium
4478,2024,3.9,5,High
4478,2025,3.4,7,Medium
4479,2023,4.07,7,High
4479,2024,3.78,6,High
4479,2025,3.51,7,Medium
4480,2023,4.12,9,High
4480,2024,3.09,5,Medium
4480,2025,2.8,8,Medium
4481,2023,2.67,5,Medium
4481,2024,3.95,11,High
4481,2025,3.43,4,Medium
4482,2023,2.56,8,Medium
4482,2024,3.02,5,Medium
4482,2025,3.07,6,Medium
4483,2023,3.12,8,Medium
4483,2024,3.78,4,High
4483,2025,3.4,9,Medium
4484,2023,3.12,6,Medium
4484,2024,2.62,5,Medium
4484,2025,2.85,4,Medium
4485,2023,2.65,8,Medium
4485,2024,4.31,7,High
4485,2025,1.92,9,Low
4486,2023,3.01,8,Medium
4486,2024,3.3,4,Medium
4486,2025,3.08,6,Medium
4487,2023,3.57,10,Medium
4487,2024,3.07,7,Medium
4487,2025,3.6,8,Medium
4488,2023,3.67,7,Medium
4488,2024,2.21,6,Low
4488,2025,2.86,6,Medium
4489,2023,2.9,7,Medium
4489,2024,3.8,9,High
4489,2025,3.23,6,Medium
4490,2023,2.71,8,Medium
4490,2024,3.15,6,Medium
4490,2025,2.44,5,Low
4491,2023,4.15,6,High
4491,2024,3.63,5,Medium
4491,2025,3.41,5,Medium
4492,2023,3.44,6,Medium
4492,2024,3.18,8,Medium
4492,2025,2.85,6,Medium
4493,2023,3.43,5,Medium
4493,2024,4.14,6,High
4493,2025,3.66,6,Medium
4494,2023,3.81,6,High
4494,2024,4.16,5,High
4494,2025,4.03,6,High
4495,2023,3.41,4,Medium
4495,2024,4.01,4,High
4495,2025,3.73,4,High
4496,2023,3.26,9,Medium
4496,2024,3.97,8,High
4496,2025,4.08,6,High
4497,2023,2.38,8,Low
4497,2024,2.64,5,Medium
4497,2025,2.69,2,Medium
4498,2023,4.35,9,High
4498,2024,3.11,5,Medium
4498,2025,2.63,5,Medium
4499,2023,2.55,6,Medium
4499,2024,3.45,10,Medium
4499,2025,2.81,6,Medium
4500,2023,3.07,11,Medium
4500,2024,2.68,6,Medium
4500,2025,3.85,4,High
4501,2023,3.49,10,Medium
4501,2024,3.2,5,Medium
4501,2025,2.68,7,Medium
4502,2023,3.04,4,Medium
4502,2024,3.03,6,Medium
4502,2025,3.18,5,Medium
4503,2023,3.1,7,Medium
4503,2024,2.99,7,Medium
4503,2025,3.44,7,Medium
4504,2023,4.1,6,High
4504,2024,2.93,6,Medium
4504,2025,3.54,7,Medium
4505,2023,3.61,8,Medium
4505,2024,3.17,9,Medium
4505,2025,3.16,8,Medium
4506,2023,3.09,6,Medium
4506,2024,3.81,5,High
4506,2025,3.93,4,High
4507,2023,3.7,9,Medium
4507,2024,3.37,11,Medium
4507,2025,2.93,3,Medium
4508,2023,3.07,8,Medium
4508,2024,2.68,8,Medium
4508,2025,3.17,6,Medium
4509,2023,3.24,8,Medium
4509,2024,3.3,5,Medium
4509,2025,3.7,8,Medium
4510,2023,3.47,6,Medium
4510,2024,3.12,7,Medium
4510,2025,3.37,8,Medium
4511,2023,3.24,11,Medium
4511,2024,3.44,9,Medium
4511,2025,2.93,3,Medium
4512,2023,2.92,5,Medium
4512,2024,3.38,5,Medium
4512,2025,2.75,4,Medium
4513,2023,3.65,5,Medium
4513,2024,3.85,10,High
4513,2025,3.46,7,Medium
4514,2023,3.75,8,High
4514,2024,2.98,9,Medium
4514,2025,3.34,8,Medium
4515,2023,2.9,4,Medium
4515,2024,3.54,6,Medium
4515,2025,2.18,6,Low
4516,2023,3.81,5,High
4516,2024,3.15,9,Medium
4516,2025,3.1,7,Medium
4517,2023,3.66,2,Medium
4517,2024,3.03,5,Medium
4517,2025,2.89,6,Medium
4518,2023,3.23,4,Medium
4518,2024,3.18,9,Medium
4518,2025,3.04,6,Medium
4519,2023,3.58,1,Medium
4519,2024,2.08,12,Low
4519,2025,2.62,6,Medium
4520,2023,2.63,9,Medium
4520,2024,3.82,6,High
4520,2025,3.71,5,High
4521,2023,3.51,6,Medium
4521,2024,3.43,8,Medium
4521,2025,3.3,7,Medium
4522,2023,3.57,4,Medium
4522,2024,2.56,9,Medium
4522,2025,3.5,6,Medium
4523,2023,4.04,6,High
4523,2024,3.39,7,Medium
4523,2025,3.43,12,Medium
4524,2023,3.52,6,Medium
4524,2024,3.26,6,Medium
4524,2025,2.71,6,Medium
4525,2023,3.72,7,High
4525,2024,3.36,8,Medium
4525,2025,3.25,8,Medium
4526,2023,3.36,7,Medium
4526,2024,3.77,8,High
4526,2025,3.64,6,Medium
4527,2023,3.26,5,Medium
4527,2024,3.4,8,Medium
4527,2025,3.28,6,Medium
4528,2023,3.5,6,Medium
4528,2024,3.59,4,Medium
4528,2025,3.5,7,Medium
4529,2023,2.98,6,Medium
4529,2024,3.67,3,Medium
4529,2025,3.1,3,Medium
4530,2023,3.02,8,Medium
4530,2024,3.16,6,Medium
4530,2025,3.04,8,Medium
4531,2023,3.49,8,Medium
4531,2024,3.21,4,Medium
4531,2025,3.58,1,Medium
4532,2023,3.59,7,Medium
4532,2024,3.04,5,Medium
4532,2025,3.41,7,Medium
4533,2023,2.47,9,Low
4533,2024,2.71,6,Medium
4533,2025,2.44,4,Low
4534,2023,2.89,5,Medium
4534,2024,2.95,7,Medium
4534,2025,3.06,10,Medium
4535,2023,3.24,5,Medium
4535,2024,3.13,6,Medium
4535,2025,2.96,5,Medium
4536,2023,4.09,6,High
4536,2024,3.58,9,Medium
4536,2025,3.89,4,High
4537,2023,2.77,8,Medium
4537,2024,2.63,6,Medium
4537,2025,3.56,5,Medium
4538,2023,3.62,9,Medium
4538,2024,3.21,5,Medium
4538,2025,3.06,9,Medium
4539,2023,3.82,5,High
4539,2024,3.59,9,Medium
4539,2025,2.99,6,Medium
4540,2023,2.86,8,Medium
4540,2024,3.95,5,High
4540,2025,2.2,3,Low
4541,2023,3.61,9,Medium
4541,2024,3.44,6,Medium
4541,2025,3.34,5,Medium
4542,2023,3.09,11,Medium
4542,2024,3.4,4,Medium
4542,2025,3.93,3,High
4543,2023,3.27,7,Medium
4543,2024,4.34,7,High
4543,2025,3.51,9,Medium
4544,2023,2.86,9,Medium
4544,2024,3.09,6,Medium
4544,2025,3.2,7,Medium
4545,2023,3.07,7,Medium
4545,2024,2.8,4,Medium
4545,2025,3.58,7,Medium
4546,2023,3.57,9,Medium
4546,2024,3.22,8,Medium
4546,2025,2.79,5,Medium
4547,2023,2.81,7,Medium
4547,2024,3.11,8,Medium
4547,2025,2.5,4,Low
4548,2023,2.86,7,Medium
4548,2024,3.31,4,Medium
4548,2025,2.75,3,Medium
4549,2023,3.4,5,Medium
4549,2024,3.16,2,Medium
4549,2025,3.69,6,Medium
4550,2023,2.53,6,Medium
4550,2024,2.78,5,Medium
4550,2025,3.44,8,Medium
4551,2023,3.44,7,Medium
4551,2024,2.38,7,Low
4551,2025,3.78,7,High
4552,2023,3.09,4,Medium
4552,2024,4.07,7,High
4552,2025,3.34,5,Medium
4553,2023,3.49,4,Medium
4553,2024,2.15,6,Low
4553,2025,4.89,3,High
4554,2023,3.44,3,Medium
4554,2024,4.04,8,High
4554,2025,3.49,6,Medium
4555,2023,3.27,4,Medium
4555,2024,3.55,8,Medium
4555,2025,3.89,7,High
4556,2023,3.45,3,Medium
4556,2024,4.17,5,High
4556,2025,3.46,7,Medium
4557,2023,3.37,8,Medium
4557,2024,3.2,8,Medium
4557,2025,3.19,6,Medium
4558,2023,3.0,8,Medium
4558,2024,2.96,6,Medium
4558,2025,3.03,9,Medium
4559,2023,3.74,10,High
4559,2024,3.84,7,High
4559,2025,2.41,10,Low
4560,2023,3.27,7,Medium
4560,2024,2.67,5,Medium
4560,2025,3.54,10,Medium
4561,2023,2.72,7,Medium
4561,2024,2.74,7,Medium
4561,2025,3.16,9,Medium
4562,2023,2.76,9,Medium
4562,2024,3.7,6,Medium
4562,2025,3.54,6,Medium
4563,2023,3.32,3,Medium
4563,2024,3.86,8,High
4563,2025,3.46,8,Medium
4564,2023,3.49,7,Medium
4564,2024,4.62,4,High
4564,2025,3.34,10,Medium
4565,2023,3.14,9,Medium
4565,2024,3.44,7,Medium
4565,2025,4.4,4,High
4566,2023,3.17,9,Medium
4566,2024,3.27,6,Medium
4566,2025,3.7,4,Medium
4567,2023,3.24,6,Medium
4567,2024,3.56,6,Medium
4567,2025,4.33,6,High
4568,2023,3.34,8,Medium
4568,2024,3.25,11,Medium
4568,2025,4.26,5,High
4569,2023,2.89,6,Medium
4569,2024,3.24,8,Medium
4569,2025,2.24,8,Low
4570,2023,3.74,8,High
4570,2024,3.56,10,Medium
4570,2025,2.78,4,Medium
4571,2023,3.43,7,Medium
4571,2024,3.88,5,High
4571,2025,3.2,4,Medium
4572,2023,2.87,8,Medium
4572,2024,3.62,5,Medium
4572,2025,3.07,6,Medium
4573,2023,3.41,7,Medium
4573,2024,3.66,4,Medium
4573,2025,2.72,10,Medium
4574,2023,3.09,8,Medium
4574,2024,3.61,6,Medium
4574,2025,3.09,6,Medium
4575,2023,3.45,8,Medium
4575,2024,3.61,5,Medium
4575,2025,3.79,4,High
4576,2023,3.31,7,Medium
4576,2024,4.25,8,High
4576,2025,4.62,7,High
4577,2023,2.73,4,Medium
4577,2024,4.31,11,High
4577,2025,2.84,5,Medium
4578,2023,2.63,6,Medium
4578,2024,3.34,7,Medium
4578,2025,3.52,6,Medium
4579,2023,2.85,8,Medium
4579,2024,2.99,9,Medium
4579,2025,3.43,6,Medium
4580,2023,2.33,1,Low
4580,2024,3.05,7,Medium
4580,2025,2.55,9,Medium
4581,2023,3.43,8,Medium
4581,2024,4.37,8,High
4581,2025,3.79,5,High
4582,2023,4.51,9,High
4582,2024,3.21,7,Medium
4582,2025,4.01,7,High
4583,2023,3.71,9,High
4583,2024,2.53,7,Medium
4583,2025,3.03,8,Medium
4584,2023,4.09,6,High
4584,2024,3.65,5,Medium
4584,2025,3.09,6,Medium
4585,2023,2.7,8,Medium
4585,2024,2.6,2,Medium
4585,2025,3.85,5,High
4586,2023,2.78,4,Medium
4586,2024,4.04,7,High
4586,2025,3.75,4,High
4587,2023,2.12,4,Low
4587,2024,3.51,5,Medium
4587,2025,2.98,7,Medium
4588,2023,3.04,8,Medium
4588,2024,3.14,5,Medium
4588,2025,2.99,6,Medium
4589,2023,3.25,9,Medium
4589,2024,2.55,6,Medium
4589,2025,3.49,8,Medium
4590,2023,2.93,10,Medium
4590,2024,3.5,7,Medium
4590,2025,3.51,8,Medium
4591,2023,4.13,9,High
4591,2024,2.95,12,Medium
4591,2025,3.6,9,Medium
4592,2023,3.98,11,High
4592,2024,3.99,4,High
4592,2025,3.52,9,Medium
4593,2023,3.71,8,High
4593,2024,4.09,9,High
4593,2025,3.1,9,Medium
4594,2023,3.49,7,Medium
4594,2024,3.68,6,Medium
4594,2025,3.27,4,Medium
4595,2023,4.17,7,High
4595,2024,3.34,4,Medium
4595,2025,3.35,7,Medium
4596,2023,2.65,9,Medium
4596,2024,3.31,6,Medium
4596,2025,3.43,4,Medium
4597,2023,3.1,9,Medium
4597,2024,3.94,4,High
4597,2025,4.03,6,High
4598,2023,3.24,6,Medium
4598,2024,2.69,7,Medium
4598,2025,2.96,7,Medium
4599,2023,2.58,7,Medium
4599,2024,2.67,6,Medium
4599,2025,3.67,5,Medium
4600,2023,4.09,8,High
4600,2024,3.29,3,Medium
4600,2025,3.71,10,High
4601,2023,2.83,7,Medium
4601,2024,3.06,8,Medium
4601,2025,3.29,12,Medium
4602,2023,3.53,7,Medium
4602,2024,3.1,6,Medium
4602,2025,3.67,7,Medium
4603,2023,3.11,9,Medium
4603,2024,4.32,6,High
4603,2025,3.26,5,Medium
4604,2023,3.55,6,Medium
4604,2024,2.61,6,Medium
4604,2025,2.76,6,Medium
4605,2023,2.69,5,Medium
4605,2024,2.85,6,Medium
4605,2025,3.98,5,High
4606,2023,3.15,9,Medium
4606,2024,3.57,8,Medium
4606,2025,3.56,12,Medium
4607,2023,3.94,6,High
4607,2024,4.18,5,High
4607,2025,3.55,7,Medium
4608,2023,2.91,8,Medium
4608,2024,2.44,5,Low
4608,2025,3.14,8,Medium
4609,2023,3.27,5,Medium
4609,2024,2.84,7,Medium
4609,2025,2.99,6,Medium
4610,2023,3.09,10,Medium
4610,2024,2.87,6,Medium
4610,2025,4.14,7,High
4611,2023,3.37,3,Medium
4611,2024,3.79,5,High
4611,2025,3.5,7,Medium
4612,2023,3.6,8,Medium
4612,2024,2.31,6,Low
4612,2025,2.8,8,Medium
4613,2023,3.62,4,Medium
4613,2024,3.48,7,Medium
4613,2025,3.5,6,Medium
4614,2023,3.02,7,Medium
4614,2024,3.72,6,High
4614,2025,2.88,8,Medium
4615,2023,3.04,5,Medium
4615,2024,3.33,4,Medium
4615,2025,2.64,5,Medium
4616,2023,3.35,6,Medium
4616,2024,3.17,6,Medium
4616,2025,3.18,10,Medium
4617,2023,2.92,6,Medium
4617,2024,2.63,11,Medium
4617,2025,2.71,6,Medium
4618,2023,3.23,8,Medium
4618,2024,2.52,7,Medium
4618,2025,2.86,5,Medium
4619,2023,3.58,6,Medium
4619,2024,3.46,8,Medium
4619,2025,3.11,3,Medium
4620,2023,3.31,6,Medium
4620,2024,3.34,4,Medium
4620,2025,3.44,8,Medium
4621,2023,3.23,3,Medium
4621,2024,3.84,3,High
4621,2025,3.11,6,Medium
4622,2023,2.85,6,Medium
4622,2024,2.94,7,Medium
4622,2025,3.5,6,Medium
4623,2023,2.94,2,Medium
4623,2024,3.87,1,High
4623,2025,3.86,6,High
4624,2023,3.77,11,High
4624,2024,3.33,3,Medium
4624,2025,2.37,11,Low
4625,2023,3.06,6,Medium
4625,2024,3.04,5,Medium
4625,2025,3.3,7,Medium
4626,2023,3.25,7,Medium
4626,2024,3.76,6,High
4626,2025,3.18,5,Medium
4627,2023,3.53,6,Medium
4627,2024,3.53,5,Medium
4627,2025,3.49,7,Medium
4628,2023,3.46,5,Medium
4628,2024,3.29,9,Medium
4628,2025,3.47,4,Medium
4629,2023,3.03,3,Medium
4629,2024,3.0,8,Medium
4629,2025,2.94,9,Medium
4630,2023,3.06,6,Medium
4630,2024,2.81,5,Medium
4630,2025,2.37,5,Low
4631,2023,3.75,5,High
4631,2024,2.9,8,Medium
4631,2025,2.82,9,Medium
4632,2023,3.15,7,Medium
4632,2024,3.14,5,Medium
4632,2025,3.16,5,Medium
4633,2023,3.4,5,Medium
4633,2024,4.01,6,High
4633,2025,3.51,6,Medium
4634,2023,3.58,5,Medium
4634,2024,3.56,4,Medium
4634,2025,2.18,4,Low
4635,2023,3.88,8,High
4635,2024,3.21,6,Medium
4635,2025,4.17,6,High
4636,2023,3.23,9,Medium
4636,2024,3.24,2,Medium
4636,2025,3.43,5,Medium
4637,2023,3.37,5,Medium
4637,2024,2.5,7,Low
4637,2025,3.2,3,Medium
4638,2023,3.65,10,Medium
4638,2024,3.19,3,Medium
4638,2025,3.13,7,Medium
4639,2023,3.23,5,Medium
4639,2024,3.72,9,High
4639,2025,3.93,8,High
4640,2023,3.72,5,High
4640,2024,3.73,6,High
4640,2025,3.96,9,High
4641,2023,3.53,6,Medium
4641,2024,3.15,3,Medium
4641,2025,3.6,8,Medium
4642,2023,3.07,9,Medium
4642,2024,3.55,4,Medium
4642,2025,3.12,6,Medium
4643,2023,4.57,4,High
4643,2024,4.08,4,High
4643,2025,3.86,6,High
4644,2023,3.26,2,Medium
4644,2024,3.11,5,Medium
4644,2025,2.38,5,Low
4645,2023,3.29,3,Medium
4645,2024,2.66,7,Medium
4645,2025,2.88,9,Medium
4646,2023,2.94,11,Medium
4646,2024,2.47,7,Low
4646,2025,3.06,4,Medium
4647,2023,3.34,8,Medium
4647,2024,2.11,8,Low
4647,2025,3.31,5,Medium
4648,2023,4.15,8,High
4648,2024,3.09,4,Medium
4648,2025,3.67,5,Medium
4649,2023,3.09,4,Medium
4649,2024,4.69,6,High
4649,2025,3.6,7,Medium
4650,2023,3.41,6,Medium
4650,2024,3.03,8,Medium
4650,2025,3.35,6,Medium
4651,2023,3.36,12,Medium
4651,2024,3.31,9,Medium
4651,2025,2.79,7,Medium
4652,2023,3.08,8,Medium
4652,2024,3.83,12,High
4652,2025,3.09,7,Medium
4653,2023,4.23,7,High
4653,2024,4.21,6,High
4653,2025,2.96,5,Medium
4654,2023,2.6,5,Medium
4654,2024,2.12,6,Low
4654,2025,4.24,6,High
4655,2023,3.4,7,Medium
4655,2024,3.33,9,Medium
4655,2025,3.42,9,Medium
4656,2023,3.33,11,Medium
4656,2024,2.31,3,Low
4656,2025,3.36,7,Medium
4657,2023,4.02,9,High
4657,2024,3.56,5,Medium
4657,2025,3.55,5,Medium
4658,2023,3.18,10,Medium
4658,2024,4.26,10,High
4658,2025,3.84,6,High
4659,2023,2.71,6,Medium
4659,2024,3.3,8,Medium
4659,2025,3.62,4,Medium
4660,2023,2.46,7,Low
4660,2024,3.67,3,Medium
4660,2025,3.1,4,Medium
4661,2023,3.24,5,Medium
4661,2024,2.69,8,Medium
4661,2025,2.16,6,Low
4662,2023,3.27,7,Medium
4662,2024,2.6,7,Medium
4662,2025,2.36,8,Low
4663,2023,2.62,7,Medium
4663,2024,3.5,8,Medium
4663,2025,3.61,8,Medium
4664,2023,3.94,4,High
4664,2024,3.86,8,High
4664,2025,2.94,3,Medium
4665,2023,2.81,7,Medium
4665,2024,3.6,4,Medium
4665,2025,3.52,7,Medium
4666,2023,3.83,5,High
4666,2024,3.78,6,High
4666,2025,3.47,7,Medium
4667,2023,3.59,8,Medium
4667,2024,3.16,6,Medium
4667,2025,3.67,7,Medium
4668,2023,3.1,10,Medium
4668,2024,2.73,4,Medium
4668,2025,3.37,5,Medium
4669,2023,3.58,8,Medium
4669,2024,3.46,7,Medium
4669,2025,3.11,10,Medium
4670,2023,3.0,6,Medium
4670,2024,2.66,5,Medium
4670,2025,2.69,5,Medium
4671,2023,3.09,9,Medium
4671,2024,2.59,8,Medium
4671,2025,3.34,4,Medium
4672,2023,3.87,6,High
4672,2024,3.16,7,Medium
4672,2025,4.21,6,High
4673,2023,2.92,8,Medium
4673,2024,3.28,2,Medium
4673,2025,2.97,6,Medium
4674,2023,2.49,3,Low
4674,2024,2.87,8,Medium
4674,2025,2.78,9,Medium
4675,2023,3.4,6,Medium
4675,2024,3.58,5,Medium
4675,2025,4.34,7,High
4676,2023,3.8,9,High
4676,2024,3.71,6,High
4676,2025,3.55,5,Medium
4677,2023,2.66,8,Medium
4677,2024,3.45,8,Medium
4677,2025,2.99,6,Medium
4678,2023,3.46,9,Medium
4678,2024,3.28,6,Medium
4678,2025,2.21,2,Low
4679,2023,3.32,5,Medium
4679,2024,3.28,5,Medium
4679,2025,3.74,4,High
4680,2023,4.04,8,High
4680,2024,3.88,4,High
4680,2025,3.44,6,Medium
4681,2023,3.31,1,Medium
4681,2024,2.9,6,Medium
4681,2025,3.15,6,Medium
4682,2023,3.64,8,Medium
4682,2024,3.22,8,Medium
4682,2025,4.04,5,High
4683,2023,3.74,9,High
4683,2024,2.91,4,Medium
4683,2025,3.15,6,Medium
4684,2023,2.93,8,Medium
4684,2024,2.98,6,Medium
4684,2025,3.24,5,Medium
4685,2023,2.81,5,Medium
4685,2024,3.13,9,Medium
4685,2025,3.07,7,Medium
4686,2023,3.55,7,Medium
4686,2024,4.37,7,High
4686,2025,3.41,7,Medium
4687,2023,2.59,5,Medium
4687,2024,3.62,6,Medium
4687,2025,3.26,7,Medium
4688,2023,3.82,8,High
4688,2024,2.74,8,Medium
4688,2025,3.11,6,Medium
4689,2023,3.54,7,Medium
4689,2024,3.73,9,High
4689,2025,3.97,5,High
4690,2023,2.81,11,Medium
4690,2024,2.97,9,Medium
4690,2025,2.52,4,Medium
4691,2023,3.26,5,Medium
4691,2024,5.0,6,High
4691,2025,3.22,8,Medium
4692,2023,2.91,4,Medium
4692,2024,3.66,11,Medium
4692,2025,3.47,7,Medium
4693,2023,3.34,4,Medium
4693,2024,3.8,5,High
4693,2025,4.4,8,High
4694,2023,4.35,9,High
4694,2024,3.85,3,High
4694,2025,3.06,11,Medium
4695,2023,3.09,2,Medium
4695,2024,2.98,3,Medium
4695,2025,3.84,8,High
4696,2023,2.67,6,Medium
4696,2024,2.62,7,Medium
4696,2025,2.57,7,Medium
4697,2023,2.8,4,Medium
4697,2024,3.44,5,Medium
4697,2025,3.17,7,Medium
4698,2023,2.35,5,Low
4698,2024,2.72,5,Medium
4698,2025,3.18,9,Medium
4699,2023,3.85,6,High
4699,2024,3.22,7,Medium
4699,2025,3.05,4,Medium
4700,2023,3.63,11,Medium
4700,2024,2.81,8,Medium
4700,2025,3.94,4,High
4701,2023,3.52,6,Medium
4701,2024,2.55,5,Medium
4701,2025,3.09,7,Medium
4702,2023,3.4,9,Medium
4702,2024,3.74,7,High
4702,2025,2.89,10,Medium
4703,2023,3.36,5,Medium
4703,2024,3.04,8,Medium
4703,2025,3.74,3,High
4704,2023,2.49,8,Low
4704,2024,3.08,2,Medium
4704,2025,2.89,3,Medium
4705,2023,3.36,9,Medium
4705,2024,3.12,9,Medium
4705,2025,2.75,6,Medium
4706,2023,2.94,6,Medium
4706,2024,2.47,7,Low
4706,2025,2.58,6,Medium
4707,2023,3.35,5,Medium
4707,2024,2.56,7,Medium
4707,2025,3.81,6,High
4708,2023,3.18,6,Medium
4708,2024,3.93,10,High
4708,2025,4.01,7,High
4709,2023,2.55,5,Medium
4709,2024,3.38,5,Medium
4709,2025,3.14,6,Medium
4710,2023,4.1,9,High
4710,2024,3.46,6,Medium
4710,2025,3.47,6,Medium
4711,2023,3.36,8,Medium
4711,2024,3.51,4,Medium
4711,2025,3.37,4,Medium
4712,2023,3.86,4,High
4712,2024,3.35,8,Medium
4712,2025,2.92,8,Medium
4713,2023,2.85,7,Medium
4713,2024,2.83,5,Medium
4713,2025,4.07,7,High
4714,2023,3.05,6,Medium
4714,2024,3.43,8,Medium
4714,2025,3.0,9,Medium
4715,2023,3.09,6,Medium
4715,2024,3.16,7,Medium
4715,2025,3.77,8,High
4716,2023,3.8,6,High
4716,2024,3.73,6,High
4716,2025,3.55,10,Medium
4717,2023,3.69,6,Medium
4717,2024,3.64,5,Medium
4717,2025,3.6,8,Medium
4718,2023,3.32,5,Medium
4718,2024,3.21,8,Medium
4718,2025,2.86,7,Medium
4719,2023,3.1,9,Medium
4719,2024,4.05,8,High
4719,2025,3.29,5,Medium
4720,2023,3.61,6,Medium
4720,2024,2.88,8,Medium
4720,2025,3.02,10,Medium
4721,2023,2.65,4,Medium
4721,2024,2.8,9,Medium
4721,2025,3.39,8,Medium
4722,2023,2.78,9,Medium
4722,2024,4.11,6,High
4722,2025,3.37,3,Medium
4723,2023,3.87,8,High
4723,2024,3.65,10,Medium
4723,2025,3.19,8,Medium
4724,2023,2.89,3,Medium
4724,2024,3.1,6,Medium
4724,2025,3.29,6,Medium
4725,2023,3.39,7,Medium
4725,2024,3.54,6,Medium
4725,2025,4.31,6,High
4726,2023,3.22,7,Medium
4726,2024,3.01,5,Medium
4726,2025,3.66,3,Medium
4727,2023,3.24,6,Medium
4727,2024,2.65,8,Medium
4727,2025,3.59,6,Medium
4728,2023,2.66,8,Medium
4728,2024,3.91,6,High
4728,2025,3.97,8,High
4729,2023,4.23,5,High
4729,2024,3.15,10,Medium
4729,2025,3.35,6,Medium
4730,2023,3.17,7,Medium
4730,2024,2.83,6,Medium
4730,2025,3.19,6,Medium
4731,2023,3.62,5,Medium
4731,2024,3.61,3,Medium
4731,2025,3.84,10,High
4732,2023,3.97,6,High
4732,2024,3.61,2,Medium
4732,2025,2.96,5,Medium
4733,2023,3.82,4,High
4733,2024,2.57,9,Medium
4733,2025,3.25,7,Medium
4734,2023,2.8,5,Medium
4734,2024,3.23,9,Medium
4734,2025,3.52,7,Medium
4735,2023,3.42,8,Medium
4735,2024,2.81,7,Medium
4735,2025,4.01,8,High
4736,2023,3.24,8,Medium
4736,2024,3.95,4,High
4736,2025,3.25,7,Medium
4737,2023,3.51,7,Medium
4737,2024,4.6,9,High
4737,2025,3.72,4,High
4738,2023,2.27,7,Low
4738,2024,3.14,8,Medium
4738,2025,3.07,7,Medium
4739,2023,3.45,8,Medium
4739,2024,3.08,6,Medium
4739,2025,3.34,2,Medium
4740,2023,4.21,9,High
4740,2024,3.18,3,Medium
4740,2025,3.57,4,Medium
4741,2023,2.84,5,Medium
4741,2024,2.57,7,Medium
4741,2025,2.85,9,Medium
4742,2023,3.82,8,High
4742,2024,3.93,4,High
4742,2025,3.25,6,Medium
4743,2023,2.89,5,Medium
4743,2024,4.12,8,High
4743,2025,3.33,8,Medium
4744,2023,3.57,3,Medium
4744,2024,3.4,7,Medium
4744,2025,3.78,6,High
4745,2023,3.08,4,Medium
4745,2024,3.22,8,Medium
4745,2025,2.96,7,Medium
4746,2023,2.56,7,Medium
4746,2024,2.92,8,Medium
4746,2025,2.17,9,Low
4747,2023,3.07,7,Medium
4747,2024,3.64,7,Medium
4747,2025,4.05,6,High
4748,2023,2.78,4,Medium
4748,2024,3.65,4,Medium
4748,2025,3.19,5,Medium
4749,2023,3.39,5,Medium
4749,2024,3.9,4,High
4749,2025,3.69,9,Medium
4750,2023,2.53,6,Medium
4750,2024,3.0,6,Medium
4750,2025,2.92,6,Medium
4751,2023,3.81,8,High
4751,2024,3.91,6,High
4751,2025,3.74,10,High
4752,2023,3.25,4,Medium
4752,2024,2.87,10,Medium
4752,2025,3.02,4,Medium
4753,2023,3.09,6,Medium
4753,2024,3.24,7,Medium
4753,2025,2.98,6,Medium
4754,2023,4.04,9,High
4754,2024,3.83,7,High
4754,2025,4.25,4,High
4755,2023,2.92,3,Medium
4755,2024,3.83,9,High
4755,2025,3.98,9,High
4756,2023,2.71,4,Medium
4756,2024,3.25,5,Medium
4756,2025,3.12,8,Medium
4757,2023,3.38,5,Medium
4757,2024,2.98,5,Medium
4757,2025,3.29,7,Medium
4758,2023,3.35,4,Medium
4758,2024,4.07,8,High
4758,2025,4.32,11,High
4759,2023,2.69,6,Medium
4759,2024,3.46,3,Medium
4759,2025,3.16,8,Medium
4760,2023,3.26,6,Medium
4760,2024,2.93,3,Medium
4760,2025,2.78,3,Medium
4761,2023,4.12,8,High
4761,2024,3.24,6,Medium
4761,2025,3.83,6,High
4762,2023,3.79,6,High
4762,2024,3.39,7,Medium
4762,2025,3.73,6,High
4763,2023,3.48,5,Medium
4763,2024,3.86,6,High
4763,2025,2.88,5,Medium
4764,2023,2.86,10,Medium
4764,2024,3.14,8,Medium
4764,2025,2.41,9,Low
4765,2023,2.79,6,Medium
4765,2024,2.61,7,Medium
4765,2025,3.56,8,Medium
4766,2023,2.52,9,Medium
4766,2024,2.62,4,Medium
4766,2025,2.87,8,Medium
4767,2023,3.47,7,Medium
4767,2024,1.83,12,Low
4767,2025,2.89,5,Medium
4768,2023,3.59,8,Medium
4768,2024,2.7,4,Medium
4768,2025,3.24,7,Medium
4769,2023,3.54,5,Medium
4769,2024,2.6,11,Medium
4769,2025,3.15,8,Medium
4770,2023,3.16,5,Medium
4770,2024,3.52,8,Medium
4770,2025,3.69,7,Medium
4771,2023,3.23,8,Medium
4771,2024,3.36,5,Medium
4771,2025,2.71,4,Medium
4772,2023,3.32,5,Medium
4772,2024,3.76,3,High
4772,2025,3.67,7,Medium
4773,2023,2.7,5,Medium
4773,2024,3.58,5,Medium
4773,2025,2.84,7,Medium
4774,2023,2.55,10,Medium
4774,2024,3.56,8,Medium
4774,2025,3.45,5,Medium
4775,2023,3.33,7,Medium
4775,2024,3.7,6,Medium
4775,2025,3.85,6,High
4776,2023,2.71,8,Medium
4776,2024,2.08,7,Low
4776,2025,3.23,6,Medium
4777,2023,3.76,9,High
4777,2024,2.8,9,Medium
4777,2025,3.07,5,Medium
4778,2023,4.12,5,High
4778,2024,4.28,7,High
4778,2025,3.82,7,High
4779,2023,2.88,6,Medium
4779,2024,3.16,4,Medium
4779,2025,2.94,6,Medium
4780,2023,3.13,8,Medium
4780,2024,3.56,7,Medium
4780,2025,3.48,1,Medium
4781,2023,3.29,4,Medium
4781,2024,2.97,7,Medium
4781,2025,3.75,5,High
4782,2023,2.94,10,Medium
4782,2024,2.5,5,Low
4782,2025,3.01,8,Medium
4783,2023,3.27,6,Medium
4783,2024,3.01,8,Medium
4783,2025,2.63,9,Medium
4784,2023,3.69,7,Medium
4784,2024,2.2,7,Low
4784,2025,3.02,5,Medium
4785,2023,3.06,6,Medium
4785,2024,4.15,7,High
4785,2025,3.51,7,Medium
4786,2023,3.33,7,Medium
4786,2024,4.09,7,High
4786,2025,3.41,9,Medium
4787,2023,3.85,6,High
4787,2024,3.23,7,Medium
4787,2025,4.05,6,High
4788,2023,2.66,8,Medium
4788,2024,2.82,7,Medium
4788,2025,3.84,5,High
4789,2023,3.08,7,Medium
4789,2024,3.18,8,Medium
4789,2025,3.92,6,High
4790,2023,3.35,8,Medium
4790,2024,3.68,7,Medium
4790,2025,3.0,8,Medium
4791,2023,3.47,5,Medium
4791,2024,3.47,10,Medium
4791,2025,3.26,5,Medium
4792,2023,2.75,6,Medium
4792,2024,3.31,5,Medium
4792,2025,2.77,6,Medium
4793,2023,2.47,5,Low
4793,2024,3.55,3,Medium
4793,2025,3.18,6,Medium
4794,2023,2.93,10,Medium
4794,2024,3.38,8,Medium
4794,2025,2.54,6,Medium
4795,2023,3.73,9,High
4795,2024,3.58,5,Medium
4795,2025,2.63,4,Medium
4796,2023,3.65,10,Medium
4796,2024,4.17,9,High
4796,2025,3.75,11,High
4797,2023,4.04,2,High
4797,2024,3.41,7,Medium
4797,2025,2.61,10,Medium
4798,2023,3.25,8,Medium
4798,2024,3.23,7,Medium
4798,2025,3.2,7,Medium
4799,2023,2.89,7,Medium
4799,2024,3.25,7,Medium
4799,2025,2.82,11,Medium
4800,2023,2.93,9,Medium
4800,2024,3.21,7,Medium
4800,2025,3.25,6,Medium
4801,2023,3.22,7,Medium
4801,2024,4.05,3,High
4801,2025,3.67,6,Medium
4802,2023,3.43,8,Medium
4802,2024,3.53,7,Medium
4802,2025,2.91,4,Medium
4803,2023,4.44,5,High
4803,2024,3.99,7,High
4803,2025,3.89,6,High
4804,2023,2.77,12,Medium
4804,2024,2.89,8,Medium
4804,2025,3.54,6,Medium
4805,2023,2.98,5,Medium
4805,2024,3.23,4,Medium
4805,2025,3.52,7,Medium
4806,2023,2.95,8,Medium
4806,2024,3.45,9,Medium
4806,2025,3.53,7,Medium
4807,2023,2.83,3,Medium
4807,2024,3.11,7,Medium
4807,2025,3.17,9,Medium
4808,2023,3.2,5,Medium
4808,2024,3.46,5,Medium
4808,2025,2.16,8,Low
4809,2023,3.09,8,Medium
4809,2024,2.0,6,Low
4809,2025,3.34,9,Medium
4810,2023,3.24,6,Medium
4810,2024,3.52,9,Medium
4810,2025,3.33,6,Medium
4811,2023,3.52,6,Medium
4811,2024,2.78,5,Medium
4811,2025,2.98,9,Medium
4812,2023,3.37,8,Medium
4812,2024,4.04,9,High
4812,2025,2.76,9,Medium
4813,2023,3.6,4,Medium
4813,2024,2.55,5,Medium
4813,2025,2.76,5,Medium
4814,2023,4.38,5,High
4814,2024,3.73,5,High
4814,2025,3.66,7,Medium
4815,2023,2.93,3,Medium
4815,2024,2.85,6,Medium
4815,2025,2.88,8,Medium
4816,2023,3.64,9,Medium
4816,2024,2.65,9,Medium
4816,2025,2.58,5,Medium
4817,2023,2.71,2,Medium
4817,2024,2.94,6,Medium
4817,2025,2.2,3,Low
4818,2023,2.82,6,Medium
4818,2024,3.44,8,Medium
4818,2025,3.46,5,Medium
4819,2023,3.68,9,Medium
4819,2024,3.21,11,Medium
4819,2025,3.38,12,Medium
4820,2023,4.01,4,High
4820,2024,3.28,11,Medium
4820,2025,3.92,8,High
4821,2023,3.69,6,Medium
4821,2024,3.36,6,Medium
4821,2025,3.81,5,High
4822,2023,2.45,4,Low
4822,2024,3.06,6,Medium
4822,2025,3.05,8,Medium
4823,2023,3.87,6,High
4823,2024,3.47,7,Medium
4823,2025,3.64,8,Medium
4824,2023,3.72,6,High
4824,2024,3.28,6,Medium
4824,2025,2.53,7,Medium
4825,2023,3.49,8,Medium
4825,2024,2.95,6,Medium
4825,2025,3.51,7,Medium
4826,2023,3.53,7,Medium
4826,2024,4.03,8,High
4826,2025,3.46,7,Medium
4827,2023,3.01,7,Medium
4827,2024,2.82,6,Medium
4827,2025,3.19,6,Medium
4828,2023,3.61,9,Medium
4828,2024,2.6,6,Medium
4828,2025,3.34,4,Medium
4829,2023,3.46,10,Medium
4829,2024,3.55,6,Medium
4829,2025,3.3,6,Medium
4830,2023,2.99,6,Medium
4830,2024,3.54,7,Medium
4830,2025,3.51,9,Medium
4831,2023,3.03,5,Medium
4831,2024,3.28,6,Medium
4831,2025,2.5,5,Low
4832,2023,3.55,8,Medium
4832,2024,3.69,4,Medium
4832,2025,3.12,9,Medium
4833,2023,3.36,7,Medium
4833,2024,3.67,7,Medium
4833,2025,2.94,5,Medium
4834,2023,3.37,6,Medium
4834,2024,3.04,7,Medium
4834,2025,3.34,7,Medium
4835,2023,3.1,8,Medium
4835,2024,2.57,9,Medium
4835,2025,2.92,8,Medium
4836,2023,3.07,5,Medium
4836,2024,2.41,10,Low
4836,2025,4.09,8,High
4837,2023,3.52,6,Medium
4837,2024,3.66,5,Medium
4837,2025,3.51,5,Medium
4838,2023,2.7,8,Medium
4838,2024,3.21,8,Medium
4838,2025,3.16,6,Medium
4839,2023,2.25,8,Low
4839,2024,3.19,5,Medium
4839,2025,3.4,6,Medium
4840,2023,2.92,10,Medium
4840,2024,2.63,5,Medium
4840,2025,3.76,7,High
4841,2023,3.37,7,Medium
4841,2024,2.64,6,Medium
4841,2025,3.64,8,Medium
4842,2023,2.58,2,Medium
4842,2024,3.8,7,High
4842,2025,2.87,8,Medium
4843,2023,2.2,5,Low
4843,2024,3.66,8,Medium
4843,2025,3.09,5,Medium
4844,2023,3.16,7,Medium
4844,2024,3.51,5,Medium
4844,2025,3.67,5,Medium
4845,2023,4.31,5,High
4845,2024,3.18,4,Medium
4845,2025,3.05,5,Medium
4846,2023,4.91,8,High
4846,2024,3.09,8,Medium
4846,2025,3.58,4,Medium
4847,2023,3.17,9,Medium
4847,2024,3.04,9,Medium
4847,2025,3.25,7,Medium
4848,2023,3.05,6,Medium
4848,2024,3.62,4,Medium
4848,2025,3.44,10,Medium
4849,2023,2.95,5,Medium
4849,2024,3.29,6,Medium
4849,2025,2.25,2,Low
4850,2023,3.44,9,Medium
4850,2024,3.28,5,Medium
4850,2025,3.4,3,Medium
4851,2023,3.31,5,Medium
4851,2024,3.2,8,Medium
4851,2025,3.6,7,Medium
4852,2023,2.97,7,Medium
4852,2024,3.07,8,Medium
4852,2025,3.24,7,Medium
4853,2023,2.92,9,Medium
4853,2024,4.26,9,High
4853,2025,3.89,5,High
4854,2023,2.86,9,Medium
4854,2024,2.96,6,Medium
4854,2025,3.52,7,Medium
4855,2023,3.15,6,Medium
4855,2024,3.88,10,High
4855,2025,3.95,4,High
4856,2023,2.87,8,Medium
4856,2024,2.69,7,Medium
4856,2025,3.58,7,Medium
4857,2023,3.4,4,Medium
4857,2024,3.12,4,Medium
4857,2025,3.19,7,Medium
4858,2023,3.31,4,Medium
4858,2024,3.51,11,Medium
4858,2025,3.87,7,High
4859,2023,3.92,8,High
4859,2024,3.87,4,High
4859,2025,3.37,8,Medium
4860,2023,2.58,10,Medium
4860,2024,4.11,7,High
4860,2025,2.58,8,Medium
4861,2023,3.56,7,Medium
4861,2024,3.46,5,Medium
4861,2025,4.28,7,High
4862,2023,3.92,8,High
4862,2024,2.3,6,Low
4862,2025,2.52,9,Medium
4863,2023,3.72,6,High
4863,2024,3.47,6,Medium
4863,2025,2.77,7,Medium
4864,2023,3.23,4,Medium
4864,2024,2.97,4,Medium
4864,2025,2.98,7,Medium
4865,2023,3.87,8,High
4865,2024,3.88,6,High
4865,2025,3.53,7,Medium
4866,2023,3.1,3,Medium
4866,2024,3.07,4,Medium
4866,2025,3.06,4,Medium
4867,2023,2.92,6,Medium
4867,2024,3.9,6,High
4867,2025,4.68,7,High
4868,2023,3.05,4,Medium
4868,2024,3.06,11,Medium
4868,2025,4.41,6,High
4869,2023,2.4,7,Low
4869,2024,2.81,11,Medium
4869,2025,3.26,6,Medium
4870,2023,3.22,4,Medium
4870,2024,2.99,4,Medium
4870,2025,4.22,11,High
4871,2023,3.88,5,High
4871,2024,3.66,5,Medium
4871,2025,3.9,7,High
4872,2023,3.81,7,High
4872,2024,4.05,10,High
4872,2025,4.01,6,High
4873,2023,2.61,8,Medium
4873,2024,3.44,6,Medium
4873,2025,3.44,7,Medium
4874,2023,3.01,7,Medium
4874,2024,3.17,7,Medium
4874,2025,3.35,11,Medium
4875,2023,3.05,10,Medium
4875,2024,3.82,4,High
4875,2025,3.54,6,Medium
4876,2023,2.98,5,Medium
4876,2024,3.62,10,Medium
4876,2025,2.96,5,Medium
4877,2023,2.49,9,Low
4877,2024,3.35,9,Medium
4877,2025,3.99,4,High
4878,2023,4.26,3,High
4878,2024,3.52,3,Medium
4878,2025,3.36,9,Medium
4879,2023,3.08,8,Medium
4879,2024,2.88,8,Medium
4879,2025,3.04,9,Medium
4880,2023,2.66,5,Medium
4880,2024,2.54,6,Medium
4880,2025,3.01,11,Medium
4881,2023,2.99,8,Medium
4881,2024,2.57,3,Medium
4881,2025,3.13,8,Medium
4882,2023,3.22,10,Medium
4882,2024,3.41,5,Medium
4882,2025,2.03,9,Low
4883,2023,3.24,7,Medium
4883,2024,3.54,6,Medium
4883,2025,3.38,6,Medium
4884,2023,3.34,7,Medium
4884,2024,3.01,5,Medium
4884,2025,2.78,6,Medium
4885,2023,3.68,9,Medium
4885,2024,3.88,7,High
4885,2025,3.89,8,High
4886,2023,3.96,5,High
4886,2024,3.04,6,Medium
4886,2025,3.29,8,Medium
4887,2023,3.12,7,Medium
4887,2024,2.61,8,Medium
4887,2025,2.83,7,Medium
4888,2023,2.98,4,Medium
4888,2024,3.01,7,Medium
4888,2025,2.83,4,Medium
4889,2023,3.96,6,High
4889,2024,3.56,9,Medium
4889,2025,3.75,6,High
4890,2023,3.27,5,Medium
4890,2024,2.98,7,Medium
4890,2025,3.68,8,Medium
4891,2023,2.1,5,Low
4891,2024,3.57,7,Medium
4891,2025,2.41,8,Low
4892,2023,3.69,3,Medium
4892,2024,2.45,7,Low
4892,2025,2.88,7,Medium
4893,2023,3.44,5,Medium
4893,2024,2.49,8,Low
4893,2025,3.1,10,Medium
4894,2023,3.78,5,High
4894,2024,3.7,8,Medium
4894,2025,3.26,2,Medium
4895,2023,3.93,3,High
4895,2024,3.46,7,Medium
4895,2025,2.94,2,Medium
4896,2023,2.75,6,Medium
4896,2024,3.46,6,Medium
4896,2025,3.46,9,Medium
4897,2023,4.0,3,High
4897,2024,3.39,6,Medium
4897,2025,3.72,6,High
4898,2023,3.52,4,Medium
4898,2024,3.33,5,Medium
4898,2025,2.68,6,Medium
4899,2023,2.58,10,Medium
4899,2024,3.28,5,Medium
4899,2025,3.2,6,Medium
4900,2023,2.39,10,Low
4900,2024,2.81,7,Medium
4900,2025,2.39,6,Low
4901,2023,3.8,9,High
4901,2024,3.33,4,Medium
4901,2025,3.64,8,Medium
4902,2023,2.53,2,Medium
4902,2024,2.93,4,Medium
4902,2025,2.83,8,Medium
4903,2023,3.09,5,Medium
4903,2024,4.0,6,High
4903,2025,3.58,5,Medium
4904,2023,3.54,7,Medium
4904,2024,3.13,10,Medium
4904,2025,3.09,3,Medium
4905,2023,3.32,5,Medium
4905,2024,4.04,7,High
4905,2025,2.99,5,Medium
4906,2023,2.78,7,Medium
4906,2024,3.31,8,Medium
4906,2025,3.54,5,Medium
4907,2023,4.15,4,High
4907,2024,3.91,9,High
4907,2025,3.76,8,High
4908,2023,2.79,8,Medium
4908,2024,3.24,7,Medium
4908,2025,2.37,9,Low
4909,2023,3.4,5,Medium
4909,2024,2.48,8,Low
4909,2025,3.12,9,Medium
4910,2023,2.98,8,Medium
4910,2024,3.57,8,Medium
4910,2025,2.75,5,Medium
4911,2023,2.6,7,Medium
4911,2024,3.45,3,Medium
4911,2025,3.77,6,High
4912,2023,4.07,7,High
4912,2024,3.3,7,Medium
4912,2025,3.91,8,High
4913,2023,3.19,7,Medium
4913,2024,3.32,6,Medium
4913,2025,3.27,4,Medium
4914,2023,2.35,6,Low
4914,2024,2.53,6,Medium
4914,2025,2.65,2,Medium
4915,2023,3.18,10,Medium
4915,2024,3.15,10,Medium
4915,2025,3.36,6,Medium
4916,2023,3.38,7,Medium
4916,2024,3.3,8,Medium
4916,2025,4.07,9,High
4917,2023,3.72,11,High
4917,2024,3.13,10,Medium
4917,2025,3.81,7,High
4918,2023,4.45,6,High
4918,2024,3.38,9,Medium
4918,2025,2.87,7,Medium
4919,2023,2.89,6,Medium
4919,2024,3.41,2,Medium
4919,2025,2.77,4,Medium
4920,2023,3.11,10,Medium
4920,2024,3.37,7,Medium
4920,2025,3.88,6,High
4921,2023,3.89,5,High
4921,2024,4.26,7,High
4921,2025,3.06,6,Medium
4922,2023,2.89,8,Medium
4922,2024,2.71,5,Medium
4922,2025,2.71,5,Medium
4923,2023,3.38,3,Medium
4923,2024,3.64,5,Medium
4923,2025,3.19,5,Medium
4924,2023,3.94,6,High
4924,2024,3.04,9,Medium
4924,2025,4.06,5,High
4925,2023,2.83,10,Medium
4925,2024,3.61,7,Medium
4925,2025,3.61,7,Medium
4926,2023,2.59,5,Medium
4926,2024,3.05,6,Medium
4926,2025,2.93,8,Medium
4927,2023,2.88,5,Medium
4927,2024,3.34,10,Medium
4927,2025,3.18,7,Medium
4928,2023,2.84,7,Medium
4928,2024,2.86,6,Medium
4928,2025,3.59,8,Medium
4929,2023,2.96,9,Medium
4929,2024,3.47,9,Medium
4929,2025,4.05,6,High
4930,2023,3.33,9,Medium
4930,2024,3.67,4,Medium
4930,2025,3.66,5,Medium
4931,2023,3.23,8,Medium
4931,2024,3.24,10,Medium
4931,2025,2.62,5,Medium
4932,2023,3.21,6,Medium
4932,2024,3.3,6,Medium
4932,2025,4.26,10,High
4933,2023,2.91,5,Medium
4933,2024,2.06,6,Low
4933,2025,4.03,9,High
4934,2023,3.66,5,Medium
4934,2024,3.45,8,Medium
4934,2025,3.3,10,Medium
4935,2023,2.48,2,Low
4935,2024,3.76,8,High
4935,2025,2.97,11,Medium
4936,2023,2.96,7,Medium
4936,2024,4.27,6,High
4936,2025,3.28,6,Medium
4937,2023,3.78,3,High
4937,2024,4.37,10,High
4937,2025,3.51,6,Medium
4938,2023,3.04,8,Medium
4938,2024,2.84,9,Medium
4938,2025,3.06,6,Medium
4939,2023,3.93,5,High
4939,2024,3.26,8,Medium
4939,2025,3.8,10,High
4940,2023,2.93,8,Medium
4940,2024,3.36,4,Medium
4940,2025,3.59,5,Medium
4941,2023,2.97,8,Medium
4941,2024,3.92,7,High
4941,2025,3.65,5,Medium
4942,2023,3.03,9,Medium
4942,2024,2.83,6,Medium
4942,2025,2.05,7,Low
4943,2023,3.52,4,Medium
4943,2024,3.4,7,Medium
4943,2025,3.01,5,Medium
4944,2023,2.43,6,Low
4944,2024,2.7,6,Medium
4944,2025,2.78,5,Medium
4945,2023,3.27,7,Medium
4945,2024,2.97,5,Medium
4945,2025,3.38,7,Medium
4946,2023,2.91,7,Medium
4946,2024,3.39,8,Medium
4946,2025,3.58,5,Medium
4947,2023,3.96,5,High
4947,2024,3.21,6,Medium
4947,2025,3.42,9,Medium
4948,2023,2.99,5,Medium
4948,2024,3.18,9,Medium
4948,2025,3.72,6,High
4949,2023,3.97,5,High
4949,2024,3.13,8,Medium
4949,2025,3.11,5,Medium
4950,2023,2.51,5,Medium
4950,2024,2.42,7,Low
4950,2025,2.2,8,Low
4951,2023,3.81,5,High
4951,2024,3.28,6,Medium
4951,2025,3.56,4,Medium
4952,2023,3.22,4,Medium
4952,2024,3.73,4,High
4952,2025,3.72,6,High
4953,2023,3.37,3,Medium
4953,2024,2.85,8,Medium
4953,2025,4.07,6,High
4954,2023,3.05,10,Medium
4954,2024,3.32,6,Medium
4954,2025,3.61,4,Medium
4955,2023,2.97,11,Medium
4955,2024,3.77,4,High
4955,2025,3.41,6,Medium
4956,2023,3.68,6,Medium
4956,2024,2.87,6,Medium
4956,2025,3.93,5,High
4957,2023,3.34,6,Medium
4957,2024,3.64,7,Medium
4957,2025,3.59,5,Medium
4958,2023,2.82,9,Medium
4958,2024,3.67,5,Medium
4958,2025,2.88,5,Medium
4959,2023,3.68,7,Medium
4959,2024,4.08,7,High
4959,2025,2.57,7,Medium
4960,2023,3.33,7,Medium
4960,2024,3.45,4,Medium
4960,2025,2.83,5,Medium
4961,2023,3.64,7,Medium
4961,2024,4.31,4,High
4961,2025,3.3,9,Medium
4962,2023,3.26,9,Medium
4962,2024,2.51,4,Medium
4962,2025,3.41,5,Medium
4963,2023,3.57,5,Medium
4963,2024,3.79,4,High
4963,2025,2.55,5,Medium
4964,2023,3.36,8,Medium
4964,2024,3.65,9,Medium
4964,2025,3.35,6,Medium
4965,2023,3.46,5,Medium
4965,2024,2.56,6,Medium
4965,2025,3.03,6,Medium
4966,2023,2.73,6,Medium
4966,2024,3.63,5,Medium
4966,2025,2.35,6,Low
4967,2023,4.49,7,High
4967,2024,3.21,9,Medium
4967,2025,3.6,6,Medium
4968,2023,3.47,8,Medium
4968,2024,2.92,8,Medium
4968,2025,3.14,7,Medium
4969,2023,2.27,7,Low
4969,2024,3.57,6,Medium
4969,2025,3.41,9,Medium
4970,2023,3.15,5,Medium
4970,2024,3.85,8,High
4970,2025,3.45,5,Medium
4971,2023,2.22,7,Low
4971,2024,3.6,9,Medium
4971,2025,3.2,8,Medium
4972,2023,3.49,5,Medium
4972,2024,3.15,6,Medium
4972,2025,2.95,4,Medium
4973,2023,3.03,7,Medium
4973,2024,2.56,9,Medium
4973,2025,3.32,8,Medium
4974,2023,3.21,8,Medium
4974,2024,3.05,8,Medium
4974,2025,2.77,4,Medium
4975,2023,2.52,8,Medium
4975,2024,3.49,3,Medium
4975,2025,2.32,5,Low
4976,2023,3.47,8,Medium
4976,2024,2.17,3,Low
4976,2025,2.84,8,Medium
4977,2023,3.36,6,Medium
4977,2024,3.51,6,Medium
4977,2025,2.95,5,Medium
4978,2023,3.97,2,High
4978,2024,3.11,6,Medium
4978,2025,3.28,8,Medium
4979,2023,3.65,9,Medium
4979,2024,3.27,8,Medium
4979,2025,3.14,10,Medium
4980,2023,3.19,6,Medium
4980,2024,3.13,5,Medium
4980,2025,3.19,7,Medium
4981,2023,3.78,10,High
4981,2024,3.61,7,Medium
4981,2025,3.51,4,Medium
4982,2023,3.66,5,Medium
4982,2024,3.79,7,High
4982,2025,3.21,7,Medium
4983,2023,4.31,6,High
4983,2024,3.11,5,Medium
4983,2025,4.09,5,High
4984,2023,3.57,6,Medium
4984,2024,4.24,6,High
4984,2025,3.43,7,Medium
4985,2023,3.41,5,Medium
4985,2024,3.74,8,High
4985,2025,3.73,5,High
4986,2023,3.56,5,Medium
4986,2024,3.45,6,Medium
4986,2025,3.69,8,Medium
4987,2023,3.81,10,High
4987,2024,3.67,5,Medium
4987,2025,3.45,8,Medium
4988,2023,3.67,5,Medium
4988,2024,2.52,9,Medium
4988,2025,3.36,6,Medium
4989,2023,3.14,4,Medium
4989,2024,4.26,9,High
4989,2025,3.86,5,High
4990,2023,2.8,5,Medium
4990,2024,2.86,7,Medium
4990,2025,2.83,5,Medium
4991,2023,3.88,6,High
4991,2024,4.02,6,High
4991,2025,2.79,9,Medium
4992,2023,3.18,3,Medium
4992,2024,3.24,4,Medium
4992,2025,3.59,7,Medium
4993,2023,3.31,8,Medium
4993,2024,3.55,7,Medium
4993,2025,2.95,3,Medium
4994,2023,2.46,6,Low
4994,2024,2.75,3,Medium
4994,2025,3.07,11,Medium
4995,2023,3.69,7,Medium
4995,2024,2.88,5,Medium
4995,2025,3.26,10,Medium
4996,2023,3.62,10,Medium
4996,2024,4.08,9,High
4996,2025,3.01,9,Medium
4997,2023,3.5,6,Medium
4997,2024,2.56,8,Medium
4997,2025,3.83,5,High
4998,2023,2.42,9,Low
4998,2024,2.25,7,Low
4998,2025,3.01,9,Medium
4999,2023,2.65,7,Medium
4999,2024,3.36,7,Medium
4999,2025,2.88,5,Medium
5000,2023,3.41,3,Medium
5000,2024,3.01,4,Medium
5000,2025,2.7,1,Medium
5001,2023,3.24,6,Medium
5001,2024,2.69,7,Medium
5001,2025,3.06,4,Medium
5002,2023,3.16,9,Medium
5002,2024,3.78,9,High
5002,2025,2.88,7,Medium
5003,2023,2.37,8,Low
5003,2024,3.36,6,Medium
5003,2025,2.48,8,Low
5004,2023,3.16,6,Medium
5004,2024,3.57,8,Medium
5004,2025,3.42,5,Medium
5005,2023,3.19,11,Medium
5005,2024,3.75,6,High
5005,2025,3.29,4,Medium
5006,2023,2.58,4,Medium
5006,2024,3.98,7,High
5006,2025,2.79,7,Medium
5007,2023,3.22,4,Medium
5007,2024,3.12,8,Medium
5007,2025,2.48,7,Low
5008,2023,4.06,8,High
5008,2024,3.49,5,Medium
5008,2025,4.05,6,High
5009,2023,2.98,8,Medium
5009,2024,3.08,11,Medium
5009,2025,3.62,5,Medium
5010,2023,4.14,6,High
5010,2024,3.93,2,High
5010,2025,2.84,7,Medium
5011,2023,3.7,3,Medium
5011,2024,3.07,5,Medium
5011,2025,2.71,6,Medium
5012,2023,3.59,5,Medium
5012,2024,2.84,8,Medium
5012,2025,3.55,8,Medium
5013,2023,3.2,6,Medium
5013,2024,3.16,5,Medium
5013,2025,3.56,3,Medium
5014,2023,3.23,6,Medium
5014,2024,4.15,5,High
5014,2025,2.92,5,Medium
5015,2023,3.74,8,High
5015,2024,4.37,5,High
5015,2025,4.07,3,High
5016,2023,3.31,5,Medium
5016,2024,4.0,5,High
5016,2025,2.98,2,Medium
5017,2023,3.25,11,Medium
5017,2024,3.0,5,Medium
5017,2025,3.14,6,Medium
5018,2023,3.82,8,High
5018,2024,3.53,9,Medium
5018,2025,3.09,7,Medium
5019,2023,1.96,9,Low
5019,2024,3.65,4,Medium
5019,2025,3.45,5,Medium
5020,2023,3.7,8,Medium
5020,2024,3.63,5,Medium
5020,2025,3.38,4,Medium
5021,2023,2.92,5,Medium
5021,2024,3.57,5,Medium
5021,2025,3.45,5,Medium
5022,2023,4.02,6,High
5022,2024,3.4,3,Medium
5022,2025,3.82,4,High
5023,2023,3.56,7,Medium
5023,2024,3.79,5,High
5023,2025,3.14,6,Medium
5024,2023,2.91,5,Medium
5024,2024,3.52,8,Medium
5024,2025,4.01,4,High
5025,2023,3.17,5,Medium
5025,2024,2.92,8,Medium
5025,2025,2.78,8,Medium
5026,2023,2.69,7,Medium
5026,2024,3.68,6,Medium
5026,2025,3.17,7,Medium
5027,2023,2.56,5,Medium
5027,2024,3.6,4,Medium
5027,2025,3.97,8,High
5028,2023,4.42,8,High
5028,2024,3.89,6,High
5028,2025,3.47,8,Medium
5029,2023,3.03,8,Medium
5029,2024,3.29,6,Medium
5029,2025,2.97,8,Medium
5030,2023,2.72,7,Medium
5030,2024,2.59,7,Medium
5030,2025,2.12,5,Low
5031,2023,3.18,10,Medium
5031,2024,3.2,4,Medium
5031,2025,3.66,4,Medium
5032,2023,2.02,8,Low
5032,2024,3.57,8,Medium
5032,2025,3.22,10,Medium
5033,2023,3.66,2,Medium
5033,2024,3.79,8,High
5033,2025,2.28,7,Low
5034,2023,3.32,9,Medium
5034,2024,3.21,4,Medium
5034,2025,3.44,8,Medium
5035,2023,4.03,5,High
5035,2024,3.23,4,Medium
5035,2025,3.01,9,Medium
5036,2023,3.28,7,Medium
5036,2024,2.71,8,Medium
5036,2025,4.44,4,High
5037,2023,3.84,9,High
5037,2024,2.99,6,Medium
5037,2025,3.2,7,Medium
5038,2023,2.63,5,Medium
5038,2024,2.8,7,Medium
5038,2025,3.49,9,Medium
5039,2023,3.47,6,Medium
5039,2024,3.46,6,Medium
5039,2025,3.24,9,Medium
5040,2023,3.43,3,Medium
5040,2024,2.22,9,Low
5040,2025,3.24,4,Medium
5041,2023,4.14,9,High
5041,2024,3.68,10,Medium
5041,2025,2.63,5,Medium
5042,2023,3.6,8,Medium
5042,2024,3.26,6,Medium
5042,2025,4.13,7,High
5043,2023,3.33,4,Medium
5043,2024,4.27,4,High
5043,2025,4.28,5,High
5044,2023,3.31,4,Medium
5044,2024,3.18,5,Medium
5044,2025,3.71,6,High
5045,2023,2.79,5,Medium
5045,2024,3.28,7,Medium
5045,2025,2.98,7,Medium
5046,2023,3.41,6,Medium
5046,2024,4.06,4,High
5046,2025,3.69,6,Medium
5047,2023,4.6,4,High
5047,2024,3.38,8,Medium
5047,2025,3.19,2,Medium
5048,2023,3.29,3,Medium
5048,2024,3.54,5,Medium
5048,2025,3.22,4,Medium
5049,2023,3.59,6,Medium
5049,2024,2.91,7,Medium
5049,2025,3.66,8,Medium
5050,2023,3.01,6,Medium
5050,2024,2.77,3,Medium
5050,2025,2.66,4,Medium
5051,2023,3.95,6,High
5051,2024,3.58,8,Medium
5051,2025,3.57,6,Medium
5052,2023,2.95,5,Medium
5052,2024,3.46,5,Medium
5052,2025,2.75,8,Medium
5053,2023,2.72,4,Medium
5053,2024,3.16,9,Medium
5053,2025,3.29,6,Medium
5054,2023,2.94,7,Medium
5054,2024,3.77,6,High
5054,2025,2.82,8,Medium
5055,2023,3.66,5,Medium
5055,2024,3.94,6,High
5055,2025,2.81,7,Medium
5056,2023,3.01,8,Medium
5056,2024,3.39,7,Medium
5056,2025,3.23,6,Medium
5057,2023,3.26,5,Medium
5057,2024,2.67,5,Medium
5057,2025,2.9,9,Medium
5058,2023,3.51,4,Medium
5058,2024,3.83,6,High
5058,2025,2.58,5,Medium
5059,2023,3.32,5,Medium
5059,2024,2.69,5,Medium
5059,2025,3.49,4,Medium
5060,2023,3.77,8,High
5060,2024,3.62,5,Medium
5060,2025,3.98,8,High
5061,2023,2.55,6,Medium
5061,2024,3.39,5,Medium
5061,2025,3.74,7,High
5062,2023,3.94,9,High
5062,2024,3.17,7,Medium
5062,2025,3.32,8,Medium
5063,2023,2.37,8,Low
5063,2024,2.56,9,Medium
5063,2025,3.85,6,High
5064,2023,3.58,6,Medium
5064,2024,3.46,6,Medium
5064,2025,3.32,6,Medium
5065,2023,3.23,9,Medium
5065,2024,2.46,8,Low
5065,2025,3.63,7,Medium
5066,2023,3.73,7,High
5066,2024,2.89,5,Medium
5066,2025,3.76,7,High
5067,2023,2.73,6,Medium
5067,2024,3.73,7,High
5067,2025,2.77,6,Medium
5068,2023,3.38,8,Medium
5068,2024,3.45,8,Medium
5068,2025,3.78,5,High
5069,2023,4.21,6,High
5069,2024,3.51,7,Medium
5069,2025,3.75,4,High
5070,2023,2.75,7,Medium
5070,2024,3.03,5,Medium
5070,2025,3.24,7,Medium
5071,2023,3.23,12,Medium
5071,2024,3.69,5,Medium
5071,2025,3.0,8,Medium
5072,2023,3.05,5,Medium
5072,2024,2.68,6,Medium
5072,2025,3.48,9,Medium
5073,2023,3.45,3,Medium
5073,2024,3.8,2,High
5073,2025,3.09,5,Medium
5074,2023,4.86,4,High
5074,2024,3.79,8,High
5074,2025,3.95,5,High
5075,2023,3.73,3,High
5075,2024,3.3,6,Medium
5075,2025,3.32,8,Medium
5076,2023,3.61,4,Medium
5076,2024,4.02,5,High
5076,2025,3.48,8,Medium
5077,2023,3.22,5,Medium
5077,2024,3.48,10,Medium
5077,2025,3.39,6,Medium
5078,2023,2.02,7,Low
5078,2024,3.13,5,Medium
5078,2025,2.74,7,Medium
5079,2023,3.35,10,Medium
5079,2024,3.89,9,High
5079,2025,4.52,6,High
5080,2023,3.05,4,Medium
5080,2024,3.14,6,Medium
5080,2025,3.52,2,Medium
5081,2023,3.2,8,Medium
5081,2024,2.67,5,Medium
5081,2025,3.43,6,Medium
5082,2023,2.71,6,Medium
5082,2024,2.41,8,Low
5082,2025,2.61,7,Medium
5083,2023,3.66,6,Medium
5083,2024,3.21,9,Medium
5083,2025,2.33,8,Low
5084,2023,3.31,5,Medium
5084,2024,3.15,8,Medium
5084,2025,3.62,6,Medium
5085,2023,3.51,6,Medium
5085,2024,3.56,5,Medium
5085,2025,3.31,5,Medium
5086,2023,2.87,5,Medium
5086,2024,2.66,5,Medium
5086,2025,2.58,7,Medium
5087,2023,3.27,5,Medium
5087,2024,2.65,8,Medium
5087,2025,2.99,6,Medium
5088,2023,4.18,9,High
5088,2024,3.81,4,High
5088,2025,3.61,2,Medium
5089,2023,3.63,7,Medium
5089,2024,3.17,9,Medium
5089,2025,3.08,6,Medium
5090,2023,3.67,7,Medium
5090,2024,3.64,4,Medium
5090,2025,2.5,9,Low
5091,2023,3.09,6,Medium
5091,2024,2.77,7,Medium
5091,2025,2.87,5,Medium
5092,2023,2.65,5,Medium
5092,2024,3.52,6,Medium
5092,2025,2.52,5,Medium
5093,2023,2.62,8,Medium
5093,2024,3.21,6,Medium
5093,2025,4.32,7,High
5094,2023,3.58,9,Medium
5094,2024,3.77,8,High
5094,2025,3.61,9,Medium
5095,2023,3.18,4,Medium
5095,2024,3.27,7,Medium
5095,2025,3.17,3,Medium
5096,2023,2.71,5,Medium
5096,2024,2.8,6,Medium
5096,2025,3.62,7,Medium
5097,2023,3.33,7,Medium
5097,2024,3.68,7,Medium
5097,2025,3.17,11,Medium
5098,2023,2.94,5,Medium
5098,2024,3.34,5,Medium
5098,2025,2.35,11,Low
5099,2023,3.09,10,Medium
5099,2024,3.37,8,Medium
5099,2025,3.09,8,Medium
5100,2023,2.87,6,Medium
5100,2024,3.32,6,Medium
5100,2025,2.69,7,Medium
5101,2023,3.37,7,Medium
5101,2024,3.02,5,Medium
5101,2025,3.13,8,Medium
5102,2023,4.29,12,High
5102,2024,3.97,8,High
5102,2025,3.66,11,Medium
5103,2023,3.47,7,Medium
5103,2024,3.5,9,Medium
5103,2025,3.29,7,Medium
5104,2023,3.55,7,Medium
5104,2024,3.38,5,Medium
5104,2025,3.68,5,Medium
5105,2023,2.76,7,Medium
5105,2024,3.36,8,Medium
5105,2025,3.85,8,High
5106,2023,3.73,9,High
5106,2024,3.51,3,Medium
5106,2025,2.74,7,Medium
5107,2023,2.88,8,Medium
5107,2024,4.16,2,High
5107,2025,3.19,7,Medium
5108,2023,3.24,7,Medium
5108,2024,3.69,8,Medium
5108,2025,3.79,5,High
5109,2023,3.1,9,Medium
5109,2024,3.2,7,Medium
5109,2025,2.75,7,Medium
5110,2023,3.89,6,High
5110,2024,3.01,6,Medium
5110,2025,3.08,7,Medium
5111,2023,2.94,6,Medium
5111,2024,3.8,7,High
5111,2025,2.95,7,Medium
5112,2023,3.09,6,Medium
5112,2024,3.77,5,High
5112,2025,3.02,7,Medium
5113,2023,2.46,9,Low
5113,2024,2.96,9,Medium
5113,2025,3.01,7,Medium
5114,2023,4.06,8,High
5114,2024,2.9,6,Medium
5114,2025,3.35,7,Medium
5115,2023,3.22,7,Medium
5115,2024,2.9,8,Medium
5115,2025,3.05,4,Medium
5116,2023,3.68,5,Medium
5116,2024,4.22,7,High
5116,2025,3.77,8,High
5117,2023,3.73,8,High
5117,2024,1.79,10,Low
5117,2025,3.0,5,Medium
5118,2023,3.26,8,Medium
5118,2024,3.78,5,High
5118,2025,4.35,8,High
5119,2023,3.3,8,Medium
5119,2024,2.99,8,Medium
5119,2025,2.82,8,Medium
5120,2023,3.01,4,Medium
5120,2024,2.49,9,Low
5120,2025,2.45,2,Low
5121,2023,3.57,6,Medium
5121,2024,3.33,7,Medium
5121,2025,3.2,7,Medium
5122,2023,4.01,4,High
5122,2024,4.91,8,High
5122,2025,3.22,11,Medium
5123,2023,2.67,7,Medium
5123,2024,3.65,7,Medium
5123,2025,2.6,4,Medium
5124,2023,3.02,4,Medium
5124,2024,3.71,4,High
5124,2025,3.76,8,High
5125,2023,3.43,8,Medium
5125,2024,3.42,8,Medium
5125,2025,4.27,7,High
5126,2023,3.35,6,Medium
5126,2024,4.0,5,High
5126,2025,3.61,3,Medium
5127,2023,4.17,6,High
5127,2024,3.04,5,Medium
5127,2025,3.38,10,Medium
5128,2023,3.11,9,Medium
5128,2024,2.94,5,Medium
5128,2025,4.13,6,High
5129,2023,3.31,1,Medium
5129,2024,2.86,7,Medium
5129,2025,3.22,7,Medium
5130,2023,2.63,7,Medium
5130,2024,3.39,8,Medium
5130,2025,3.76,7,High
5131,2023,4.01,6,High
5131,2024,1.99,7,Low
5131,2025,3.03,5,Medium
5132,2023,3.54,6,Medium
5132,2024,3.5,8,Medium
5132,2025,3.02,6,Medium
5133,2023,3.15,9,Medium
5133,2024,2.92,6,Medium
5133,2025,3.12,6,Medium
5134,2023,3.73,5,High
5134,2024,3.5,6,Medium
5134,2025,2.61,5,Medium
5135,2023,3.23,7,Medium
5135,2024,3.95,8,High
5135,2025,3.01,11,Medium
5136,2023,3.25,5,Medium
5136,2024,3.43,6,Medium
5136,2025,2.87,7,Medium
5137,2023,3.05,7,Medium
5137,2024,3.51,8,Medium
5137,2025,4.25,9,High
5138,2023,3.39,6,Medium
5138,2024,3.17,7,Medium
5138,2025,2.52,8,Medium
5139,2023,2.49,3,Low
5139,2024,3.29,5,Medium
5139,2025,3.92,7,High
5140,2023,3.63,8,Medium
5140,2024,3.81,6,High
5140,2025,3.59,7,Medium
5141,2023,3.7,2,Medium
5141,2024,3.31,5,Medium
5141,2025,3.86,3,High
5142,2023,3.61,7,Medium
5142,2024,3.26,6,Medium
5142,2025,3.15,8,Medium
5143,2023,2.17,7,Low
5143,2024,3.05,6,Medium
5143,2025,3.05,7,Medium
5144,2023,3.74,7,High
5144,2024,4.3,6,High
5144,2025,3.61,7,Medium
5145,2023,4.34,4,High
5145,2024,3.1,7,Medium
5145,2025,3.48,8,Medium
5146,2023,3.65,6,Medium
5146,2024,2.98,6,Medium
5146,2025,3.68,4,Medium
5147,2023,2.94,8,Medium
5147,2024,3.8,5,High
5147,2025,3.21,3,Medium
5148,2023,3.18,6,Medium
5148,2024,4.15,4,High
5148,2025,4.02,4,High
5149,2023,4.02,8,High
5149,2024,3.71,7,High
5149,2025,3.46,7,Medium
5150,2023,3.42,10,Medium
5150,2024,3.51,7,Medium
5150,2025,2.54,7,Medium
5151,2023,2.98,5,Medium
5151,2024,3.39,10,Medium
5151,2025,3.36,5,Medium
5152,2023,2.6,10,Medium
5152,2024,1.82,4,Low
5152,2025,3.1,6,Medium
5153,2023,2.99,8,Medium
5153,2024,2.58,9,Medium
5153,2025,2.64,4,Medium
5154,2023,3.05,7,Medium
5154,2024,2.53,8,Medium
5154,2025,4.32,8,High
5155,2023,3.33,8,Medium
5155,2024,2.91,5,Medium
5155,2025,4.09,10,High
5156,2023,3.15,4,Medium
5156,2024,2.47,8,Low
5156,2025,2.38,9,Low
5157,2023,3.86,9,High
5157,2024,3.1,9,Medium
5157,2025,2.71,9,Medium
5158,2023,3.03,9,Medium
5158,2024,2.93,6,Medium
5158,2025,3.85,6,High
5159,2023,3.37,9,Medium
5159,2024,3.31,8,Medium
5159,2025,3.88,8,High
5160,2023,2.9,6,Medium
5160,2024,3.26,3,Medium
5160,2025,3.83,9,High
5161,2023,2.93,7,Medium
5161,2024,2.65,8,Medium
5161,2025,2.41,6,Low
5162,2023,3.29,7,Medium
5162,2024,4.07,5,High
5162,2025,2.82,6,Medium
5163,2023,3.06,7,Medium
5163,2024,2.12,12,Low
5163,2025,3.39,3,Medium
5164,2023,3.26,8,Medium
5164,2024,4.0,10,High
5164,2025,3.9,9,High
5165,2023,2.77,10,Medium
5165,2024,2.79,3,Medium
5165,2025,3.21,5,Medium
5166,2023,2.99,8,Medium
5166,2024,3.2,11,Medium
5166,2025,4.31,6,High
5167,2023,2.75,4,Medium
5167,2024,4.27,7,High
5167,2025,3.8,8,High
5168,2023,3.31,7,Medium
5168,2024,3.15,9,Medium
5168,2025,3.18,8,Medium
5169,2023,4.12,5,High
5169,2024,2.71,9,Medium
5169,2025,2.61,4,Medium
5170,2023,3.42,6,Medium
5170,2024,3.19,9,Medium
5170,2025,3.61,3,Medium
5171,2023,3.33,6,Medium
5171,2024,3.15,6,Medium
5171,2025,3.2,5,Medium
5172,2023,3.32,7,Medium
5172,2024,3.82,4,High
5172,2025,2.81,5,Medium
5173,2023,4.11,5,High
5173,2024,4.24,10,High
5173,2025,3.93,6,High
5174,2023,4.36,9,High
5174,2024,4.15,2,High
5174,2025,3.0,7,Medium
5175,2023,2.29,9,Low
5175,2024,2.59,7,Medium
5175,2025,3.34,8,Medium
5176,2023,3.28,4,Medium
5176,2024,3.35,6,Medium
5176,2025,3.63,8,Medium
5177,2023,2.76,8,Medium
5177,2024,2.91,9,Medium
5177,2025,2.44,7,Low
5178,2023,4.14,8,High
5178,2024,3.43,9,Medium
5178,2025,3.67,8,Medium
5179,2023,2.94,6,Medium
5179,2024,3.52,7,Medium
5179,2025,2.49,8,Low
5180,2023,3.87,8,High
5180,2024,3.56,6,Medium
5180,2025,3.79,6,High
5181,2023,3.06,4,Medium
5181,2024,3.27,8,Medium
5181,2025,2.24,8,Low
5182,2023,2.76,8,Medium
5182,2024,3.39,6,Medium
5182,2025,3.92,9,High
5183,2023,2.94,9,Medium
5183,2024,3.59,7,Medium
5183,2025,3.56,5,Medium
5184,2023,3.77,3,High
5184,2024,4.32,4,High
5184,2025,3.42,8,Medium
5185,2023,3.86,5,High
5185,2024,3.37,8,Medium
5185,2025,4.14,4,High
5186,2023,3.17,4,Medium
5186,2024,3.54,8,Medium
5186,2025,2.83,6,Medium
5187,2023,3.32,5,Medium
5187,2024,4.36,8,High
5187,2025,3.45,10,Medium
5188,2023,3.16,5,Medium
5188,2024,3.72,6,High
5188,2025,2.94,5,Medium
5189,2023,3.09,8,Medium
5189,2024,2.95,7,Medium
5189,2025,3.24,6,Medium
5190,2023,3.58,10,Medium
5190,2024,3.36,3,Medium
5190,2025,2.39,7,Low
5191,2023,3.4,8,Medium
5191,2024,3.17,6,Medium
5191,2025,2.85,7,Medium
5192,2023,2.11,7,Low
5192,2024,3.07,9,Medium
5192,2025,4.1,9,High
5193,2023,3.26,6,Medium
5193,2024,3.47,9,Medium
5193,2025,3.13,10,Medium
5194,2023,3.72,7,High
5194,2024,3.18,6,Medium
5194,2025,3.3,6,Medium
5195,2023,3.0,8,Medium
5195,2024,3.1,5,Medium
5195,2025,2.99,6,Medium
5196,2023,3.81,7,High
5196,2024,3.87,5,High
5196,2025,3.57,7,Medium
5197,2023,3.76,8,High
5197,2024,3.41,4,Medium
5197,2025,3.66,7,Medium
5198,2023,3.65,8,Medium
5198,2024,2.94,9,Medium
5198,2025,2.52,7,Medium
5199,2023,3.93,6,High
5199,2024,3.44,6,Medium
5199,2025,3.38,5,Medium
5200,2023,2.92,9,Medium
5200,2024,2.98,7,Medium
5200,2025,3.47,7,Medium
5201,2023,3.2,7,Medium
5201,2024,3.38,6,Medium
5201,2025,3.2,5,Medium
5202,2023,3.73,6,High
5202,2024,3.47,5,Medium
5202,2025,4.12,6,High
5203,2023,3.3,6,Medium
5203,2024,3.25,6,Medium
5203,2025,3.61,4,Medium
5204,2023,2.69,9,Medium
5204,2024,3.53,7,Medium
5204,2025,3.18,6,Medium
5205,2023,3.86,6,High
5205,2024,3.16,9,Medium
5205,2025,3.35,6,Medium
5206,2023,3.79,9,High
5206,2024,3.81,5,High
5206,2025,3.48,8,Medium
5207,2023,3.75,8,High
5207,2024,3.44,9,Medium
5207,2025,3.55,7,Medium
5208,2023,2.84,6,Medium
5208,2024,2.72,9,Medium
5208,2025,3.11,8,Medium
5209,2023,3.73,3,High
5209,2024,3.62,10,Medium
5209,2025,4.14,5,High
5210,2023,3.44,8,Medium
5210,2024,3.73,7,High
5210,2025,3.21,1,Medium
5211,2023,3.62,10,Medium
5211,2024,2.87,9,Medium
5211,2025,3.49,6,Medium
5212,2023,3.5,11,Medium
5212,2024,3.22,6,Medium
5212,2025,2.99,6,Medium
5213,2023,3.35,6,Medium
5213,2024,2.94,8,Medium
5213,2025,2.17,8,Low
5214,2023,4.05,6,High
5214,2024,3.32,6,Medium
5214,2025,3.45,8,Medium
5215,2023,2.84,5,Medium
5215,2024,2.58,8,Medium
5215,2025,2.93,7,Medium
5216,2023,4.23,2,High
5216,2024,3.22,7,Medium
5216,2025,3.72,5,High
5217,2023,3.33,7,Medium
5217,2024,3.48,7,Medium
5217,2025,4.24,9,High
5218,2023,4.04,7,High
5218,2024,3.89,7,High
5218,2025,3.91,5,High
5219,2023,3.08,6,Medium
5219,2024,4.18,9,High
5219,2025,3.31,5,Medium
5220,2023,3.52,6,Medium
5220,2024,3.95,6,High
5220,2025,2.78,10,Medium
5221,2023,2.55,5,Medium
5221,2024,3.25,11,Medium
5221,2025,3.14,10,Medium
5222,2023,3.3,9,Medium
5222,2024,2.82,6,Medium
5222,2025,2.91,6,Medium
5223,2023,3.13,6,Medium
5223,2024,3.71,8,High
5223,2025,3.64,7,Medium
5224,2023,3.36,7,Medium
5224,2024,4.56,6,High
5224,2025,3.9,8,High
5225,2023,2.76,7,Medium
5225,2024,3.02,4,Medium
5225,2025,3.95,7,High
5226,2023,2.89,5,Medium
5226,2024,4.39,4,High
5226,2025,3.22,2,Medium
5227,2023,3.47,4,Medium
5227,2024,3.13,9,Medium
5227,2025,2.44,4,Low
5228,2023,3.86,8,High
5228,2024,3.18,11,Medium
5228,2025,3.61,4,Medium
5229,2023,3.67,6,Medium
5229,2024,3.26,10,Medium
5229,2025,2.59,9,Medium
5230,2023,2.95,9,Medium
5230,2024,2.24,6,Low
5230,2025,2.87,8,Medium
5231,2023,3.53,5,Medium
5231,2024,3.52,5,Medium
5231,2025,3.51,11,Medium
5232,2023,3.37,8,Medium
5232,2024,3.54,9,Medium
5232,2025,3.07,4,Medium
5233,2023,2.97,5,Medium
5233,2024,3.0,4,Medium
5233,2025,4.74,6,High
5234,2023,3.83,10,High
5234,2024,4.4,6,High
5234,2025,3.17,7,Medium
5235,2023,3.25,8,Medium
5235,2024,3.11,7,Medium
5235,2025,3.31,6,Medium
5236,2023,2.79,6,Medium
5236,2024,2.88,6,Medium
5236,2025,2.94,7,Medium
5237,2023,3.63,7,Medium
5237,2024,3.78,9,High
5237,2025,3.77,5,High
5238,2023,4.58,8,High
5238,2024,3.2,6,Medium
5238,2025,4.17,7,High
5239,2023,3.56,5,Medium
5239,2024,3.57,7,Medium
5239,2025,3.26,6,Medium
5240,2023,3.5,7,Medium
5240,2024,4.3,4,High
5240,2025,4.43,5,High
5241,2023,3.55,9,Medium
5241,2024,3.38,5,Medium
5241,2025,3.32,6,Medium
5242,2023,3.6,5,Medium
5242,2024,2.93,7,Medium
5242,2025,2.65,6,Medium
5243,2023,3.49,7,Medium
5243,2024,3.42,5,Medium
5243,2025,3.37,5,Medium
5244,2023,3.54,10,Medium
5244,2024,3.87,10,High
5244,2025,3.65,4,Medium
5245,2023,3.65,7,Medium
5245,2024,3.23,4,Medium
5245,2025,3.41,6,Medium
5246,2023,3.66,9,Medium
5246,2024,2.67,5,Medium
5246,2025,3.18,9,Medium
5247,2023,3.4,3,Medium
5247,2024,3.14,8,Medium
5247,2025,3.38,7,Medium
5248,2023,3.85,7,High
5248,2024,3.08,5,Medium
5248,2025,3.87,4,High
5249,2023,3.79,6,High
5249,2024,2.62,12,Medium
5249,2025,3.04,5,Medium
5250,2023,3.81,5,High
5250,2024,4.2,6,High
5250,2025,3.57,7,Medium
5251,2023,3.47,6,Medium
5251,2024,3.38,7,Medium
5251,2025,3.8,7,High
5252,2023,2.74,8,Medium
5252,2024,3.36,6,Medium
5252,2025,2.94,7,Medium
5253,2023,2.76,3,Medium
5253,2024,3.11,6,Medium
5253,2025,3.26,5,Medium
5254,2023,3.22,5,Medium
5254,2024,4.48,7,High
5254,2025,3.5,5,Medium
5255,2023,2.94,4,Medium
5255,2024,3.97,9,High
5255,2025,2.95,6,Medium
5256,2023,2.97,8,Medium
5256,2024,4.32,6,High
5256,2025,3.39,5,Medium
5257,2023,3.84,4,High
5257,2024,4.19,10,High
5257,2025,2.72,8,Medium
5258,2023,3.07,5,Medium
5258,2024,3.42,11,Medium
5258,2025,3.99,3,High
5259,2023,3.38,7,Medium
5259,2024,3.21,4,Medium
5259,2025,3.35,4,Medium
5260,2023,3.34,1,Medium
5260,2024,3.94,6,High
5260,2025,3.57,7,Medium
5261,2023,3.38,8,Medium
5261,2024,2.85,7,Medium
5261,2025,3.11,7,Medium
5262,2023,3.08,9,Medium
5262,2024,3.55,9,Medium
5262,2025,3.33,5,Medium
5263,2023,3.24,8,Medium
5263,2024,3.48,8,Medium
5263,2025,2.64,4,Medium
5264,2023,3.77,7,High
5264,2024,2.8,4,Medium
5264,2025,3.03,6,Medium
5265,2023,3.34,8,Medium
5265,2024,2.81,8,Medium
5265,2025,4.04,5,High
5266,2023,3.13,7,Medium
5266,2024,3.13,9,Medium
5266,2025,3.96,6,High
5267,2023,2.82,6,Medium
5267,2024,2.3,9,Low
5267,2025,3.31,8,Medium
5268,2023,3.73,7,High
5268,2024,2.42,3,Low
5268,2025,2.73,7,Medium
5269,2023,3.56,6,Medium
5269,2024,3.23,5,Medium
5269,2025,3.67,7,Medium
5270,2023,3.48,9,Medium
5270,2024,3.58,11,Medium
5270,2025,3.65,8,Medium
5271,2023,3.34,4,Medium
5271,2024,3.17,6,Medium
5271,2025,2.98,6,Medium
5272,2023,3.89,5,High
5272,2024,4.32,8,High
5272,2025,3.85,6,High
5273,2023,2.77,4,Medium
5273,2024,2.63,7,Medium
5273,2025,2.47,10,Low
5274,2023,3.04,7,Medium
5274,2024,3.14,5,Medium
5274,2025,2.9,10,Medium
5275,2023,3.89,6,High
5275,2024,3.36,7,Medium
5275,2025,3.43,7,Medium
5276,2023,2.69,10,Medium
5276,2024,3.43,6,Medium
5276,2025,2.92,5,Medium
5277,2023,2.31,9,Low
5277,2024,3.91,10,High
5277,2025,2.86,6,Medium
5278,2023,3.08,6,Medium
5278,2024,3.0,7,Medium
5278,2025,3.85,2,High
5279,2023,2.59,6,Medium
5279,2024,3.2,4,Medium
5279,2025,3.01,3,Medium
5280,2023,3.22,4,Medium
5280,2024,3.77,6,High
5280,2025,3.67,5,Medium
5281,2023,3.08,4,Medium
5281,2024,4.09,6,High
5281,2025,2.96,6,Medium
5282,2023,3.11,7,Medium
5282,2024,3.04,7,Medium
5282,2025,3.89,6,High
5283,2023,2.55,8,Medium
5283,2024,3.28,5,Medium
5283,2025,3.45,6,Medium
5284,2023,3.75,7,High
5284,2024,3.67,8,Medium
5284,2025,3.68,6,Medium
5285,2023,3.11,4,Medium
5285,2024,3.81,9,High
5285,2025,3.55,5,Medium
5286,2023,2.67,8,Medium
5286,2024,2.05,5,Low
5286,2025,3.83,2,High
5287,2023,4.05,6,High
5287,2024,4.08,8,High
5287,2025,3.07,4,Medium
5288,2023,3.19,6,Medium
5288,2024,3.94,8,High
5288,2025,3.51,7,Medium
5289,2023,3.23,12,Medium
5289,2024,3.89,8,High
5289,2025,3.34,7,Medium
5290,2023,3.2,6,Medium
5290,2024,3.53,5,Medium
5290,2025,2.66,7,Medium
5291,2023,3.57,8,Medium
5291,2024,4.33,3,High
5291,2025,3.97,6,High
5292,2023,3.27,4,Medium
5292,2024,3.54,4,Medium
5292,2025,3.12,9,Medium
5293,2023,3.59,7,Medium
5293,2024,3.41,9,Medium
5293,2025,3.58,9,Medium
5294,2023,3.69,5,Medium
5294,2024,2.94,6,Medium
5294,2025,3.82,9,High
5295,2023,3.89,4,High
5295,2024,2.42,7,Low
5295,2025,3.17,5,Medium
5296,2023,3.17,5,Medium
5296,2024,3.4,7,Medium
5296,2025,3.15,6,Medium
5297,2023,3.26,5,Medium
5297,2024,4.07,7,High
5297,2025,3.91,9,High
5298,2023,2.97,2,Medium
5298,2024,3.18,5,Medium
5298,2025,3.37,5,Medium
5299,2023,2.88,8,Medium
5299,2024,3.82,7,High
5299,2025,2.77,6,Medium
5300,2023,3.85,4,High
5300,2024,3.27,10,Medium
5300,2025,2.99,4,Medium
5301,2023,3.78,4,High
5301,2024,3.73,1,High
5301,2025,2.82,5,Medium
5302,2023,2.62,6,Medium
5302,2024,3.37,6,Medium
5302,2025,2.6,8,Medium
5303,2023,2.87,7,Medium
5303,2024,3.47,7,Medium
5303,2025,3.3,4,Medium
5304,2023,2.86,8,Medium
5304,2024,2.91,7,Medium
5304,2025,3.31,6,Medium
5305,2023,2.81,4,Medium
5305,2024,2.31,7,Low
5305,2025,2.8,8,Medium
5306,2023,3.64,8,Medium
5306,2024,2.83,6,Medium
5306,2025,3.89,8,High
5307,2023,2.77,2,Medium
5307,2024,4.01,6,High
5307,2025,2.9,9,Medium
5308,2023,3.86,7,High
5308,2024,3.31,5,Medium
5308,2025,2.63,3,Medium
5309,2023,3.2,5,Medium
5309,2024,2.48,6,Low
5309,2025,2.41,7,Low
5310,2023,3.65,7,Medium
5310,2024,3.46,8,Medium
5310,2025,3.0,7,Medium
5311,2023,3.39,8,Medium
5311,2024,3.3,9,Medium
5311,2025,3.16,8,Medium
5312,2023,3.18,7,Medium
5312,2024,3.38,7,Medium
5312,2025,3.32,7,Medium
5313,2023,2.97,6,Medium
5313,2024,3.19,6,Medium
5313,2025,3.63,12,Medium
5314,2023,3.69,5,Medium
5314,2024,3.43,6,Medium
5314,2025,3.35,5,Medium
5315,2023,3.08,11,Medium
5315,2024,2.86,7,Medium
5315,2025,3.23,9,Medium
5316,2023,3.21,11,Medium
5316,2024,2.83,8,Medium
5316,2025,2.4,8,Low
5317,2023,3.99,9,High
5317,2024,3.38,6,Medium
5317,2025,3.95,6,High
5318,2023,3.04,7,Medium
5318,2024,3.54,6,Medium
5318,2025,3.3,5,Medium
5319,2023,3.59,6,Medium
5319,2024,3.41,7,Medium
5319,2025,3.03,7,Medium
5320,2023,3.65,5,Medium
5320,2024,4.42,6,High
5320,2025,3.52,6,Medium
5321,2023,3.3,4,Medium
5321,2024,3.33,7,Medium
5321,2025,3.41,5,Medium
5322,2023,3.01,10,Medium
5322,2024,3.57,7,Medium
5322,2025,3.12,7,Medium
5323,2023,2.68,8,Medium
5323,2024,3.48,4,Medium
5323,2025,3.61,7,Medium
5324,2023,3.31,6,Medium
5324,2024,3.46,7,Medium
5324,2025,3.51,6,Medium
5325,2023,3.6,6,Medium
5325,2024,3.29,4,Medium
5325,2025,3.82,2,High
5326,2023,2.69,9,Medium
5326,2024,2.8,6,Medium
5326,2025,3.39,7,Medium
5327,2023,3.75,7,High
5327,2024,3.88,2,High
5327,2025,3.31,5,Medium
5328,2023,2.73,8,Medium
5328,2024,2.96,8,Medium
5328,2025,2.06,6,Low
5329,2023,4.06,4,High
5329,2024,3.39,8,Medium
5329,2025,3.27,9,Medium
5330,2023,3.16,7,Medium
5330,2024,3.7,6,Medium
5330,2025,3.37,4,Medium
5331,2023,2.97,6,Medium
5331,2024,3.38,8,Medium
5331,2025,3.3,5,Medium
5332,2023,3.83,7,High
5332,2024,3.59,5,Medium
5332,2025,2.96,6,Medium
5333,2023,3.32,10,Medium
5333,2024,3.4,4,Medium
5333,2025,2.44,7,Low
5334,2023,1.93,7,Low
5334,2024,3.36,6,Medium
5334,2025,3.65,7,Medium
5335,2023,4.35,7,High
5335,2024,3.04,7,Medium
5335,2025,2.99,6,Medium
5336,2023,3.84,8,High
5336,2024,2.83,5,Medium
5336,2025,4.15,6,High
5337,2023,2.69,7,Medium
5337,2024,3.29,4,Medium
5337,2025,3.15,7,Medium
5338,2023,2.51,4,Medium
5338,2024,2.92,7,Medium
5338,2025,2.65,6,Medium
5339,2023,2.88,8,Medium
5339,2024,3.6,6,Medium
5339,2025,2.27,5,Low
5340,2023,2.19,5,Low
5340,2024,3.06,7,Medium
5340,2025,2.52,5,Medium
5341,2023,3.44,7,Medium
5341,2024,3.09,10,Medium
5341,2025,3.51,4,Medium
5342,2023,2.49,6,Low
5342,2024,3.39,7,Medium
5342,2025,4.49,5,High
5343,2023,3.61,8,Medium
5343,2024,3.58,3,Medium
5343,2025,3.75,7,High
5344,2023,3.22,3,Medium
5344,2024,3.24,6,Medium
5344,2025,2.9,5,Medium
5345,2023,3.54,5,Medium
5345,2024,4.62,6,High
5345,2025,3.74,6,High
5346,2023,2.4,7,Low
5346,2024,2.81,7,Medium
5346,2025,3.42,4,Medium
5347,2023,3.58,11,Medium
5347,2024,3.37,5,Medium
5347,2025,3.11,9,Medium
5348,2023,2.94,11,Medium
5348,2024,2.81,9,Medium
5348,2025,4.12,6,High
5349,2023,3.22,8,Medium
5349,2024,3.57,8,Medium
5349,2025,3.18,5,Medium
5350,2023,3.74,3,High
5350,2024,3.58,8,Medium
5350,2025,3.48,8,Medium
5351,2023,2.54,6,Medium
5351,2024,2.78,8,Medium
5351,2025,2.36,7,Low
5352,2023,2.58,9,Medium
5352,2024,3.11,1,Medium
5352,2025,2.9,12,Medium
5353,2023,3.06,5,Medium
5353,2024,3.64,5,Medium
5353,2025,3.42,10,Medium
5354,2023,3.56,5,Medium
5354,2024,2.87,9,Medium
5354,2025,2.94,10,Medium
5355,2023,3.0,8,Medium
5355,2024,2.96,9,Medium
5355,2025,2.38,8,Low
5356,2023,3.79,8,High
5356,2024,3.2,4,Medium
5356,2025,3.37,7,Medium
5357,2023,3.28,5,Medium
5357,2024,3.58,8,Medium
5357,2025,3.4,6,Medium
5358,2023,3.56,10,Medium
5358,2024,3.43,5,Medium
5358,2025,2.98,7,Medium
5359,2023,2.66,6,Medium
5359,2024,2.76,9,Medium
5359,2025,3.07,6,Medium
5360,2023,3.14,5,Medium
5360,2024,2.56,4,Medium
5360,2025,2.97,6,Medium
5361,2023,3.54,5,Medium
5361,2024,3.49,8,Medium
5361,2025,2.94,6,Medium
5362,2023,3.29,4,Medium
5362,2024,3.84,7,High
5362,2025,3.93,3,High
5363,2023,3.59,9,Medium
5363,2024,3.84,6,High
5363,2025,3.85,10,High
5364,2023,3.0,8,Medium
5364,2024,2.84,6,Medium
5364,2025,3.49,9,Medium
5365,2023,3.91,3,High
5365,2024,3.03,6,Medium
5365,2025,2.99,6,Medium
5366,2023,2.87,5,Medium
5366,2024,2.29,4,Low
5366,2025,2.34,7,Low
5367,2023,2.78,8,Medium
5367,2024,3.35,7,Medium
5367,2025,3.2,7,Medium
5368,2023,2.8,5,Medium
5368,2024,2.99,7,Medium
5368,2025,3.71,4,High
5369,2023,3.55,5,Medium
5369,2024,3.4,3,Medium
5369,2025,3.69,6,Medium
5370,2023,3.1,9,Medium
5370,2024,3.43,5,Medium
5370,2025,3.06,5,Medium
5371,2023,2.45,6,Low
5371,2024,3.17,6,Medium
5371,2025,3.26,6,Medium
5372,2023,2.88,5,Medium
5372,2024,3.6,3,Medium
5372,2025,3.12,6,Medium
5373,2023,3.71,9,High
5373,2024,2.85,6,Medium
5373,2025,3.96,5,High
5374,2023,3.85,6,High
5374,2024,4.37,5,High
5374,2025,4.16,7,High
5375,2023,2.24,5,Low
5375,2024,2.57,11,Medium
5375,2025,2.61,7,Medium
5376,2023,3.37,4,Medium
5376,2024,3.74,7,High
5376,2025,3.18,4,Medium
5377,2023,3.58,6,Medium
5377,2024,3.03,4,Medium
5377,2025,3.14,3,Medium
5378,2023,3.64,9,Medium
5378,2024,3.86,5,High
5378,2025,3.69,5,Medium
5379,2023,3.34,4,Medium
5379,2024,3.31,6,Medium
5379,2025,3.35,7,Medium
5380,2023,3.17,4,Medium
5380,2024,3.83,5,High
5380,2025,3.02,6,Medium
5381,2023,3.48,3,Medium
5381,2024,3.91,8,High
5381,2025,3.7,8,Medium
5382,2023,3.75,6,High
5382,2024,3.45,8,Medium
5382,2025,3.63,9,Medium
5383,2023,3.53,3,Medium
5383,2024,2.78,1,Medium
5383,2025,3.0,7,Medium
5384,2023,3.26,6,Medium
5384,2024,3.14,5,Medium
5384,2025,3.14,8,Medium
5385,2023,4.01,9,High
5385,2024,3.24,9,Medium
5385,2025,3.64,6,Medium
5386,2023,2.28,9,Low
5386,2024,4.08,5,High
5386,2025,2.81,4,Medium
5387,2023,4.37,6,High
5387,2024,3.39,6,Medium
5387,2025,3.14,8,Medium
5388,2023,3.72,7,High
5388,2024,2.84,4,Medium
5388,2025,3.35,6,Medium
5389,2023,2.77,7,Medium
5389,2024,4.54,7,High
5389,2025,3.03,5,Medium
5390,2023,3.95,8,High
5390,2024,3.78,7,High
5390,2025,3.92,3,High
5391,2023,3.25,6,Medium
5391,2024,3.61,7,Medium
5391,2025,4.38,7,High
5392,2023,3.27,9,Medium
5392,2024,3.04,8,Medium
5392,2025,2.9,10,Medium
5393,2023,3.55,9,Medium
5393,2024,3.27,5,Medium
5393,2025,3.21,5,Medium
5394,2023,3.66,7,Medium
5394,2024,3.29,9,Medium
5394,2025,3.64,3,Medium
5395,2023,2.7,8,Medium
5395,2024,3.59,8,Medium
5395,2025,2.51,6,Medium
5396,2023,2.82,7,Medium
5396,2024,3.9,5,High
5396,2025,2.82,8,Medium
5397,2023,3.19,6,Medium
5397,2024,3.33,7,Medium
5397,2025,3.8,5,High
5398,2023,2.73,9,Medium
5398,2024,3.62,7,Medium
5398,2025,2.76,5,Medium
5399,2023,4.38,4,High
5399,2024,3.43,7,Medium
5399,2025,2.35,3,Low
5400,2023,4.37,7,High
5400,2024,4.1,4,High
5400,2025,3.32,6,Medium
5401,2023,2.95,7,Medium
5401,2024,2.94,2,Medium
5401,2025,3.0,9,Medium
5402,2023,3.85,6,High
5402,2024,3.99,8,High
5402,2025,2.61,5,Medium
5403,2023,2.98,9,Medium
5403,2024,3.21,8,Medium
5403,2025,2.55,5,Medium
5404,2023,3.49,7,Medium
5404,2024,2.14,8,Low
5404,2025,2.81,5,Medium
5405,2023,3.45,8,Medium
5405,2024,3.0,6,Medium
5405,2025,2.62,10,Medium
5406,2023,3.6,5,Medium
5406,2024,2.9,8,Medium
5406,2025,3.84,7,High
5407,2023,2.51,7,Medium
5407,2024,3.62,7,Medium
5407,2025,3.54,7,Medium
5408,2023,4.38,12,High
5408,2024,3.2,8,Medium
5408,2025,3.55,9,Medium
5409,2023,2.52,3,Medium
5409,2024,3.74,8,High
5409,2025,3.0,5,Medium
5410,2023,3.74,6,High
5410,2024,3.59,8,Medium
5410,2025,3.02,9,Medium
5411,2023,3.45,12,Medium
5411,2024,3.41,5,Medium
5411,2025,3.44,6,Medium
5412,2023,3.45,10,Medium
5412,2024,2.96,7,Medium
5412,2025,3.53,4,Medium
5413,2023,3.46,4,Medium
5413,2024,2.61,8,Medium
5413,2025,3.98,7,High
5414,2023,2.12,7,Low
5414,2024,3.26,2,Medium
5414,2025,2.82,4,Medium
5415,2023,2.98,10,Medium
5415,2024,3.29,8,Medium
5415,2025,3.13,6,Medium
5416,2023,3.93,7,High
5416,2024,2.53,8,Medium
5416,2025,2.99,11,Medium
5417,2023,3.11,3,Medium
5417,2024,2.57,8,Medium
5417,2025,3.01,6,Medium
5418,2023,3.31,7,Medium
5418,2024,2.58,6,Medium
5418,2025,2.58,7,Medium
5419,2023,2.44,8,Low
5419,2024,2.54,6,Medium
5419,2025,3.4,7,Medium
5420,2023,3.18,8,Medium
5420,2024,2.9,7,Medium
5420,2025,2.6,6,Medium
5421,2023,3.14,7,Medium
5421,2024,3.21,9,Medium
5421,2025,2.54,5,Medium
5422,2023,3.19,8,Medium
5422,2024,2.65,7,Medium
5422,2025,2.68,8,Medium
5423,2023,3.54,8,Medium
5423,2024,3.84,5,High
5423,2025,2.84,7,Medium
5424,2023,2.69,10,Medium
5424,2024,2.72,7,Medium
5424,2025,2.35,7,Low
5425,2023,3.46,7,Medium
5425,2024,3.35,5,Medium
5425,2025,2.86,4,Medium
5426,2023,3.26,6,Medium
5426,2024,4.06,8,High
5426,2025,2.96,11,Medium
5427,2023,2.91,5,Medium
5427,2024,3.64,1,Medium
5427,2025,2.94,5,Medium
5428,2023,3.12,12,Medium
5428,2024,2.7,10,Medium
5428,2025,2.82,5,Medium
5429,2023,2.99,5,Medium
5429,2024,2.32,7,Low
5429,2025,3.71,8,High
5430,2023,3.75,7,High
5430,2024,3.35,9,Medium
5430,2025,3.08,8,Medium
5431,2023,2.17,10,Low
5431,2024,3.47,7,Medium
5431,2025,3.05,9,Medium
5432,2023,2.23,6,Low
5432,2024,3.46,6,Medium
5432,2025,3.36,7,Medium
5433,2023,3.9,7,High
5433,2024,4.19,4,High
5433,2025,3.23,3,Medium
5434,2023,3.81,8,High
5434,2024,3.32,12,Medium
5434,2025,3.15,9,Medium
5435,2023,2.87,8,Medium
5435,2024,3.6,7,Medium
5435,2025,3.35,7,Medium
5436,2023,3.39,6,Medium
5436,2024,3.7,7,Medium
5436,2025,3.3,6,Medium
5437,2023,2.79,5,Medium
5437,2024,2.99,9,Medium
5437,2025,3.31,7,Medium
5438,2023,3.02,5,Medium
5438,2024,3.28,7,Medium
5438,2025,3.0,5,Medium
5439,2023,3.38,8,Medium
5439,2024,3.33,8,Medium
5439,2025,3.49,6,Medium
5440,2023,2.64,5,Medium
5440,2024,3.81,4,High
5440,2025,4.3,7,High
5441,2023,3.79,7,High
5441,2024,3.4,7,Medium
5441,2025,4.03,4,High
5442,2023,3.76,5,High
5442,2024,3.46,8,Medium
5442,2025,2.07,8,Low
5443,2023,3.97,6,High
5443,2024,3.77,5,High
5443,2025,3.35,7,Medium
5444,2023,4.3,9,High
5444,2024,3.02,7,Medium
5444,2025,3.91,6,High
5445,2023,3.71,6,High
5445,2024,3.31,5,Medium
5445,2025,3.62,3,Medium
5446,2023,3.97,7,High
5446,2024,3.09,5,Medium
5446,2025,3.04,9,Medium
5447,2023,3.01,7,Medium
5447,2024,2.62,8,Medium
5447,2025,3.14,7,Medium
5448,2023,2.57,7,Medium
5448,2024,2.97,8,Medium
5448,2025,3.36,5,Medium
5449,2023,3.12,6,Medium
5449,2024,2.45,9,Low
5449,2025,3.01,8,Medium
5450,2023,3.41,3,Medium
5450,2024,2.79,3,Medium
5450,2025,3.34,4,Medium
5451,2023,3.13,4,Medium
5451,2024,4.08,7,High
5451,2025,3.42,7,Medium
5452,2023,3.52,6,Medium
5452,2024,3.35,7,Medium
5452,2025,3.88,7,High
5453,2023,3.79,7,High
5453,2024,3.43,8,Medium
5453,2025,3.2,9,Medium
5454,2023,2.96,8,Medium
5454,2024,2.89,4,Medium
5454,2025,3.09,9,Medium
5455,2023,2.48,9,Low
5455,2024,2.82,6,Medium
5455,2025,2.79,5,Medium
5456,2023,3.44,6,Medium
5456,2024,3.48,6,Medium
5456,2025,2.54,11,Medium
5457,2023,2.67,4,Medium
5457,2024,3.17,9,Medium
5457,2025,3.58,10,Medium
5458,2023,2.54,9,Medium
5458,2024,4.41,7,High
5458,2025,3.61,6,Medium
5459,2023,3.34,2,Medium
5459,2024,2.9,7,Medium
5459,2025,3.82,6,High
5460,2023,3.19,6,Medium
5460,2024,2.72,6,Medium
5460,2025,3.23,8,Medium
5461,2023,3.85,2,High
5461,2024,3.78,8,High
5461,2025,4.19,6,High
5462,2023,2.85,7,Medium
5462,2024,2.82,5,Medium
5462,2025,3.01,7,Medium
5463,2023,3.17,10,Medium
5463,2024,3.61,9,Medium
5463,2025,3.09,4,Medium
5464,2023,3.05,6,Medium
5464,2024,3.46,8,Medium
5464,2025,3.59,9,Medium
5465,2023,2.98,6,Medium
5465,2024,3.38,9,Medium
5465,2025,3.95,5,High
5466,2023,4.71,6,High
5466,2024,4.12,9,High
5466,2025,3.55,6,Medium
5467,2023,2.97,4,Medium
5467,2024,3.44,7,Medium
5467,2025,3.27,6,Medium
5468,2023,3.08,3,Medium
5468,2024,2.36,8,Low
5468,2025,3.25,7,Medium
5469,2023,3.54,4,Medium
5469,2024,3.25,8,Medium
5469,2025,3.76,7,High
5470,2023,3.8,9,High
5470,2024,2.93,7,Medium
5470,2025,3.68,6,Medium
5471,2023,4.01,7,High
5471,2024,3.66,6,Medium
5471,2025,3.77,7,High
5472,2023,2.8,7,Medium
5472,2024,2.93,5,Medium
5472,2025,3.23,6,Medium
5473,2023,3.22,8,Medium
5473,2024,2.6,7,Medium
5473,2025,3.22,4,Medium
5474,2023,3.39,9,Medium
5474,2024,2.83,5,Medium
5474,2025,3.55,2,Medium
5475,2023,3.1,9,Medium
5475,2024,3.54,3,Medium
5475,2025,3.1,5,Medium
5476,2023,3.15,5,Medium
5476,2024,3.18,4,Medium
5476,2025,3.32,3,Medium
5477,2023,2.29,6,Low
5477,2024,3.33,8,Medium
5477,2025,3.53,10,Medium
5478,2023,2.42,7,Low
5478,2024,3.69,6,Medium
5478,2025,3.84,7,High
5479,2023,1.96,9,Low
5479,2024,2.41,5,Low
5479,2025,3.83,6,High
5480,2023,2.83,11,Medium
5480,2024,2.6,7,Medium
5480,2025,3.35,8,Medium
5481,2023,2.99,3,Medium
5481,2024,3.54,4,Medium
5481,2025,4.17,10,High
5482,2023,2.69,7,Medium
5482,2024,3.52,2,Medium
5482,2025,2.92,6,Medium
5483,2023,3.94,8,High
5483,2024,3.48,4,Medium
5483,2025,3.68,5,Medium
5484,2023,2.95,6,Medium
5484,2024,3.67,6,Medium
5484,2025,2.53,6,Medium
5485,2023,3.5,8,Medium
5485,2024,3.82,10,High
5485,2025,3.68,7,Medium
5486,2023,4.27,6,High
5486,2024,3.4,5,Medium
5486,2025,3.82,6,High
5487,2023,4.38,7,High
5487,2024,4.04,6,High
5487,2025,3.91,7,High
5488,2023,3.65,8,Medium
5488,2024,2.79,8,Medium
5488,2025,2.51,8,Medium
5489,2023,3.54,10,Medium
5489,2024,2.91,4,Medium
5489,2025,3.5,6,Medium
5490,2023,2.98,7,Medium
5490,2024,2.98,5,Medium
5490,2025,2.63,5,Medium
5491,2023,2.81,9,Medium
5491,2024,4.55,8,High
5491,2025,3.34,7,Medium
5492,2023,3.54,7,Medium
5492,2024,4.12,8,High
5492,2025,4.07,8,High
5493,2023,3.25,5,Medium
5493,2024,3.37,7,Medium
5493,2025,3.26,7,Medium
5494,2023,3.0,6,Medium
5494,2024,3.2,4,Medium
5494,2025,3.22,3,Medium
5495,2023,3.55,7,Medium
5495,2024,2.82,5,Medium
5495,2025,2.78,7,Medium
5496,2023,2.8,7,Medium
5496,2024,3.59,7,Medium
5496,2025,3.14,6,Medium
5497,2023,4.19,7,High
5497,2024,3.56,4,Medium
5497,2025,3.92,5,High
5498,2023,3.95,7,High
5498,2024,3.39,5,Medium
5498,2025,3.53,5,Medium
5499,2023,3.01,10,Medium
5499,2024,3.01,7,Medium
5499,2025,3.24,7,Medium
5500,2023,3.31,7,Medium
5500,2024,2.93,7,Medium
5500,2025,3.08,8,Medium
5501,2023,3.25,9,Medium
5501,2024,4.02,9,High
5501,2025,3.24,6,Medium
5502,2023,4.02,7,High
5502,2024,3.15,7,Medium
5502,2025,3.7,12,Medium
5503,2023,3.39,8,Medium
5503,2024,3.28,8,Medium
5503,2025,3.35,6,Medium
5504,2023,3.38,4,Medium
5504,2024,2.68,8,Medium
5504,2025,2.91,9,Medium
5505,2023,4.1,7,High
5505,2024,4.02,4,High
5505,2025,3.35,7,Medium
5506,2023,3.39,8,Medium
5506,2024,3.88,4,High
5506,2025,3.16,9,Medium
5507,2023,4.21,7,High
5507,2024,4.32,9,High
5507,2025,3.91,3,High
5508,2023,3.1,5,Medium
5508,2024,2.69,7,Medium
5508,2025,2.58,11,Medium
5509,2023,3.82,9,High
5509,2024,3.62,4,Medium
5509,2025,3.91,4,High
5510,2023,3.34,7,Medium
5510,2024,4.02,5,High
5510,2025,3.41,3,Medium
5511,2023,2.72,6,Medium
5511,2024,2.87,8,Medium
5511,2025,3.8,6,High
5512,2023,3.42,7,Medium
5512,2024,3.44,6,Medium
5512,2025,2.72,7,Medium
5513,2023,3.04,6,Medium
5513,2024,4.22,4,High
5513,2025,3.64,7,Medium
5514,2023,3.83,5,High
5514,2024,3.15,6,Medium
5514,2025,3.04,6,Medium
5515,2023,3.36,4,Medium
5515,2024,3.63,7,Medium
5515,2025,3.14,5,Medium
5516,2023,3.39,5,Medium
5516,2024,3.55,6,Medium
5516,2025,2.68,11,Medium
5517,2023,3.4,7,Medium
5517,2024,2.63,10,Medium
5517,2025,3.58,5,Medium
5518,2023,3.37,8,Medium
5518,2024,3.03,5,Medium
5518,2025,3.03,7,Medium
5519,2023,2.61,4,Medium
5519,2024,2.76,7,Medium
5519,2025,3.06,8,Medium
5520,2023,3.72,7,High
5520,2024,2.15,7,Low
5520,2025,2.84,6,Medium
5521,2023,4.07,2,High
5521,2024,2.88,3,Medium
5521,2025,3.34,5,Medium
5522,2023,3.33,7,Medium
5522,2024,2.78,5,Medium
5522,2025,2.88,4,Medium
5523,2023,3.57,8,Medium
5523,2024,3.78,5,High
5523,2025,2.39,5,Low
5524,2023,3.97,7,High
5524,2024,2.62,5,Medium
5524,2025,3.89,6,High
5525,2023,4.15,7,High
5525,2024,3.79,7,High
5525,2025,3.6,9,Medium
5526,2023,3.99,3,High
5526,2024,3.09,2,Medium
5526,2025,3.44,7,Medium
5527,2023,3.0,9,Medium
5527,2024,3.94,6,High
5527,2025,3.31,6,Medium
5528,2023,3.95,5,High
5528,2024,2.63,8,Medium
5528,2025,3.44,6,Medium
5529,2023,2.72,6,Medium
5529,2024,2.69,6,Medium
5529,2025,3.44,4,Medium
5530,2023,2.99,7,Medium
5530,2024,3.45,2,Medium
5530,2025,4.42,8,High
5531,2023,3.41,7,Medium
5531,2024,2.82,7,Medium
5531,2025,3.95,5,High
5532,2023,2.89,8,Medium
5532,2024,3.02,6,Medium
5532,2025,2.47,8,Low
5533,2023,3.74,7,High
5533,2024,3.64,7,Medium
5533,2025,3.45,6,Medium
5534,2023,4.11,4,High
5534,2024,3.67,5,Medium
5534,2025,3.02,7,Medium
5535,2023,2.65,6,Medium
5535,2024,3.09,5,Medium
5535,2025,3.14,6,Medium
5536,2023,3.07,5,Medium
5536,2024,2.18,7,Low
5536,2025,3.24,9,Medium
5537,2023,2.81,10,Medium
5537,2024,3.84,6,High
5537,2025,2.88,7,Medium
5538,2023,3.75,2,High
5538,2024,3.39,6,Medium
5538,2025,2.9,5,Medium
5539,2023,3.66,7,Medium
5539,2024,4.08,3,High
5539,2025,3.59,5,Medium
5540,2023,2.62,3,Medium
5540,2024,2.9,5,Medium
5540,2025,2.92,10,Medium
5541,2023,3.3,4,Medium
5541,2024,2.87,4,Medium
5541,2025,4.5,6,High
5542,2023,2.97,4,Medium
5542,2024,2.52,8,Medium
5542,2025,2.72,4,Medium
5543,2023,3.28,3,Medium
5543,2024,2.19,7,Low
5543,2025,3.99,9,High
5544,2023,3.9,6,High
5544,2024,3.74,5,High
5544,2025,3.08,7,Medium
5545,2023,3.81,7,High
5545,2024,3.31,8,Medium
5545,2025,4.06,7,High
5546,2023,2.48,2,Low
5546,2024,3.03,6,Medium
5546,2025,2.96,5,Medium
5547,2023,3.08,6,Medium
5547,2024,3.88,1,High
5547,2025,4.18,5,High
5548,2023,3.44,3,Medium
5548,2024,3.1,7,Medium
5548,2025,3.22,6,Medium
5549,2023,3.35,7,Medium
5549,2024,2.69,8,Medium
5549,2025,3.19,5,Medium
5550,2023,3.38,6,Medium
5550,2024,2.67,7,Medium
5550,2025,4.44,10,High
5551,2023,3.62,10,Medium
5551,2024,2.99,7,Medium
5551,2025,3.24,5,Medium
5552,2023,3.33,11,Medium
5552,2024,3.22,9,Medium
5552,2025,3.02,9,Medium
5553,2023,4.32,9,High
5553,2024,3.5,6,Medium
5553,2025,4.0,4,High
5554,2023,3.57,6,Medium
5554,2024,3.51,7,Medium
5554,2025,2.95,6,Medium
5555,2023,2.86,5,Medium
5555,2024,2.45,11,Low
5555,2025,3.46,8,Medium
5556,2023,3.56,6,Medium
5556,2024,3.11,12,Medium
5556,2025,3.5,3,Medium
5557,2023,3.54,4,Medium
5557,2024,2.62,8,Medium
5557,2025,2.76,8,Medium
5558,2023,2.91,4,Medium
5558,2024,3.43,7,Medium
5558,2025,3.92,5,High
5559,2023,2.89,4,Medium
5559,2024,3.04,9,Medium
5559,2025,2.55,5,Medium
5560,2023,3.71,7,High
5560,2024,3.49,3,Medium
5560,2025,2.63,2,Medium
5561,2023,3.51,1,Medium
5561,2024,3.66,8,Medium
5561,2025,4.34,5,High
5562,2023,3.48,5,Medium
5562,2024,3.62,5,Medium
5562,2025,3.06,5,Medium
5563,2023,3.11,6,Medium
5563,2024,3.23,9,Medium
5563,2025,2.91,3,Medium
5564,2023,3.59,5,Medium
5564,2024,2.97,9,Medium
5564,2025,3.29,4,Medium
5565,2023,2.51,5,Medium
5565,2024,2.67,7,Medium
5565,2025,2.81,5,Medium
5566,2023,3.63,3,Medium
5566,2024,3.97,4,High
5566,2025,2.89,6,Medium
5567,2023,2.84,6,Medium
5567,2024,3.23,6,Medium
5567,2025,3.24,8,Medium
5568,2023,4.12,10,High
5568,2024,3.71,8,High
5568,2025,3.51,9,Medium
5569,2023,3.49,6,Medium
5569,2024,3.79,5,High
5569,2025,4.82,7,High
5570,2023,3.47,5,Medium
5570,2024,3.71,7,High
5570,2025,3.58,8,Medium
5571,2023,3.33,6,Medium
5571,2024,2.47,6,Low
5571,2025,3.12,6,Medium
5572,2023,3.14,5,Medium
5572,2024,3.35,5,Medium
5572,2025,3.45,6,Medium
5573,2023,3.62,6,Medium
5573,2024,2.19,2,Low
5573,2025,3.27,6,Medium
5574,2023,3.33,6,Medium
5574,2024,2.96,3,Medium
5574,2025,3.58,8,Medium
5575,2023,3.31,8,Medium
5575,2024,2.73,8,Medium
5575,2025,3.5,4,Medium
5576,2023,2.59,10,Medium
5576,2024,2.91,6,Medium
5576,2025,3.69,6,Medium
5577,2023,3.97,5,High
5577,2024,4.03,5,High
5577,2025,3.86,9,High
5578,2023,3.07,7,Medium
5578,2024,2.77,6,Medium
5578,2025,2.99,7,Medium
5579,2023,3.92,1,High
5579,2024,3.96,6,High
5579,2025,2.96,4,Medium
5580,2023,4.46,5,High
5580,2024,4.86,8,High
5580,2025,3.05,7,Medium
5581,2023,3.42,5,Medium
5581,2024,3.01,8,Medium
5581,2025,4.26,7,High
5582,2023,3.0,8,Medium
5582,2024,3.32,6,Medium
5582,2025,3.6,4,Medium
5583,2023,3.08,5,Medium
5583,2024,2.61,6,Medium
5583,2025,2.75,5,Medium
5584,2023,3.0,6,Medium
5584,2024,2.77,8,Medium
5584,2025,3.6,2,Medium
5585,2023,3.35,7,Medium
5585,2024,2.92,8,Medium
5585,2025,2.97,6,Medium
5586,2023,2.89,7,Medium
5586,2024,2.48,8,Low
5586,2025,3.11,6,Medium
5587,2023,3.32,7,Medium
5587,2024,2.47,5,Low
5587,2025,2.74,4,Medium
5588,2023,3.76,3,High
5588,2024,3.41,8,Medium
5588,2025,3.1,5,Medium
5589,2023,3.49,5,Medium
5589,2024,3.37,3,Medium
5589,2025,3.9,6,High
5590,2023,3.36,8,Medium
5590,2024,3.41,3,Medium
5590,2025,3.52,7,Medium
5591,2023,3.24,7,Medium
5591,2024,3.78,4,High
5591,2025,2.3,6,Low
5592,2023,3.42,6,Medium
5592,2024,2.99,6,Medium
5592,2025,3.86,9,High
5593,2023,3.18,9,Medium
5593,2024,4.33,6,High
5593,2025,3.88,8,High
5594,2023,3.78,5,High
5594,2024,3.08,4,Medium
5594,2025,2.87,6,Medium
5595,2023,3.66,7,Medium
5595,2024,3.42,7,Medium
5595,2025,3.43,5,Medium
5596,2023,3.71,9,High
5596,2024,2.66,7,Medium
5596,2025,3.34,7,Medium
5597,2023,3.61,5,Medium
5597,2024,2.94,8,Medium
5597,2025,3.92,5,High
5598,2023,2.72,9,Medium
5598,2024,3.29,5,Medium
5598,2025,3.1,8,Medium
5599,2023,2.25,11,Low
5599,2024,3.48,9,Medium
5599,2025,3.73,8,High
5600,2023,3.58,8,Medium
5600,2024,3.73,5,High
5600,2025,3.34,7,Medium
5601,2023,2.79,7,Medium
5601,2024,3.21,9,Medium
5601,2025,3.44,9,Medium
5602,2023,3.26,7,Medium
5602,2024,3.81,7,High
5602,2025,2.45,5,Low
5603,2023,4.71,6,High
5603,2024,3.16,9,Medium
5603,2025,3.91,6,High
5604,2023,3.29,4,Medium
5604,2024,2.9,7,Medium
5604,2025,3.23,7,Medium
5605,2023,3.2,7,Medium
5605,2024,4.28,6,High
5605,2025,2.78,5,Medium
5606,2023,3.15,6,Medium
5606,2024,2.76,7,Medium
5606,2025,3.38,9,Medium
5607,2023,2.68,8,Medium
5607,2024,3.27,7,Medium
5607,2025,2.69,7,Medium
5608,2023,3.16,5,Medium
5608,2024,2.71,6,Medium
5608,2025,3.21,6,Medium
5609,2023,2.81,9,Medium
5609,2024,4.27,4,High
5609,2025,3.29,7,Medium
5610,2023,2.52,5,Medium
5610,2024,4.12,8,High
5610,2025,3.14,5,Medium
5611,2023,4.35,8,High
5611,2024,3.36,8,Medium
5611,2025,2.97,6,Medium
5612,2023,3.26,6,Medium
5612,2024,3.52,6,Medium
5612,2025,2.76,6,Medium
5613,2023,3.49,5,Medium
5613,2024,3.47,8,Medium
5613,2025,2.92,10,Medium
5614,2023,2.41,8,Low
5614,2024,3.1,8,Medium
5614,2025,3.64,7,Medium
5615,2023,3.15,7,Medium
5615,2024,3.57,6,Medium
5615,2025,3.22,8,Medium
5616,2023,3.54,7,Medium
5616,2024,4.05,8,High
5616,2025,3.46,10,Medium
5617,2023,3.28,7,Medium
5617,2024,2.31,7,Low
5617,2025,2.65,5,Medium
5618,2023,2.47,8,Low
5618,2024,3.27,5,Medium
5618,2025,2.75,8,Medium
5619,2023,3.75,8,High
5619,2024,3.03,8,Medium
5619,2025,3.15,8,Medium
5620,2023,4.01,6,High
5620,2024,3.67,4,Medium
5620,2025,3.48,8,Medium
5621,2023,3.17,8,Medium
5621,2024,3.4,4,Medium
5621,2025,2.62,10,Medium
5622,2023,3.14,7,Medium
5622,2024,3.76,7,High
5622,2025,2.91,4,Medium
5623,2023,4.03,4,High
5623,2024,3.42,9,Medium
5623,2025,3.48,8,Medium
5624,2023,3.81,10,High
5624,2024,3.49,9,Medium
5624,2025,2.77,4,Medium
5625,2023,3.01,5,Medium
5625,2024,3.2,4,Medium
5625,2025,3.47,3,Medium
5626,2023,2.9,7,Medium
5626,2024,3.04,3,Medium
5626,2025,2.84,7,Medium
5627,2023,3.38,9,Medium
5627,2024,3.33,6,Medium
5627,2025,3.05,9,Medium
5628,2023,3.17,8,Medium
5628,2024,2.16,6,Low
5628,2025,2.94,8,Medium
5629,2023,3.62,9,Medium
5629,2024,3.59,12,Medium
5629,2025,3.91,7,High
5630,2023,3.89,7,High
5630,2024,3.54,10,Medium
5630,2025,2.87,7,Medium
5631,2023,3.23,8,Medium
5631,2024,3.24,7,Medium
5631,2025,4.02,8,High
5632,2023,3.54,3,Medium
5632,2024,2.65,9,Medium
5632,2025,4.14,6,High
5633,2023,3.38,10,Medium
5633,2024,3.17,4,Medium
5633,2025,3.19,9,Medium
5634,2023,2.8,8,Medium
5634,2024,3.1,8,Medium
5634,2025,4.26,8,High
5635,2023,3.93,4,High
5635,2024,3.54,8,Medium
5635,2025,4.0,8,High
5636,2023,2.94,7,Medium
5636,2024,3.32,5,Medium
5636,2025,3.39,5,Medium
5637,2023,3.84,5,High
5637,2024,3.46,5,Medium
5637,2025,2.46,8,Low
5638,2023,3.91,6,High
5638,2024,3.21,7,Medium
5638,2025,3.02,9,Medium
5639,2023,2.46,7,Low
5639,2024,2.89,8,Medium
5639,2025,3.8,8,High
5640,2023,2.82,9,Medium
5640,2024,2.63,9,Medium
5640,2025,3.22,8,Medium
5641,2023,3.1,8,Medium
5641,2024,2.95,8,Medium
5641,2025,2.18,8,Low
5642,2023,3.18,1,Medium
5642,2024,2.87,5,Medium
5642,2025,3.61,9,Medium
5643,2023,2.8,7,Medium
5643,2024,2.73,9,Medium
5643,2025,4.02,7,High
5644,2023,2.94,7,Medium
5644,2024,3.52,5,Medium
5644,2025,2.45,7,Low
5645,2023,3.52,8,Medium
5645,2024,3.69,4,Medium
5645,2025,3.07,4,Medium
5646,2023,3.04,8,Medium
5646,2024,3.08,9,Medium
5646,2025,3.32,6,Medium
5647,2023,3.58,5,Medium
5647,2024,3.5,5,Medium
5647,2025,3.36,7,Medium
5648,2023,2.96,6,Medium
5648,2024,2.66,9,Medium
5648,2025,4.22,6,High
5649,2023,3.62,4,Medium
5649,2024,2.94,5,Medium
5649,2025,4.22,7,High
5650,2023,2.52,7,Medium
5650,2024,3.08,6,Medium
5650,2025,2.95,6,Medium
5651,2023,3.64,6,Medium
5651,2024,3.23,10,Medium
5651,2025,3.12,3,Medium
5652,2023,3.69,5,Medium
5652,2024,2.85,5,Medium
5652,2025,2.97,5,Medium
5653,2023,3.24,7,Medium
5653,2024,3.36,5,Medium
5653,2025,2.47,4,Low
5654,2023,3.56,5,Medium
5654,2024,3.24,7,Medium
5654,2025,4.42,7,High
5655,2023,2.68,7,Medium
5655,2024,3.14,5,Medium
5655,2025,2.71,5,Medium
5656,2023,3.54,7,Medium
5656,2024,3.85,8,High
5656,2025,4.04,7,High
5657,2023,4.13,3,High
5657,2024,3.39,10,Medium
5657,2025,3.69,7,Medium
5658,2023,2.86,6,Medium
5658,2024,3.9,5,High
5658,2025,3.23,11,Medium
5659,2023,4.1,8,High
5659,2024,3.4,9,Medium
5659,2025,3.65,6,Medium
5660,2023,3.19,6,Medium
5660,2024,3.55,4,Medium
5660,2025,3.8,9,High
5661,2023,3.32,10,Medium
5661,2024,3.17,3,Medium
5661,2025,3.37,6,Medium
5662,2023,3.23,10,Medium
5662,2024,3.63,5,Medium
5662,2025,4.3,5,High
5663,2023,2.26,7,Low
5663,2024,2.49,9,Low
5663,2025,3.11,8,Medium
5664,2023,3.33,7,Medium
5664,2024,2.48,11,Low
5664,2025,3.57,6,Medium
5665,2023,3.71,4,High
5665,2024,3.97,7,High
5665,2025,3.47,6,Medium
5666,2023,3.67,6,Medium
5666,2024,3.48,7,Medium
5666,2025,3.79,8,High
5667,2023,3.21,5,Medium
5667,2024,3.8,5,High
5667,2025,3.25,2,Medium
5668,2023,3.63,5,Medium
5668,2024,2.35,9,Low
5668,2025,3.51,6,Medium
5669,2023,3.76,6,High
5669,2024,3.69,7,Medium
5669,2025,3.89,6,High
5670,2023,3.44,11,Medium
5670,2024,2.77,5,Medium
5670,2025,3.79,8,High
5671,2023,2.34,9,Low
5671,2024,3.24,6,Medium
5671,2025,1.86,9,Low
5672,2023,3.74,5,High
5672,2024,2.78,5,Medium
5672,2025,3.86,8,High
5673,2023,2.44,6,Low
5673,2024,4.13,9,High
5673,2025,3.23,9,Medium
5674,2023,2.88,5,Medium
5674,2024,2.96,5,Medium
5674,2025,3.72,4,High
5675,2023,2.71,9,Medium
5675,2024,3.76,6,High
5675,2025,3.89,9,High
5676,2023,3.63,9,Medium
5676,2024,3.48,8,Medium
5676,2025,3.61,3,Medium
5677,2023,2.91,9,Medium
5677,2024,2.61,7,Medium
5677,2025,3.36,5,Medium
5678,2023,3.77,6,High
5678,2024,3.36,4,Medium
5678,2025,3.32,6,Medium
5679,2023,3.66,3,Medium
5679,2024,3.5,7,Medium
5679,2025,3.04,8,Medium
5680,2023,2.53,10,Medium
5680,2024,3.36,4,Medium
5680,2025,3.22,3,Medium
5681,2023,2.74,3,Medium
5681,2024,3.78,6,High
5681,2025,2.68,5,Medium
5682,2023,2.74,5,Medium
5682,2024,3.51,9,Medium
5682,2025,3.49,7,Medium
5683,2023,2.61,6,Medium
5683,2024,3.4,8,Medium
5683,2025,3.12,4,Medium
5684,2023,4.28,5,High
5684,2024,4.26,5,High
5684,2025,3.14,6,Medium
5685,2023,3.37,9,Medium
5685,2024,3.68,7,Medium
5685,2025,4.13,8,High
5686,2023,3.38,8,Medium
5686,2024,2.6,5,Medium
5686,2025,3.59,4,Medium
5687,2023,2.95,9,Medium
5687,2024,2.54,6,Medium
5687,2025,3.81,9,High
5688,2023,4.23,8,High
5688,2024,3.14,6,Medium
5688,2025,3.96,12,High
5689,2023,4.04,6,High
5689,2024,3.91,3,High
5689,2025,3.18,6,Medium
5690,2023,2.98,6,Medium
5690,2024,3.24,5,Medium
5690,2025,3.18,7,Medium
5691,2023,1.86,5,Low
5691,2024,3.27,11,Medium
5691,2025,2.52,6,Medium
5692,2023,3.28,5,Medium
5692,2024,3.82,8,High
5692,2025,3.86,7,High
5693,2023,3.62,4,Medium
5693,2024,3.72,8,High
5693,2025,3.7,4,Medium
5694,2023,3.58,7,Medium
5694,2024,3.0,4,Medium
5694,2025,2.99,8,Medium
5695,2023,2.33,8,Low
5695,2024,3.0,7,Medium
5695,2025,2.37,6,Low
5696,2023,3.01,6,Medium
5696,2024,4.15,4,High
5696,2025,2.98,8,Medium
5697,2023,3.81,7,High
5697,2024,2.84,4,Medium
5697,2025,4.32,8,High
5698,2023,4.1,9,High
5698,2024,2.74,6,Medium
5698,2025,3.96,5,High
5699,2023,3.12,6,Medium
5699,2024,2.95,5,Medium
5699,2025,3.27,6,Medium
5700,2023,3.04,6,Medium
5700,2024,3.72,6,High
5700,2025,2.97,6,Medium
5701,2023,3.53,7,Medium
5701,2024,3.4,6,Medium
5701,2025,3.0,5,Medium
5702,2023,2.63,7,Medium
5702,2024,3.51,7,Medium
5702,2025,4.17,8,High
5703,2023,3.3,5,Medium
5703,2024,3.01,6,Medium
5703,2025,3.39,9,Medium
5704,2023,3.94,7,High
5704,2024,3.24,4,Medium
5704,2025,3.01,10,Medium
5705,2023,2.95,6,Medium
5705,2024,3.03,8,Medium
5705,2025,3.05,8,Medium
5706,2023,3.58,8,Medium
5706,2024,3.45,8,Medium
5706,2025,3.16,9,Medium
5707,2023,2.64,5,Medium
5707,2024,2.42,8,Low
5707,2025,3.39,4,Medium
5708,2023,3.42,4,Medium
5708,2024,3.8,5,High
5708,2025,4.24,6,High
5709,2023,3.17,7,Medium
5709,2024,3.03,5,Medium
5709,2025,2.67,7,Medium
5710,2023,3.63,6,Medium
5710,2024,2.88,7,Medium
5710,2025,3.01,2,Medium
5711,2023,3.78,4,High
5711,2024,2.88,7,Medium
5711,2025,3.01,6,Medium
5712,2023,2.86,11,Medium
5712,2024,2.57,11,Medium
5712,2025,2.42,2,Low
5713,2023,3.18,4,Medium
5713,2024,3.28,4,Medium
5713,2025,3.35,4,Medium
5714,2023,3.76,6,High
5714,2024,3.81,8,High
5714,2025,3.22,7,Medium
5715,2023,3.57,8,Medium
5715,2024,3.8,4,High
5715,2025,3.53,5,Medium
5716,2023,3.55,6,Medium
5716,2024,2.71,6,Medium
5716,2025,3.17,3,Medium
5717,2023,4.29,3,High
5717,2024,3.07,6,Medium
5717,2025,3.04,6,Medium
5718,2023,3.01,6,Medium
5718,2024,3.38,6,Medium
5718,2025,2.11,5,Low
5719,2023,2.64,7,Medium
5719,2024,4.13,4,High
5719,2025,4.03,8,High
5720,2023,3.77,5,High
5720,2024,3.85,6,High
5720,2025,3.37,6,Medium
5721,2023,3.05,6,Medium
5721,2024,2.99,7,Medium
5721,2025,2.7,8,Medium
5722,2023,2.58,6,Medium
5722,2024,3.24,6,Medium
5722,2025,2.61,8,Medium
5723,2023,3.07,5,Medium
5723,2024,3.35,5,Medium
5723,2025,2.7,7,Medium
5724,2023,3.77,8,High
5724,2024,2.79,8,Medium
5724,2025,3.13,7,Medium
5725,2023,3.31,5,Medium
5725,2024,3.68,9,Medium
5725,2025,3.64,5,Medium
5726,2023,3.57,7,Medium
5726,2024,2.69,4,Medium
5726,2025,2.81,10,Medium
5727,2023,3.12,5,Medium
5727,2024,3.9,7,High
5727,2025,3.35,3,Medium
5728,2023,2.67,11,Medium
5728,2024,2.55,9,Medium
5728,2025,3.88,8,High
5729,2023,1.96,5,Low
5729,2024,4.1,8,High
5729,2025,3.55,5,Medium
5730,2023,2.71,8,Medium
5730,2024,2.97,3,Medium
5730,2025,3.14,5,Medium
5731,2023,3.1,4,Medium
5731,2024,2.94,7,Medium
5731,2025,3.02,3,Medium
5732,2023,4.25,8,High
5732,2024,4.19,8,High
5732,2025,4.13,6,High
5733,2023,3.53,7,Medium
5733,2024,2.71,8,Medium
5733,2025,2.74,5,Medium
5734,2023,3.38,6,Medium
5734,2024,3.4,6,Medium
5734,2025,3.16,5,Medium
5735,2023,3.55,7,Medium
5735,2024,3.6,9,Medium
5735,2025,2.73,7,Medium
5736,2023,3.9,6,High
5736,2024,3.49,9,Medium
5736,2025,3.69,7,Medium
5737,2023,3.63,5,Medium
5737,2024,3.49,9,Medium
5737,2025,3.39,5,Medium
5738,2023,3.56,6,Medium
5738,2024,2.93,4,Medium
5738,2025,3.55,9,Medium
5739,2023,3.19,8,Medium
5739,2024,3.46,9,Medium
5739,2025,2.84,7,Medium
5740,2023,3.72,2,High
5740,2024,3.02,9,Medium
5740,2025,2.84,8,Medium
5741,2023,3.17,6,Medium
5741,2024,3.14,7,Medium
5741,2025,2.17,6,Low
5742,2023,3.23,7,Medium
5742,2024,3.74,7,High
5742,2025,3.22,8,Medium
5743,2023,3.25,10,Medium
5743,2024,3.36,5,Medium
5743,2025,3.5,8,Medium
5744,2023,3.93,4,High
5744,2024,3.77,5,High
5744,2025,3.05,3,Medium
5745,2023,3.62,8,Medium
5745,2024,4.05,5,High
5745,2025,3.74,7,High
5746,2023,2.73,8,Medium
5746,2024,3.32,7,Medium
5746,2025,3.11,5,Medium
5747,2023,3.44,3,Medium
5747,2024,3.56,5,Medium
5747,2025,3.36,8,Medium
5748,2023,3.24,9,Medium
5748,2024,4.06,5,High
5748,2025,3.21,9,Medium
5749,2023,3.64,11,Medium
5749,2024,2.84,10,Medium
5749,2025,4.1,6,High
5750,2023,2.93,8,Medium
5750,2024,2.73,6,Medium
5750,2025,2.47,9,Low
5751,2023,3.02,4,Medium
5751,2024,3.72,9,High
5751,2025,3.43,2,Medium
5752,2023,3.36,9,Medium
5752,2024,3.17,5,Medium
5752,2025,4.08,5,High
5753,2023,3.06,5,Medium
5753,2024,3.52,3,Medium
5753,2025,3.39,7,Medium
5754,2023,4.16,5,High
5754,2024,3.38,6,Medium
5754,2025,4.52,8,High
5755,2023,3.23,5,Medium
5755,2024,2.52,5,Medium
5755,2025,3.56,6,Medium
5756,2023,3.77,4,High
5756,2024,3.2,5,Medium
5756,2025,3.49,5,Medium
5757,2023,4.23,7,High
5757,2024,3.6,8,Medium
5757,2025,2.6,6,Medium
5758,2023,2.67,6,Medium
5758,2024,3.1,6,Medium
5758,2025,2.99,6,Medium
5759,2023,2.74,9,Medium
5759,2024,3.66,2,Medium
5759,2025,2.95,2,Medium
5760,2023,4.4,5,High
5760,2024,3.33,5,Medium
5760,2025,3.77,5,High
5761,2023,3.84,9,High
5761,2024,3.46,8,Medium
5761,2025,3.31,9,Medium
5762,2023,3.56,5,Medium
5762,2024,3.61,3,Medium
5762,2025,3.3,8,Medium
5763,2023,3.68,7,Medium
5763,2024,3.94,6,High
5763,2025,3.39,7,Medium
5764,2023,3.09,8,Medium
5764,2024,4.33,9,High
5764,2025,3.46,6,Medium
5765,2023,2.71,8,Medium
5765,2024,3.33,10,Medium
5765,2025,2.35,7,Low
5766,2023,3.37,5,Medium
5766,2024,3.0,6,Medium
5766,2025,2.23,6,Low
5767,2023,3.13,6,Medium
5767,2024,2.68,9,Medium
5767,2025,3.2,7,Medium
5768,2023,2.96,6,Medium
5768,2024,2.7,5,Medium
5768,2025,3.32,5,Medium
5769,2023,2.78,6,Medium
5769,2024,3.07,9,Medium
5769,2025,3.49,9,Medium
5770,2023,3.63,4,Medium
5770,2024,3.43,5,Medium
5770,2025,3.26,9,Medium
5771,2023,2.69,4,Medium
5771,2024,3.37,4,Medium
5771,2025,3.17,6,Medium
5772,2023,3.73,6,High
5772,2024,2.66,10,Medium
5772,2025,3.58,5,Medium
5773,2023,3.64,5,Medium
5773,2024,3.51,7,Medium
5773,2025,3.71,8,High
5774,2023,3.2,6,Medium
5774,2024,3.11,7,Medium
5774,2025,2.57,8,Medium
5775,2023,2.79,5,Medium
5775,2024,3.23,8,Medium
5775,2025,3.14,4,Medium
5776,2023,2.73,6,Medium
5776,2024,3.49,5,Medium
5776,2025,3.12,6,Medium
5777,2023,3.62,10,Medium
5777,2024,4.09,9,High
5777,2025,3.59,9,Medium
5778,2023,2.91,4,Medium
5778,2024,2.3,9,Low
5778,2025,2.56,6,Medium
5779,2023,2.7,9,Medium
5779,2024,2.6,6,Medium
5779,2025,3.27,5,Medium
5780,2023,2.61,9,Medium
5780,2024,3.57,6,Medium
5780,2025,3.63,4,Medium
5781,2023,3.55,4,Medium
5781,2024,3.69,7,Medium
5781,2025,3.6,5,Medium
5782,2023,3.37,6,Medium
5782,2024,2.72,11,Medium
5782,2025,2.83,5,Medium
5783,2023,4.63,7,High
5783,2024,3.71,2,High
5783,2025,3.76,3,High
5784,2023,2.39,5,Low
5784,2024,3.63,6,Medium
5784,2025,2.24,5,Low
5785,2023,2.67,5,Medium
5785,2024,3.82,10,High
5785,2025,4.15,4,High
5786,2023,3.09,7,Medium
5786,2024,3.11,4,Medium
5786,2025,3.4,5,Medium
5787,2023,1.97,6,Low
5787,2024,3.18,5,Medium
5787,2025,3.34,10,Medium
5788,2023,3.32,6,Medium
5788,2024,2.6,6,Medium
5788,2025,3.3,6,Medium
5789,2023,3.69,9,Medium
5789,2024,3.45,4,Medium
5789,2025,3.07,6,Medium
5790,2023,3.05,9,Medium
5790,2024,2.94,5,Medium
5790,2025,3.47,8,Medium
5791,2023,3.43,6,Medium
5791,2024,2.48,9,Low
5791,2025,2.97,9,Medium
5792,2023,3.24,5,Medium
5792,2024,3.96,6,High
5792,2025,3.94,3,High
5793,2023,2.74,5,Medium
5793,2024,3.33,5,Medium
5793,2025,3.4,4,Medium
5794,2023,3.05,7,Medium
5794,2024,3.12,5,Medium
5794,2025,3.71,7,High
5795,2023,3.22,4,Medium
5795,2024,3.99,7,High
5795,2025,3.94,8,High
5796,2023,3.21,6,Medium
5796,2024,2.73,2,Medium
5796,2025,3.33,7,Medium
5797,2023,3.43,8,Medium
5797,2024,2.55,6,Medium
5797,2025,3.57,4,Medium
5798,2023,2.8,9,Medium
5798,2024,3.32,7,Medium
5798,2025,3.71,8,High
5799,2023,2.27,8,Low
5799,2024,2.62,6,Medium
5799,2025,2.55,6,Medium
5800,2023,2.85,4,Medium
5800,2024,3.36,6,Medium
5800,2025,3.1,6,Medium
5801,2023,2.95,5,Medium
5801,2024,2.9,7,Medium
5801,2025,2.54,6,Medium
5802,2023,3.37,6,Medium
5802,2024,2.77,7,Medium
5802,2025,2.51,7,Medium
5803,2023,2.75,10,Medium
5803,2024,3.08,9,Medium
5803,2025,2.82,5,Medium
5804,2023,3.83,7,High
5804,2024,3.58,8,Medium
5804,2025,3.3,9,Medium
5805,2023,2.91,5,Medium
5805,2024,3.92,7,High
5805,2025,3.74,6,High
5806,2023,2.36,4,Low
5806,2024,3.67,8,Medium
5806,2025,3.53,8,Medium
5807,2023,3.29,7,Medium
5807,2024,3.4,6,Medium
5807,2025,3.21,7,Medium
5808,2023,4.11,5,High
5808,2024,3.34,5,Medium
5808,2025,2.08,4,Low
5809,2023,3.86,7,High
5809,2024,4.08,7,High
5809,2025,3.64,7,Medium
5810,2023,2.82,5,Medium
5810,2024,3.55,2,Medium
5810,2025,3.2,6,Medium
5811,2023,2.74,8,Medium
5811,2024,3.48,3,Medium
5811,2025,3.08,3,Medium
5812,2023,3.12,5,Medium
5812,2024,2.67,4,Medium
5812,2025,3.82,9,High
5813,2023,2.21,9,Low
5813,2024,4.08,7,High
5813,2025,4.15,7,High
5814,2023,2.77,7,Medium
5814,2024,2.78,5,Medium
5814,2025,3.4,8,Medium
5815,2023,3.67,8,Medium
5815,2024,2.69,8,Medium
5815,2025,2.87,8,Medium
5816,2023,4.15,4,High
5816,2024,3.75,7,High
5816,2025,3.37,7,Medium
5817,2023,3.34,7,Medium
5817,2024,4.24,6,High
5817,2025,3.32,5,Medium
5818,2023,2.92,3,Medium
5818,2024,3.42,7,Medium
5818,2025,3.6,3,Medium
5819,2023,2.65,4,Medium
5819,2024,3.18,8,Medium
5819,2025,3.08,7,Medium
5820,2023,3.29,7,Medium
5820,2024,3.64,8,Medium
5820,2025,3.23,10,Medium
5821,2023,3.83,8,High
5821,2024,3.12,5,Medium
5821,2025,3.5,8,Medium
5822,2023,2.84,6,Medium
5822,2024,2.79,4,Medium
5822,2025,3.65,10,Medium
5823,2023,3.26,8,Medium
5823,2024,3.55,4,Medium
5823,2025,3.19,8,Medium
5824,2023,2.69,8,Medium
5824,2024,4.12,6,High
5824,2025,2.68,5,Medium
5825,2023,2.95,7,Medium
5825,2024,4.08,3,High
5825,2025,3.01,10,Medium
5826,2023,3.32,1,Medium
5826,2024,3.31,8,Medium
5826,2025,2.62,5,Medium
5827,2023,2.73,5,Medium
5827,2024,3.44,6,Medium
5827,2025,2.8,6,Medium
5828,2023,2.49,9,Low
5828,2024,2.82,6,Medium
5828,2025,3.68,11,Medium
5829,2023,3.38,7,Medium
5829,2024,4.43,7,High
5829,2025,2.81,6,Medium
5830,2023,3.3,4,Medium
5830,2024,3.05,5,Medium
5830,2025,3.19,8,Medium
5831,2023,2.4,6,Low
5831,2024,2.7,6,Medium
5831,2025,3.61,8,Medium
5832,2023,2.98,6,Medium
5832,2024,3.61,2,Medium
5832,2025,2.93,5,Medium
5833,2023,3.51,7,Medium
5833,2024,3.07,7,Medium
5833,2025,3.2,4,Medium
5834,2023,2.85,8,Medium
5834,2024,3.35,7,Medium
5834,2025,4.09,8,High
5835,2023,3.52,5,Medium
5835,2024,4.17,9,High
5835,2025,3.74,8,High
5836,2023,3.15,6,Medium
5836,2024,2.62,7,Medium
5836,2025,2.88,8,Medium
5837,2023,3.69,10,Medium
5837,2024,2.7,7,Medium
5837,2025,3.16,8,Medium
5838,2023,3.4,8,Medium
5838,2024,3.19,7,Medium
5838,2025,4.41,8,High
5839,2023,3.72,9,High
5839,2024,3.46,4,Medium
5839,2025,3.21,8,Medium
5840,2023,2.85,8,Medium
5840,2024,2.89,6,Medium
5840,2025,3.27,11,Medium
5841,2023,4.55,5,High
5841,2024,3.21,9,Medium
5841,2025,3.32,10,Medium
5842,2023,2.98,6,Medium
5842,2024,2.94,10,Medium
5842,2025,2.4,5,Low
5843,2023,2.96,2,Medium
5843,2024,3.04,5,Medium
5843,2025,4.02,6,High
5844,2023,2.52,8,Medium
5844,2024,3.13,9,Medium
5844,2025,3.4,6,Medium
5845,2023,3.39,9,Medium
5845,2024,2.8,4,Medium
5845,2025,3.24,9,Medium
5846,2023,2.06,7,Low
5846,2024,3.76,6,High
5846,2025,3.5,5,Medium
5847,2023,2.6,4,Medium
5847,2024,3.57,4,Medium
5847,2025,3.0,7,Medium
5848,2023,3.6,6,Medium
5848,2024,3.46,5,Medium
5848,2025,3.26,5,Medium
5849,2023,2.79,5,Medium
5849,2024,3.67,11,Medium
5849,2025,3.04,4,Medium
5850,2023,3.17,3,Medium
5850,2024,3.32,5,Medium
5850,2025,3.59,7,Medium
5851,2023,3.53,5,Medium
5851,2024,3.86,7,High
5851,2025,3.63,7,Medium
5852,2023,3.53,8,Medium
5852,2024,3.63,7,Medium
5852,2025,3.75,6,High
5853,2023,3.0,9,Medium
5853,2024,3.49,4,Medium
5853,2025,3.03,3,Medium
5854,2023,3.09,6,Medium
5854,2024,3.37,7,Medium
5854,2025,3.35,7,Medium
5855,2023,2.91,6,Medium
5855,2024,2.89,7,Medium
5855,2025,2.54,7,Medium
5856,2023,2.68,6,Medium
5856,2024,2.2,7,Low
5856,2025,2.8,5,Medium
5857,2023,3.34,6,Medium
5857,2024,3.34,10,Medium
5857,2025,3.8,6,High
5858,2023,3.51,10,Medium
5858,2024,2.94,9,Medium
5858,2025,2.89,9,Medium
5859,2023,3.8,6,High
5859,2024,3.06,5,Medium
5859,2025,2.92,7,Medium
5860,2023,3.2,5,Medium
5860,2024,3.53,7,Medium
5860,2025,3.36,8,Medium
5861,2023,3.28,9,Medium
5861,2024,3.06,4,Medium
5861,2025,2.91,4,Medium
5862,2023,4.19,4,High
5862,2024,2.04,3,Low
5862,2025,2.93,10,Medium
5863,2023,3.17,6,Medium
5863,2024,2.87,8,Medium
5863,2025,2.64,5,Medium
5864,2023,3.12,7,Medium
5864,2024,3.17,6,Medium
5864,2025,3.76,3,High
5865,2023,3.24,10,Medium
5865,2024,3.12,8,Medium
5865,2025,3.44,3,Medium
5866,2023,2.3,5,Low
5866,2024,2.88,9,Medium
5866,2025,2.7,8,Medium
5867,2023,3.28,6,Medium
5867,2024,2.89,11,Medium
5867,2025,3.81,7,High
5868,2023,2.67,4,Medium
5868,2024,2.45,8,Low
5868,2025,2.88,4,Medium
5869,2023,2.89,7,Medium
5869,2024,3.22,7,Medium
5869,2025,3.69,4,Medium
5870,2023,3.09,6,Medium
5870,2024,3.32,12,Medium
5870,2025,2.78,4,Medium
5871,2023,2.49,2,Low
5871,2024,3.31,7,Medium
5871,2025,3.81,8,High
5872,2023,3.09,7,Medium
5872,2024,3.15,6,Medium
5872,2025,3.67,6,Medium
5873,2023,3.38,9,Medium
5873,2024,2.88,7,Medium
5873,2025,3.63,6,Medium
5874,2023,3.24,7,Medium
5874,2024,3.69,7,Medium
5874,2025,3.12,7,Medium
5875,2023,3.43,6,Medium
5875,2024,3.65,4,Medium
5875,2025,3.21,5,Medium
5876,2023,3.01,3,Medium
5876,2024,3.15,6,Medium
5876,2025,3.21,9,Medium
5877,2023,3.37,9,Medium
5877,2024,4.38,5,High
5877,2025,3.66,10,Medium
5878,2023,3.65,8,Medium
5878,2024,2.85,10,Medium
5878,2025,3.58,4,Medium
5879,2023,2.58,5,Medium
5879,2024,3.54,4,Medium
5879,2025,3.2,9,Medium
5880,2023,3.35,9,Medium
5880,2024,3.59,2,Medium
5880,2025,3.98,7,High
5881,2023,3.39,9,Medium
5881,2024,3.23,5,Medium
5881,2025,3.66,4,Medium
5882,2023,3.44,7,Medium
5882,2024,4.04,5,High
5882,2025,4.13,9,High
5883,2023,2.79,4,Medium
5883,2024,3.3,8,Medium
5883,2025,4.55,6,High
5884,2023,3.7,6,Medium
5884,2024,3.82,8,High
5884,2025,3.58,5,Medium
5885,2023,3.58,4,Medium
5885,2024,2.39,5,Low
5885,2025,3.71,5,High
5886,2023,4.15,8,High
5886,2024,2.94,5,Medium
5886,2025,3.1,8,Medium
5887,2023,3.05,9,Medium
5887,2024,2.35,7,Low
5887,2025,2.91,9,Medium
5888,2023,2.91,7,Medium
5888,2024,3.66,8,Medium
5888,2025,3.53,4,Medium
5889,2023,3.3,8,Medium
5889,2024,3.24,7,Medium
5889,2025,3.49,9,Medium
5890,2023,3.77,8,High
5890,2024,3.04,7,Medium
5890,2025,3.32,4,Medium
5891,2023,3.92,7,High
5891,2024,2.93,7,Medium
5891,2025,3.77,4,High
5892,2023,2.98,5,Medium
5892,2024,3.92,5,High
5892,2025,1.91,7,Low
5893,2023,3.12,5,Medium
5893,2024,3.55,6,Medium
5893,2025,3.55,8,Medium
5894,2023,4.01,7,High
5894,2024,3.58,7,Medium
5894,2025,4.23,8,High
5895,2023,3.45,8,Medium
5895,2024,2.65,7,Medium
5895,2025,3.63,6,Medium
5896,2023,3.26,10,Medium
5896,2024,3.41,9,Medium
5896,2025,3.73,3,High
5897,2023,2.85,5,Medium
5897,2024,2.9,7,Medium
5897,2025,3.89,9,High
5898,2023,2.35,5,Low
5898,2024,3.38,5,Medium
5898,2025,3.53,6,Medium
5899,2023,3.47,8,Medium
5899,2024,4.18,6,High
5899,2025,3.74,6,High
5900,2023,4.19,6,High
5900,2024,2.59,5,Medium
5900,2025,3.44,5,Medium
5901,2023,3.77,3,High
5901,2024,3.37,3,Medium
5901,2025,3.67,9,Medium
5902,2023,3.43,6,Medium
5902,2024,2.82,5,Medium
5902,2025,3.54,5,Medium
5903,2023,4.07,3,High
5903,2024,4.05,7,High
5903,2025,2.87,3,Medium
5904,2023,3.14,5,Medium
5904,2024,3.75,6,High
5904,2025,2.55,5,Medium
5905,2023,3.17,8,Medium
5905,2024,2.7,8,Medium
5905,2025,3.55,5,Medium
5906,2023,3.77,8,High
5906,2024,3.3,6,Medium
5906,2025,3.46,10,Medium
5907,2023,3.93,5,High
5907,2024,3.36,6,Medium
5907,2025,3.05,7,Medium
5908,2023,3.41,8,Medium
5908,2024,3.23,11,Medium
5908,2025,3.08,8,Medium
5909,2023,3.27,9,Medium
5909,2024,3.58,11,Medium
5909,2025,3.8,9,High
5910,2023,2.71,9,Medium
5910,2024,2.78,8,Medium
5910,2025,3.24,3,Medium
5911,2023,3.07,5,Medium
5911,2024,3.1,8,Medium
5911,2025,2.77,7,Medium
5912,2023,3.73,2,High
5912,2024,3.06,7,Medium
5912,2025,3.95,7,High
5913,2023,4.01,2,High
5913,2024,4.09,10,High
5913,2025,4.38,6,High
5914,2023,3.11,6,Medium
5914,2024,3.87,4,High
5914,2025,3.02,7,Medium
5915,2023,2.47,7,Low
5915,2024,2.57,7,Medium
5915,2025,2.73,3,Medium
5916,2023,2.72,8,Medium
5916,2024,4.36,5,High
5916,2025,3.35,8,Medium
5917,2023,3.85,9,High
5917,2024,3.88,5,High
5917,2025,2.96,5,Medium
5918,2023,3.7,3,Medium
5918,2024,3.03,8,Medium
5918,2025,3.83,4,High
5919,2023,3.36,9,Medium
5919,2024,3.86,9,High
5919,2025,3.05,8,Medium
5920,2023,3.48,6,Medium
5920,2024,2.82,8,Medium
5920,2025,3.82,7,High
5921,2023,3.41,6,Medium
5921,2024,2.47,6,Low
5921,2025,2.61,6,Medium
5922,2023,3.49,5,Medium
5922,2024,3.55,8,Medium
5922,2025,3.23,11,Medium
5923,2023,3.39,5,Medium
5923,2024,2.33,8,Low
5923,2025,2.89,8,Medium
5924,2023,2.92,9,Medium
5924,2024,3.8,6,High
5924,2025,2.92,6,Medium
5925,2023,2.58,5,Medium
5925,2024,3.8,10,High
5925,2025,3.87,9,High
5926,2023,2.96,4,Medium
5926,2024,3.59,10,Medium
5926,2025,2.98,7,Medium
5927,2023,3.17,6,Medium
5927,2024,3.13,4,Medium
5927,2025,3.93,9,High
5928,2023,3.62,6,Medium
5928,2024,2.84,7,Medium
5928,2025,3.29,4,Medium
5929,2023,3.24,7,Medium
5929,2024,3.69,3,Medium
5929,2025,3.45,7,Medium
5930,2023,3.45,6,Medium
5930,2024,4.14,5,High
5930,2025,3.59,8,Medium
5931,2023,4.26,5,High
5931,2024,3.2,7,Medium
5931,2025,3.74,7,High
5932,2023,3.02,6,Medium
5932,2024,3.74,11,High
5932,2025,4.2,8,High
5933,2023,3.63,8,Medium
5933,2024,4.08,6,High
5933,2025,2.85,7,Medium
5934,2023,3.39,3,Medium
5934,2024,3.03,5,Medium
5934,2025,2.59,6,Medium
5935,2023,3.07,7,Medium
5935,2024,3.67,4,Medium
5935,2025,3.07,7,Medium
5936,2023,3.58,6,Medium
5936,2024,2.92,7,Medium
5936,2025,3.7,9,Medium
5937,2023,3.32,4,Medium
5937,2024,3.27,6,Medium
5937,2025,3.42,6,Medium
5938,2023,4.31,5,High
5938,2024,3.94,6,High
5938,2025,2.87,6,Medium
5939,2023,3.6,6,Medium
5939,2024,3.29,6,Medium
5939,2025,3.47,4,Medium
5940,2023,2.9,5,Medium
5940,2024,3.21,4,Medium
5940,2025,3.78,4,High
5941,2023,2.51,7,Medium
5941,2024,2.95,6,Medium
5941,2025,3.0,7,Medium
5942,2023,3.31,7,Medium
5942,2024,3.44,8,Medium
5942,2025,3.13,10,Medium
5943,2023,4.06,7,High
5943,2024,3.0,3,Medium
5943,2025,4.64,6,High
5944,2023,3.0,9,Medium
5944,2024,2.69,6,Medium
5944,2025,2.62,3,Medium
5945,2023,3.72,7,High
5945,2024,3.31,5,Medium
5945,2025,4.38,4,High
5946,2023,2.92,7,Medium
5946,2024,3.56,5,Medium
5946,2025,2.99,9,Medium
5947,2023,2.94,6,Medium
5947,2024,3.65,10,Medium
5947,2025,3.95,5,High
5948,2023,2.6,9,Medium
5948,2024,2.43,6,Low
5948,2025,2.97,10,Medium
5949,2023,1.72,7,Low
5949,2024,3.15,8,Medium
5949,2025,2.6,10,Medium
5950,2023,3.22,1,Medium
5950,2024,3.44,8,Medium
5950,2025,4.19,6,High
5951,2023,3.57,8,Medium
5951,2024,4.38,4,High
5951,2025,3.91,7,High
5952,2023,3.28,11,Medium
5952,2024,4.06,7,High
5952,2025,3.32,5,Medium
5953,2023,3.59,8,Medium
5953,2024,3.76,8,High
5953,2025,4.57,3,High
5954,2023,3.62,9,Medium
5954,2024,3.44,4,Medium
5954,2025,2.65,5,Medium
5955,2023,3.63,6,Medium
5955,2024,3.0,8,Medium
5955,2025,2.68,9,Medium
5956,2023,3.55,6,Medium
5956,2024,4.34,4,High
5956,2025,4.1,7,High
5957,2023,3.99,5,High
5957,2024,4.17,3,High
5957,2025,2.86,4,Medium
5958,2023,2.78,5,Medium
5958,2024,3.23,6,Medium
5958,2025,2.59,7,Medium
5959,2023,3.27,6,Medium
5959,2024,2.9,10,Medium
5959,2025,3.8,6,High
5960,2023,2.71,7,Medium
5960,2024,2.6,3,Medium
5960,2025,3.92,9,High
5961,2023,3.53,7,Medium
5961,2024,3.99,4,High
5961,2025,3.03,1,Medium
5962,2023,4.57,7,High
5962,2024,4.01,8,High
5962,2025,3.55,8,Medium
5963,2023,3.3,7,Medium
5963,2024,3.16,7,Medium
5963,2025,2.93,6,Medium
5964,2023,3.52,9,Medium
5964,2024,3.75,7,High
5964,2025,3.58,4,Medium
5965,2023,2.35,8,Low
5965,2024,3.51,6,Medium
5965,2025,1.95,4,Low
5966,2023,2.61,5,Medium
5966,2024,3.67,6,Medium
5966,2025,3.32,6,Medium
5967,2023,3.63,6,Medium
5967,2024,3.2,5,Medium
5967,2025,3.96,6,High
5968,2023,2.67,9,Medium
5968,2024,3.31,9,Medium
5968,2025,3.73,3,High
5969,2023,3.29,4,Medium
5969,2024,3.51,7,Medium
5969,2025,3.26,6,Medium
5970,2023,3.67,6,Medium
5970,2024,2.79,4,Medium
5970,2025,3.43,7,Medium
5971,2023,3.35,4,Medium
5971,2024,3.31,10,Medium
5971,2025,2.57,10,Medium
5972,2023,4.01,8,High
5972,2024,4.0,9,High
5972,2025,4.15,8,High
5973,2023,3.25,1,Medium
5973,2024,3.0,4,Medium
5973,2025,3.88,11,High
5974,2023,2.83,8,Medium
5974,2024,2.87,6,Medium
5974,2025,3.23,7,Medium
5975,2023,2.66,5,Medium
5975,2024,2.79,8,Medium
5975,2025,3.06,8,Medium
5976,2023,4.02,7,High
5976,2024,3.13,8,Medium
5976,2025,3.3,5,Medium
5977,2023,3.78,6,High
5977,2024,3.14,10,Medium
5977,2025,3.24,8,Medium
5978,2023,3.74,9,High
5978,2024,3.19,7,Medium
5978,2025,4.07,7,High
5979,2023,3.69,10,Medium
5979,2024,3.45,4,Medium
5979,2025,3.32,7,Medium
5980,2023,2.88,5,Medium
5980,2024,3.31,8,Medium
5980,2025,3.34,10,Medium
5981,2023,3.13,8,Medium
5981,2024,3.75,6,High
5981,2025,3.33,8,Medium
5982,2023,3.38,5,Medium
5982,2024,3.05,5,Medium
5982,2025,3.46,5,Medium
5983,2023,3.41,3,Medium
5983,2024,3.69,6,Medium
5983,2025,2.7,8,Medium
5984,2023,2.92,3,Medium
5984,2024,3.05,4,Medium
5984,2025,3.42,8,Medium
5985,2023,3.23,6,Medium
5985,2024,3.09,7,Medium
5985,2025,3.49,6,Medium
5986,2023,2.97,5,Medium
5986,2024,3.67,9,Medium
5986,2025,3.29,7,Medium
5987,2023,3.32,8,Medium
5987,2024,2.96,5,Medium
5987,2025,2.75,4,Medium
5988,2023,3.12,8,Medium
5988,2024,3.55,6,Medium
5988,2025,3.54,10,Medium
5989,2023,3.51,8,Medium
5989,2024,3.21,7,Medium
5989,2025,3.72,8,High
5990,2023,2.91,3,Medium
5990,2024,2.62,9,Medium
5990,2025,2.78,8,Medium
5991,2023,3.53,4,Medium
5991,2024,3.47,1,Medium
5991,2025,4.08,8,High
5992,2023,3.91,6,High
5992,2024,2.96,6,Medium
5992,2025,3.19,9,Medium
5993,2023,3.1,3,Medium
5993,2024,2.53,9,Medium
5993,2025,2.89,5,Medium
5994,2023,3.87,8,High
5994,2024,3.85,6,High
5994,2025,3.84,6,High
5995,2023,3.46,9,Medium
5995,2024,4.07,7,High
5995,2025,2.85,7,Medium
5996,2023,3.53,7,Medium
5996,2024,3.31,8,Medium
5996,2025,3.19,9,Medium
5997,2023,3.46,6,Medium
5997,2024,3.49,9,Medium
5997,2025,2.57,5,Medium
5998,2023,3.51,6,Medium
5998,2024,3.98,6,High
5998,2025,3.01,7,Medium
5999,2023,3.79,5,High
5999,2024,3.51,4,Medium
5999,2025,4.06,5,High
6000,2023,2.98,5,Medium
6000,2024,3.11,7,Medium
6000,2025,2.98,9,Medium
6001,2023,3.06,7,Medium
6001,2024,3.74,5,High
6001,2025,3.93,6,High
6002,2023,4.02,9,High
6002,2024,3.05,6,Medium
6002,2025,2.68,4,Medium
6003,2023,3.34,5,Medium
6003,2024,3.27,12,Medium
6003,2025,4.23,5,High
6004,2023,2.8,4,Medium
6004,2024,3.53,5,Medium
6004,2025,3.24,9,Medium
6005,2023,3.98,8,High
6005,2024,3.29,6,Medium
6005,2025,2.92,5,Medium
6006,2023,3.98,4,High
6006,2024,3.32,8,Medium
6006,2025,3.84,3,High
6007,2023,4.08,4,High
6007,2024,3.06,7,Medium
6007,2025,3.57,10,Medium
6008,2023,3.44,8,Medium
6008,2024,3.12,7,Medium
6008,2025,3.49,5,Medium
6009,2023,3.86,10,High
6009,2024,2.99,8,Medium
6009,2025,4.09,6,High
6010,2023,3.55,8,Medium
6010,2024,3.41,5,Medium
6010,2025,3.32,3,Medium
6011,2023,2.91,8,Medium
6011,2024,4.15,7,High
6011,2025,3.41,8,Medium
6012,2023,2.6,8,Medium
6012,2024,3.51,6,Medium
6012,2025,2.62,6,Medium
6013,2023,2.91,7,Medium
6013,2024,3.15,8,Medium
6013,2025,2.13,2,Low
6014,2023,3.42,10,Medium
6014,2024,3.23,6,Medium
6014,2025,2.61,9,Medium
6015,2023,4.13,4,High
6015,2024,2.8,7,Medium
6015,2025,2.16,6,Low
6016,2023,2.96,8,Medium
6016,2024,2.82,7,Medium
6016,2025,3.24,5,Medium
6017,2023,2.8,6,Medium
6017,2024,3.07,4,Medium
6017,2025,3.43,3,Medium
6018,2023,3.04,7,Medium
6018,2024,2.72,6,Medium
6018,2025,3.18,4,Medium
6019,2023,3.46,5,Medium
6019,2024,3.92,6,High
6019,2025,3.2,8,Medium
6020,2023,2.94,6,Medium
6020,2024,3.27,6,Medium
6020,2025,3.28,6,Medium
6021,2023,3.88,4,High
6021,2024,3.15,8,Medium
6021,2025,2.87,6,Medium
6022,2023,3.87,7,High
6022,2024,2.67,5,Medium
6022,2025,2.86,6,Medium
6023,2023,3.32,4,Medium
6023,2024,3.17,5,Medium
6023,2025,3.2,6,Medium
6024,2023,2.68,6,Medium
6024,2024,2.79,7,Medium
6024,2025,3.2,7,Medium
6025,2023,3.44,8,Medium
6025,2024,2.73,11,Medium
6025,2025,3.0,2,Medium
6026,2023,3.23,8,Medium
6026,2024,3.13,5,Medium
6026,2025,2.77,7,Medium
6027,2023,3.64,5,Medium
6027,2024,3.01,8,Medium
6027,2025,3.84,6,High
6028,2023,2.75,9,Medium
6028,2024,3.91,7,High
6028,2025,3.31,7,Medium
6029,2023,2.47,2,Low
6029,2024,3.07,5,Medium
6029,2025,3.04,9,Medium
6030,2023,3.36,8,Medium
6030,2024,4.17,5,High
6030,2025,4.22,6,High
6031,2023,3.49,4,Medium
6031,2024,4.33,7,High
6031,2025,3.4,6,Medium
6032,2023,2.6,8,Medium
6032,2024,3.54,7,Medium
6032,2025,2.87,5,Medium
6033,2023,3.73,6,High
6033,2024,3.63,3,Medium
6033,2025,3.2,6,Medium
6034,2023,3.68,8,Medium
6034,2024,4.14,7,High
6034,2025,3.36,3,Medium
6035,2023,3.62,7,Medium
6035,2024,3.17,7,Medium
6035,2025,3.78,7,High
6036,2023,2.6,9,Medium
6036,2024,3.24,8,Medium
6036,2025,2.76,7,Medium
6037,2023,2.94,8,Medium
6037,2024,2.27,8,Low
6037,2025,2.64,4,Medium
6038,2023,2.42,5,Low
6038,2024,2.86,7,Medium
6038,2025,3.24,7,Medium
6039,2023,3.05,6,Medium
6039,2024,2.92,5,Medium
6039,2025,3.15,9,Medium
6040,2023,3.22,7,Medium
6040,2024,2.49,6,Low
6040,2025,2.93,6,Medium
6041,2023,4.08,3,High
6041,2024,3.28,4,Medium
6041,2025,3.81,9,High
6042,2023,2.6,8,Medium
6042,2024,3.78,7,High
6042,2025,2.09,3,Low
6043,2023,2.35,5,Low
6043,2024,3.64,4,Medium
6043,2025,3.33,12,Medium
6044,2023,3.12,9,Medium
6044,2024,2.78,6,Medium
6044,2025,3.38,1,Medium
6045,2023,2.43,9,Low
6045,2024,3.57,4,Medium
6045,2025,4.02,7,High
6046,2023,2.42,7,Low
6046,2024,3.59,4,Medium
6046,2025,4.14,8,High
6047,2023,3.46,8,Medium
6047,2024,3.08,9,Medium
6047,2025,2.89,10,Medium
6048,2023,3.6,4,Medium
6048,2024,3.72,6,High
6048,2025,2.98,7,Medium
6049,2023,3.68,5,Medium
6049,2024,3.38,5,Medium
6049,2025,2.27,7,Low
6050,2023,3.53,4,Medium
6050,2024,2.4,8,Low
6050,2025,3.07,6,Medium
6051,2023,4.0,8,High
6051,2024,3.58,8,Medium
6051,2025,3.1,2,Medium
6052,2023,3.4,7,Medium
6052,2024,2.88,7,Medium
6052,2025,3.56,4,Medium
6053,2023,3.13,10,Medium
6053,2024,3.23,8,Medium
6053,2025,3.59,7,Medium
6054,2023,3.72,4,High
6054,2024,3.15,7,Medium
6054,2025,3.29,10,Medium
6055,2023,3.09,9,Medium
6055,2024,3.71,5,High
6055,2025,2.31,6,Low
6056,2023,2.77,11,Medium
6056,2024,3.02,5,Medium
6056,2025,3.86,9,High
6057,2023,3.3,7,Medium
6057,2024,3.59,7,Medium
6057,2025,3.26,5,Medium
6058,2023,3.93,6,High
6058,2024,3.67,5,Medium
6058,2025,3.73,9,High
6059,2023,2.53,6,Medium
6059,2024,3.91,5,High
6059,2025,3.35,10,Medium
6060,2023,4.03,7,High
6060,2024,4.01,5,High
6060,2025,3.54,8,Medium
6061,2023,2.83,7,Medium
6061,2024,3.59,6,Medium
6061,2025,2.69,7,Medium
6062,2023,3.25,7,Medium
6062,2024,2.18,7,Low
6062,2025,3.26,9,Medium
6063,2023,4.04,6,High
6063,2024,3.96,6,High
6063,2025,3.48,8,Medium
6064,2023,3.0,6,Medium
6064,2024,3.62,4,Medium
6064,2025,3.86,4,High
6065,2023,2.58,4,Medium
6065,2024,3.34,4,Medium
6065,2025,3.47,4,Medium
6066,2023,2.94,8,Medium
6066,2024,3.81,3,High
6066,2025,3.42,5,Medium
6067,2023,3.67,9,Medium
6067,2024,3.48,5,Medium
6067,2025,3.8,10,High
6068,2023,2.94,9,Medium
6068,2024,2.7,4,Medium
6068,2025,2.86,5,Medium
6069,2023,2.93,6,Medium
6069,2024,3.26,6,Medium
6069,2025,3.69,6,Medium
6070,2023,2.77,7,Medium
6070,2024,3.52,7,Medium
6070,2025,4.47,3,High
6071,2023,3.31,7,Medium
6071,2024,3.19,9,Medium
6071,2025,3.82,6,High
6072,2023,2.12,5,Low
6072,2024,3.84,7,High
6072,2025,2.73,10,Medium
6073,2023,3.45,10,Medium
6073,2024,2.7,9,Medium
6073,2025,2.64,8,Medium
6074,2023,3.51,5,Medium
6074,2024,3.7,7,Medium
6074,2025,3.75,6,High
6075,2023,3.89,8,High
6075,2024,2.4,8,Low
6075,2025,3.18,6,Medium
6076,2023,2.71,6,Medium
6076,2024,3.45,6,Medium
6076,2025,4.43,5,High
6077,2023,4.05,4,High
6077,2024,2.96,9,Medium
6077,2025,3.51,6,Medium
6078,2023,2.84,10,Medium
6078,2024,3.83,8,High
6078,2025,3.4,9,Medium
6079,2023,2.55,9,Medium
6079,2024,3.24,8,Medium
6079,2025,3.2,7,Medium
6080,2023,3.24,7,Medium
6080,2024,3.16,8,Medium
6080,2025,3.59,7,Medium
6081,2023,3.42,7,Medium
6081,2024,3.19,9,Medium
6081,2025,2.93,7,Medium
6082,2023,3.08,6,Medium
6082,2024,2.91,7,Medium
6082,2025,2.74,4,Medium
6083,2023,2.77,8,Medium
6083,2024,3.48,7,Medium
6083,2025,3.9,8,High
6084,2023,3.64,5,Medium
6084,2024,2.99,7,Medium
6084,2025,3.03,2,Medium
6085,2023,3.44,5,Medium
6085,2024,2.81,5,Medium
6085,2025,3.06,6,Medium
6086,2023,2.95,6,Medium
6086,2024,2.47,8,Low
6086,2025,3.33,6,Medium
6087,2023,3.21,8,Medium
6087,2024,2.78,3,Medium
6087,2025,3.5,8,Medium
6088,2023,3.11,8,Medium
6088,2024,3.84,10,High
6088,2025,3.07,3,Medium
6089,2023,2.35,3,Low
6089,2024,3.9,7,High
6089,2025,3.57,5,Medium
6090,2023,2.77,7,Medium
6090,2024,4.16,7,High
6090,2025,2.9,8,Medium
6091,2023,3.96,8,High
6091,2024,3.39,9,Medium
6091,2025,3.97,7,High
6092,2023,2.78,4,Medium
6092,2024,3.0,10,Medium
6092,2025,2.93,11,Medium
6093,2023,2.9,6,Medium
6093,2024,2.98,7,Medium
6093,2025,2.62,8,Medium
6094,2023,3.81,5,High
6094,2024,3.86,9,High
6094,2025,3.95,6,High
6095,2023,3.19,4,Medium
6095,2024,2.8,7,Medium
6095,2025,2.96,6,Medium
6096,2023,3.63,6,Medium
6096,2024,3.22,5,Medium
6096,2025,2.89,6,Medium
6097,2023,4.14,10,High
6097,2024,3.1,4,Medium
6097,2025,4.11,5,High
6098,2023,2.81,6,Medium
6098,2024,2.86,6,Medium
6098,2025,3.05,4,Medium
6099,2023,3.61,6,Medium
6099,2024,3.89,5,High
6099,2025,3.79,10,High
6100,2023,3.76,6,High
6100,2024,2.72,7,Medium
6100,2025,2.86,8,Medium
6101,2023,3.51,7,Medium
6101,2024,2.65,9,Medium
6101,2025,3.03,7,Medium
6102,2023,2.52,12,Medium
6102,2024,3.49,8,Medium
6102,2025,2.42,8,Low
6103,2023,2.91,7,Medium
6103,2024,2.63,4,Medium
6103,2025,3.25,11,Medium
6104,2023,3.46,6,Medium
6104,2024,3.9,7,High
6104,2025,3.42,10,Medium
6105,2023,3.1,11,Medium
6105,2024,3.49,7,Medium
6105,2025,3.69,9,Medium
6106,2023,3.68,4,Medium
6106,2024,3.29,8,Medium
6106,2025,3.72,7,High
6107,2023,3.42,8,Medium
6107,2024,2.96,2,Medium
6107,2025,3.02,8,Medium
6108,2023,3.02,8,Medium
6108,2024,3.0,7,Medium
6108,2025,3.08,6,Medium
6109,2023,4.36,6,High
6109,2024,3.7,6,Medium
6109,2025,4.03,7,High
6110,2023,3.85,5,High
6110,2024,3.96,10,High
6110,2025,3.21,5,Medium
6111,2023,3.26,6,Medium
6111,2024,3.76,8,High
6111,2025,2.82,3,Medium
6112,2023,3.19,5,Medium
6112,2024,3.24,6,Medium
6112,2025,3.82,8,High
6113,2023,3.09,5,Medium
6113,2024,3.24,4,Medium
6113,2025,3.19,7,Medium
6114,2023,3.23,10,Medium
6114,2024,3.03,8,Medium
6114,2025,3.61,6,Medium
6115,2023,3.85,6,High
6115,2024,2.77,6,Medium
6115,2025,3.52,6,Medium
6116,2023,4.38,8,High
6116,2024,3.2,7,Medium
6116,2025,3.62,4,Medium
6117,2023,3.27,7,Medium
6117,2024,2.69,8,Medium
6117,2025,3.13,7,Medium
6118,2023,2.46,6,Low
6118,2024,3.07,4,Medium
6118,2025,3.98,11,High
6119,2023,4.11,6,High
6119,2024,2.44,6,Low
6119,2025,2.54,5,Medium
6120,2023,3.52,5,Medium
6120,2024,3.08,4,Medium
6120,2025,3.42,7,Medium
6121,2023,3.79,4,High
6121,2024,3.34,6,Medium
6121,2025,4.29,8,High
6122,2023,2.74,8,Medium
6122,2024,3.32,6,Medium
6122,2025,3.37,10,Medium
6123,2023,3.22,9,Medium
6123,2024,3.46,6,Medium
6123,2025,3.75,11,High
6124,2023,3.55,7,Medium
6124,2024,3.81,8,High
6124,2025,4.34,3,High
6125,2023,3.52,6,Medium
6125,2024,3.37,4,Medium
6125,2025,3.38,7,Medium
6126,2023,2.49,5,Low
6126,2024,3.39,5,Medium
6126,2025,2.86,7,Medium
6127,2023,4.14,3,High
6127,2024,3.12,7,Medium
6127,2025,3.53,4,Medium
6128,2023,3.97,6,High
6128,2024,3.52,6,Medium
6128,2025,3.64,8,Medium
6129,2023,3.43,6,Medium
6129,2024,2.82,4,Medium
6129,2025,3.99,2,High
6130,2023,2.67,9,Medium
6130,2024,3.39,7,Medium
6130,2025,3.39,11,Medium
6131,2023,3.77,7,High
6131,2024,3.18,5,Medium
6131,2025,2.69,11,Medium
6132,2023,3.47,5,Medium
6132,2024,3.65,6,Medium
6132,2025,3.14,11,Medium
6133,2023,3.06,7,Medium
6133,2024,3.41,7,Medium
6133,2025,2.88,8,Medium
6134,2023,3.48,8,Medium
6134,2024,3.18,11,Medium
6134,2025,3.07,5,Medium
6135,2023,3.95,7,High
6135,2024,3.8,8,High
6135,2025,2.93,8,Medium
6136,2023,3.17,6,Medium
6136,2024,3.2,3,Medium
6136,2025,3.74,8,High
6137,2023,3.31,6,Medium
6137,2024,3.37,6,Medium
6137,2025,3.28,6,Medium
6138,2023,3.55,7,Medium
6138,2024,2.58,3,Medium
6138,2025,3.85,10,High
6139,2023,3.53,4,Medium
6139,2024,2.89,7,Medium
6139,2025,2.81,8,Medium
6140,2023,3.69,2,Medium
6140,2024,3.54,6,Medium
6140,2025,3.52,7,Medium
6141,2023,3.71,5,High
6141,2024,4.0,8,High
6141,2025,3.32,6,Medium
6142,2023,2.37,4,Low
6142,2024,3.32,8,Medium
6142,2025,3.32,6,Medium
6143,2023,3.72,5,High
6143,2024,3.38,4,Medium
6143,2025,3.69,4,Medium
6144,2023,3.69,8,Medium
6144,2024,2.88,8,Medium
6144,2025,2.87,7,Medium
6145,2023,3.15,9,Medium
6145,2024,3.56,9,Medium
6145,2025,2.73,6,Medium
6146,2023,3.2,5,Medium
6146,2024,2.59,10,Medium
6146,2025,3.63,6,Medium
6147,2023,2.94,7,Medium
6147,2024,3.03,7,Medium
6147,2025,3.13,7,Medium
6148,2023,3.03,8,Medium
6148,2024,2.43,3,Low
6148,2025,3.66,5,Medium
6149,2023,3.6,6,Medium
6149,2024,3.46,5,Medium
6149,2025,3.7,6,Medium
6150,2023,3.38,3,Medium
6150,2024,2.76,6,Medium
6150,2025,3.66,7,Medium
6151,2023,3.05,7,Medium
6151,2024,2.66,7,Medium
6151,2025,2.39,7,Low
6152,2023,3.37,7,Medium
6152,2024,2.91,7,Medium
6152,2025,3.01,4,Medium
6153,2023,2.67,9,Medium
6153,2024,3.74,4,High
6153,2025,3.69,6,Medium
6154,2023,3.68,6,Medium
6154,2024,3.35,7,Medium
6154,2025,4.02,8,High
6155,2023,3.23,9,Medium
6155,2024,3.25,8,Medium
6155,2025,3.21,2,Medium
6156,2023,4.1,6,High
6156,2024,3.41,6,Medium
6156,2025,3.71,9,High
6157,2023,3.5,8,Medium
6157,2024,2.88,9,Medium
6157,2025,3.96,7,High
6158,2023,3.1,7,Medium
6158,2024,3.35,9,Medium
6158,2025,3.51,4,Medium
6159,2023,3.04,7,Medium
6159,2024,2.6,9,Medium
6159,2025,3.27,5,Medium
6160,2023,2.56,6,Medium
6160,2024,3.38,6,Medium
6160,2025,3.91,4,High
6161,2023,3.56,6,Medium
6161,2024,3.11,5,Medium
6161,2025,3.97,6,High
6162,2023,2.57,3,Medium
6162,2024,2.85,7,Medium
6162,2025,3.52,7,Medium
6163,2023,3.41,5,Medium
6163,2024,3.58,6,Medium
6163,2025,2.94,4,Medium
6164,2023,3.07,8,Medium
6164,2024,3.55,8,Medium
6164,2025,3.47,9,Medium
6165,2023,3.52,6,Medium
6165,2024,3.86,9,High
6165,2025,3.16,8,Medium
6166,2023,3.18,10,Medium
6166,2024,3.47,8,Medium
6166,2025,2.37,5,Low
6167,2023,3.44,7,Medium
6167,2024,2.25,10,Low
6167,2025,2.64,5,Medium
6168,2023,4.18,7,High
6168,2024,3.65,6,Medium
6168,2025,3.8,5,High
6169,2023,3.25,6,Medium
6169,2024,3.4,8,Medium
6169,2025,3.49,6,Medium
6170,2023,3.28,3,Medium
6170,2024,3.42,7,Medium
6170,2025,3.36,10,Medium
6171,2023,3.51,6,Medium
6171,2024,3.48,8,Medium
6171,2025,3.41,5,Medium
6172,2023,3.26,7,Medium
6172,2024,2.78,8,Medium
6172,2025,3.23,6,Medium
6173,2023,4.2,5,High
6173,2024,3.32,8,Medium
6173,2025,3.3,8,Medium
6174,2023,3.33,8,Medium
6174,2024,3.23,9,Medium
6174,2025,3.32,6,Medium
6175,2023,3.26,7,Medium
6175,2024,3.71,6,High
6175,2025,3.95,5,High
6176,2023,3.02,7,Medium
6176,2024,3.8,6,High
6176,2025,3.61,7,Medium
6177,2023,2.54,9,Medium
6177,2024,3.5,9,Medium
6177,2025,3.23,2,Medium
6178,2023,3.0,7,Medium
6178,2024,3.33,7,Medium
6178,2025,3.89,8,High
6179,2023,3.5,6,Medium
6179,2024,3.22,6,Medium
6179,2025,3.54,6,Medium
6180,2023,2.82,5,Medium
6180,2024,2.98,5,Medium
6180,2025,3.08,4,Medium
6181,2023,3.82,5,High
6181,2024,2.76,5,Medium
6181,2025,3.63,6,Medium
6182,2023,2.23,7,Low
6182,2024,3.38,5,Medium
6182,2025,3.59,8,Medium
6183,2023,3.47,3,Medium
6183,2024,3.32,7,Medium
6183,2025,1.86,5,Low
6184,2023,3.65,7,Medium
6184,2024,2.65,7,Medium
6184,2025,2.71,7,Medium
6185,2023,2.39,9,Low
6185,2024,3.34,6,Medium
6185,2025,3.3,5,Medium
6186,2023,3.12,5,Medium
6186,2024,2.81,6,Medium
6186,2025,3.4,7,Medium
6187,2023,2.67,5,Medium
6187,2024,4.74,2,High
6187,2025,3.49,8,Medium
6188,2023,4.27,5,High
6188,2024,3.97,6,High
6188,2025,3.56,3,Medium
6189,2023,3.13,5,Medium
6189,2024,3.88,5,High
6189,2025,3.46,5,Medium
6190,2023,3.91,2,High
6190,2024,3.4,7,Medium
6190,2025,4.23,8,High
6191,2023,3.65,7,Medium
6191,2024,3.1,7,Medium
6191,2025,3.89,6,High
6192,2023,3.24,8,Medium
6192,2024,2.85,3,Medium
6192,2025,2.95,10,Medium
6193,2023,3.1,7,Medium
6193,2024,3.11,8,Medium
6193,2025,3.75,4,High
6194,2023,3.76,4,High
6194,2024,3.29,6,Medium
6194,2025,3.03,5,Medium
6195,2023,3.2,5,Medium
6195,2024,3.41,6,Medium
6195,2025,3.48,6,Medium
6196,2023,2.98,5,Medium
6196,2024,3.34,8,Medium
6196,2025,3.62,8,Medium
6197,2023,2.68,7,Medium
6197,2024,3.78,10,High
6197,2025,4.31,6,High
6198,2023,3.59,9,Medium
6198,2024,2.69,7,Medium
6198,2025,3.36,5,Medium
6199,2023,3.38,7,Medium
6199,2024,2.77,4,Medium
6199,2025,2.82,8,Medium
6200,2023,3.08,6,Medium
6200,2024,3.27,9,Medium
6200,2025,2.91,5,Medium
6201,2023,3.21,6,Medium
6201,2024,3.75,4,High
6201,2025,3.07,8,Medium
6202,2023,3.88,9,High
6202,2024,2.98,7,Medium
6202,2025,3.76,5,High
6203,2023,3.35,4,Medium
6203,2024,3.09,8,Medium
6203,2025,2.96,4,Medium
6204,2023,3.33,10,Medium
6204,2024,3.66,8,Medium
6204,2025,2.87,7,Medium
6205,2023,3.11,7,Medium
6205,2024,2.9,9,Medium
6205,2025,3.14,3,Medium
6206,2023,2.95,8,Medium
6206,2024,3.47,4,Medium
6206,2025,2.47,5,Low
6207,2023,3.19,9,Medium
6207,2024,3.32,7,Medium
6207,2025,2.89,5,Medium
6208,2023,2.95,8,Medium
6208,2024,4.06,6,High
6208,2025,3.47,9,Medium
6209,2023,2.7,4,Medium
6209,2024,3.16,5,Medium
6209,2025,2.82,8,Medium
6210,2023,3.34,6,Medium
6210,2024,3.57,2,Medium
6210,2025,3.48,2,Medium
6211,2023,4.03,7,High
6211,2024,3.61,11,Medium
6211,2025,3.07,6,Medium
6212,2023,4.23,7,High
6212,2024,3.52,10,Medium
6212,2025,4.38,7,High
6213,2023,3.02,4,Medium
6213,2024,3.18,5,Medium
6213,2025,2.76,6,Medium
6214,2023,3.18,9,Medium
6214,2024,5.0,10,High
6214,2025,3.34,9,Medium
6215,2023,3.7,10,Medium
6215,2024,3.15,9,Medium
6215,2025,3.38,7,Medium
6216,2023,3.15,6,Medium
6216,2024,3.48,9,Medium
6216,2025,2.96,4,Medium
6217,2023,3.92,8,High
6217,2024,3.12,5,Medium
6217,2025,3.39,7,Medium
6218,2023,2.93,4,Medium
6218,2024,3.27,11,Medium
6218,2025,3.24,4,Medium
6219,2023,3.82,5,High
6219,2024,3.53,7,Medium
6219,2025,3.13,8,Medium
6220,2023,2.87,7,Medium
6220,2024,2.96,5,Medium
6220,2025,2.83,7,Medium
6221,2023,3.41,4,Medium
6221,2024,4.04,7,High
6221,2025,3.95,7,High
6222,2023,4.11,5,High
6222,2024,2.99,7,Medium
6222,2025,3.87,5,High
6223,2023,2.72,6,Medium
6223,2024,3.29,5,Medium
6223,2025,2.98,6,Medium
6224,2023,3.87,2,High
6224,2024,4.22,8,High
6224,2025,3.55,6,Medium
6225,2023,3.35,4,Medium
6225,2024,3.39,7,Medium
6225,2025,4.19,3,High
6226,2023,3.26,3,Medium
6226,2024,2.67,7,Medium
6226,2025,3.27,3,Medium
6227,2023,4.0,7,High
6227,2024,4.89,7,High
6227,2025,3.15,5,Medium
6228,2023,3.5,11,Medium
6228,2024,3.13,7,Medium
6228,2025,4.01,8,High
6229,2023,3.38,6,Medium
6229,2024,3.4,3,Medium
6229,2025,3.82,9,High
6230,2023,3.1,6,Medium
6230,2024,3.91,4,High
6230,2025,4.23,7,High
6231,2023,2.59,8,Medium
6231,2024,3.46,10,Medium
6231,2025,3.61,4,Medium
6232,2023,2.85,6,Medium
6232,2024,3.42,9,Medium
6232,2025,3.65,5,Medium
6233,2023,3.13,12,Medium
6233,2024,3.13,5,Medium
6233,2025,3.35,2,Medium
6234,2023,3.44,3,Medium
6234,2024,3.23,10,Medium
6234,2025,4.35,7,High
6235,2023,3.75,9,High
6235,2024,3.4,6,Medium
6235,2025,3.94,4,High
6236,2023,3.2,5,Medium
6236,2024,3.09,2,Medium
6236,2025,3.61,2,Medium
6237,2023,2.78,9,Medium
6237,2024,3.36,5,Medium
6237,2025,2.98,5,Medium
6238,2023,3.66,4,Medium
6238,2024,3.37,9,Medium
6238,2025,3.37,4,Medium
6239,2023,2.47,8,Low
6239,2024,3.6,5,Medium
6239,2025,2.97,9,Medium
6240,2023,3.31,8,Medium
6240,2024,2.68,4,Medium
6240,2025,4.01,6,High
6241,2023,3.52,4,Medium
6241,2024,3.5,6,Medium
6241,2025,4.35,7,High
6242,2023,3.27,7,Medium
6242,2024,3.68,7,Medium
6242,2025,4.08,5,High
6243,2023,3.17,5,Medium
6243,2024,3.09,7,Medium
6243,2025,3.29,5,Medium
6244,2023,3.29,5,Medium
6244,2024,3.01,9,Medium
6244,2025,3.36,8,Medium
6245,2023,3.55,7,Medium
6245,2024,2.99,7,Medium
6245,2025,3.43,5,Medium
6246,2023,4.08,6,High
6246,2024,3.48,6,Medium
6246,2025,3.08,3,Medium
6247,2023,3.23,6,Medium
6247,2024,3.44,7,Medium
6247,2025,3.29,7,Medium
6248,2023,3.28,2,Medium
6248,2024,4.04,8,High
6248,2025,4.01,7,High
6249,2023,3.95,3,High
6249,2024,2.76,6,Medium
6249,2025,3.03,5,Medium
6250,2023,2.33,7,Low
6250,2024,3.55,2,Medium
6250,2025,3.93,8,High
6251,2023,2.65,5,Medium
6251,2024,4.04,7,High
6251,2025,3.24,4,Medium
6252,2023,3.83,5,High
6252,2024,2.94,5,Medium
6252,2025,3.75,7,High
6253,2023,3.87,8,High
6253,2024,2.99,8,Medium
6253,2025,3.51,8,Medium
6254,2023,3.6,7,Medium
6254,2024,3.48,6,Medium
6254,2025,4.1,9,High
6255,2023,3.12,5,Medium
6255,2024,3.47,5,Medium
6255,2025,3.61,8,Medium
6256,2023,2.29,5,Low
6256,2024,3.09,4,Medium
6256,2025,2.87,8,Medium
6257,2023,2.93,9,Medium
6257,2024,2.8,5,Medium
6257,2025,2.89,5,Medium
6258,2023,2.29,7,Low
6258,2024,2.83,6,Medium
6258,2025,2.59,8,Medium
6259,2023,3.3,6,Medium
6259,2024,3.97,8,High
6259,2025,4.24,10,High
6260,2023,3.86,7,High
6260,2024,3.87,4,High
6260,2025,3.29,8,Medium
6261,2023,3.11,5,Medium
6261,2024,3.43,5,Medium
6261,2025,3.43,3,Medium
6262,2023,3.73,8,High
6262,2024,3.65,5,Medium
6262,2025,3.64,6,Medium
6263,2023,4.13,7,High
6263,2024,3.31,4,Medium
6263,2025,3.6,5,Medium
6264,2023,3.8,7,High
6264,2024,3.23,7,Medium
6264,2025,3.04,6,Medium
6265,2023,2.58,6,Medium
6265,2024,2.55,3,Medium
6265,2025,3.46,5,Medium
6266,2023,3.56,8,Medium
6266,2024,3.81,7,High
6266,2025,3.37,9,Medium
6267,2023,2.8,7,Medium
6267,2024,2.63,7,Medium
6267,2025,3.2,10,Medium
6268,2023,3.23,5,Medium
6268,2024,3.21,8,Medium
6268,2025,4.35,3,High
6269,2023,3.66,6,Medium
6269,2024,2.88,4,Medium
6269,2025,3.57,4,Medium
6270,2023,3.25,6,Medium
6270,2024,3.8,7,High
6270,2025,3.81,6,High
6271,2023,2.43,8,Low
6271,2024,3.38,2,Medium
6271,2025,3.56,8,Medium
6272,2023,3.05,4,Medium
6272,2024,3.11,4,Medium
6272,2025,3.2,8,Medium
6273,2023,3.01,6,Medium
6273,2024,2.65,6,Medium
6273,2025,3.02,9,Medium
6274,2023,3.0,8,Medium
6274,2024,3.58,8,Medium
6274,2025,2.86,3,Medium
6275,2023,2.88,6,Medium
6275,2024,4.18,7,High
6275,2025,4.03,4,High
6276,2023,3.7,6,Medium
6276,2024,3.32,4,Medium
6276,2025,3.44,7,Medium
6277,2023,4.6,7,High
6277,2024,2.6,7,Medium
6277,2025,3.66,6,Medium
6278,2023,4.11,5,High
6278,2024,2.95,8,Medium
6278,2025,3.26,5,Medium
6279,2023,2.88,9,Medium
6279,2024,2.79,9,Medium
6279,2025,2.53,5,Medium
6280,2023,3.6,8,Medium
6280,2024,3.92,8,High
6280,2025,3.63,4,Medium
6281,2023,3.17,4,Medium
6281,2024,3.3,5,Medium
6281,2025,3.25,5,Medium
6282,2023,3.76,8,High
6282,2024,2.9,10,Medium
6282,2025,3.45,1,Medium
6283,2023,4.89,7,High
6283,2024,3.38,8,Medium
6283,2025,2.58,8,Medium
6284,2023,4.54,9,High
6284,2024,2.95,4,Medium
6284,2025,3.95,6,High
6285,2023,3.49,8,Medium
6285,2024,2.94,7,Medium
6285,2025,2.66,7,Medium
6286,2023,4.34,6,High
6286,2024,3.55,6,Medium
6286,2025,3.05,5,Medium
6287,2023,3.73,7,High
6287,2024,3.52,10,Medium
6287,2025,2.51,8,Medium
6288,2023,3.51,6,Medium
6288,2024,3.22,7,Medium
6288,2025,3.46,4,Medium
6289,2023,4.55,4,High
6289,2024,3.0,7,Medium
6289,2025,3.56,10,Medium
6290,2023,3.28,12,Medium
6290,2024,3.65,7,Medium
6290,2025,3.03,5,Medium
6291,2023,3.63,5,Medium
6291,2024,4.09,7,High
6291,2025,4.33,6,High
6292,2023,3.68,5,Medium
6292,2024,2.92,3,Medium
6292,2025,3.96,10,High
6293,2023,2.72,11,Medium
6293,2024,2.56,7,Medium
6293,2025,3.12,8,Medium
6294,2023,2.67,7,Medium
6294,2024,3.21,8,Medium
6294,2025,3.57,4,Medium
6295,2023,3.67,8,Medium
6295,2024,2.64,7,Medium
6295,2025,2.79,6,Medium
6296,2023,3.23,4,Medium
6296,2024,3.28,5,Medium
6296,2025,3.68,6,Medium
6297,2023,3.81,6,High
6297,2024,3.68,2,Medium
6297,2025,3.03,6,Medium
6298,2023,2.18,7,Low
6298,2024,2.89,7,Medium
6298,2025,4.03,5,High
6299,2023,4.82,10,High
6299,2024,2.83,7,Medium
6299,2025,3.02,10,Medium
6300,2023,4.02,9,High
6300,2024,3.33,8,Medium
6300,2025,3.7,6,Medium
6301,2023,3.09,8,Medium
6301,2024,3.62,8,Medium
6301,2025,4.48,8,High
6302,2023,3.38,4,Medium
6302,2024,3.43,10,Medium
6302,2025,3.8,8,High
6303,2023,3.81,9,High
6303,2024,3.35,7,Medium
6303,2025,3.3,8,Medium
6304,2023,3.15,8,Medium
6304,2024,3.8,9,High
6304,2025,3.72,9,High
6305,2023,3.82,9,High
6305,2024,3.92,7,High
6305,2025,3.94,4,High
6306,2023,3.69,4,Medium
6306,2024,3.14,5,Medium
6306,2025,3.83,8,High
6307,2023,3.62,4,Medium
6307,2024,3.26,10,Medium
6307,2025,2.95,10,Medium
6308,2023,3.87,3,High
6308,2024,3.4,7,Medium
6308,2025,3.31,5,Medium
6309,2023,3.51,5,Medium
6309,2024,3.5,5,Medium
6309,2025,3.1,3,Medium
6310,2023,3.74,8,High
6310,2024,3.64,6,Medium
6310,2025,3.02,8,Medium
6311,2023,3.59,8,Medium
6311,2024,3.12,7,Medium
6311,2025,3.84,3,High
6312,2023,3.18,9,Medium
6312,2024,3.63,8,Medium
6312,2025,3.7,7,Medium
6313,2023,3.35,8,Medium
6313,2024,4.17,6,High
6313,2025,3.72,10,High
6314,2023,3.61,6,Medium
6314,2024,3.5,6,Medium
6314,2025,3.91,6,High
6315,2023,2.73,6,Medium
6315,2024,3.72,8,High
6315,2025,3.13,8,Medium
6316,2023,2.96,10,Medium
6316,2024,3.54,5,Medium
6316,2025,3.31,7,Medium
6317,2023,3.52,6,Medium
6317,2024,3.02,7,Medium
6317,2025,3.53,5,Medium
6318,2023,3.37,9,Medium
6318,2024,2.9,5,Medium
6318,2025,2.78,5,Medium
6319,2023,3.46,9,Medium
6319,2024,3.32,9,Medium
6319,2025,2.97,8,Medium
6320,2023,3.49,8,Medium
6320,2024,2.82,6,Medium
6320,2025,3.12,4,Medium
6321,2023,2.75,10,Medium
6321,2024,2.99,8,Medium
6321,2025,3.29,11,Medium
6322,2023,2.86,5,Medium
6322,2024,3.73,11,High
6322,2025,3.7,6,Medium
6323,2023,3.59,7,Medium
6323,2024,3.69,6,Medium
6323,2025,3.44,9,Medium
6324,2023,3.81,5,High
6324,2024,2.93,6,Medium
6324,2025,3.77,11,High
6325,2023,4.06,6,High
6325,2024,4.04,9,High
6325,2025,3.69,8,Medium
6326,2023,4.18,6,High
6326,2024,4.57,7,High
6326,2025,3.5,8,Medium
6327,2023,3.99,5,High
6327,2024,3.87,4,High
6327,2025,3.11,4,Medium
6328,2023,3.7,7,Medium
6328,2024,3.78,10,High
6328,2025,3.22,5,Medium
6329,2023,3.04,6,Medium
6329,2024,3.78,8,High
6329,2025,3.52,9,Medium
6330,2023,3.11,6,Medium
6330,2024,2.64,6,Medium
6330,2025,3.4,5,Medium
6331,2023,3.49,6,Medium
6331,2024,3.13,5,Medium
6331,2025,3.9,7,High
6332,2023,3.66,5,Medium
6332,2024,3.04,6,Medium
6332,2025,3.04,5,Medium
6333,2023,2.68,6,Medium
6333,2024,3.31,8,Medium
6333,2025,3.47,6,Medium
6334,2023,2.5,6,Low
6334,2024,3.28,8,Medium
6334,2025,3.42,10,Medium
6335,2023,4.66,5,High
6335,2024,3.11,8,Medium
6335,2025,2.85,5,Medium
6336,2023,3.98,8,High
6336,2024,2.91,5,Medium
6336,2025,2.79,6,Medium
6337,2023,3.43,5,Medium
6337,2024,3.33,11,Medium
6337,2025,2.72,6,Medium
6338,2023,3.36,6,Medium
6338,2024,2.98,3,Medium
6338,2025,2.67,7,Medium
6339,2023,4.06,5,High
6339,2024,3.18,5,Medium
6339,2025,3.57,2,Medium
6340,2023,3.79,6,High
6340,2024,3.52,4,Medium
6340,2025,2.79,6,Medium
6341,2023,3.75,5,High
6341,2024,2.98,6,Medium
6341,2025,2.72,5,Medium
6342,2023,3.32,6,Medium
6342,2024,2.94,3,Medium
6342,2025,2.87,4,Medium
6343,2023,2.74,4,Medium
6343,2024,4.27,11,High
6343,2025,3.45,9,Medium
6344,2023,2.72,9,Medium
6344,2024,3.86,9,High
6344,2025,3.91,5,High
6345,2023,3.01,5,Medium
6345,2024,3.28,9,Medium
6345,2025,2.51,9,Medium
6346,2023,3.29,8,Medium
6346,2024,2.62,6,Medium
6346,2025,3.54,9,Medium
6347,2023,3.8,7,High
6347,2024,3.51,5,Medium
6347,2025,3.34,7,Medium
6348,2023,3.27,10,Medium
6348,2024,3.87,5,High
6348,2025,3.61,6,Medium
6349,2023,2.63,5,Medium
6349,2024,3.43,5,Medium
6349,2025,2.98,8,Medium
6350,2023,4.19,5,High
6350,2024,3.92,6,High
6350,2025,3.3,6,Medium
6351,2023,3.78,12,High
6351,2024,3.37,3,Medium
6351,2025,4.33,6,High
6352,2023,3.13,3,Medium
6352,2024,3.37,7,Medium
6352,2025,2.85,6,Medium
6353,2023,2.88,7,Medium
6353,2024,2.82,7,Medium
6353,2025,3.28,7,Medium
6354,2023,3.01,6,Medium
6354,2024,3.16,7,Medium
6354,2025,3.08,7,Medium
6355,2023,3.0,12,Medium
6355,2024,3.37,8,Medium
6355,2025,2.11,9,Low
6356,2023,3.38,3,Medium
6356,2024,3.12,8,Medium
6356,2025,2.86,6,Medium
6357,2023,3.63,9,Medium
6357,2024,3.84,9,High
6357,2025,4.09,7,High
6358,2023,2.99,4,Medium
6358,2024,3.74,7,High
6358,2025,3.85,8,High
6359,2023,3.16,5,Medium
6359,2024,3.97,9,High
6359,2025,2.5,8,Low
6360,2023,2.65,6,Medium
6360,2024,3.57,7,Medium
6360,2025,3.91,11,High
6361,2023,2.64,9,Medium
6361,2024,3.5,9,Medium
6361,2025,3.79,8,High
6362,2023,2.8,7,Medium
6362,2024,2.64,9,Medium
6362,2025,3.19,9,Medium
6363,2023,3.31,7,Medium
6363,2024,2.64,4,Medium
6363,2025,4.05,6,High
6364,2023,3.11,3,Medium
6364,2024,2.86,4,Medium
6364,2025,3.45,5,Medium
6365,2023,3.08,4,Medium
6365,2024,3.61,7,Medium
6365,2025,3.36,9,Medium
6366,2023,2.83,11,Medium
6366,2024,3.78,5,High
6366,2025,3.79,4,High
6367,2023,3.6,8,Medium
6367,2024,4.44,10,High
6367,2025,3.79,8,High
6368,2023,3.74,8,High
6368,2024,3.45,8,Medium
6368,2025,2.67,8,Medium
6369,2023,3.9,6,High
6369,2024,3.5,6,Medium
6369,2025,2.9,4,Medium
6370,2023,3.33,2,Medium
6370,2024,3.31,7,Medium
6370,2025,3.19,8,Medium
6371,2023,3.39,5,Medium
6371,2024,3.5,7,Medium
6371,2025,3.29,9,Medium
6372,2023,3.75,6,High
6372,2024,3.45,5,Medium
6372,2025,3.37,9,Medium
6373,2023,3.26,10,Medium
6373,2024,3.89,7,High
6373,2025,3.28,7,Medium
6374,2023,3.49,4,Medium
6374,2024,2.78,4,Medium
6374,2025,3.58,9,Medium
6375,2023,4.05,6,High
6375,2024,3.89,6,High
6375,2025,3.35,5,Medium
6376,2023,3.58,7,Medium
6376,2024,3.21,8,Medium
6376,2025,3.61,5,Medium
6377,2023,2.74,7,Medium
6377,2024,3.61,7,Medium
6377,2025,3.69,6,Medium
6378,2023,3.38,5,Medium
6378,2024,3.17,5,Medium
6378,2025,2.78,5,Medium
6379,2023,4.52,6,High
6379,2024,3.66,7,Medium
6379,2025,3.34,7,Medium
6380,2023,3.24,5,Medium
6380,2024,2.98,12,Medium
6380,2025,3.84,9,High
6381,2023,3.5,6,Medium
6381,2024,3.07,7,Medium
6381,2025,3.49,7,Medium
6382,2023,3.59,8,Medium
6382,2024,3.44,5,Medium
6382,2025,4.12,8,High
6383,2023,3.16,10,Medium
6383,2024,2.64,8,Medium
6383,2025,3.49,7,Medium
6384,2023,3.54,8,Medium
6384,2024,3.65,6,Medium
6384,2025,3.92,9,High
6385,2023,3.18,6,Medium
6385,2024,2.99,5,Medium
6385,2025,4.02,6,High
6386,2023,3.55,4,Medium
6386,2024,4.16,7,High
6386,2025,3.85,6,High
6387,2023,3.21,7,Medium
6387,2024,2.55,2,Medium
6387,2025,3.98,6,High
6388,2023,2.2,7,Low
6388,2024,3.08,7,Medium
6388,2025,2.62,8,Medium
6389,2023,3.47,4,Medium
6389,2024,3.54,7,Medium
6389,2025,3.09,3,Medium
6390,2023,3.17,5,Medium
6390,2024,3.47,5,Medium
6390,2025,3.68,5,Medium
6391,2023,3.35,7,Medium
6391,2024,3.31,7,Medium
6391,2025,2.89,9,Medium
6392,2023,3.12,6,Medium
6392,2024,4.09,4,High
6392,2025,2.79,6,Medium
6393,2023,3.98,10,High
6393,2024,3.32,3,Medium
6393,2025,3.77,8,High
6394,2023,3.9,11,High
6394,2024,3.29,5,Medium
6394,2025,3.56,6,Medium
6395,2023,3.52,8,Medium
6395,2024,3.57,5,Medium
6395,2025,3.48,11,Medium
6396,2023,3.65,4,Medium
6396,2024,3.22,7,Medium
6396,2025,3.26,8,Medium
6397,2023,2.78,6,Medium
6397,2024,3.48,8,Medium
6397,2025,4.16,8,High
6398,2023,4.14,6,High
6398,2024,4.0,4,High
6398,2025,3.37,6,Medium
6399,2023,2.62,9,Medium
6399,2024,2.44,8,Low
6399,2025,2.25,7,Low
6400,2023,3.12,7,Medium
6400,2024,2.76,7,Medium
6400,2025,3.23,7,Medium
6401,2023,3.37,6,Medium
6401,2024,2.91,5,Medium
6401,2025,2.76,11,Medium
6402,2023,3.89,8,High
6402,2024,3.55,7,Medium
6402,2025,3.34,6,Medium
6403,2023,3.19,6,Medium
6403,2024,3.52,6,Medium
6403,2025,2.9,10,Medium
6404,2023,3.91,5,High
6404,2024,3.76,7,High
6404,2025,4.15,5,High
6405,2023,4.03,4,High
6405,2024,3.63,9,Medium
6405,2025,3.84,6,High
6406,2023,3.13,4,Medium
6406,2024,3.47,7,Medium
6406,2025,2.53,7,Medium
6407,2023,4.06,4,High
6407,2024,3.55,9,Medium
6407,2025,2.98,9,Medium
6408,2023,3.7,6,Medium
6408,2024,3.85,9,High
6408,2025,3.42,5,Medium
6409,2023,3.01,5,Medium
6409,2024,2.24,10,Low
6409,2025,3.09,7,Medium
6410,2023,4.2,7,High
6410,2024,3.22,4,Medium
6410,2025,3.23,4,Medium
6411,2023,3.83,9,High
6411,2024,2.65,1,Medium
6411,2025,3.07,8,Medium
6412,2023,3.44,11,Medium
6412,2024,3.47,6,Medium
6412,2025,2.59,8,Medium
6413,2023,3.5,7,Medium
6413,2024,3.49,10,Medium
6413,2025,2.82,10,Medium
6414,2023,3.47,4,Medium
6414,2024,3.88,8,High
6414,2025,3.36,4,Medium
6415,2023,2.41,8,Low
6415,2024,3.45,7,Medium
6415,2025,3.68,7,Medium
6416,2023,3.25,10,Medium
6416,2024,2.93,4,Medium
6416,2025,3.12,9,Medium
6417,2023,3.05,3,Medium
6417,2024,2.62,7,Medium
6417,2025,3.84,7,High
6418,2023,3.55,10,Medium
6418,2024,3.5,6,Medium
6418,2025,3.15,4,Medium
6419,2023,4.11,11,High
6419,2024,3.51,7,Medium
6419,2025,3.51,4,Medium
6420,2023,1.85,8,Low
6420,2024,3.18,7,Medium
6420,2025,2.41,5,Low
6421,2023,3.72,8,High
6421,2024,3.13,9,Medium
6421,2025,3.71,6,High
6422,2023,2.59,5,Medium
6422,2024,3.12,5,Medium
6422,2025,2.91,5,Medium
6423,2023,2.08,4,Low
6423,2024,3.7,7,Medium
6423,2025,3.54,8,Medium
6424,2023,3.42,7,Medium
6424,2024,3.62,7,Medium
6424,2025,2.95,9,Medium
6425,2023,3.11,5,Medium
6425,2024,3.31,7,Medium
6425,2025,3.29,8,Medium
6426,2023,2.98,6,Medium
6426,2024,3.21,8,Medium
6426,2025,2.99,10,Medium
6427,2023,3.86,5,High
6427,2024,2.37,7,Low
6427,2025,3.41,6,Medium
6428,2023,3.1,10,Medium
6428,2024,3.29,4,Medium
6428,2025,4.2,5,High
6429,2023,2.87,8,Medium
6429,2024,2.83,7,Medium
6429,2025,2.86,5,Medium
6430,2023,3.0,4,Medium
6430,2024,3.11,7,Medium
6430,2025,3.03,8,Medium
6431,2023,2.83,4,Medium
6431,2024,3.23,8,Medium
6431,2025,4.11,7,High
6432,2023,3.7,10,Medium
6432,2024,3.41,8,Medium
6432,2025,3.09,6,Medium
6433,2023,3.12,10,Medium
6433,2024,2.75,8,Medium
6433,2025,3.65,12,Medium
6434,2023,3.93,4,High
6434,2024,3.53,7,Medium
6434,2025,3.17,6,Medium
6435,2023,3.49,5,Medium
6435,2024,3.57,6,Medium
6435,2025,3.34,6,Medium
6436,2023,2.9,7,Medium
6436,2024,3.76,8,High
6436,2025,3.58,7,Medium
6437,2023,2.83,8,Medium
6437,2024,3.35,9,Medium
6437,2025,2.9,4,Medium
6438,2023,3.32,4,Medium
6438,2024,3.33,5,Medium
6438,2025,2.91,5,Medium
6439,2023,2.7,8,Medium
6439,2024,3.65,9,Medium
6439,2025,2.29,4,Low
6440,2023,3.38,3,Medium
6440,2024,3.19,6,Medium
6440,2025,3.55,7,Medium
6441,2023,2.86,3,Medium
6441,2024,3.64,12,Medium
6441,2025,3.95,6,High
6442,2023,4.32,9,High
6442,2024,3.28,7,Medium
6442,2025,3.27,6,Medium
6443,2023,3.31,7,Medium
6443,2024,4.09,8,High
6443,2025,3.11,7,Medium
6444,2023,3.02,7,Medium
6444,2024,2.33,6,Low
6444,2025,2.33,8,Low
6445,2023,3.02,5,Medium
6445,2024,3.23,8,Medium
6445,2025,3.33,11,Medium
6446,2023,2.39,7,Low
6446,2024,3.82,7,High
6446,2025,2.55,4,Medium
6447,2023,2.59,10,Medium
6447,2024,2.98,5,Medium
6447,2025,3.22,9,Medium
6448,2023,2.95,5,Medium
6448,2024,3.04,9,Medium
6448,2025,2.08,6,Low
6449,2023,3.43,9,Medium
6449,2024,2.57,7,Medium
6449,2025,3.24,4,Medium
6450,2023,3.94,9,High
6450,2024,3.12,7,Medium
6450,2025,3.19,4,Medium
6451,2023,4.05,8,High
6451,2024,3.69,7,Medium
6451,2025,3.93,6,High
6452,2023,3.49,6,Medium
6452,2024,3.33,8,Medium
6452,2025,3.19,5,Medium
6453,2023,3.48,5,Medium
6453,2024,3.97,7,High
6453,2025,3.71,4,High
6454,2023,2.56,7,Medium
6454,2024,2.43,4,Low
6454,2025,3.33,8,Medium
6455,2023,1.9,5,Low
6455,2024,2.42,6,Low
6455,2025,2.65,9,Medium
6456,2023,3.58,6,Medium
6456,2024,3.77,4,High
6456,2025,3.23,7,Medium
6457,2023,3.32,5,Medium
6457,2024,3.57,7,Medium
6457,2025,5.0,7,High
6458,2023,3.68,8,Medium
6458,2024,2.95,8,Medium
6458,2025,3.18,5,Medium
6459,2023,2.63,7,Medium
6459,2024,3.3,10,Medium
6459,2025,3.05,5,Medium
6460,2023,3.23,6,Medium
6460,2024,2.66,5,Medium
6460,2025,3.48,7,Medium
6461,2023,3.58,6,Medium
6461,2024,3.95,4,High
6461,2025,2.89,7,Medium
6462,2023,2.98,6,Medium
6462,2024,3.72,6,High
6462,2025,3.53,7,Medium
6463,2023,3.63,8,Medium
6463,2024,3.68,8,Medium
6463,2025,3.79,5,High
6464,2023,4.14,8,High
6464,2024,4.08,10,High
6464,2025,3.1,5,Medium
6465,2023,3.65,7,Medium
6465,2024,2.52,4,Medium
6465,2025,3.49,5,Medium
6466,2023,3.61,8,Medium
6466,2024,3.6,5,Medium
6466,2025,4.63,9,High
6467,2023,3.73,5,High
6467,2024,3.33,5,Medium
6467,2025,2.48,4,Low
6468,2023,3.25,7,Medium
6468,2024,3.91,8,High
6468,2025,2.05,11,Low
6469,2023,3.74,7,High
6469,2024,3.28,6,Medium
6469,2025,3.84,6,High
6470,2023,2.97,7,Medium
6470,2024,3.1,8,Medium
6470,2025,3.68,7,Medium
6471,2023,3.49,7,Medium
6471,2024,3.77,9,High
6471,2025,3.8,10,High
6472,2023,3.12,7,Medium
6472,2024,4.22,7,High
6472,2025,2.85,9,Medium
6473,2023,3.34,9,Medium
6473,2024,4.01,8,High
6473,2025,2.64,7,Medium
6474,2023,3.42,6,Medium
6474,2024,3.71,6,High
6474,2025,2.5,3,Low
6475,2023,3.07,7,Medium
6475,2024,3.6,5,Medium
6475,2025,3.79,5,High
6476,2023,3.13,4,Medium
6476,2024,3.52,8,Medium
6476,2025,3.13,9,Medium
6477,2023,2.77,2,Medium
6477,2024,2.97,6,Medium
6477,2025,2.99,7,Medium
6478,2023,3.27,9,Medium
6478,2024,3.22,6,Medium
6478,2025,2.91,5,Medium
6479,2023,2.49,5,Low
6479,2024,3.81,10,High
6479,2025,3.42,10,Medium
6480,2023,3.53,7,Medium
6480,2024,3.84,9,High
6480,2025,3.87,8,High
6481,2023,3.62,5,Medium
6481,2024,3.09,6,Medium
6481,2025,3.22,5,Medium
6482,2023,3.73,6,High
6482,2024,2.56,8,Medium
6482,2025,2.96,7,Medium
6483,2023,3.54,7,Medium
6483,2024,2.77,5,Medium
6483,2025,3.09,7,Medium
6484,2023,2.84,9,Medium
6484,2024,3.3,6,Medium
6484,2025,2.53,3,Medium
6485,2023,3.68,4,Medium
6485,2024,3.43,4,Medium
6485,2025,2.9,8,Medium
6486,2023,2.47,6,Low
6486,2024,3.56,7,Medium
6486,2025,3.02,6,Medium
6487,2023,2.44,9,Low
6487,2024,3.2,9,Medium
6487,2025,4.32,7,High
6488,2023,3.04,7,Medium
6488,2024,3.67,8,Medium
6488,2025,4.02,4,High
6489,2023,3.39,7,Medium
6489,2024,3.02,5,Medium
6489,2025,3.7,11,Medium
6490,2023,2.98,4,Medium
6490,2024,2.82,7,Medium
6490,2025,3.27,8,Medium
6491,2023,3.81,7,High
6491,2024,2.7,7,Medium
6491,2025,3.11,6,Medium
6492,2023,3.34,5,Medium
6492,2024,3.17,6,Medium
6492,2025,2.41,9,Low
6493,2023,3.38,8,Medium
6493,2024,3.5,7,Medium
6493,2025,3.53,10,Medium
6494,2023,4.17,11,High
6494,2024,2.55,8,Medium
6494,2025,4.18,6,High
6495,2023,2.62,7,Medium
6495,2024,2.61,7,Medium
6495,2025,2.81,3,Medium
6496,2023,3.89,7,High
6496,2024,3.86,5,High
6496,2025,3.31,5,Medium
6497,2023,2.93,7,Medium
6497,2024,3.02,7,Medium
6497,2025,3.06,5,Medium
6498,2023,3.41,2,Medium
6498,2024,3.95,7,High
6498,2025,3.58,7,Medium
6499,2023,3.82,12,High
6499,2024,3.07,7,Medium
6499,2025,2.79,7,Medium
6500,2023,3.6,6,Medium
6500,2024,4.07,5,High
6500,2025,3.72,9,High
6501,2023,3.36,4,Medium
6501,2024,3.31,6,Medium
6501,2025,3.06,11,Medium
6502,2023,3.63,8,Medium
6502,2024,3.33,8,Medium
6502,2025,2.88,6,Medium
6503,2023,3.94,5,High
6503,2024,3.15,7,Medium
6503,2025,3.37,5,Medium
6504,2023,2.7,9,Medium
6504,2024,3.69,6,Medium
6504,2025,3.42,5,Medium
6505,2023,3.07,11,Medium
6505,2024,4.67,8,High
6505,2025,3.72,4,High
6506,2023,4.44,7,High
6506,2024,3.89,6,High
6506,2025,3.59,5,Medium
6507,2023,2.89,5,Medium
6507,2024,3.38,8,Medium
6507,2025,4.32,7,High
6508,2023,3.41,6,Medium
6508,2024,3.44,4,Medium
6508,2025,3.52,9,Medium
6509,2023,4.3,4,High
6509,2024,2.83,5,Medium
6509,2025,3.25,3,Medium
6510,2023,3.32,7,Medium
6510,2024,3.52,5,Medium
6510,2025,3.14,8,Medium
6511,2023,2.38,6,Low
6511,2024,3.57,7,Medium
6511,2025,3.2,7,Medium
6512,2023,4.0,5,High
6512,2024,3.42,8,Medium
6512,2025,4.32,7,High
6513,2023,3.71,12,High
6513,2024,3.37,3,Medium
6513,2025,4.51,9,High
6514,2023,3.31,9,Medium
6514,2024,3.58,5,Medium
6514,2025,3.67,8,Medium
6515,2023,3.97,9,High
6515,2024,3.09,9,Medium
6515,2025,4.85,3,High
6516,2023,3.4,7,Medium
6516,2024,3.78,10,High
6516,2025,2.64,9,Medium
6517,2023,3.6,7,Medium
6517,2024,3.68,7,Medium
6517,2025,3.76,7,High
6518,2023,4.51,7,High
6518,2024,4.21,6,High
6518,2025,3.27,4,Medium
6519,2023,3.96,6,High
6519,2024,2.52,6,Medium
6519,2025,3.12,6,Medium
6520,2023,2.61,6,Medium
6520,2024,3.62,9,Medium
6520,2025,2.89,7,Medium
6521,2023,3.36,6,Medium
6521,2024,4.03,7,High
6521,2025,3.89,5,High
6522,2023,2.91,6,Medium
6522,2024,3.25,7,Medium
6522,2025,3.1,5,Medium
6523,2023,3.39,9,Medium
6523,2024,2.9,6,Medium
6523,2025,3.4,5,Medium
6524,2023,2.98,5,Medium
6524,2024,3.38,5,Medium
6524,2025,2.25,5,Low
6525,2023,2.89,9,Medium
6525,2024,2.57,7,Medium
6525,2025,2.5,7,Low
6526,2023,3.51,6,Medium
6526,2024,3.66,4,Medium
6526,2025,3.94,8,High
6527,2023,3.44,5,Medium
6527,2024,2.65,4,Medium
6527,2025,3.19,9,Medium
6528,2023,3.1,7,Medium
6528,2024,2.7,2,Medium
6528,2025,2.92,4,Medium
6529,2023,3.69,9,Medium
6529,2024,3.48,7,Medium
6529,2025,2.83,5,Medium
6530,2023,3.15,7,Medium
6530,2024,3.52,4,Medium
6530,2025,2.51,6,Medium
6531,2023,3.15,11,Medium
6531,2024,3.62,11,Medium
6531,2025,3.12,6,Medium
6532,2023,3.6,7,Medium
6532,2024,2.44,8,Low
6532,2025,3.74,9,High
6533,2023,3.25,6,Medium
6533,2024,3.91,6,High
6533,2025,4.21,6,High
6534,2023,3.26,4,Medium
6534,2024,2.86,4,Medium
6534,2025,3.69,6,Medium
6535,2023,3.28,5,Medium
6535,2024,3.25,6,Medium
6535,2025,3.22,8,Medium
6536,2023,2.92,7,Medium
6536,2024,2.57,6,Medium
6536,2025,2.67,10,Medium
6537,2023,4.03,8,High
6537,2024,4.19,6,High
6537,2025,3.2,5,Medium
6538,2023,3.43,7,Medium
6538,2024,3.12,6,Medium
6538,2025,2.8,5,Medium
6539,2023,3.83,5,High
6539,2024,3.29,7,Medium
6539,2025,3.93,6,High
6540,2023,2.97,5,Medium
6540,2024,3.38,7,Medium
6540,2025,2.99,8,Medium
6541,2023,3.39,12,Medium
6541,2024,2.56,6,Medium
6541,2025,2.55,9,Medium
6542,2023,3.66,9,Medium
6542,2024,3.37,6,Medium
6542,2025,3.13,3,Medium
6543,2023,3.79,6,High
6543,2024,3.09,4,Medium
6543,2025,4.13,6,High
6544,2023,3.08,6,Medium
6544,2024,3.41,7,Medium
6544,2025,3.35,4,Medium
6545,2023,3.76,7,High
6545,2024,2.3,7,Low
6545,2025,2.39,6,Low
6546,2023,2.24,7,Low
6546,2024,3.2,6,Medium
6546,2025,2.94,4,Medium
6547,2023,4.2,6,High
6547,2024,3.67,6,Medium
6547,2025,2.79,8,Medium
6548,2023,2.99,7,Medium
6548,2024,3.41,9,Medium
6548,2025,3.07,6,Medium
6549,2023,2.95,5,Medium
6549,2024,2.86,9,Medium
6549,2025,3.08,8,Medium
6550,2023,2.62,8,Medium
6550,2024,3.12,7,Medium
6550,2025,3.28,6,Medium
6551,2023,3.51,7,Medium
6551,2024,3.69,7,Medium
6551,2025,3.67,9,Medium
6552,2023,3.14,8,Medium
6552,2024,3.78,6,High
6552,2025,2.3,7,Low
6553,2023,2.79,6,Medium
6553,2024,3.68,5,Medium
6553,2025,3.83,10,High
6554,2023,2.92,10,Medium
6554,2024,3.5,7,Medium
6554,2025,2.81,7,Medium
6555,2023,2.79,5,Medium
6555,2024,3.26,4,Medium
6555,2025,3.38,4,Medium
6556,2023,3.45,8,Medium
6556,2024,4.18,9,High
6556,2025,3.74,8,High
6557,2023,2.28,7,Low
6557,2024,3.48,4,Medium
6557,2025,3.71,5,High
6558,2023,3.93,9,High
6558,2024,4.05,9,High
6558,2025,3.68,4,Medium
6559,2023,3.16,9,Medium
6559,2024,3.27,6,Medium
6559,2025,3.21,5,Medium
6560,2023,1.92,5,Low
6560,2024,3.35,8,Medium
6560,2025,2.46,5,Low
6561,2023,4.25,8,High
6561,2024,3.17,7,Medium
6561,2025,3.52,7,Medium
6562,2023,3.43,6,Medium
6562,2024,3.5,6,Medium
6562,2025,3.33,9,Medium
6563,2023,3.18,7,Medium
6563,2024,4.21,8,High
6563,2025,3.67,5,Medium
6564,2023,2.67,9,Medium
6564,2024,2.98,6,Medium
6564,2025,4.29,10,High
6565,2023,2.59,6,Medium
6565,2024,3.49,5,Medium
6565,2025,3.16,8,Medium
6566,2023,2.71,7,Medium
6566,2024,2.33,4,Low
6566,2025,3.38,5,Medium
6567,2023,3.54,7,Medium
6567,2024,3.18,7,Medium
6567,2025,3.09,7,Medium
6568,2023,2.83,6,Medium
6568,2024,3.58,9,Medium
6568,2025,3.6,4,Medium
6569,2023,4.01,9,High
6569,2024,2.73,7,Medium
6569,2025,3.05,7,Medium
6570,2023,3.42,6,Medium
6570,2024,3.81,10,High
6570,2025,3.32,7,Medium
6571,2023,3.61,3,Medium
6571,2024,2.51,6,Medium
6571,2025,3.6,8,Medium
6572,2023,2.8,6,Medium
6572,2024,2.57,4,Medium
6572,2025,3.08,4,Medium
6573,2023,3.37,4,Medium
6573,2024,2.55,9,Medium
6573,2025,3.77,6,High
6574,2023,3.33,8,Medium
6574,2024,4.74,7,High
6574,2025,3.16,6,Medium
6575,2023,2.7,4,Medium
6575,2024,2.66,7,Medium
6575,2025,3.08,5,Medium
6576,2023,3.99,6,High
6576,2024,3.18,9,Medium
6576,2025,3.38,5,Medium
6577,2023,2.85,10,Medium
6577,2024,3.36,6,Medium
6577,2025,3.21,9,Medium
6578,2023,4.72,6,High
6578,2024,3.6,5,Medium
6578,2025,3.67,7,Medium
6579,2023,3.46,4,Medium
6579,2024,2.3,6,Low
6579,2025,2.69,5,Medium
6580,2023,3.49,5,Medium
6580,2024,3.97,9,High
6580,2025,3.14,9,Medium
6581,2023,3.36,4,Medium
6581,2024,3.24,7,Medium
6581,2025,3.58,5,Medium
6582,2023,4.18,7,High
6582,2024,3.26,10,Medium
6582,2025,4.06,9,High
6583,2023,2.35,5,Low
6583,2024,3.74,7,High
6583,2025,3.42,7,Medium
6584,2023,3.01,7,Medium
6584,2024,3.49,6,Medium
6584,2025,3.1,5,Medium
6585,2023,2.21,6,Low
6585,2024,3.02,7,Medium
6585,2025,3.1,6,Medium
6586,2023,3.18,6,Medium
6586,2024,3.13,7,Medium
6586,2025,3.11,4,Medium
6587,2023,3.14,3,Medium
6587,2024,2.97,6,Medium
6587,2025,3.16,8,Medium
6588,2023,3.32,8,Medium
6588,2024,2.18,5,Low
6588,2025,2.96,6,Medium
6589,2023,3.08,10,Medium
6589,2024,3.11,10,Medium
6589,2025,2.58,6,Medium
6590,2023,3.6,5,Medium
6590,2024,3.44,6,Medium
6590,2025,3.18,6,Medium
6591,2023,2.74,7,Medium
6591,2024,3.26,5,Medium
6591,2025,2.41,3,Low
6592,2023,3.24,8,Medium
6592,2024,3.24,6,Medium
6592,2025,2.32,10,Low
6593,2023,3.67,5,Medium
6593,2024,3.15,5,Medium
6593,2025,4.44,6,High
6594,2023,3.09,2,Medium
6594,2024,4.32,7,High
6594,2025,3.53,5,Medium
6595,2023,3.78,8,High
6595,2024,3.79,8,High
6595,2025,2.94,6,Medium
6596,2023,3.05,7,Medium
6596,2024,3.11,7,Medium
6596,2025,2.58,1,Medium
6597,2023,3.0,11,Medium
6597,2024,3.11,2,Medium
6597,2025,2.52,5,Medium
6598,2023,3.91,4,High
6598,2024,2.91,7,Medium
6598,2025,2.67,8,Medium
6599,2023,3.91,10,High
6599,2024,2.95,4,Medium
6599,2025,3.11,6,Medium
6600,2023,3.86,4,High
6600,2024,3.12,9,Medium
6600,2025,3.92,7,High
6601,2023,3.09,8,Medium
6601,2024,2.8,5,Medium
6601,2025,3.27,8,Medium
6602,2023,3.14,9,Medium
6602,2024,3.96,6,High
6602,2025,3.43,5,Medium
6603,2023,3.74,4,High
6603,2024,2.79,7,Medium
6603,2025,3.09,7,Medium
6604,2023,3.01,8,Medium
6604,2024,4.27,6,High
6604,2025,3.49,8,Medium
6605,2023,2.99,10,Medium
6605,2024,3.19,3,Medium
6605,2025,3.09,4,Medium
6606,2023,4.23,6,High
6606,2024,3.66,4,Medium
6606,2025,2.87,6,Medium
6607,2023,2.86,10,Medium
6607,2024,3.16,9,Medium
6607,2025,3.26,8,Medium
6608,2023,3.09,4,Medium
6608,2024,2.62,7,Medium
6608,2025,3.35,5,Medium
6609,2023,3.44,7,Medium
6609,2024,3.64,7,Medium
6609,2025,2.46,6,Low
6610,2023,3.18,10,Medium
6610,2024,3.64,5,Medium
6610,2025,3.06,4,Medium
6611,2023,2.98,6,Medium
6611,2024,2.71,5,Medium
6611,2025,2.15,7,Low
6612,2023,3.41,8,Medium
6612,2024,3.17,5,Medium
6612,2025,4.0,9,High
6613,2023,2.88,4,Medium
6613,2024,3.46,5,Medium
6613,2025,3.6,9,Medium
6614,2023,3.22,4,Medium
6614,2024,2.69,7,Medium
6614,2025,2.91,4,Medium
6615,2023,3.59,10,Medium
6615,2024,3.33,6,Medium
6615,2025,3.57,7,Medium
6616,2023,2.35,5,Low
6616,2024,2.94,6,Medium
6616,2025,3.37,6,Medium
6617,2023,3.19,9,Medium
6617,2024,2.34,8,Low
6617,2025,3.35,6,Medium
6618,2023,2.98,8,Medium
6618,2024,2.69,4,Medium
6618,2025,3.51,7,Medium
6619,2023,3.46,7,Medium
6619,2024,2.83,7,Medium
6619,2025,3.18,6,Medium
6620,2023,3.42,5,Medium
6620,2024,3.11,7,Medium
6620,2025,3.98,3,High
6621,2023,2.83,8,Medium
6621,2024,3.0,8,Medium
6621,2025,2.92,8,Medium
6622,2023,3.2,10,Medium
6622,2024,3.82,5,High
6622,2025,3.56,6,Medium
6623,2023,3.98,4,High
6623,2024,3.47,7,Medium
6623,2025,3.33,9,Medium
6624,2023,2.29,4,Low
6624,2024,3.63,6,Medium
6624,2025,3.21,8,Medium
6625,2023,2.63,7,Medium
6625,2024,2.89,2,Medium
6625,2025,2.92,5,Medium
6626,2023,2.75,7,Medium
6626,2024,3.14,7,Medium
6626,2025,4.27,8,High
6627,2023,2.64,4,Medium
6627,2024,3.44,10,Medium
6627,2025,3.45,7,Medium
6628,2023,3.62,6,Medium
6628,2024,3.45,10,Medium
6628,2025,3.66,7,Medium
6629,2023,2.47,5,Low
6629,2024,2.88,5,Medium
6629,2025,3.0,8,Medium
6630,2023,3.99,6,High
6630,2024,2.91,3,Medium
6630,2025,2.67,5,Medium
6631,2023,3.44,8,Medium
6631,2024,3.55,5,Medium
6631,2025,3.11,6,Medium
6632,2023,2.3,12,Low
6632,2024,3.11,7,Medium
6632,2025,2.81,5,Medium
6633,2023,3.73,7,High
6633,2024,3.31,7,Medium
6633,2025,3.61,8,Medium
6634,2023,2.81,7,Medium
6634,2024,2.22,8,Low
6634,2025,3.57,9,Medium
6635,2023,2.98,8,Medium
6635,2024,3.49,9,Medium
6635,2025,4.18,5,High
6636,2023,2.74,1,Medium
6636,2024,3.33,2,Medium
6636,2025,2.64,5,Medium
6637,2023,3.33,5,Medium
6637,2024,2.86,7,Medium
6637,2025,2.19,5,Low
6638,2023,3.39,9,Medium
6638,2024,3.0,3,Medium
6638,2025,3.25,7,Medium
6639,2023,3.13,8,Medium
6639,2024,2.75,8,Medium
6639,2025,3.54,7,Medium
6640,2023,3.79,12,High
6640,2024,3.34,4,Medium
6640,2025,3.62,6,Medium
6641,2023,3.78,8,High
6641,2024,2.98,6,Medium
6641,2025,2.99,8,Medium
6642,2023,3.92,6,High
6642,2024,4.36,7,High
6642,2025,2.88,11,Medium
6643,2023,3.4,1,Medium
6643,2024,3.4,8,Medium
6643,2025,3.88,8,High
6644,2023,3.85,11,High
6644,2024,2.99,9,Medium
6644,2025,2.28,9,Low
6645,2023,3.43,6,Medium
6645,2024,3.41,7,Medium
6645,2025,3.89,10,High
6646,2023,2.72,8,Medium
6646,2024,3.07,4,Medium
6646,2025,3.81,6,High
6647,2023,3.29,7,Medium
6647,2024,3.16,6,Medium
6647,2025,3.3,6,Medium
6648,2023,3.24,5,Medium
6648,2024,2.77,6,Medium
6648,2025,3.28,7,Medium
6649,2023,3.14,9,Medium
6649,2024,3.97,12,High
6649,2025,2.97,5,Medium
6650,2023,3.34,7,Medium
6650,2024,3.26,5,Medium
6650,2025,3.58,7,Medium
6651,2023,3.09,8,Medium
6651,2024,2.71,7,Medium
6651,2025,4.62,6,High
6652,2023,2.4,5,Low
6652,2024,2.78,7,Medium
6652,2025,2.99,11,Medium
6653,2023,4.11,6,High
6653,2024,3.05,7,Medium
6653,2025,2.81,4,Medium
6654,2023,3.26,8,Medium
6654,2024,3.66,6,Medium
6654,2025,2.5,8,Low
6655,2023,3.54,7,Medium
6655,2024,3.45,6,Medium
6655,2025,2.89,7,Medium
6656,2023,2.54,5,Medium
6656,2024,3.19,9,Medium
6656,2025,2.7,7,Medium
6657,2023,3.53,4,Medium
6657,2024,4.22,6,High
6657,2025,3.74,4,High
6658,2023,2.94,3,Medium
6658,2024,4.04,4,High
6658,2025,3.28,8,Medium
6659,2023,3.16,6,Medium
6659,2024,3.7,8,Medium
6659,2025,3.91,7,High
6660,2023,3.93,7,High
6660,2024,4.08,8,High
6660,2025,4.18,9,High
6661,2023,3.22,3,Medium
6661,2024,3.9,12,High
6661,2025,3.99,10,High
6662,2023,3.54,4,Medium
6662,2024,4.46,6,High
6662,2025,3.26,8,Medium
6663,2023,3.3,10,Medium
6663,2024,2.86,7,Medium
6663,2025,3.49,11,Medium
6664,2023,2.86,11,Medium
6664,2024,2.88,7,Medium
6664,2025,3.36,7,Medium
6665,2023,3.01,3,Medium
6665,2024,3.1,4,Medium
6665,2025,3.89,8,High
6666,2023,2.78,5,Medium
6666,2024,3.79,6,High
6666,2025,4.26,8,High
6667,2023,4.34,6,High
6667,2024,3.33,8,Medium
6667,2025,2.91,5,Medium
6668,2023,3.28,7,Medium
6668,2024,3.22,9,Medium
6668,2025,2.6,2,Medium
6669,2023,2.67,7,Medium
6669,2024,2.97,4,Medium
6669,2025,3.4,9,Medium
6670,2023,3.22,7,Medium
6670,2024,3.06,4,Medium
6670,2025,3.38,5,Medium
6671,2023,3.15,5,Medium
6671,2024,3.03,7,Medium
6671,2025,2.25,5,Low
6672,2023,2.95,7,Medium
6672,2024,3.38,6,Medium
6672,2025,2.6,4,Medium
6673,2023,3.6,8,Medium
6673,2024,3.15,11,Medium
6673,2025,3.96,6,High
6674,2023,3.73,6,High
6674,2024,3.84,7,High
6674,2025,3.16,7,Medium
6675,2023,4.11,6,High
6675,2024,3.7,4,Medium
6675,2025,3.46,4,Medium
6676,2023,3.38,6,Medium
6676,2024,3.08,9,Medium
6676,2025,2.71,6,Medium
6677,2023,2.83,5,Medium
6677,2024,3.22,5,Medium
6677,2025,3.86,6,High
6678,2023,3.22,7,Medium
6678,2024,3.77,6,High
6678,2025,3.0,10,Medium
6679,2023,3.35,10,Medium
6679,2024,3.32,6,Medium
6679,2025,2.76,5,Medium
6680,2023,3.36,6,Medium
6680,2024,2.5,7,Low
6680,2025,3.09,5,Medium
6681,2023,2.97,5,Medium
6681,2024,3.68,4,Medium
6681,2025,2.97,6,Medium
6682,2023,3.67,5,Medium
6682,2024,3.66,6,Medium
6682,2025,4.02,5,High
6683,2023,2.53,7,Medium
6683,2024,3.78,6,High
6683,2025,4.27,9,High
6684,2023,3.63,4,Medium
6684,2024,3.46,9,Medium
6684,2025,3.66,8,Medium
6685,2023,2.78,5,Medium
6685,2024,3.83,7,High
6685,2025,3.06,9,Medium
6686,2023,2.95,8,Medium
6686,2024,2.06,6,Low
6686,2025,3.45,5,Medium
6687,2023,2.86,3,Medium
6687,2024,4.1,6,High
6687,2025,3.93,7,High
6688,2023,3.21,5,Medium
6688,2024,2.4,2,Low
6688,2025,2.96,10,Medium
6689,2023,3.52,8,Medium
6689,2024,3.49,11,Medium
6689,2025,3.13,6,Medium
6690,2023,3.81,7,High
6690,2024,2.68,6,Medium
6690,2025,2.2,7,Low
6691,2023,3.64,7,Medium
6691,2024,3.62,7,Medium
6691,2025,3.18,7,Medium
6692,2023,2.99,8,Medium
6692,2024,3.01,6,Medium
6692,2025,2.93,7,Medium
6693,2023,4.02,8,High
6693,2024,3.72,7,High
6693,2025,3.31,9,Medium
6694,2023,3.51,9,Medium
6694,2024,3.67,4,Medium
6694,2025,3.14,9,Medium
6695,2023,3.09,3,Medium
6695,2024,3.56,8,Medium
6695,2025,3.89,6,High
6696,2023,3.46,5,Medium
6696,2024,3.67,3,Medium
6696,2025,3.71,5,High
6697,2023,3.02,8,Medium
6697,2024,3.16,5,Medium
6697,2025,4.51,6,High
6698,2023,3.15,6,Medium
6698,2024,3.8,5,High
6698,2025,2.94,9,Medium
6699,2023,3.47,5,Medium
6699,2024,2.26,6,Low
6699,2025,3.64,8,Medium
6700,2023,2.85,3,Medium
6700,2024,3.56,5,Medium
6700,2025,3.29,10,Medium
6701,2023,2.92,8,Medium
6701,2024,3.6,9,Medium
6701,2025,3.51,8,Medium
6702,2023,4.38,8,High
6702,2024,3.55,7,Medium
6702,2025,2.86,7,Medium
6703,2023,3.26,9,Medium
6703,2024,3.3,9,Medium
6703,2025,2.91,7,Medium
6704,2023,3.19,6,Medium
6704,2024,3.61,8,Medium
6704,2025,2.83,4,Medium
6705,2023,4.11,5,High
6705,2024,3.79,5,High
6705,2025,3.5,6,Medium
6706,2023,2.9,8,Medium
6706,2024,4.02,6,High
6706,2025,2.92,7,Medium
6707,2023,3.55,8,Medium
6707,2024,3.35,9,Medium
6707,2025,3.75,9,High
6708,2023,2.97,6,Medium
6708,2024,2.59,10,Medium
6708,2025,2.82,6,Medium
6709,2023,3.14,6,Medium
6709,2024,3.79,8,High
6709,2025,3.32,5,Medium
6710,2023,2.59,2,Medium
6710,2024,3.45,6,Medium
6710,2025,3.36,6,Medium
6711,2023,2.75,4,Medium
6711,2024,2.71,8,Medium
6711,2025,2.98,4,Medium
6712,2023,3.04,8,Medium
6712,2024,3.67,6,Medium
6712,2025,3.33,7,Medium
6713,2023,3.2,6,Medium
6713,2024,3.69,5,Medium
6713,2025,3.68,1,Medium
6714,2023,2.66,8,Medium
6714,2024,2.9,7,Medium
6714,2025,3.24,7,Medium
6715,2023,4.03,5,High
6715,2024,3.77,5,High
6715,2025,3.11,9,Medium
6716,2023,4.09,7,High
6716,2024,3.24,5,Medium
6716,2025,3.71,5,High
6717,2023,4.19,7,High
6717,2024,3.87,5,High
6717,2025,3.41,6,Medium
6718,2023,3.79,8,High
6718,2024,3.79,4,High
6718,2025,3.16,8,Medium
6719,2023,3.15,9,Medium
6719,2024,3.62,5,Medium
6719,2025,3.1,7,Medium
6720,2023,2.77,4,Medium
6720,2024,2.23,7,Low
6720,2025,2.36,9,Low
6721,2023,4.07,6,High
6721,2024,2.69,5,Medium
6721,2025,2.79,8,Medium
6722,2023,4.16,6,High
6722,2024,3.21,4,Medium
6722,2025,3.44,5,Medium
6723,2023,3.72,7,High
6723,2024,3.34,6,Medium
6723,2025,2.69,5,Medium
6724,2023,2.84,8,Medium
6724,2024,3.53,6,Medium
6724,2025,2.95,5,Medium
6725,2023,3.29,8,Medium
6725,2024,3.28,8,Medium
6725,2025,3.84,7,High
6726,2023,3.06,8,Medium
6726,2024,2.74,9,Medium
6726,2025,3.84,7,High
6727,2023,2.47,6,Low
6727,2024,2.48,7,Low
6727,2025,3.52,4,Medium
6728,2023,2.9,7,Medium
6728,2024,3.14,5,Medium
6728,2025,2.15,6,Low
6729,2023,3.72,8,High
6729,2024,2.99,2,Medium
6729,2025,3.92,4,High
6730,2023,3.07,8,Medium
6730,2024,3.45,4,Medium
6730,2025,3.29,9,Medium
6731,2023,3.38,5,Medium
6731,2024,3.17,6,Medium
6731,2025,3.1,6,Medium
6732,2023,4.16,5,High
6732,2024,2.86,1,Medium
6732,2025,3.04,7,Medium
6733,2023,3.31,8,Medium
6733,2024,2.46,7,Low
6733,2025,3.28,9,Medium
6734,2023,3.65,7,Medium
6734,2024,4.05,7,High
6734,2025,4.28,5,High
6735,2023,2.73,6,Medium
6735,2024,3.51,6,Medium
6735,2025,3.85,7,High
6736,2023,3.61,4,Medium
6736,2024,3.68,7,Medium
6736,2025,3.24,4,Medium
6737,2023,3.26,4,Medium
6737,2024,3.11,6,Medium
6737,2025,3.63,7,Medium
6738,2023,3.66,7,Medium
6738,2024,3.33,4,Medium
6738,2025,2.64,9,Medium
6739,2023,2.68,6,Medium
6739,2024,2.56,6,Medium
6739,2025,2.57,6,Medium
6740,2023,3.36,5,Medium
6740,2024,2.78,5,Medium
6740,2025,2.98,10,Medium
6741,2023,3.7,10,Medium
6741,2024,3.13,7,Medium
6741,2025,3.18,7,Medium
6742,2023,3.04,7,Medium
6742,2024,3.28,9,Medium
6742,2025,2.93,1,Medium
6743,2023,2.17,5,Low
6743,2024,3.06,4,Medium
6743,2025,2.82,3,Medium
6744,2023,4.23,7,High
6744,2024,2.86,8,Medium
6744,2025,3.71,7,High
6745,2023,2.98,5,Medium
6745,2024,4.16,8,High
6745,2025,3.35,3,Medium
6746,2023,4.19,6,High
6746,2024,2.25,4,Low
6746,2025,3.38,4,Medium
6747,2023,3.13,9,Medium
6747,2024,3.79,7,High
6747,2025,3.61,6,Medium
6748,2023,3.57,11,Medium
6748,2024,3.29,8,Medium
6748,2025,3.73,7,High
6749,2023,3.66,4,Medium
6749,2024,3.38,6,Medium
6749,2025,3.69,8,Medium
6750,2023,4.0,9,High
6750,2024,3.68,8,Medium
6750,2025,3.61,9,Medium
6751,2023,3.35,6,Medium
6751,2024,3.2,5,Medium
6751,2025,2.9,7,Medium
6752,2023,3.5,6,Medium
6752,2024,2.44,5,Low
6752,2025,2.35,8,Low
6753,2023,3.77,5,High
6753,2024,2.95,9,Medium
6753,2025,2.92,8,Medium
6754,2023,3.38,6,Medium
6754,2024,3.23,3,Medium
6754,2025,3.39,12,Medium
6755,2023,2.62,6,Medium
6755,2024,3.29,6,Medium
6755,2025,2.87,3,Medium
6756,2023,3.99,6,High
6756,2024,3.22,6,Medium
6756,2025,3.64,8,Medium
6757,2023,2.94,2,Medium
6757,2024,4.16,5,High
6757,2025,3.23,7,Medium
6758,2023,3.76,4,High
6758,2024,4.03,8,High
6758,2025,3.51,6,Medium
6759,2023,4.68,6,High
6759,2024,4.07,5,High
6759,2025,3.03,6,Medium
6760,2023,3.82,6,High
6760,2024,3.94,11,High
6760,2025,3.96,8,High
6761,2023,2.97,8,Medium
6761,2024,3.33,3,Medium
6761,2025,3.88,9,High
6762,2023,3.05,6,Medium
6762,2024,2.87,6,Medium
6762,2025,2.88,7,Medium
6763,2023,2.78,11,Medium
6763,2024,2.22,6,Low
6763,2025,2.67,3,Medium
6764,2023,3.6,9,Medium
6764,2024,3.93,6,High
6764,2025,3.26,4,Medium
6765,2023,3.14,3,Medium
6765,2024,3.06,5,Medium
6765,2025,2.97,7,Medium
6766,2023,2.92,4,Medium
6766,2024,2.85,4,Medium
6766,2025,3.98,6,High
6767,2023,3.04,6,Medium
6767,2024,3.38,6,Medium
6767,2025,3.1,7,Medium
6768,2023,3.67,8,Medium
6768,2024,2.5,7,Low
6768,2025,2.97,7,Medium
6769,2023,3.08,5,Medium
6769,2024,2.93,8,Medium
6769,2025,2.25,7,Low
6770,2023,3.45,6,Medium
6770,2024,3.66,5,Medium
6770,2025,4.09,2,High
6771,2023,3.25,5,Medium
6771,2024,2.91,6,Medium
6771,2025,2.95,8,Medium
6772,2023,3.09,7,Medium
6772,2024,3.5,6,Medium
6772,2025,2.98,6,Medium
6773,2023,3.43,3,Medium
6773,2024,2.93,6,Medium
6773,2025,3.35,5,Medium
6774,2023,4.18,4,High
6774,2024,3.39,5,Medium
6774,2025,2.83,5,Medium
6775,2023,4.54,7,High
6775,2024,3.76,10,High
6775,2025,3.59,4,Medium
6776,2023,2.97,5,Medium
6776,2024,3.44,9,Medium
6776,2025,3.39,6,Medium
6777,2023,2.65,6,Medium
6777,2024,3.57,10,Medium
6777,2025,3.47,8,Medium
6778,2023,3.61,6,Medium
6778,2024,3.37,2,Medium
6778,2025,4.24,5,High
6779,2023,3.1,7,Medium
6779,2024,3.3,9,Medium
6779,2025,2.79,9,Medium
6780,2023,2.59,3,Medium
6780,2024,3.9,9,High
6780,2025,3.74,4,High
6781,2023,3.96,8,High
6781,2024,3.58,7,Medium
6781,2025,2.81,8,Medium
6782,2023,3.61,8,Medium
6782,2024,3.64,7,Medium
6782,2025,3.42,8,Medium
6783,2023,3.74,3,High
6783,2024,4.29,7,High
6783,2025,3.19,9,Medium
6784,2023,3.21,8,Medium
6784,2024,2.63,7,Medium
6784,2025,3.34,4,Medium
6785,2023,3.33,7,Medium
6785,2024,3.49,9,Medium
6785,2025,3.08,5,Medium
6786,2023,3.33,6,Medium
6786,2024,2.49,6,Low
6786,2025,3.64,2,Medium
6787,2023,3.28,7,Medium
6787,2024,3.5,8,Medium
6787,2025,3.42,6,Medium
6788,2023,3.38,8,Medium
6788,2024,3.84,5,High
6788,2025,2.69,8,Medium
6789,2023,3.75,7,High
6789,2024,2.98,6,Medium
6789,2025,3.23,9,Medium
6790,2023,3.22,2,Medium
6790,2024,3.62,5,Medium
6790,2025,2.71,7,Medium
6791,2023,2.47,7,Low
6791,2024,3.08,4,Medium
6791,2025,1.67,6,Low
6792,2023,4.07,7,High
6792,2024,3.92,7,High
6792,2025,3.59,7,Medium
6793,2023,3.39,10,Medium
6793,2024,2.2,6,Low
6793,2025,3.35,8,Medium
6794,2023,3.7,6,Medium
6794,2024,2.59,6,Medium
6794,2025,3.46,8,Medium
6795,2023,2.89,10,Medium
6795,2024,2.17,4,Low
6795,2025,2.95,6,Medium
6796,2023,3.84,6,High
6796,2024,2.62,9,Medium
6796,2025,3.89,4,High
6797,2023,4.15,10,High
6797,2024,3.04,5,Medium
6797,2025,2.95,6,Medium
6798,2023,3.73,7,High
6798,2024,3.07,7,Medium
6798,2025,3.78,8,High
6799,2023,3.62,5,Medium
6799,2024,3.01,4,Medium
6799,2025,3.06,3,Medium
6800,2023,3.99,5,High
6800,2024,2.28,9,Low
6800,2025,2.89,5,Medium
6801,2023,3.03,5,Medium
6801,2024,2.51,4,Medium
6801,2025,3.66,5,Medium
6802,2023,2.85,5,Medium
6802,2024,3.53,4,Medium
6802,2025,3.22,6,Medium
6803,2023,3.55,5,Medium
6803,2024,2.22,4,Low
6803,2025,3.12,8,Medium
6804,2023,3.48,9,Medium
6804,2024,2.83,7,Medium
6804,2025,2.93,10,Medium
6805,2023,2.53,6,Medium
6805,2024,2.99,6,Medium
6805,2025,2.56,7,Medium
6806,2023,3.29,8,Medium
6806,2024,2.99,10,Medium
6806,2025,3.91,10,High
6807,2023,3.49,8,Medium
6807,2024,2.55,12,Medium
6807,2025,4.18,8,High
6808,2023,3.76,7,High
6808,2024,3.78,4,High
6808,2025,4.3,6,High
6809,2023,3.64,7,Medium
6809,2024,3.05,9,Medium
6809,2025,2.65,6,Medium
6810,2023,1.6,5,Low
6810,2024,4.23,6,High
6810,2025,3.38,7,Medium
6811,2023,3.44,8,Medium
6811,2024,3.55,10,Medium
6811,2025,3.03,4,Medium
6812,2023,3.51,9,Medium
6812,2024,2.65,5,Medium
6812,2025,3.35,9,Medium
6813,2023,3.8,8,High
6813,2024,3.01,6,Medium
6813,2025,4.77,6,High
6814,2023,2.46,5,Low
6814,2024,3.35,2,Medium
6814,2025,3.08,6,Medium
6815,2023,4.09,7,High
6815,2024,3.31,5,Medium
6815,2025,2.99,5,Medium
6816,2023,3.5,5,Medium
6816,2024,2.72,3,Medium
6816,2025,3.48,6,Medium
6817,2023,2.69,9,Medium
6817,2024,2.97,7,Medium
6817,2025,2.87,8,Medium
6818,2023,2.78,8,Medium
6818,2024,2.85,8,Medium
6818,2025,4.13,8,High
6819,2023,4.09,5,High
6819,2024,2.23,9,Low
6819,2025,3.68,3,Medium
6820,2023,3.85,4,High
6820,2024,3.65,8,Medium
6820,2025,3.0,6,Medium
6821,2023,3.6,6,Medium
6821,2024,2.25,5,Low
6821,2025,3.01,8,Medium
6822,2023,2.74,10,Medium
6822,2024,2.98,5,Medium
6822,2025,3.72,4,High
6823,2023,2.53,12,Medium
6823,2024,2.83,8,Medium
6823,2025,3.25,5,Medium
6824,2023,3.92,8,High
6824,2024,3.71,9,High
6824,2025,4.27,8,High
6825,2023,3.37,8,Medium
6825,2024,3.45,6,Medium
6825,2025,3.01,8,Medium
6826,2023,2.13,9,Low
6826,2024,4.18,6,High
6826,2025,3.58,5,Medium
6827,2023,3.06,6,Medium
6827,2024,2.72,5,Medium
6827,2025,3.82,7,High
6828,2023,2.4,2,Low
6828,2024,2.56,7,Medium
6828,2025,2.88,8,Medium
6829,2023,3.55,4,Medium
6829,2024,3.19,10,Medium
6829,2025,3.6,6,Medium
6830,2023,3.67,6,Medium
6830,2024,3.18,12,Medium
6830,2025,3.88,7,High
6831,2023,2.7,5,Medium
6831,2024,3.09,9,Medium
6831,2025,3.29,11,Medium
6832,2023,3.68,9,Medium
6832,2024,3.95,9,High
6832,2025,2.96,7,Medium
6833,2023,3.22,8,Medium
6833,2024,2.63,9,Medium
6833,2025,2.96,6,Medium
6834,2023,3.52,8,Medium
6834,2024,3.55,10,Medium
6834,2025,3.41,5,Medium
6835,2023,2.82,7,Medium
6835,2024,3.06,8,Medium
6835,2025,2.89,8,Medium
6836,2023,3.49,9,Medium
6836,2024,3.23,7,Medium
6836,2025,3.14,8,Medium
6837,2023,2.84,6,Medium
6837,2024,3.2,6,Medium
6837,2025,2.79,7,Medium
6838,2023,2.89,6,Medium
6838,2024,3.82,8,High
6838,2025,3.06,4,Medium
6839,2023,2.84,5,Medium
6839,2024,2.76,7,Medium
6839,2025,3.05,11,Medium
6840,2023,3.23,1,Medium
6840,2024,2.88,5,Medium
6840,2025,3.32,3,Medium
6841,2023,2.92,10,Medium
6841,2024,3.22,6,Medium
6841,2025,3.71,4,High
6842,2023,2.9,8,Medium
6842,2024,3.23,9,Medium
6842,2025,3.66,6,Medium
6843,2023,3.3,9,Medium
6843,2024,2.96,9,Medium
6843,2025,3.63,9,Medium
6844,2023,3.3,4,Medium
6844,2024,3.37,5,Medium
6844,2025,3.03,6,Medium
6845,2023,3.14,5,Medium
6845,2024,2.94,7,Medium
6845,2025,3.33,4,Medium
6846,2023,3.51,8,Medium
6846,2024,3.09,9,Medium
6846,2025,4.09,3,High
6847,2023,3.76,12,High
6847,2024,3.0,7,Medium
6847,2025,3.06,8,Medium
6848,2023,3.42,9,Medium
6848,2024,4.86,7,High
6848,2025,2.7,6,Medium
6849,2023,4.25,6,High
6849,2024,2.98,9,Medium
6849,2025,2.73,7,Medium
6850,2023,4.23,3,High
6850,2024,3.52,9,Medium
6850,2025,4.49,5,High
6851,2023,3.06,5,Medium
6851,2024,3.27,7,Medium
6851,2025,3.11,11,Medium
6852,2023,4.02,12,High
6852,2024,2.99,5,Medium
6852,2025,3.13,8,Medium
6853,2023,3.41,8,Medium
6853,2024,3.42,4,Medium
6853,2025,4.22,9,High
6854,2023,3.62,3,Medium
6854,2024,3.22,11,Medium
6854,2025,3.21,3,Medium
6855,2023,2.82,6,Medium
6855,2024,3.28,8,Medium
6855,2025,3.64,9,Medium
6856,2023,3.19,6,Medium
6856,2024,3.02,8,Medium
6856,2025,3.87,7,High
6857,2023,3.53,10,Medium
6857,2024,2.61,6,Medium
6857,2025,2.76,7,Medium
6858,2023,3.93,8,High
6858,2024,3.01,5,Medium
6858,2025,3.63,8,Medium
6859,2023,2.87,6,Medium
6859,2024,3.19,4,Medium
6859,2025,4.52,6,High
6860,2023,2.78,7,Medium
6860,2024,3.02,6,Medium
6860,2025,2.89,4,Medium
6861,2023,3.67,9,Medium
6861,2024,2.52,4,Medium
6861,2025,4.2,6,High
6862,2023,3.01,4,Medium
6862,2024,2.67,4,Medium
6862,2025,3.6,7,Medium
6863,2023,3.36,7,Medium
6863,2024,4.08,3,High
6863,2025,3.54,4,Medium
6864,2023,3.29,8,Medium
6864,2024,3.71,6,High
6864,2025,3.8,9,High
6865,2023,3.17,7,Medium
6865,2024,2.75,5,Medium
6865,2025,3.99,9,High
6866,2023,3.26,6,Medium
6866,2024,3.02,10,Medium
6866,2025,3.76,6,High
6867,2023,3.74,6,High
6867,2024,3.75,8,High
6867,2025,3.22,10,Medium
6868,2023,2.9,6,Medium
6868,2024,3.7,8,Medium
6868,2025,3.31,7,Medium
6869,2023,3.49,6,Medium
6869,2024,4.17,6,High
6869,2025,4.09,6,High
6870,2023,2.61,5,Medium
6870,2024,3.73,12,High
6870,2025,3.62,6,Medium
6871,2023,3.03,6,Medium
6871,2024,3.66,10,Medium
6871,2025,2.86,7,Medium
6872,2023,3.33,7,Medium
6872,2024,3.75,8,High
6872,2025,3.02,7,Medium
6873,2023,2.96,6,Medium
6873,2024,3.68,9,Medium
6873,2025,3.27,3,Medium
6874,2023,3.35,6,Medium
6874,2024,2.98,6,Medium
6874,2025,2.17,7,Low
6875,2023,2.94,8,Medium
6875,2024,3.57,8,Medium
6875,2025,3.09,6,Medium
6876,2023,3.35,6,Medium
6876,2024,3.04,6,Medium
6876,2025,3.89,1,High
6877,2023,2.64,7,Medium
6877,2024,3.25,5,Medium
6877,2025,4.1,6,High
6878,2023,3.07,8,Medium
6878,2024,3.74,7,High
6878,2025,3.33,6,Medium
6879,2023,2.46,6,Low
6879,2024,3.53,7,Medium
6879,2025,2.21,5,Low
6880,2023,3.43,5,Medium
6880,2024,4.6,10,High
6880,2025,3.43,7,Medium
6881,2023,2.4,7,Low
6881,2024,2.81,8,Medium
6881,2025,3.48,7,Medium
6882,2023,3.28,8,Medium
6882,2024,2.77,6,Medium
6882,2025,3.17,7,Medium
6883,2023,3.44,4,Medium
6883,2024,3.88,6,High
6883,2025,3.24,5,Medium
6884,2023,3.54,9,Medium
6884,2024,3.0,2,Medium
6884,2025,3.71,5,High
6885,2023,2.98,6,Medium
6885,2024,3.35,10,Medium
6885,2025,3.12,8,Medium
6886,2023,3.42,5,Medium
6886,2024,3.28,9,Medium
6886,2025,3.23,4,Medium
6887,2023,4.47,6,High
6887,2024,3.98,7,High
6887,2025,3.96,8,High
6888,2023,3.47,4,Medium
6888,2024,2.94,5,Medium
6888,2025,2.97,10,Medium
6889,2023,3.01,8,Medium
6889,2024,2.39,4,Low
6889,2025,2.47,7,Low
6890,2023,3.38,4,Medium
6890,2024,3.83,12,High
6890,2025,3.17,9,Medium
6891,2023,2.98,9,Medium
6891,2024,3.18,5,Medium
6891,2025,2.86,6,Medium
6892,2023,4.07,8,High
6892,2024,3.23,6,Medium
6892,2025,3.49,6,Medium
6893,2023,4.11,4,High
6893,2024,3.41,6,Medium
6893,2025,3.57,7,Medium
6894,2023,3.08,5,Medium
6894,2024,3.53,8,Medium
6894,2025,3.17,9,Medium
6895,2023,3.45,7,Medium
6895,2024,3.01,6,Medium
6895,2025,2.93,10,Medium
6896,2023,3.35,7,Medium
6896,2024,3.26,6,Medium
6896,2025,2.86,5,Medium
6897,2023,3.13,10,Medium
6897,2024,3.41,9,Medium
6897,2025,2.97,8,Medium
6898,2023,2.67,7,Medium
6898,2024,2.3,6,Low
6898,2025,3.42,5,Medium
6899,2023,2.96,7,Medium
6899,2024,2.87,4,Medium
6899,2025,3.19,10,Medium
6900,2023,3.65,9,Medium
6900,2024,3.21,10,Medium
6900,2025,3.49,5,Medium
6901,2023,3.88,8,High
6901,2024,3.68,10,Medium
6901,2025,4.08,5,High
6902,2023,3.73,6,High
6902,2024,3.64,7,Medium
6902,2025,2.73,10,Medium
6903,2023,4.02,2,High
6903,2024,3.36,9,Medium
6903,2025,3.6,10,Medium
6904,2023,4.16,9,High
6904,2024,3.58,5,Medium
6904,2025,2.6,5,Medium
6905,2023,2.41,4,Low
6905,2024,2.56,8,Medium
6905,2025,2.76,7,Medium
6906,2023,3.81,2,High
6906,2024,3.59,8,Medium
6906,2025,3.43,7,Medium
6907,2023,3.0,8,Medium
6907,2024,3.82,8,High
6907,2025,3.03,6,Medium
6908,2023,2.99,6,Medium
6908,2024,3.47,6,Medium
6908,2025,3.97,8,High
6909,2023,3.69,8,Medium
6909,2024,2.47,5,Low
6909,2025,3.33,6,Medium
6910,2023,3.8,7,High
6910,2024,2.75,5,Medium
6910,2025,2.7,6,Medium
6911,2023,3.32,6,Medium
6911,2024,3.94,6,High
6911,2025,2.73,7,Medium
6912,2023,3.61,5,Medium
6912,2024,3.28,8,Medium
6912,2025,2.71,5,Medium
6913,2023,3.04,8,Medium
6913,2024,2.91,6,Medium
6913,2025,3.13,8,Medium
6914,2023,2.81,9,Medium
6914,2024,3.02,4,Medium
6914,2025,2.76,7,Medium
6915,2023,4.06,6,High
6915,2024,2.9,7,Medium
6915,2025,3.44,12,Medium
6916,2023,3.22,6,Medium
6916,2024,3.27,10,Medium
6916,2025,3.36,5,Medium
6917,2023,3.32,6,Medium
6917,2024,2.75,5,Medium
6917,2025,4.28,8,High
6918,2023,3.41,5,Medium
6918,2024,4.07,2,High
6918,2025,3.22,7,Medium
6919,2023,3.82,8,High
6919,2024,3.17,8,Medium
6919,2025,3.42,4,Medium
6920,2023,2.49,3,Low
6920,2024,2.45,6,Low
6920,2025,2.73,6,Medium
6921,2023,4.11,3,High
6921,2024,4.12,5,High
6921,2025,3.78,8,High
6922,2023,4.17,5,High
6922,2024,3.38,7,Medium
6922,2025,3.13,8,Medium
6923,2023,3.43,3,Medium
6923,2024,3.88,6,High
6923,2025,3.49,6,Medium
6924,2023,4.07,1,High
6924,2024,3.21,8,Medium
6924,2025,3.89,8,High
6925,2023,3.86,6,High
6925,2024,3.95,6,High
6925,2025,3.17,5,Medium
6926,2023,2.03,6,Low
6926,2024,3.14,6,Medium
6926,2025,2.83,6,Medium
6927,2023,3.45,7,Medium
6927,2024,3.5,9,Medium
6927,2025,3.03,9,Medium
6928,2023,3.07,6,Medium
6928,2024,3.45,7,Medium
6928,2025,2.53,7,Medium
6929,2023,2.9,6,Medium
6929,2024,3.04,5,Medium
6929,2025,3.3,7,Medium
6930,2023,2.68,7,Medium
6930,2024,3.04,6,Medium
6930,2025,3.43,11,Medium
6931,2023,3.24,8,Medium
6931,2024,3.44,9,Medium
6931,2025,2.64,5,Medium
6932,2023,2.86,7,Medium
6932,2024,3.19,3,Medium
6932,2025,2.65,5,Medium
6933,2023,3.27,9,Medium
6933,2024,3.88,8,High
6933,2025,3.5,3,Medium
6934,2023,3.91,5,High
6934,2024,4.35,6,High
6934,2025,3.45,6,Medium
6935,2023,4.32,5,High
6935,2024,3.49,5,Medium
6935,2025,2.99,7,Medium
6936,2023,3.19,6,Medium
6936,2024,2.89,3,Medium
6936,2025,2.44,8,Low
6937,2023,3.14,6,Medium
6937,2024,3.08,8,Medium
6937,2025,3.71,7,High
6938,2023,4.05,9,High
6938,2024,3.43,4,Medium
6938,2025,3.47,6,Medium
6939,2023,3.08,8,Medium
6939,2024,3.14,7,Medium
6939,2025,3.64,5,Medium
6940,2023,3.64,6,Medium
6940,2024,3.95,4,High
6940,2025,3.27,9,Medium
6941,2023,2.8,5,Medium
6941,2024,4.13,7,High
6941,2025,3.48,7,Medium
6942,2023,3.79,9,High
6942,2024,2.89,10,Medium
6942,2025,3.54,5,Medium
6943,2023,3.97,9,High
6943,2024,3.78,9,High
6943,2025,3.86,3,High
6944,2023,3.32,5,Medium
6944,2024,2.99,9,Medium
6944,2025,3.2,6,Medium
6945,2023,3.82,6,High
6945,2024,3.43,9,Medium
6945,2025,4.03,7,High
6946,2023,3.5,10,Medium
6946,2024,3.4,9,Medium
6946,2025,3.4,9,Medium
6947,2023,2.35,8,Low
6947,2024,2.56,8,Medium
6947,2025,3.62,6,Medium
6948,2023,3.34,9,Medium
6948,2024,3.24,5,Medium
6948,2025,2.86,6,Medium
6949,2023,3.32,5,Medium
6949,2024,2.21,8,Low
6949,2025,3.29,6,Medium
6950,2023,2.11,6,Low
6950,2024,3.08,4,Medium
6950,2025,3.49,7,Medium
6951,2023,3.3,8,Medium
6951,2024,3.4,3,Medium
6951,2025,3.96,7,High
6952,2023,2.4,5,Low
6952,2024,2.97,6,Medium
6952,2025,2.77,7,Medium
6953,2023,3.21,8,Medium
6953,2024,3.23,7,Medium
6953,2025,3.72,7,High
6954,2023,2.98,6,Medium
6954,2024,3.83,8,High
6954,2025,4.38,9,High
6955,2023,2.83,9,Medium
6955,2024,3.19,7,Medium
6955,2025,2.67,5,Medium
6956,2023,4.25,7,High
6956,2024,2.57,9,Medium
6956,2025,3.35,6,Medium
6957,2023,3.28,6,Medium
6957,2024,2.39,9,Low
6957,2025,2.64,5,Medium
6958,2023,2.76,11,Medium
6958,2024,2.9,6,Medium
6958,2025,3.14,7,Medium
6959,2023,2.03,6,Low
6959,2024,3.41,3,Medium
6959,2025,2.91,8,Medium
6960,2023,3.35,7,Medium
6960,2024,3.14,5,Medium
6960,2025,2.89,6,Medium
6961,2023,3.62,7,Medium
6961,2024,3.84,5,High
6961,2025,3.89,8,High
6962,2023,3.29,7,Medium
6962,2024,2.57,9,Medium
6962,2025,2.89,8,Medium
6963,2023,3.06,6,Medium
6963,2024,3.22,2,Medium
6963,2025,2.82,6,Medium
6964,2023,3.91,6,High
6964,2024,3.29,11,Medium
6964,2025,2.95,4,Medium
6965,2023,3.68,9,Medium
6965,2024,3.24,7,Medium
6965,2025,3.44,5,Medium
6966,2023,2.68,7,Medium
6966,2024,2.64,7,Medium
6966,2025,3.53,7,Medium
6967,2023,3.36,9,Medium
6967,2024,3.66,8,Medium
6967,2025,2.94,8,Medium
6968,2023,3.06,11,Medium
6968,2024,3.31,9,Medium
6968,2025,2.81,3,Medium
6969,2023,2.52,5,Medium
6969,2024,3.29,8,Medium
6969,2025,2.86,8,Medium
6970,2023,3.53,6,Medium
6970,2024,4.29,5,High
6970,2025,3.38,9,Medium
6971,2023,3.23,9,Medium
6971,2024,3.05,7,Medium
6971,2025,3.13,9,Medium
6972,2023,2.32,12,Low
6972,2024,3.31,5,Medium
6972,2025,3.8,6,High
6973,2023,3.69,3,Medium
6973,2024,3.01,2,Medium
6973,2025,3.95,7,High
6974,2023,3.97,10,High
6974,2024,3.37,7,Medium
6974,2025,4.15,9,High
6975,2023,3.38,12,Medium
6975,2024,3.64,7,Medium
6975,2025,4.1,5,High
6976,2023,2.85,9,Medium
6976,2024,3.04,8,Medium
6976,2025,2.36,10,Low
6977,2023,3.17,6,Medium
6977,2024,3.68,7,Medium
6977,2025,3.44,3,Medium
6978,2023,3.37,5,Medium
6978,2024,2.21,7,Low
6978,2025,3.25,6,Medium
6979,2023,3.07,6,Medium
6979,2024,3.84,5,High
6979,2025,3.0,5,Medium
6980,2023,4.05,4,High
6980,2024,3.0,7,Medium
6980,2025,3.78,6,High
6981,2023,3.29,6,Medium
6981,2024,3.39,5,Medium
6981,2025,3.19,7,Medium
6982,2023,3.64,9,Medium
6982,2024,3.41,7,Medium
6982,2025,3.36,4,Medium
6983,2023,3.67,5,Medium
6983,2024,3.14,9,Medium
6983,2025,3.77,6,High
6984,2023,2.7,7,Medium
6984,2024,3.53,6,Medium
6984,2025,2.95,2,Medium
6985,2023,3.05,5,Medium
6985,2024,3.51,4,Medium
6985,2025,2.87,12,Medium
6986,2023,2.89,5,Medium
6986,2024,3.09,10,Medium
6986,2025,3.55,9,Medium
6987,2023,3.82,7,High
6987,2024,3.64,6,Medium
6987,2025,2.76,7,Medium
6988,2023,3.53,3,Medium
6988,2024,2.67,8,Medium
6988,2025,3.15,8,Medium
6989,2023,3.78,11,High
6989,2024,2.78,8,Medium
6989,2025,3.49,5,Medium
6990,2023,3.36,6,Medium
6990,2024,2.76,7,Medium
6990,2025,3.83,5,High
6991,2023,2.98,4,Medium
6991,2024,2.85,3,Medium
6991,2025,3.5,8,Medium
6992,2023,3.45,6,Medium
6992,2024,2.99,5,Medium
6992,2025,2.66,5,Medium
6993,2023,3.58,10,Medium
6993,2024,3.49,7,Medium
6993,2025,3.66,7,Medium
6994,2023,3.46,12,Medium
6994,2024,3.73,6,High
6994,2025,3.74,9,High
6995,2023,5.0,8,High
6995,2024,3.82,6,High
6995,2025,3.22,7,Medium
6996,2023,3.52,7,Medium
6996,2024,3.26,4,Medium
6996,2025,2.97,7,Medium
6997,2023,3.27,9,Medium
6997,2024,4.44,5,High
6997,2025,3.32,7,Medium
6998,2023,3.71,8,High
6998,2024,3.57,7,Medium
6998,2025,3.24,4,Medium
6999,2023,3.92,4,High
6999,2024,3.66,9,Medium
6999,2025,2.89,8,Medium
7000,2023,3.34,8,Medium
7000,2024,3.14,8,Medium
7000,2025,2.36,5,Low
7001,2023,3.37,10,Medium
7001,2024,3.28,3,Medium
7001,2025,3.41,8,Medium
7002,2023,4.64,5,High
7002,2024,4.2,8,High
7002,2025,3.55,4,Medium
7003,2023,3.91,9,High
7003,2024,3.27,5,Medium
7003,2025,3.15,6,Medium
7004,2023,3.65,8,Medium
7004,2024,3.15,11,Medium
7004,2025,3.46,5,Medium
7005,2023,3.15,4,Medium
7005,2024,3.48,5,Medium
7005,2025,3.76,10,High
7006,2023,3.94,5,High
7006,2024,3.21,5,Medium
7006,2025,4.24,2,High
7007,2023,3.27,6,Medium
7007,2024,3.13,5,Medium
7007,2025,3.25,7,Medium
7008,2023,3.52,6,Medium
7008,2024,3.59,5,Medium
7008,2025,3.63,4,Medium
7009,2023,3.13,7,Medium
7009,2024,3.76,6,High
7009,2025,3.12,7,Medium
7010,2023,2.44,6,Low
7010,2024,3.88,7,High
7010,2025,3.27,7,Medium
7011,2023,3.04,5,Medium
7011,2024,3.23,6,Medium
7011,2025,3.56,8,Medium
7012,2023,3.5,7,Medium
7012,2024,1.9,7,Low
7012,2025,2.13,9,Low
7013,2023,3.49,3,Medium
7013,2024,4.06,9,High
7013,2025,4.06,10,High
7014,2023,2.65,8,Medium
7014,2024,3.36,4,Medium
7014,2025,3.36,10,Medium
7015,2023,3.75,5,High
7015,2024,4.2,8,High
7015,2025,3.31,5,Medium
7016,2023,3.62,7,Medium
7016,2024,4.33,8,High
7016,2025,3.3,5,Medium
7017,2023,3.44,6,Medium
7017,2024,3.99,6,High
7017,2025,3.82,7,High
7018,2023,2.63,4,Medium
7018,2024,3.92,5,High
7018,2025,2.9,2,Medium
7019,2023,4.02,6,High
7019,2024,3.6,7,Medium
7019,2025,3.64,4,Medium
7020,2023,3.14,7,Medium
7020,2024,2.71,10,Medium
7020,2025,3.65,4,Medium
7021,2023,3.15,3,Medium
7021,2024,2.95,5,Medium
7021,2025,3.85,7,High
7022,2023,3.42,5,Medium
7022,2024,3.07,6,Medium
7022,2025,3.83,3,High
7023,2023,2.84,7,Medium
7023,2024,3.86,5,High
7023,2025,2.96,6,Medium
7024,2023,2.86,5,Medium
7024,2024,2.75,4,Medium
7024,2025,3.11,8,Medium
7025,2023,2.93,7,Medium
7025,2024,3.02,3,Medium
7025,2025,2.48,3,Low
7026,2023,3.6,5,Medium
7026,2024,3.72,10,High
7026,2025,3.88,8,High
7027,2023,2.84,7,Medium
7027,2024,3.27,7,Medium
7027,2025,3.54,6,Medium
7028,2023,3.82,9,High
7028,2024,3.36,8,Medium
7028,2025,4.02,5,High
7029,2023,3.91,6,High
7029,2024,3.36,4,Medium
7029,2025,3.47,5,Medium
7030,2023,2.63,3,Medium
7030,2024,2.89,4,Medium
7030,2025,3.53,2,Medium
7031,2023,3.11,6,Medium
7031,2024,2.7,7,Medium
7031,2025,3.73,4,High
7032,2023,3.57,5,Medium
7032,2024,2.97,6,Medium
7032,2025,4.27,8,High
7033,2023,2.88,4,Medium
7033,2024,2.38,9,Low
7033,2025,3.03,10,Medium
7034,2023,2.76,6,Medium
7034,2024,3.68,9,Medium
7034,2025,4.09,6,High
7035,2023,3.1,7,Medium
7035,2024,3.26,8,Medium
7035,2025,3.22,11,Medium
7036,2023,3.49,9,Medium
7036,2024,3.59,5,Medium
7036,2025,3.35,10,Medium
7037,2023,3.38,8,Medium
7037,2024,2.62,6,Medium
7037,2025,3.22,7,Medium
7038,2023,3.83,7,High
7038,2024,3.01,6,Medium
7038,2025,2.74,7,Medium
7039,2023,3.09,6,Medium
7039,2024,3.47,8,Medium
7039,2025,3.08,5,Medium
7040,2023,3.98,8,High
7040,2024,3.29,11,Medium
7040,2025,2.98,9,Medium
7041,2023,2.95,6,Medium
7041,2024,3.67,7,Medium
7041,2025,3.79,2,High
7042,2023,2.9,7,Medium
7042,2024,3.2,7,Medium
7042,2025,3.33,8,Medium
7043,2023,3.51,8,Medium
7043,2024,3.6,4,Medium
7043,2025,3.78,8,High
7044,2023,3.93,6,High
7044,2024,3.43,4,Medium
7044,2025,3.51,7,Medium
7045,2023,2.43,8,Low
7045,2024,3.19,8,Medium
7045,2025,3.15,7,Medium
7046,2023,2.89,7,Medium
7046,2024,3.23,9,Medium
7046,2025,2.9,2,Medium
7047,2023,3.08,5,Medium
7047,2024,4.01,2,High
7047,2025,3.21,6,Medium
7048,2023,3.06,5,Medium
7048,2024,3.4,4,Medium
7048,2025,2.64,6,Medium
7049,2023,3.73,10,High
7049,2024,3.24,8,Medium
7049,2025,3.92,9,High
7050,2023,4.08,8,High
7050,2024,3.54,4,Medium
7050,2025,3.67,3,Medium
7051,2023,3.9,4,High
7051,2024,4.43,6,High
7051,2025,2.74,7,Medium
7052,2023,3.25,6,Medium
7052,2024,3.54,7,Medium
7052,2025,2.98,8,Medium
7053,2023,3.6,8,Medium
7053,2024,3.05,7,Medium
7053,2025,3.94,6,High
7054,2023,3.11,8,Medium
7054,2024,3.0,6,Medium
7054,2025,2.8,5,Medium
7055,2023,3.69,5,Medium
7055,2024,4.34,8,High
7055,2025,4.18,8,High
7056,2023,2.73,7,Medium
7056,2024,3.16,3,Medium
7056,2025,3.33,9,Medium
7057,2023,3.37,4,Medium
7057,2024,3.55,4,Medium
7057,2025,4.0,10,High
7058,2023,3.26,7,Medium
7058,2024,3.52,8,Medium
7058,2025,3.8,9,High
7059,2023,3.45,5,Medium
7059,2024,3.19,8,Medium
7059,2025,3.76,9,High
7060,2023,3.14,9,Medium
7060,2024,2.72,6,Medium
7060,2025,3.62,7,Medium
7061,2023,4.32,7,High
7061,2024,4.45,10,High
7061,2025,3.07,7,Medium
7062,2023,3.07,7,Medium
7062,2024,2.55,3,Medium
7062,2025,3.37,7,Medium
7063,2023,3.98,8,High
7063,2024,3.24,4,Medium
7063,2025,3.47,9,Medium
7064,2023,4.07,10,High
7064,2024,4.34,8,High
7064,2025,3.85,7,High
7065,2023,2.87,7,Medium
7065,2024,3.91,5,High
7065,2025,3.36,7,Medium
7066,2023,2.94,9,Medium
7066,2024,2.84,7,Medium
7066,2025,2.09,5,Low
7067,2023,4.44,8,High
7067,2024,4.83,8,High
7067,2025,3.65,4,Medium
7068,2023,3.75,8,High
7068,2024,3.43,5,Medium
7068,2025,3.55,5,Medium
7069,2023,2.97,8,Medium
7069,2024,3.66,6,Medium
7069,2025,4.32,3,High
7070,2023,3.64,4,Medium
7070,2024,3.51,7,Medium
7070,2025,4.15,3,High
7071,2023,3.16,7,Medium
7071,2024,3.33,8,Medium
7071,2025,3.3,7,Medium
7072,2023,3.08,6,Medium
7072,2024,2.92,6,Medium
7072,2025,3.67,5,Medium
7073,2023,4.14,9,High
7073,2024,3.84,8,High
7073,2025,4.39,7,High
7074,2023,3.84,5,High
7074,2024,3.5,8,Medium
7074,2025,3.37,6,Medium
7075,2023,3.37,9,Medium
7075,2024,3.75,8,High
7075,2025,3.45,6,Medium
7076,2023,4.01,5,High
7076,2024,3.12,8,Medium
7076,2025,3.35,6,Medium
7077,2023,3.67,8,Medium
7077,2024,3.05,5,Medium
7077,2025,3.67,6,Medium
7078,2023,2.33,7,Low
7078,2024,3.63,7,Medium
7078,2025,3.08,7,Medium
7079,2023,3.0,4,Medium
7079,2024,2.81,4,Medium
7079,2025,3.11,8,Medium
7080,2023,3.07,7,Medium
7080,2024,3.06,8,Medium
7080,2025,3.62,9,Medium
7081,2023,2.1,7,Low
7081,2024,3.11,6,Medium
7081,2025,3.62,6,Medium
7082,2023,2.99,4,Medium
7082,2024,3.75,6,High
7082,2025,2.69,9,Medium
7083,2023,2.78,5,Medium
7083,2024,2.51,8,Medium
7083,2025,2.57,4,Medium
7084,2023,2.84,9,Medium
7084,2024,3.57,6,Medium
7084,2025,2.76,5,Medium
7085,2023,2.94,6,Medium
7085,2024,2.45,2,Low
7085,2025,3.21,7,Medium
7086,2023,3.24,8,Medium
7086,2024,4.17,8,High
7086,2025,3.76,6,High
7087,2023,2.35,6,Low
7087,2024,2.13,6,Low
7087,2025,3.05,4,Medium
7088,2023,2.96,8,Medium
7088,2024,3.54,6,Medium
7088,2025,3.56,4,Medium
7089,2023,3.32,9,Medium
7089,2024,3.48,6,Medium
7089,2025,2.89,7,Medium
7090,2023,3.56,5,Medium
7090,2024,2.46,8,Low
7090,2025,3.43,4,Medium
7091,2023,2.96,6,Medium
7091,2024,3.68,8,Medium
7091,2025,3.85,4,High
7092,2023,3.97,4,High
7092,2024,3.97,4,High
7092,2025,3.45,7,Medium
7093,2023,1.83,7,Low
7093,2024,3.66,6,Medium
7093,2025,3.15,6,Medium
7094,2023,3.7,7,Medium
7094,2024,3.18,5,Medium
7094,2025,3.57,9,Medium
7095,2023,4.21,4,High
7095,2024,3.34,9,Medium
7095,2025,3.91,5,High
7096,2023,3.1,8,Medium
7096,2024,3.27,5,Medium
7096,2025,3.23,6,Medium
7097,2023,3.86,5,High
7097,2024,3.01,7,Medium
7097,2025,3.36,8,Medium
7098,2023,3.7,7,Medium
7098,2024,3.78,10,High
7098,2025,3.09,7,Medium
7099,2023,3.28,5,Medium
7099,2024,3.65,9,Medium
7099,2025,2.92,8,Medium
7100,2023,3.03,3,Medium
7100,2024,3.96,7,High
7100,2025,3.34,6,Medium
7101,2023,2.46,6,Low
7101,2024,3.11,6,Medium
7101,2025,2.51,6,Medium
7102,2023,2.68,1,Medium
7102,2024,3.67,6,Medium
7102,2025,3.31,6,Medium
7103,2023,2.51,6,Medium
7103,2024,2.86,9,Medium
7103,2025,4.22,6,High
7104,2023,3.39,2,Medium
7104,2024,3.37,2,Medium
7104,2025,2.93,4,Medium
7105,2023,3.31,11,Medium
7105,2024,2.74,4,Medium
7105,2025,2.59,8,Medium
7106,2023,3.2,5,Medium
7106,2024,2.47,8,Low
7106,2025,3.2,10,Medium
7107,2023,3.9,6,High
7107,2024,3.37,9,Medium
7107,2025,2.4,11,Low
7108,2023,3.08,6,Medium
7108,2024,2.93,6,Medium
7108,2025,3.41,7,Medium
7109,2023,3.64,4,Medium
7109,2024,2.79,7,Medium
7109,2025,3.47,8,Medium
7110,2023,3.97,3,High
7110,2024,3.48,6,Medium
7110,2025,3.19,4,Medium
7111,2023,3.93,1,High
7111,2024,4.02,6,High
7111,2025,3.48,5,Medium
7112,2023,3.32,7,Medium
7112,2024,3.56,10,Medium
7112,2025,4.13,6,High
7113,2023,2.7,9,Medium
7113,2024,3.28,7,Medium
7113,2025,3.76,7,High
7114,2023,3.58,9,Medium
7114,2024,2.13,6,Low
7114,2025,3.14,5,Medium
7115,2023,3.79,4,High
7115,2024,3.81,5,High
7115,2025,4.12,6,High
7116,2023,2.92,6,Medium
7116,2024,3.28,5,Medium
7116,2025,3.66,6,Medium
7117,2023,3.23,6,Medium
7117,2024,3.96,7,High
7117,2025,2.59,7,Medium
7118,2023,3.59,10,Medium
7118,2024,3.3,6,Medium
7118,2025,2.96,9,Medium
7119,2023,3.77,5,High
7119,2024,3.82,10,High
7119,2025,2.81,8,Medium
7120,2023,3.13,6,Medium
7120,2024,3.36,5,Medium
7120,2025,3.56,5,Medium
7121,2023,3.53,9,Medium
7121,2024,3.69,4,Medium
7121,2025,3.65,6,Medium
7122,2023,3.59,8,Medium
7122,2024,3.49,5,Medium
7122,2025,3.57,6,Medium
7123,2023,3.47,8,Medium
7123,2024,2.76,9,Medium
7123,2025,2.83,8,Medium
7124,2023,3.33,8,Medium
7124,2024,3.31,7,Medium
7124,2025,3.09,5,Medium
7125,2023,3.5,7,Medium
7125,2024,3.57,3,Medium
7125,2025,4.1,2,High
7126,2023,2.76,7,Medium
7126,2024,2.98,7,Medium
7126,2025,4.05,9,High
7127,2023,2.9,8,Medium
7127,2024,3.55,2,Medium
7127,2025,2.75,8,Medium
7128,2023,3.56,9,Medium
7128,2024,3.4,7,Medium
7128,2025,3.73,7,High
7129,2023,3.22,5,Medium
7129,2024,3.6,10,Medium
7129,2025,3.51,6,Medium
7130,2023,4.01,5,High
7130,2024,2.73,4,Medium
7130,2025,2.58,6,Medium
7131,2023,3.4,10,Medium
7131,2024,3.71,6,High
7131,2025,3.81,7,High
7132,2023,2.85,5,Medium
7132,2024,3.91,9,High
7132,2025,3.08,4,Medium
7133,2023,2.96,5,Medium
7133,2024,3.74,4,High
7133,2025,3.64,3,Medium
7134,2023,2.99,8,Medium
7134,2024,3.2,7,Medium
7134,2025,3.23,9,Medium
7135,2023,2.73,6,Medium
7135,2024,2.67,9,Medium
7135,2025,2.68,4,Medium
7136,2023,4.03,6,High
7136,2024,3.0,9,Medium
7136,2025,3.62,8,Medium
7137,2023,4.18,10,High
7137,2024,3.48,6,Medium
7137,2025,3.88,8,High
7138,2023,3.94,4,High
7138,2024,3.28,9,Medium
7138,2025,3.31,7,Medium
7139,2023,3.39,6,Medium
7139,2024,3.1,8,Medium
7139,2025,2.11,7,Low
7140,2023,2.82,8,Medium
7140,2024,2.73,6,Medium
7140,2025,2.93,12,Medium
7141,2023,2.43,4,Low
7141,2024,3.14,7,Medium
7141,2025,3.22,5,Medium
7142,2023,3.39,8,Medium
7142,2024,3.26,4,Medium
7142,2025,3.14,7,Medium
7143,2023,3.79,8,High
7143,2024,2.98,6,Medium
7143,2025,4.48,6,High
7144,2023,3.96,7,High
7144,2024,2.38,7,Low
7144,2025,4.14,7,High
7145,2023,3.45,4,Medium
7145,2024,3.43,9,Medium
7145,2025,3.13,6,Medium
7146,2023,3.6,10,Medium
7146,2024,3.1,9,Medium
7146,2025,2.96,6,Medium
7147,2023,3.25,4,Medium
7147,2024,3.23,7,Medium
7147,2025,3.43,8,Medium
7148,2023,3.21,1,Medium
7148,2024,2.03,5,Low
7148,2025,3.32,5,Medium
7149,2023,3.23,1,Medium
7149,2024,3.61,6,Medium
7149,2025,3.38,6,Medium
7150,2023,2.19,4,Low
7150,2024,3.19,7,Medium
7150,2025,2.88,2,Medium
7151,2023,2.6,8,Medium
7151,2024,3.16,8,Medium
7151,2025,2.92,2,Medium
7152,2023,3.57,7,Medium
7152,2024,3.91,4,High
7152,2025,3.44,7,Medium
7153,2023,3.4,7,Medium
7153,2024,2.66,9,Medium
7153,2025,3.39,5,Medium
7154,2023,2.88,3,Medium
7154,2024,2.31,6,Low
7154,2025,3.03,9,Medium
7155,2023,3.22,8,Medium
7155,2024,3.61,4,Medium
7155,2025,2.94,4,Medium
7156,2023,2.96,8,Medium
7156,2024,3.61,8,Medium
7156,2025,3.41,8,Medium
7157,2023,2.83,6,Medium
7157,2024,3.19,5,Medium
7157,2025,3.57,6,Medium
7158,2023,3.58,4,Medium
7158,2024,4.92,7,High
7158,2025,3.11,9,Medium
7159,2023,3.16,7,Medium
7159,2024,3.33,7,Medium
7159,2025,2.34,7,Low
7160,2023,3.49,8,Medium
7160,2024,2.8,6,Medium
7160,2025,3.14,7,Medium
7161,2023,2.74,10,Medium
7161,2024,2.74,3,Medium
7161,2025,4.31,6,High
7162,2023,3.18,8,Medium
7162,2024,3.59,4,Medium
7162,2025,2.85,5,Medium
7163,2023,3.25,10,Medium
7163,2024,2.48,7,Low
7163,2025,4.07,6,High
7164,2023,3.58,7,Medium
7164,2024,3.5,5,Medium
7164,2025,3.12,9,Medium
7165,2023,3.21,8,Medium
7165,2024,3.91,6,High
7165,2025,3.01,6,Medium
7166,2023,3.43,8,Medium
7166,2024,2.74,7,Medium
7166,2025,3.87,10,High
7167,2023,3.17,6,Medium
7167,2024,3.3,8,Medium
7167,2025,2.66,5,Medium
7168,2023,2.58,5,Medium
7168,2024,2.93,6,Medium
7168,2025,3.37,11,Medium
7169,2023,3.85,4,High
7169,2024,3.74,4,High
7169,2025,3.06,7,Medium
7170,2023,3.12,11,Medium
7170,2024,3.67,7,Medium
7170,2025,2.51,6,Medium
7171,2023,2.92,6,Medium
7171,2024,3.49,8,Medium
7171,2025,4.01,4,High
7172,2023,3.31,11,Medium
7172,2024,3.7,3,Medium
7172,2025,3.67,5,Medium
7173,2023,3.14,9,Medium
7173,2024,4.24,7,High
7173,2025,3.73,6,High
7174,2023,3.55,7,Medium
7174,2024,4.08,8,High
7174,2025,3.9,7,High
7175,2023,3.78,7,High
7175,2024,2.77,4,Medium
7175,2025,3.62,5,Medium
7176,2023,3.51,8,Medium
7176,2024,3.45,8,Medium
7176,2025,3.79,6,High
7177,2023,2.8,6,Medium
7177,2024,3.53,8,Medium
7177,2025,3.05,4,Medium
7178,2023,3.42,9,Medium
7178,2024,2.44,11,Low
7178,2025,3.2,6,Medium
7179,2023,2.4,10,Low
7179,2024,3.9,8,High
7179,2025,3.41,6,Medium
7180,2023,3.15,9,Medium
7180,2024,3.52,2,Medium
7180,2025,3.26,4,Medium
7181,2023,2.58,4,Medium
7181,2024,3.0,7,Medium
7181,2025,2.89,8,Medium
7182,2023,3.27,6,Medium
7182,2024,3.37,6,Medium
7182,2025,3.52,7,Medium
7183,2023,4.08,6,High
7183,2024,4.12,6,High
7183,2025,3.87,6,High
7184,2023,4.06,9,High
7184,2024,4.17,9,High
7184,2025,4.58,8,High
7185,2023,3.0,3,Medium
7185,2024,3.82,10,High
7185,2025,3.8,3,High
7186,2023,3.46,6,Medium
7186,2024,3.05,5,Medium
7186,2025,3.67,9,Medium
7187,2023,4.13,7,High
7187,2024,4.02,7,High
7187,2025,3.98,6,High
7188,2023,3.71,5,High
7188,2024,2.61,3,Medium
7188,2025,3.69,6,Medium
7189,2023,3.22,6,Medium
7189,2024,4.49,6,High
7189,2025,3.51,6,Medium
7190,2023,3.33,7,Medium
7190,2024,3.5,5,Medium
7190,2025,3.72,6,High
7191,2023,3.44,10,Medium
7191,2024,3.46,8,Medium
7191,2025,3.94,7,High
7192,2023,2.36,4,Low
7192,2024,3.42,7,Medium
7192,2025,2.92,5,Medium
7193,2023,3.62,4,Medium
7193,2024,3.07,9,Medium
7193,2025,2.8,10,Medium
7194,2023,3.57,4,Medium
7194,2024,3.19,6,Medium
7194,2025,4.11,7,High
7195,2023,3.47,6,Medium
7195,2024,2.85,7,Medium
7195,2025,3.02,8,Medium
7196,2023,3.06,7,Medium
7196,2024,3.05,5,Medium
7196,2025,3.21,6,Medium
7197,2023,2.82,6,Medium
7197,2024,4.3,5,High
7197,2025,3.23,5,Medium
7198,2023,2.74,6,Medium
7198,2024,2.63,3,Medium
7198,2025,2.65,4,Medium
7199,2023,3.65,11,Medium
7199,2024,3.1,6,Medium
7199,2025,2.65,3,Medium
7200,2023,3.43,11,Medium
7200,2024,3.79,7,High
7200,2025,3.98,4,High
7201,2023,2.71,8,Medium
7201,2024,2.22,7,Low
7201,2025,2.78,6,Medium
7202,2023,3.98,4,High
7202,2024,2.06,5,Low
7202,2025,2.59,8,Medium
7203,2023,3.19,7,Medium
7203,2024,4.17,7,High
7203,2025,2.89,9,Medium
7204,2023,3.79,6,High
7204,2024,4.22,10,High
7204,2025,3.2,6,Medium
7205,2023,4.4,8,High
7205,2024,3.24,6,Medium
7205,2025,3.97,8,High
7206,2023,4.28,11,High
7206,2024,2.8,10,Medium
7206,2025,3.06,9,Medium
7207,2023,2.9,8,Medium
7207,2024,3.05,4,Medium
7207,2025,2.89,5,Medium
7208,2023,3.42,4,Medium
7208,2024,3.15,4,Medium
7208,2025,3.25,7,Medium
7209,2023,3.26,5,Medium
7209,2024,3.26,9,Medium
7209,2025,3.34,7,Medium
7210,2023,3.67,7,Medium
7210,2024,3.5,8,Medium
7210,2025,3.98,6,High
7211,2023,3.38,5,Medium
7211,2024,3.7,8,Medium
7211,2025,3.62,10,Medium
7212,2023,4.17,3,High
7212,2024,2.91,5,Medium
7212,2025,3.48,8,Medium
7213,2023,3.48,7,Medium
7213,2024,3.66,4,Medium
7213,2025,3.11,5,Medium
7214,2023,3.99,8,High
7214,2024,2.56,8,Medium
7214,2025,3.51,6,Medium
7215,2023,4.18,7,High
7215,2024,3.45,1,Medium
7215,2025,3.26,7,Medium
7216,2023,3.92,7,High
7216,2024,3.39,4,Medium
7216,2025,2.77,8,Medium
7217,2023,3.39,6,Medium
7217,2024,2.74,5,Medium
7217,2025,3.42,6,Medium
7218,2023,3.86,1,High
7218,2024,4.04,8,High
7218,2025,3.7,9,Medium
7219,2023,3.99,9,High
7219,2024,3.59,5,Medium
7219,2025,4.17,7,High
7220,2023,4.13,9,High
7220,2024,4.1,5,High
7220,2025,4.03,7,High
7221,2023,3.11,6,Medium
7221,2024,4.04,6,High
7221,2025,3.78,11,High
7222,2023,1.88,6,Low
7222,2024,3.74,7,High
7222,2025,3.04,8,Medium
7223,2023,3.56,12,Medium
7223,2024,3.34,5,Medium
7223,2025,3.8,5,High
7224,2023,3.82,6,High
7224,2024,3.59,5,Medium
7224,2025,2.85,8,Medium
7225,2023,4.42,7,High
7225,2024,3.56,4,Medium
7225,2025,3.16,6,Medium
7226,2023,4.65,7,High
7226,2024,3.98,10,High
7226,2025,3.22,7,Medium
7227,2023,2.48,6,Low
7227,2024,3.07,7,Medium
7227,2025,3.74,6,High
7228,2023,2.72,8,Medium
7228,2024,3.2,7,Medium
7228,2025,3.9,4,High
7229,2023,2.78,10,Medium
7229,2024,3.18,7,Medium
7229,2025,3.53,5,Medium
7230,2023,2.94,5,Medium
7230,2024,3.3,9,Medium
7230,2025,2.14,4,Low
7231,2023,3.35,7,Medium
7231,2024,3.0,6,Medium
7231,2025,3.28,9,Medium
7232,2023,2.96,7,Medium
7232,2024,2.73,7,Medium
7232,2025,3.16,6,Medium
7233,2023,3.07,6,Medium
7233,2024,2.91,8,Medium
7233,2025,2.52,5,Medium
7234,2023,2.82,7,Medium
7234,2024,3.02,9,Medium
7234,2025,4.23,4,High
7235,2023,4.1,8,High
7235,2024,3.68,7,Medium
7235,2025,3.61,8,Medium
7236,2023,3.84,6,High
7236,2024,3.32,11,Medium
7236,2025,3.3,6,Medium
7237,2023,2.78,10,Medium
7237,2024,3.82,8,High
7237,2025,3.07,10,Medium
7238,2023,2.73,11,Medium
7238,2024,3.1,7,Medium
7238,2025,3.86,9,High
7239,2023,3.2,10,Medium
7239,2024,2.66,10,Medium
7239,2025,2.98,4,Medium
7240,2023,3.8,6,High
7240,2024,3.78,6,High
7240,2025,3.28,8,Medium
7241,2023,2.3,5,Low
7241,2024,3.16,5,Medium
7241,2025,3.32,7,Medium
7242,2023,3.43,6,Medium
7242,2024,3.97,4,High
7242,2025,4.06,6,High
7243,2023,3.8,7,High
7243,2024,2.75,9,Medium
7243,2025,3.24,6,Medium
7244,2023,3.36,4,Medium
7244,2024,3.56,9,Medium
7244,2025,3.88,7,High
7245,2023,3.02,7,Medium
7245,2024,3.55,4,Medium
7245,2025,2.88,6,Medium
7246,2023,3.15,6,Medium
7246,2024,2.86,6,Medium
7246,2025,2.89,6,Medium
7247,2023,3.44,3,Medium
7247,2024,3.58,7,Medium
7247,2025,3.01,4,Medium
7248,2023,3.8,3,High
7248,2024,3.58,7,Medium
7248,2025,3.34,6,Medium
7249,2023,3.45,8,Medium
7249,2024,3.71,10,High
7249,2025,4.22,7,High
7250,2023,2.52,4,Medium
7250,2024,3.65,7,Medium
7250,2025,2.89,2,Medium
7251,2023,3.24,7,Medium
7251,2024,2.56,10,Medium
7251,2025,3.33,6,Medium
7252,2023,2.76,9,Medium
7252,2024,3.1,7,Medium
7252,2025,2.77,4,Medium
7253,2023,3.15,7,Medium
7253,2024,3.11,7,Medium
7253,2025,4.28,11,High
7254,2023,2.69,7,Medium
7254,2024,3.5,10,Medium
7254,2025,2.96,7,Medium
7255,2023,3.33,6,Medium
7255,2024,3.78,3,High
7255,2025,4.08,10,High
7256,2023,3.02,4,Medium
7256,2024,4.47,6,High
7256,2025,4.26,6,High
7257,2023,3.29,7,Medium
7257,2024,3.51,7,Medium
7257,2025,3.45,8,Medium
7258,2023,3.33,6,Medium
7258,2024,3.63,8,Medium
7258,2025,2.99,7,Medium
7259,2023,3.67,6,Medium
7259,2024,2.95,8,Medium
7259,2025,3.36,10,Medium
7260,2023,3.06,9,Medium
7260,2024,2.8,8,Medium
7260,2025,2.59,6,Medium
7261,2023,2.97,1,Medium
7261,2024,3.0,5,Medium
7261,2025,3.59,6,Medium
7262,2023,3.19,6,Medium
7262,2024,3.91,5,High
7262,2025,2.81,8,Medium
7263,2023,2.83,4,Medium
7263,2024,3.54,6,Medium
7263,2025,3.38,9,Medium
7264,2023,3.5,12,Medium
7264,2024,2.77,7,Medium
7264,2025,3.8,2,High
7265,2023,2.85,8,Medium
7265,2024,3.32,9,Medium
7265,2025,2.95,7,Medium
7266,2023,3.32,10,Medium
7266,2024,3.24,7,Medium
7266,2025,4.3,8,High
7267,2023,2.86,8,Medium
7267,2024,2.6,6,Medium
7267,2025,3.31,7,Medium
7268,2023,2.57,7,Medium
7268,2024,3.05,6,Medium
7268,2025,4.09,5,High
7269,2023,3.34,9,Medium
7269,2024,3.24,7,Medium
7269,2025,4.37,7,High
7270,2023,3.32,6,Medium
7270,2024,2.97,9,Medium
7270,2025,3.56,8,Medium
7271,2023,3.48,9,Medium
7271,2024,3.62,7,Medium
7271,2025,3.58,5,Medium
7272,2023,2.66,7,Medium
7272,2024,3.75,5,High
7272,2025,4.42,8,High
7273,2023,2.7,6,Medium
7273,2024,4.26,7,High
7273,2025,3.56,6,Medium
7274,2023,2.78,5,Medium
7274,2024,3.24,6,Medium
7274,2025,3.4,8,Medium
7275,2023,3.38,3,Medium
7275,2024,2.93,5,Medium
7275,2025,3.16,6,Medium
7276,2023,3.14,5,Medium
7276,2024,3.26,5,Medium
7276,2025,3.59,8,Medium
7277,2023,2.97,8,Medium
7277,2024,3.74,7,High
7277,2025,3.59,6,Medium
7278,2023,3.65,4,Medium
7278,2024,4.06,9,High
7278,2025,3.32,7,Medium
7279,2023,2.94,4,Medium
7279,2024,2.74,7,Medium
7279,2025,3.34,7,Medium
7280,2023,2.88,5,Medium
7280,2024,2.9,6,Medium
7280,2025,3.42,7,Medium
7281,2023,2.88,5,Medium
7281,2024,2.89,5,Medium
7281,2025,3.31,7,Medium
7282,2023,3.11,7,Medium
7282,2024,3.63,4,Medium
7282,2025,3.94,4,High
7283,2023,2.82,2,Medium
7283,2024,3.54,3,Medium
7283,2025,2.64,6,Medium
7284,2023,4.54,5,High
7284,2024,3.86,7,High
7284,2025,3.41,5,Medium
7285,2023,3.57,3,Medium
7285,2024,2.69,4,Medium
7285,2025,2.37,7,Low
7286,2023,3.0,8,Medium
7286,2024,2.84,2,Medium
7286,2025,2.81,6,Medium
7287,2023,3.97,8,High
7287,2024,3.96,6,High
7287,2025,3.36,6,Medium
7288,2023,4.1,11,High
7288,2024,2.91,6,Medium
7288,2025,3.98,11,High
7289,2023,2.68,5,Medium
7289,2024,3.2,8,Medium
7289,2025,2.89,6,Medium
7290,2023,3.04,11,Medium
7290,2024,3.17,5,Medium
7290,2025,2.86,7,Medium
7291,2023,3.06,5,Medium
7291,2024,2.76,9,Medium
7291,2025,2.52,7,Medium
7292,2023,2.64,5,Medium
7292,2024,3.49,6,Medium
7292,2025,4.24,6,High
7293,2023,2.74,8,Medium
7293,2024,3.4,5,Medium
7293,2025,3.59,1,Medium
7294,2023,3.47,8,Medium
7294,2024,3.34,9,Medium
7294,2025,3.81,7,High
7295,2023,3.65,7,Medium
7295,2024,3.65,4,Medium
7295,2025,2.85,6,Medium
7296,2023,4.19,6,High
7296,2024,3.23,7,Medium
7296,2025,3.25,5,Medium
7297,2023,3.19,9,Medium
7297,2024,3.6,7,Medium
7297,2025,4.21,8,High
7298,2023,3.5,7,Medium
7298,2024,3.03,4,Medium
7298,2025,3.6,7,Medium
7299,2023,3.38,7,Medium
7299,2024,2.86,8,Medium
7299,2025,2.54,5,Medium
7300,2023,3.9,10,High
7300,2024,3.87,6,High
7300,2025,3.39,5,Medium
7301,2023,3.71,5,High
7301,2024,3.04,6,Medium
7301,2025,2.54,5,Medium
7302,2023,3.95,6,High
7302,2024,3.43,8,Medium
7302,2025,4.43,6,High
7303,2023,2.71,7,Medium
7303,2024,3.69,7,Medium
7303,2025,2.94,5,Medium
7304,2023,3.73,1,High
7304,2024,3.8,5,High
7304,2025,2.95,5,Medium
7305,2023,4.25,3,High
7305,2024,2.66,2,Medium
7305,2025,3.69,7,Medium
7306,2023,3.66,6,Medium
7306,2024,3.7,5,Medium
7306,2025,3.91,4,High
7307,2023,3.26,6,Medium
7307,2024,3.3,8,Medium
7307,2025,2.61,6,Medium
7308,2023,2.75,5,Medium
7308,2024,2.97,7,Medium
7308,2025,3.61,8,Medium
7309,2023,3.9,4,High
7309,2024,3.76,8,High
7309,2025,2.5,4,Low
7310,2023,3.03,7,Medium
7310,2024,3.81,4,High
7310,2025,3.42,5,Medium
7311,2023,3.54,6,Medium
7311,2024,4.05,7,High
7311,2025,3.7,7,Medium
7312,2023,2.78,9,Medium
7312,2024,3.22,5,Medium
7312,2025,3.59,6,Medium
7313,2023,4.02,6,High
7313,2024,3.34,8,Medium
7313,2025,4.08,4,High
7314,2023,2.3,6,Low
7314,2024,3.25,4,Medium
7314,2025,2.58,7,Medium
7315,2023,3.05,4,Medium
7315,2024,3.78,3,High
7315,2025,3.25,5,Medium
7316,2023,3.05,8,Medium
7316,2024,3.09,6,Medium
7316,2025,4.04,10,High
7317,2023,3.83,7,High
7317,2024,3.44,8,Medium
7317,2025,2.71,9,Medium
7318,2023,2.26,6,Low
7318,2024,2.81,7,Medium
7318,2025,2.94,4,Medium
7319,2023,4.31,6,High
7319,2024,2.75,5,Medium
7319,2025,2.94,8,Medium
7320,2023,3.34,9,Medium
7320,2024,3.05,9,Medium
7320,2025,4.27,4,High
7321,2023,3.3,7,Medium
7321,2024,2.59,6,Medium
7321,2025,3.7,5,Medium
7322,2023,3.67,7,Medium
7322,2024,3.86,6,High
7322,2025,3.29,6,Medium
7323,2023,2.5,7,Low
7323,2024,3.13,5,Medium
7323,2025,3.13,5,Medium
7324,2023,3.18,3,Medium
7324,2024,3.12,7,Medium
7324,2025,3.66,8,Medium
7325,2023,3.11,5,Medium
7325,2024,4.05,5,High
7325,2025,3.82,7,High
7326,2023,3.62,5,Medium
7326,2024,2.66,6,Medium
7326,2025,3.1,5,Medium
7327,2023,3.19,8,Medium
7327,2024,3.16,5,Medium
7327,2025,4.2,11,High
7328,2023,3.94,6,High
7328,2024,3.55,3,Medium
7328,2025,4.14,5,High
7329,2023,3.96,9,High
7329,2024,3.22,9,Medium
7329,2025,2.72,7,Medium
7330,2023,2.34,4,Low
7330,2024,2.92,4,Medium
7330,2025,4.11,9,High
7331,2023,3.37,6,Medium
7331,2024,3.78,8,High
7331,2025,3.64,7,Medium
7332,2023,3.03,5,Medium
7332,2024,2.84,6,Medium
7332,2025,3.29,6,Medium
7333,2023,4.32,5,High
7333,2024,3.58,6,Medium
7333,2025,2.71,7,Medium
7334,2023,2.57,7,Medium
7334,2024,3.52,5,Medium
7334,2025,3.28,6,Medium
7335,2023,2.46,9,Low
7335,2024,3.61,6,Medium
7335,2025,2.85,6,Medium
7336,2023,3.89,5,High
7336,2024,4.08,6,High
7336,2025,2.99,5,Medium
7337,2023,3.38,4,Medium
7337,2024,3.06,9,Medium
7337,2025,3.74,7,High
7338,2023,4.02,11,High
7338,2024,3.54,10,Medium
7338,2025,3.59,6,Medium
7339,2023,3.53,6,Medium
7339,2024,3.91,4,High
7339,2025,3.21,3,Medium
7340,2023,2.22,7,Low
7340,2024,3.42,6,Medium
7340,2025,3.32,7,Medium
7341,2023,4.06,4,High
7341,2024,3.89,12,High
7341,2025,3.1,9,Medium
7342,2023,3.16,4,Medium
7342,2024,4.1,4,High
7342,2025,3.16,6,Medium
7343,2023,3.0,6,Medium
7343,2024,2.64,10,Medium
7343,2025,3.69,7,Medium
7344,2023,2.81,6,Medium
7344,2024,3.71,4,High
7344,2025,3.03,5,Medium
7345,2023,3.57,8,Medium
7345,2024,3.56,5,Medium
7345,2025,3.44,4,Medium
7346,2023,3.74,6,High
7346,2024,4.0,8,High
7346,2025,1.41,7,Low
7347,2023,3.57,9,Medium
7347,2024,3.4,6,Medium
7347,2025,4.08,9,High
7348,2023,3.92,5,High
7348,2024,2.75,6,Medium
7348,2025,3.44,7,Medium
7349,2023,2.78,4,Medium
7349,2024,3.35,6,Medium
7349,2025,3.62,5,Medium
7350,2023,2.62,7,Medium
7350,2024,3.1,7,Medium
7350,2025,2.65,2,Medium
7351,2023,2.37,10,Low
7351,2024,3.63,5,Medium
7351,2025,3.59,6,Medium
7352,2023,2.99,4,Medium
7352,2024,3.96,5,High
7352,2025,2.9,8,Medium
7353,2023,3.46,4,Medium
7353,2024,2.64,7,Medium
7353,2025,3.11,6,Medium
7354,2023,3.05,8,Medium
7354,2024,2.0,2,Low
7354,2025,2.95,9,Medium
7355,2023,3.4,9,Medium
7355,2024,2.93,7,Medium
7355,2025,3.22,9,Medium
7356,2023,3.58,8,Medium
7356,2024,3.06,8,Medium
7356,2025,2.87,8,Medium
7357,2023,2.49,4,Low
7357,2024,2.74,6,Medium
7357,2025,3.05,6,Medium
7358,2023,2.96,5,Medium
7358,2024,2.65,7,Medium
7358,2025,2.78,7,Medium
7359,2023,2.69,7,Medium
7359,2024,3.75,4,High
7359,2025,3.71,4,High
7360,2023,3.3,7,Medium
7360,2024,3.5,6,Medium
7360,2025,3.97,5,High
7361,2023,3.53,6,Medium
7361,2024,2.73,6,Medium
7361,2025,3.26,7,Medium
7362,2023,3.51,7,Medium
7362,2024,4.05,5,High
7362,2025,2.6,5,Medium
7363,2023,2.2,4,Low
7363,2024,3.64,5,Medium
7363,2025,3.55,6,Medium
7364,2023,3.69,4,Medium
7364,2024,3.05,3,Medium
7364,2025,2.78,4,Medium
7365,2023,3.42,8,Medium
7365,2024,2.85,7,Medium
7365,2025,3.13,7,Medium
7366,2023,4.03,6,High
7366,2024,3.48,5,Medium
7366,2025,3.4,10,Medium
7367,2023,2.63,8,Medium
7367,2024,2.84,9,Medium
7367,2025,3.18,3,Medium
7368,2023,3.86,9,High
7368,2024,3.06,7,Medium
7368,2025,3.7,6,Medium
7369,2023,3.94,7,High
7369,2024,2.73,8,Medium
7369,2025,3.27,8,Medium
7370,2023,2.97,8,Medium
7370,2024,3.08,6,Medium
7370,2025,3.47,4,Medium
7371,2023,3.25,6,Medium
7371,2024,3.35,10,Medium
7371,2025,2.61,5,Medium
7372,2023,3.2,7,Medium
7372,2024,3.86,3,High
7372,2025,3.02,6,Medium
7373,2023,3.59,8,Medium
7373,2024,3.89,4,High
7373,2025,3.77,5,High
7374,2023,2.85,7,Medium
7374,2024,3.0,6,Medium
7374,2025,3.22,7,Medium
7375,2023,2.94,8,Medium
7375,2024,2.91,4,Medium
7375,2025,3.06,4,Medium
7376,2023,3.64,9,Medium
7376,2024,2.51,5,Medium
7376,2025,3.23,8,Medium
7377,2023,3.6,6,Medium
7377,2024,4.22,11,High
7377,2025,4.38,6,High
7378,2023,3.01,9,Medium
7378,2024,3.74,5,High
7378,2025,3.2,6,Medium
7379,2023,3.33,7,Medium
7379,2024,2.6,8,Medium
7379,2025,3.26,7,Medium
7380,2023,3.91,11,High
7380,2024,2.59,9,Medium
7380,2025,3.51,8,Medium
7381,2023,3.38,9,Medium
7381,2024,3.71,7,High
7381,2025,3.21,6,Medium
7382,2023,3.55,8,Medium
7382,2024,3.83,9,High
7382,2025,4.39,6,High
7383,2023,3.1,7,Medium
7383,2024,3.27,6,Medium
7383,2025,3.23,6,Medium
7384,2023,2.91,6,Medium
7384,2024,3.12,9,Medium
7384,2025,3.0,4,Medium
7385,2023,3.37,9,Medium
7385,2024,3.0,7,Medium
7385,2025,2.97,7,Medium
7386,2023,3.68,9,Medium
7386,2024,3.07,8,Medium
7386,2025,3.4,8,Medium
7387,2023,3.84,8,High
7387,2024,3.52,6,Medium
7387,2025,3.85,9,High
7388,2023,2.31,6,Low
7388,2024,3.2,6,Medium
7388,2025,3.13,6,Medium
7389,2023,3.66,2,Medium
7389,2024,2.86,7,Medium
7389,2025,3.2,6,Medium
7390,2023,2.92,6,Medium
7390,2024,3.25,8,Medium
7390,2025,4.36,8,High
7391,2023,3.31,2,Medium
7391,2024,3.01,3,Medium
7391,2025,2.85,7,Medium
7392,2023,2.74,3,Medium
7392,2024,3.01,7,Medium
7392,2025,3.4,7,Medium
7393,2023,3.67,6,Medium
7393,2024,3.77,5,High
7393,2025,3.95,10,High
7394,2023,3.97,1,High
7394,2024,4.05,9,High
7394,2025,4.82,7,High
7395,2023,3.34,3,Medium
7395,2024,3.13,4,Medium
7395,2025,3.1,7,Medium
7396,2023,3.11,9,Medium
7396,2024,2.91,7,Medium
7396,2025,2.62,6,Medium
7397,2023,4.65,7,High
7397,2024,3.11,4,Medium
7397,2025,3.82,6,High
7398,2023,3.35,6,Medium
7398,2024,3.27,7,Medium
7398,2025,3.45,8,Medium
7399,2023,3.52,5,Medium
7399,2024,2.57,6,Medium
7399,2025,3.55,7,Medium
7400,2023,3.63,3,Medium
7400,2024,3.61,9,Medium
7400,2025,2.89,8,Medium
7401,2023,3.39,5,Medium
7401,2024,2.7,8,Medium
7401,2025,1.78,7,Low
7402,2023,2.85,6,Medium
7402,2024,2.89,7,Medium
7402,2025,4.38,10,High
7403,2023,3.51,7,Medium
7403,2024,2.67,10,Medium
7403,2025,3.83,7,High
7404,2023,3.52,5,Medium
7404,2024,3.39,6,Medium
7404,2025,3.13,8,Medium
7405,2023,3.62,8,Medium
7405,2024,3.05,9,Medium
7405,2025,3.69,4,Medium
7406,2023,3.15,8,Medium
7406,2024,2.22,12,Low
7406,2025,2.82,5,Medium
7407,2023,3.65,9,Medium
7407,2024,2.92,6,Medium
7407,2025,3.5,5,Medium
7408,2023,3.05,10,Medium
7408,2024,2.65,10,Medium
7408,2025,3.97,9,High
7409,2023,3.28,8,Medium
7409,2024,2.86,5,Medium
7409,2025,3.53,8,Medium
7410,2023,3.79,5,High
7410,2024,2.61,5,Medium
7410,2025,3.69,7,Medium
7411,2023,3.51,7,Medium
7411,2024,3.45,5,Medium
7411,2025,3.77,5,High
7412,2023,4.15,6,High
7412,2024,3.46,6,Medium
7412,2025,3.44,6,Medium
7413,2023,3.52,11,Medium
7413,2024,3.42,3,Medium
7413,2025,4.06,5,High
7414,2023,3.16,5,Medium
7414,2024,4.08,7,High
7414,2025,3.21,11,Medium
7415,2023,4.22,7,High
7415,2024,3.61,7,Medium
7415,2025,3.28,6,Medium
7416,2023,2.92,7,Medium
7416,2024,2.89,5,Medium
7416,2025,3.73,6,High
7417,2023,4.11,6,High
7417,2024,2.8,8,Medium
7417,2025,3.87,5,High
7418,2023,3.9,7,High
7418,2024,4.29,6,High
7418,2025,4.04,5,High
7419,2023,3.66,8,Medium
7419,2024,3.46,4,Medium
7419,2025,3.5,9,Medium
7420,2023,3.57,9,Medium
7420,2024,3.37,10,Medium
7420,2025,3.6,6,Medium
7421,2023,3.14,8,Medium
7421,2024,3.27,5,Medium
7421,2025,3.89,7,High
7422,2023,3.05,6,Medium
7422,2024,3.42,6,Medium
7422,2025,2.83,5,Medium
7423,2023,3.0,9,Medium
7423,2024,3.71,6,High
7423,2025,3.14,8,Medium
7424,2023,2.82,8,Medium
7424,2024,3.24,4,Medium
7424,2025,3.19,6,Medium
7425,2023,2.9,6,Medium
7425,2024,3.3,9,Medium
7425,2025,2.93,6,Medium
7426,2023,3.53,10,Medium
7426,2024,3.11,8,Medium
7426,2025,3.8,6,High
7427,2023,4.07,5,High
7427,2024,3.12,10,Medium
7427,2025,3.29,7,Medium
7428,2023,3.58,6,Medium
7428,2024,3.49,10,Medium
7428,2025,3.71,9,High
7429,2023,3.71,6,High
7429,2024,2.68,4,Medium
7429,2025,3.47,5,Medium
7430,2023,3.56,7,Medium
7430,2024,4.15,6,High
7430,2025,3.51,7,Medium
7431,2023,3.28,2,Medium
7431,2024,4.3,5,High
7431,2025,4.23,5,High
7432,2023,3.81,7,High
7432,2024,3.94,7,High
7432,2025,2.94,8,Medium
7433,2023,2.71,4,Medium
7433,2024,3.35,7,Medium
7433,2025,3.08,8,Medium
7434,2023,2.78,6,Medium
7434,2024,3.26,7,Medium
7434,2025,3.76,6,High
7435,2023,2.43,7,Low
7435,2024,3.76,6,High
7435,2025,2.69,8,Medium
7436,2023,3.61,6,Medium
7436,2024,3.59,6,Medium
7436,2025,3.4,5,Medium
7437,2023,3.13,11,Medium
7437,2024,3.83,4,High
7437,2025,2.95,7,Medium
7438,2023,3.18,2,Medium
7438,2024,3.13,6,Medium
7438,2025,3.13,6,Medium
7439,2023,3.5,5,Medium
7439,2024,3.16,5,Medium
7439,2025,3.47,4,Medium
7440,2023,4.29,5,High
7440,2024,3.89,6,High
7440,2025,3.23,12,Medium
7441,2023,3.84,7,High
7441,2024,2.34,10,Low
7441,2025,3.15,5,Medium
7442,2023,2.69,8,Medium
7442,2024,4.14,9,High
7442,2025,3.04,6,Medium
7443,2023,3.71,9,High
7443,2024,3.73,4,High
7443,2025,3.77,10,High
7444,2023,3.25,7,Medium
7444,2024,2.26,6,Low
7444,2025,3.38,10,Medium
7445,2023,3.49,5,Medium
7445,2024,3.56,8,Medium
7445,2025,3.33,7,Medium
7446,2023,2.85,7,Medium
7446,2024,2.74,8,Medium
7446,2025,3.42,3,Medium
7447,2023,3.31,7,Medium
7447,2024,3.04,10,Medium
7447,2025,3.03,6,Medium
7448,2023,3.13,9,Medium
7448,2024,2.64,9,Medium
7448,2025,3.37,5,Medium
7449,2023,3.49,3,Medium
7449,2024,3.01,7,Medium
7449,2025,3.74,6,High
7450,2023,2.89,8,Medium
7450,2024,3.32,5,Medium
7450,2025,3.67,7,Medium
7451,2023,3.24,5,Medium
7451,2024,4.06,7,High
7451,2025,3.35,6,Medium
7452,2023,3.43,5,Medium
7452,2024,3.37,8,Medium
7452,2025,2.59,5,Medium
7453,2023,3.16,8,Medium
7453,2024,3.22,7,Medium
7453,2025,3.46,7,Medium
7454,2023,3.46,8,Medium
7454,2024,3.46,4,Medium
7454,2025,2.97,7,Medium
7455,2023,3.57,6,Medium
7455,2024,2.92,4,Medium
7455,2025,3.42,10,Medium
7456,2023,3.55,5,Medium
7456,2024,4.13,9,High
7456,2025,2.6,12,Medium
7457,2023,3.91,12,High
7457,2024,4.02,3,High
7457,2025,3.42,7,Medium
7458,2023,3.58,5,Medium
7458,2024,3.11,9,Medium
7458,2025,2.72,7,Medium
7459,2023,3.89,10,High
7459,2024,3.34,8,Medium
7459,2025,3.53,7,Medium
7460,2023,2.18,7,Low
7460,2024,3.15,4,Medium
7460,2025,2.54,5,Medium
7461,2023,4.42,8,High
7461,2024,3.84,8,High
7461,2025,3.94,5,High
7462,2023,3.0,7,Medium
7462,2024,4.04,3,High
7462,2025,3.71,8,High
7463,2023,4.11,9,High
7463,2024,3.99,9,High
7463,2025,4.37,9,High
7464,2023,3.37,5,Medium
7464,2024,3.86,11,High
7464,2025,3.46,7,Medium
7465,2023,2.79,9,Medium
7465,2024,3.47,3,Medium
7465,2025,2.82,8,Medium
7466,2023,3.59,8,Medium
7466,2024,3.12,7,Medium
7466,2025,3.32,4,Medium
7467,2023,2.62,8,Medium
7467,2024,3.88,3,High
7467,2025,2.76,2,Medium
7468,2023,3.03,7,Medium
7468,2024,2.98,7,Medium
7468,2025,3.1,11,Medium
7469,2023,3.01,8,Medium
7469,2024,3.41,8,Medium
7469,2025,3.53,5,Medium
7470,2023,3.74,7,High
7470,2024,4.27,4,High
7470,2025,3.94,8,High
7471,2023,4.31,9,High
7471,2024,3.46,7,Medium
7471,2025,3.42,5,Medium
7472,2023,2.66,6,Medium
7472,2024,2.87,9,Medium
7472,2025,3.19,6,Medium
7473,2023,3.38,6,Medium
7473,2024,4.09,5,High
7473,2025,3.43,8,Medium
7474,2023,2.66,8,Medium
7474,2024,2.59,7,Medium
7474,2025,3.97,7,High
7475,2023,3.3,4,Medium
7475,2024,2.72,6,Medium
7475,2025,3.91,5,High
7476,2023,3.31,4,Medium
7476,2024,2.71,6,Medium
7476,2025,3.02,7,Medium
7477,2023,3.01,7,Medium
7477,2024,2.97,5,Medium
7477,2025,3.23,7,Medium
7478,2023,4.57,5,High
7478,2024,3.49,7,Medium
7478,2025,3.65,4,Medium
7479,2023,3.14,2,Medium
7479,2024,3.49,7,Medium
7479,2025,4.6,7,High
7480,2023,2.47,5,Low
7480,2024,2.15,5,Low
7480,2025,2.59,1,Medium
7481,2023,2.73,7,Medium
7481,2024,3.39,7,Medium
7481,2025,3.81,7,High
7482,2023,3.54,7,Medium
7482,2024,3.73,8,High
7482,2025,3.5,3,Medium
7483,2023,2.94,6,Medium
7483,2024,3.21,7,Medium
7483,2025,2.48,3,Low
7484,2023,4.5,5,High
7484,2024,3.36,9,Medium
7484,2025,3.23,5,Medium
7485,2023,2.92,6,Medium
7485,2024,3.29,7,Medium
7485,2025,3.48,7,Medium
7486,2023,3.51,8,Medium
7486,2024,3.47,4,Medium
7486,2025,3.18,5,Medium
7487,2023,3.69,8,Medium
7487,2024,4.51,7,High
7487,2025,3.47,7,Medium
7488,2023,3.61,7,Medium
7488,2024,2.93,3,Medium
7488,2025,3.08,3,Medium
7489,2023,3.56,7,Medium
7489,2024,2.0,7,Low
7489,2025,3.41,5,Medium
7490,2023,3.06,10,Medium
7490,2024,3.43,6,Medium
7490,2025,3.56,7,Medium
7491,2023,4.02,4,High
7491,2024,3.52,7,Medium
7491,2025,3.6,4,Medium
7492,2023,2.97,4,Medium
7492,2024,2.96,8,Medium
7492,2025,3.55,6,Medium
7493,2023,3.71,5,High
7493,2024,3.96,6,High
7493,2025,3.63,9,Medium
7494,2023,3.16,11,Medium
7494,2024,3.49,5,Medium
7494,2025,3.22,2,Medium
7495,2023,2.88,6,Medium
7495,2024,2.97,5,Medium
7495,2025,2.66,10,Medium
7496,2023,2.65,5,Medium
7496,2024,2.41,8,Low
7496,2025,3.45,7,Medium
7497,2023,2.84,7,Medium
7497,2024,3.12,6,Medium
7497,2025,3.18,10,Medium
7498,2023,3.53,4,Medium
7498,2024,3.41,6,Medium
7498,2025,3.39,9,Medium
7499,2023,2.68,7,Medium
7499,2024,3.52,5,Medium
7499,2025,3.24,5,Medium
7500,2023,2.65,5,Medium
7500,2024,2.95,7,Medium
7500,2025,2.78,7,Medium
7501,2023,2.11,7,Low
7501,2024,3.31,12,Medium
7501,2025,2.39,8,Low
7502,2023,4.15,9,High
7502,2024,2.6,7,Medium
7502,2025,3.8,6,High
7503,2023,3.23,6,Medium
7503,2024,4.08,9,High
7503,2025,2.59,9,Medium
7504,2023,3.82,7,High
7504,2024,3.73,8,High
7504,2025,3.25,7,Medium
7505,2023,3.96,8,High
7505,2024,3.01,6,Medium
7505,2025,3.65,4,Medium
7506,2023,2.99,6,Medium
7506,2024,3.26,6,Medium
7506,2025,3.63,4,Medium
7507,2023,3.32,9,Medium
7507,2024,3.17,6,Medium
7507,2025,3.29,8,Medium
7508,2023,3.52,8,Medium
7508,2024,3.62,7,Medium
7508,2025,3.89,7,High
7509,2023,3.51,9,Medium
7509,2024,3.79,6,High
7509,2025,3.46,5,Medium
7510,2023,2.59,6,Medium
7510,2024,3.39,9,Medium
7510,2025,3.8,5,High
7511,2023,4.33,9,High
7511,2024,2.43,7,Low
7511,2025,3.34,6,Medium
7512,2023,3.42,7,Medium
7512,2024,2.94,9,Medium
7512,2025,2.45,9,Low
7513,2023,2.97,9,Medium
7513,2024,3.17,12,Medium
7513,2025,3.31,3,Medium
7514,2023,2.48,7,Low
7514,2024,3.74,7,High
7514,2025,3.76,9,High
7515,2023,3.11,7,Medium
7515,2024,2.73,8,Medium
7515,2025,3.8,6,High
7516,2023,3.29,7,Medium
7516,2024,3.52,5,Medium
7516,2025,3.58,4,Medium
7517,2023,3.78,6,High
7517,2024,3.45,8,Medium
7517,2025,3.5,3,Medium
7518,2023,3.42,8,Medium
7518,2024,2.84,5,Medium
7518,2025,2.76,7,Medium
7519,2023,3.79,7,High
7519,2024,3.46,3,Medium
7519,2025,3.48,4,Medium
7520,2023,3.54,9,Medium
7520,2024,3.02,8,Medium
7520,2025,3.5,5,Medium
7521,2023,3.23,6,Medium
7521,2024,4.51,7,High
7521,2025,4.69,6,High
7522,2023,3.56,6,Medium
7522,2024,3.66,8,Medium
7522,2025,3.11,4,Medium
7523,2023,4.15,6,High
7523,2024,3.5,7,Medium
7523,2025,4.25,7,High
7524,2023,2.43,7,Low
7524,2024,2.65,7,Medium
7524,2025,3.72,5,High
7525,2023,2.85,10,Medium
7525,2024,3.15,6,Medium
7525,2025,2.28,3,Low
7526,2023,3.26,2,Medium
7526,2024,2.67,6,Medium
7526,2025,2.69,9,Medium
7527,2023,3.37,8,Medium
7527,2024,3.34,7,Medium
7527,2025,3.62,12,Medium
7528,2023,3.21,5,Medium
7528,2024,2.7,9,Medium
7528,2025,3.61,6,Medium
7529,2023,2.78,6,Medium
7529,2024,3.14,7,Medium
7529,2025,3.68,9,Medium
7530,2023,2.74,7,Medium
7530,2024,3.5,3,Medium
7530,2025,2.78,6,Medium
7531,2023,3.77,7,High
7531,2024,2.88,4,Medium
7531,2025,3.59,7,Medium
7532,2023,2.4,9,Low
7532,2024,2.89,8,Medium
7532,2025,2.74,5,Medium
7533,2023,3.6,7,Medium
7533,2024,3.49,10,Medium
7533,2025,3.54,7,Medium
7534,2023,3.33,6,Medium
7534,2024,3.01,7,Medium
7534,2025,3.81,8,High
7535,2023,2.94,4,Medium
7535,2024,3.34,6,Medium
7535,2025,3.51,7,Medium
7536,2023,3.69,9,Medium
7536,2024,3.59,6,Medium
7536,2025,3.41,8,Medium
7537,2023,3.48,4,Medium
7537,2024,3.51,7,Medium
7537,2025,3.61,9,Medium
7538,2023,3.66,5,Medium
7538,2024,3.64,9,Medium
7538,2025,3.46,8,Medium
7539,2023,3.49,8,Medium
7539,2024,3.66,11,Medium
7539,2025,2.6,5,Medium
7540,2023,4.11,6,High
7540,2024,3.69,7,Medium
7540,2025,3.63,4,Medium
7541,2023,3.87,6,High
7541,2024,3.94,7,High
7541,2025,3.22,8,Medium
7542,2023,3.81,5,High
7542,2024,3.38,5,Medium
7542,2025,2.83,5,Medium
7543,2023,2.99,7,Medium
7543,2024,3.66,11,Medium
7543,2025,3.32,5,Medium
7544,2023,2.36,5,Low
7544,2024,3.74,6,High
7544,2025,3.55,8,Medium
7545,2023,3.77,4,High
7545,2024,3.34,10,Medium
7545,2025,3.85,11,High
7546,2023,2.46,8,Low
7546,2024,2.5,5,Low
7546,2025,3.04,7,Medium
7547,2023,3.26,8,Medium
7547,2024,3.34,3,Medium
7547,2025,2.28,12,Low
7548,2023,3.34,9,Medium
7548,2024,2.34,10,Low
7548,2025,3.49,10,Medium
7549,2023,2.14,6,Low
7549,2024,3.61,7,Medium
7549,2025,3.29,6,Medium
7550,2023,3.66,5,Medium
7550,2024,3.47,9,Medium
7550,2025,3.8,5,High
7551,2023,3.95,7,High
7551,2024,2.77,8,Medium
7551,2025,2.63,9,Medium
7552,2023,3.72,4,High
7552,2024,3.04,10,Medium
7552,2025,3.18,9,Medium
7553,2023,3.55,9,Medium
7553,2024,3.91,7,High
7553,2025,3.59,5,Medium
7554,2023,3.63,6,Medium
7554,2024,3.26,4,Medium
7554,2025,2.75,5,Medium
7555,2023,3.68,9,Medium
7555,2024,2.43,7,Low
7555,2025,3.87,9,High
7556,2023,3.08,6,Medium
7556,2024,3.67,6,Medium
7556,2025,3.16,7,Medium
7557,2023,2.8,9,Medium
7557,2024,3.66,9,Medium
7557,2025,3.66,9,Medium
7558,2023,2.76,3,Medium
7558,2024,3.45,11,Medium
7558,2025,3.22,8,Medium
7559,2023,3.24,3,Medium
7559,2024,3.65,6,Medium
7559,2025,3.48,10,Medium
7560,2023,2.92,6,Medium
7560,2024,3.21,6,Medium
7560,2025,2.96,3,Medium
7561,2023,3.04,10,Medium
7561,2024,2.72,7,Medium
7561,2025,3.45,7,Medium
7562,2023,3.02,6,Medium
7562,2024,3.51,9,Medium
7562,2025,3.33,7,Medium
7563,2023,3.16,4,Medium
7563,2024,3.53,7,Medium
7563,2025,3.09,8,Medium
7564,2023,3.2,3,Medium
7564,2024,3.51,9,Medium
7564,2025,3.7,5,Medium
7565,2023,3.4,6,Medium
7565,2024,2.93,4,Medium
7565,2025,4.21,7,High
7566,2023,2.82,6,Medium
7566,2024,3.17,9,Medium
7566,2025,3.28,4,Medium
7567,2023,3.43,6,Medium
7567,2024,3.37,9,Medium
7567,2025,3.89,3,High
7568,2023,3.53,8,Medium
7568,2024,3.11,10,Medium
7568,2025,3.62,6,Medium
7569,2023,3.08,8,Medium
7569,2024,2.61,6,Medium
7569,2025,3.85,7,High
7570,2023,3.46,5,Medium
7570,2024,3.02,5,Medium
7570,2025,4.31,4,High
7571,2023,3.71,8,High
7571,2024,3.74,6,High
7571,2025,2.79,5,Medium
7572,2023,3.95,6,High
7572,2024,2.67,8,Medium
7572,2025,4.08,7,High
7573,2023,2.81,4,Medium
7573,2024,2.55,8,Medium
7573,2025,3.79,4,High
7574,2023,2.24,10,Low
7574,2024,3.33,6,Medium
7574,2025,2.8,8,Medium
7575,2023,3.8,2,High
7575,2024,2.89,6,Medium
7575,2025,3.21,4,Medium
7576,2023,2.5,4,Low
7576,2024,3.38,7,Medium
7576,2025,3.96,7,High
7577,2023,4.58,7,High
7577,2024,4.32,6,High
7577,2025,4.47,5,High
7578,2023,3.74,7,High
7578,2024,3.62,7,Medium
7578,2025,3.44,11,Medium
7579,2023,2.59,6,Medium
7579,2024,3.36,7,Medium
7579,2025,3.34,9,Medium
7580,2023,3.43,6,Medium
7580,2024,3.67,4,Medium
7580,2025,2.79,3,Medium
7581,2023,3.03,8,Medium
7581,2024,3.55,7,Medium
7581,2025,2.49,7,Low
7582,2023,3.14,5,Medium
7582,2024,3.85,6,High
7582,2025,3.05,8,Medium
7583,2023,3.07,4,Medium
7583,2024,2.48,8,Low
7583,2025,2.76,6,Medium
7584,2023,4.79,6,High
7584,2024,3.26,4,Medium
7584,2025,3.87,8,High
7585,2023,3.83,4,High
7585,2024,3.39,7,Medium
7585,2025,3.88,8,High
7586,2023,2.23,6,Low
7586,2024,4.14,9,High
7586,2025,3.02,7,Medium
7587,2023,3.13,5,Medium
7587,2024,3.24,10,Medium
7587,2025,3.02,7,Medium
7588,2023,3.01,5,Medium
7588,2024,3.31,5,Medium
7588,2025,2.81,4,Medium
7589,2023,2.94,6,Medium
7589,2024,3.75,5,High
7589,2025,2.92,7,Medium
7590,2023,3.38,8,Medium
7590,2024,2.25,7,Low
7590,2025,3.31,9,Medium
7591,2023,3.26,7,Medium
7591,2024,3.28,5,Medium
7591,2025,2.57,8,Medium
7592,2023,3.58,9,Medium
7592,2024,3.54,5,Medium
7592,2025,3.72,7,High
7593,2023,3.72,6,High
7593,2024,2.45,6,Low
7593,2025,3.15,4,Medium
7594,2023,3.14,5,Medium
7594,2024,4.27,11,High
7594,2025,3.36,6,Medium
7595,2023,3.84,5,High
7595,2024,2.96,7,Medium
7595,2025,3.18,6,Medium
7596,2023,2.33,6,Low
7596,2024,3.46,6,Medium
7596,2025,2.32,7,Low
7597,2023,3.45,3,Medium
7597,2024,3.82,9,High
7597,2025,3.55,8,Medium
7598,2023,2.15,11,Low
7598,2024,2.95,8,Medium
7598,2025,3.66,7,Medium
7599,2023,3.55,6,Medium
7599,2024,3.19,3,Medium
7599,2025,2.84,6,Medium
7600,2023,3.49,4,Medium
7600,2024,3.1,9,Medium
7600,2025,2.88,8,Medium
7601,2023,2.99,6,Medium
7601,2024,3.41,6,Medium
7601,2025,2.81,7,Medium
7602,2023,3.09,8,Medium
7602,2024,2.97,6,Medium
7602,2025,2.56,6,Medium
7603,2023,3.31,6,Medium
7603,2024,3.48,9,Medium
7603,2025,3.51,5,Medium
7604,2023,3.79,4,High
7604,2024,3.4,9,Medium
7604,2025,2.84,5,Medium
7605,2023,3.38,6,Medium
7605,2024,2.83,10,Medium
7605,2025,2.69,6,Medium
7606,2023,4.2,4,High
7606,2024,3.6,5,Medium
7606,2025,3.36,6,Medium
7607,2023,3.06,6,Medium
7607,2024,3.7,5,Medium
7607,2025,3.96,1,High
7608,2023,4.12,8,High
7608,2024,4.06,9,High
7608,2025,3.84,3,High
7609,2023,2.77,5,Medium
7609,2024,3.26,4,Medium
7609,2025,3.71,7,High
7610,2023,3.24,9,Medium
7610,2024,3.11,6,Medium
7610,2025,3.35,9,Medium
7611,2023,2.57,4,Medium
7611,2024,2.28,8,Low
7611,2025,3.02,8,Medium
7612,2023,3.53,4,Medium
7612,2024,3.35,8,Medium
7612,2025,4.17,6,High
7613,2023,3.5,3,Medium
7613,2024,3.3,5,Medium
7613,2025,3.52,5,Medium
7614,2023,2.35,6,Low
7614,2024,2.51,6,Medium
7614,2025,3.47,9,Medium
7615,2023,3.72,6,High
7615,2024,2.33,4,Low
7615,2025,2.35,11,Low
7616,2023,3.43,6,Medium
7616,2024,3.1,6,Medium
7616,2025,3.18,4,Medium
7617,2023,2.88,5,Medium
7617,2024,2.69,4,Medium
7617,2025,2.87,6,Medium
7618,2023,3.38,8,Medium
7618,2024,2.8,3,Medium
7618,2025,2.8,6,Medium
7619,2023,3.11,8,Medium
7619,2024,4.08,4,High
7619,2025,2.79,8,Medium
7620,2023,3.52,6,Medium
7620,2024,3.35,5,Medium
7620,2025,2.96,5,Medium
7621,2023,2.94,8,Medium
7621,2024,3.1,5,Medium
7621,2025,3.22,9,Medium
7622,2023,3.09,6,Medium
7622,2024,3.71,5,High
7622,2025,3.06,5,Medium
7623,2023,3.16,5,Medium
7623,2024,4.52,7,High
7623,2025,3.67,9,Medium
7624,2023,3.03,5,Medium
7624,2024,4.06,8,High
7624,2025,2.71,9,Medium
7625,2023,3.23,7,Medium
7625,2024,2.32,8,Low
7625,2025,2.1,7,Low
7626,2023,2.82,5,Medium
7626,2024,2.46,3,Low
7626,2025,3.96,8,High
7627,2023,3.19,5,Medium
7627,2024,3.26,6,Medium
7627,2025,3.41,8,Medium
7628,2023,3.46,4,Medium
7628,2024,3.48,7,Medium
7628,2025,3.82,5,High
7629,2023,3.89,6,High
7629,2024,3.38,7,Medium
7629,2025,3.57,7,Medium
7630,2023,3.98,5,High
7630,2024,3.35,5,Medium
7630,2025,3.26,6,Medium
7631,2023,2.85,6,Medium
7631,2024,2.71,9,Medium
7631,2025,3.26,4,Medium
7632,2023,3.92,5,High
7632,2024,3.12,5,Medium
7632,2025,3.58,4,Medium
7633,2023,3.77,2,High
7633,2024,3.93,10,High
7633,2025,3.67,8,Medium
7634,2023,3.61,3,Medium
7634,2024,3.24,5,Medium
7634,2025,3.12,5,Medium
7635,2023,3.39,5,Medium
7635,2024,3.51,8,Medium
7635,2025,2.55,7,Medium
7636,2023,3.63,2,Medium
7636,2024,2.79,9,Medium
7636,2025,3.68,5,Medium
7637,2023,3.02,7,Medium
7637,2024,3.3,6,Medium
7637,2025,3.49,8,Medium
7638,2023,3.32,7,Medium
7638,2024,2.85,5,Medium
7638,2025,3.77,7,High
7639,2023,3.01,8,Medium
7639,2024,2.76,6,Medium
7639,2025,3.31,6,Medium
7640,2023,3.1,8,Medium
7640,2024,2.87,7,Medium
7640,2025,3.16,3,Medium
7641,2023,3.45,8,Medium
7641,2024,3.14,4,Medium
7641,2025,3.31,5,Medium
7642,2023,2.31,4,Low
7642,2024,3.87,6,High
7642,2025,3.34,9,Medium
7643,2023,3.1,5,Medium
7643,2024,4.04,6,High
7643,2025,2.81,4,Medium
7644,2023,2.86,6,Medium
7644,2024,3.07,5,Medium
7644,2025,2.98,6,Medium
7645,2023,3.44,5,Medium
7645,2024,3.92,7,High
7645,2025,4.07,6,High
7646,2023,4.11,7,High
7646,2024,4.27,8,High
7646,2025,3.32,9,Medium
7647,2023,3.64,3,Medium
7647,2024,3.12,9,Medium
7647,2025,3.11,6,Medium
7648,2023,2.97,4,Medium
7648,2024,4.34,8,High
7648,2025,4.22,10,High
7649,2023,4.33,5,High
7649,2024,3.67,10,Medium
7649,2025,3.5,8,Medium
7650,2023,3.09,5,Medium
7650,2024,3.82,8,High
7650,2025,3.5,6,Medium
7651,2023,3.08,5,Medium
7651,2024,3.71,8,High
7651,2025,3.05,4,Medium
7652,2023,3.47,5,Medium
7652,2024,3.73,8,High
7652,2025,3.16,7,Medium
7653,2023,3.12,8,Medium
7653,2024,4.33,9,High
7653,2025,3.58,6,Medium
7654,2023,3.72,4,High
7654,2024,3.61,8,Medium
7654,2025,3.9,7,High
7655,2023,3.44,5,Medium
7655,2024,3.01,9,Medium
7655,2025,2.36,4,Low
7656,2023,3.05,7,Medium
7656,2024,3.35,6,Medium
7656,2025,3.8,6,High
7657,2023,3.81,8,High
7657,2024,3.0,7,Medium
7657,2025,3.98,6,High
7658,2023,3.35,8,Medium
7658,2024,3.22,9,Medium
7658,2025,3.24,4,Medium
7659,2023,3.47,7,Medium
7659,2024,3.15,7,Medium
7659,2025,3.14,4,Medium
7660,2023,3.9,9,High
7660,2024,3.99,8,High
7660,2025,3.48,5,Medium
7661,2023,3.09,9,Medium
7661,2024,2.75,10,Medium
7661,2025,2.96,5,Medium
7662,2023,3.99,10,High
7662,2024,3.5,6,Medium
7662,2025,3.88,3,High
7663,2023,2.81,5,Medium
7663,2024,3.25,5,Medium
7663,2025,3.38,5,Medium
7664,2023,4.07,5,High
7664,2024,2.45,6,Low
7664,2025,3.77,6,High
7665,2023,3.52,4,Medium
7665,2024,3.5,5,Medium
7665,2025,2.6,8,Medium
7666,2023,2.45,6,Low
7666,2024,3.35,6,Medium
7666,2025,3.78,4,High
7667,2023,3.57,5,Medium
7667,2024,4.15,11,High
7667,2025,2.19,10,Low
7668,2023,2.72,7,Medium
7668,2024,2.67,4,Medium
7668,2025,3.94,6,High
7669,2023,3.9,8,High
7669,2024,3.66,8,Medium
7669,2025,4.09,7,High
7670,2023,2.99,9,Medium
7670,2024,3.69,5,Medium
7670,2025,3.84,8,High
7671,2023,2.67,7,Medium
7671,2024,3.79,8,High
7671,2025,3.78,6,High
7672,2023,2.6,8,Medium
7672,2024,2.44,8,Low
7672,2025,3.06,6,Medium
7673,2023,3.24,8,Medium
7673,2024,3.41,8,Medium
7673,2025,3.72,9,High
7674,2023,3.14,6,Medium
7674,2024,3.2,8,Medium
7674,2025,4.2,9,High
7675,2023,3.46,8,Medium
7675,2024,3.06,7,Medium
7675,2025,3.63,8,Medium
7676,2023,3.25,5,Medium
7676,2024,3.25,6,Medium
7676,2025,2.99,7,Medium
7677,2023,3.6,9,Medium
7677,2024,4.1,6,High
7677,2025,3.68,6,Medium
7678,2023,3.78,7,High
7678,2024,3.8,7,High
7678,2025,4.13,8,High
7679,2023,3.13,6,Medium
7679,2024,3.19,3,Medium
7679,2025,3.63,8,Medium
7680,2023,3.12,7,Medium
7680,2024,2.77,7,Medium
7680,2025,3.21,6,Medium
7681,2023,2.37,9,Low
7681,2024,3.77,6,High
7681,2025,2.95,7,Medium
7682,2023,2.57,4,Medium
7682,2024,3.92,10,High
7682,2025,3.51,2,Medium
7683,2023,3.69,6,Medium
7683,2024,4.29,4,High
7683,2025,3.91,5,High
7684,2023,4.25,4,High
7684,2024,3.84,5,High
7684,2025,4.65,7,High
7685,2023,3.53,5,Medium
7685,2024,2.7,4,Medium
7685,2025,2.61,8,Medium
7686,2023,3.85,9,High
7686,2024,3.06,8,Medium
7686,2025,3.55,7,Medium
7687,2023,3.4,6,Medium
7687,2024,2.96,6,Medium
7687,2025,2.61,10,Medium
7688,2023,3.16,8,Medium
7688,2024,3.52,6,Medium
7688,2025,3.88,3,High
7689,2023,2.76,7,Medium
7689,2024,4.25,3,High
7689,2025,3.56,7,Medium
7690,2023,3.64,8,Medium
7690,2024,3.44,9,Medium
7690,2025,3.51,5,Medium
7691,2023,3.29,5,Medium
7691,2024,3.18,3,Medium
7691,2025,3.74,5,High
7692,2023,3.9,5,High
7692,2024,3.42,4,Medium
7692,2025,3.0,6,Medium
7693,2023,2.92,7,Medium
7693,2024,3.32,5,Medium
7693,2025,3.22,3,Medium
7694,2023,3.75,1,High
7694,2024,4.25,10,High
7694,2025,3.62,6,Medium
7695,2023,2.82,4,Medium
7695,2024,2.56,4,Medium
7695,2025,3.06,5,Medium
7696,2023,3.44,6,Medium
7696,2024,2.88,7,Medium
7696,2025,3.32,9,Medium
7697,2023,4.04,5,High
7697,2024,3.27,7,Medium
7697,2025,3.39,9,Medium
7698,2023,3.83,4,High
7698,2024,4.18,8,High
7698,2025,3.79,6,High
7699,2023,2.47,6,Low
7699,2024,3.77,6,High
7699,2025,2.82,6,Medium
7700,2023,2.9,4,Medium
7700,2024,2.52,7,Medium
7700,2025,2.89,8,Medium
7701,2023,3.26,9,Medium
7701,2024,2.59,6,Medium
7701,2025,3.04,5,Medium
7702,2023,2.96,8,Medium
7702,2024,3.92,7,High
7702,2025,3.46,9,Medium
7703,2023,3.56,3,Medium
7703,2024,3.2,7,Medium
7703,2025,3.54,6,Medium
7704,2023,2.75,5,Medium
7704,2024,2.6,5,Medium
7704,2025,3.15,6,Medium
7705,2023,3.68,6,Medium
7705,2024,2.33,2,Low
7705,2025,2.61,8,Medium
7706,2023,3.75,7,High
7706,2024,3.32,7,Medium
7706,2025,3.37,9,Medium
7707,2023,4.06,5,High
7707,2024,2.93,7,Medium
7707,2025,2.66,9,Medium
7708,2023,3.07,6,Medium
7708,2024,3.94,7,High
7708,2025,2.66,8,Medium
7709,2023,2.64,7,Medium
7709,2024,2.89,5,Medium
7709,2025,2.4,8,Low
7710,2023,3.03,9,Medium
7710,2024,3.96,7,High
7710,2025,2.99,6,Medium
7711,2023,2.61,6,Medium
7711,2024,3.43,6,Medium
7711,2025,2.46,6,Low
7712,2023,3.66,8,Medium
7712,2024,2.85,4,Medium
7712,2025,2.83,8,Medium
7713,2023,3.02,1,Medium
7713,2024,3.43,4,Medium
7713,2025,2.85,7,Medium
7714,2023,2.37,9,Low
7714,2024,3.04,10,Medium
7714,2025,3.73,8,High
7715,2023,2.89,7,Medium
7715,2024,3.22,7,Medium
7715,2025,3.44,6,Medium
7716,2023,2.92,3,Medium
7716,2024,3.45,5,Medium
7716,2025,2.97,6,Medium
7717,2023,4.37,5,High
7717,2024,4.1,4,High
7717,2025,3.61,6,Medium
7718,2023,4.13,4,High
7718,2024,3.56,10,Medium
7718,2025,3.58,7,Medium
7719,2023,3.55,6,Medium
7719,2024,3.4,5,Medium
7719,2025,3.61,5,Medium
7720,2023,3.57,9,Medium
7720,2024,3.6,2,Medium
7720,2025,4.25,9,High
7721,2023,4.34,9,High
7721,2024,3.12,8,Medium
7721,2025,3.63,5,Medium
7722,2023,3.38,6,Medium
7722,2024,2.62,2,Medium
7722,2025,4.21,6,High
7723,2023,3.22,5,Medium
7723,2024,4.05,8,High
7723,2025,2.96,10,Medium
7724,2023,3.33,8,Medium
7724,2024,3.3,6,Medium
7724,2025,3.81,7,High
7725,2023,3.15,6,Medium
7725,2024,3.47,8,Medium
7725,2025,3.16,6,Medium
7726,2023,2.84,9,Medium
7726,2024,2.72,6,Medium
7726,2025,3.46,6,Medium
7727,2023,3.0,5,Medium
7727,2024,3.38,10,Medium
7727,2025,2.92,8,Medium
7728,2023,3.33,9,Medium
7728,2024,3.53,9,Medium
7728,2025,3.2,6,Medium
7729,2023,2.6,5,Medium
7729,2024,3.8,8,High
7729,2025,3.25,6,Medium
7730,2023,3.96,8,High
7730,2024,3.3,6,Medium
7730,2025,3.52,8,Medium
7731,2023,2.17,7,Low
7731,2024,2.83,5,Medium
7731,2025,3.37,4,Medium
7732,2023,3.44,6,Medium
7732,2024,2.74,7,Medium
7732,2025,2.93,5,Medium
7733,2023,3.32,7,Medium
7733,2024,3.25,6,Medium
7733,2025,2.39,3,Low
7734,2023,4.16,3,High
7734,2024,3.45,8,Medium
7734,2025,3.85,3,High
7735,2023,3.67,6,Medium
7735,2024,2.79,8,Medium
7735,2025,3.17,3,Medium
7736,2023,2.89,7,Medium
7736,2024,3.46,4,Medium
7736,2025,3.49,7,Medium
7737,2023,3.13,5,Medium
7737,2024,3.12,5,Medium
7737,2025,3.01,5,Medium
7738,2023,3.37,5,Medium
7738,2024,2.92,4,Medium
7738,2025,2.55,5,Medium
7739,2023,3.29,3,Medium
7739,2024,2.57,8,Medium
7739,2025,2.69,6,Medium
7740,2023,3.19,9,Medium
7740,2024,3.39,8,Medium
7740,2025,3.4,6,Medium
7741,2023,3.49,4,Medium
7741,2024,2.84,5,Medium
7741,2025,3.7,7,Medium
7742,2023,3.39,10,Medium
7742,2024,3.76,4,High
7742,2025,3.24,8,Medium
7743,2023,2.67,10,Medium
7743,2024,4.11,9,High
7743,2025,2.88,6,Medium
7744,2023,2.74,6,Medium
7744,2024,3.48,7,Medium
7744,2025,3.48,7,Medium
7745,2023,3.34,10,Medium
7745,2024,2.09,7,Low
7745,2025,2.79,7,Medium
7746,2023,3.3,6,Medium
7746,2024,3.09,6,Medium
7746,2025,3.03,6,Medium
7747,2023,3.77,8,High
7747,2024,3.73,5,High
7747,2025,2.92,6,Medium
7748,2023,3.5,11,Medium
7748,2024,2.92,5,Medium
7748,2025,3.99,3,High
7749,2023,2.73,10,Medium
7749,2024,2.7,6,Medium
7749,2025,3.81,8,High
7750,2023,3.69,10,Medium
7750,2024,2.65,4,Medium
7750,2025,3.28,5,Medium
7751,2023,3.35,7,Medium
7751,2024,2.61,4,Medium
7751,2025,2.71,5,Medium
7752,2023,3.01,6,Medium
7752,2024,3.53,8,Medium
7752,2025,3.66,6,Medium
7753,2023,4.37,4,High
7753,2024,3.55,3,Medium
7753,2025,3.31,8,Medium
7754,2023,3.35,8,Medium
7754,2024,3.25,7,Medium
7754,2025,2.73,7,Medium
7755,2023,3.6,7,Medium
7755,2024,3.52,5,Medium
7755,2025,4.26,7,High
7756,2023,3.26,9,Medium
7756,2024,3.38,7,Medium
7756,2025,2.88,8,Medium
7757,2023,2.53,4,Medium
7757,2024,3.19,6,Medium
7757,2025,3.96,7,High
7758,2023,3.3,9,Medium
7758,2024,3.39,5,Medium
7758,2025,3.8,8,High
7759,2023,3.91,7,High
7759,2024,3.25,8,Medium
7759,2025,3.58,5,Medium
7760,2023,3.51,8,Medium
7760,2024,3.15,7,Medium
7760,2025,3.09,7,Medium
7761,2023,3.77,9,High
7761,2024,3.86,9,High
7761,2025,2.75,7,Medium
7762,2023,3.49,5,Medium
7762,2024,3.86,6,High
7762,2025,3.69,4,Medium
7763,2023,3.13,7,Medium
7763,2024,3.57,10,Medium
7763,2025,3.52,6,Medium
7764,2023,3.3,7,Medium
7764,2024,4.26,6,High
7764,2025,3.89,6,High
7765,2023,4.08,8,High
7765,2024,2.71,5,Medium
7765,2025,3.17,5,Medium
7766,2023,4.15,10,High
7766,2024,2.69,4,Medium
7766,2025,3.78,6,High
7767,2023,2.6,11,Medium
7767,2024,2.67,10,Medium
7767,2025,3.25,6,Medium
7768,2023,3.87,8,High
7768,2024,3.29,6,Medium
7768,2025,3.03,5,Medium
7769,2023,3.8,6,High
7769,2024,3.92,7,High
7769,2025,3.87,5,High
7770,2023,2.9,8,Medium
7770,2024,3.81,9,High
7770,2025,4.12,6,High
7771,2023,3.14,4,Medium
7771,2024,3.33,9,Medium
7771,2025,3.69,6,Medium
7772,2023,2.97,5,Medium
7772,2024,3.39,4,Medium
7772,2025,2.96,5,Medium
7773,2023,2.96,9,Medium
7773,2024,2.65,7,Medium
7773,2025,3.13,5,Medium
7774,2023,4.2,7,High
7774,2024,3.33,4,Medium
7774,2025,3.52,8,Medium
7775,2023,4.12,6,High
7775,2024,3.12,8,Medium
7775,2025,3.28,6,Medium
7776,2023,3.43,9,Medium
7776,2024,3.27,7,Medium
7776,2025,4.05,5,High
7777,2023,3.2,9,Medium
7777,2024,3.54,5,Medium
7777,2025,4.18,8,High
7778,2023,3.72,2,High
7778,2024,3.32,7,Medium
7778,2025,3.44,3,Medium
7779,2023,3.84,8,High
7779,2024,2.93,9,Medium
7779,2025,4.23,8,High
7780,2023,3.12,8,Medium
7780,2024,3.33,9,Medium
7780,2025,2.97,5,Medium
7781,2023,3.05,8,Medium
7781,2024,3.2,9,Medium
7781,2025,3.29,5,Medium
7782,2023,3.84,5,High
7782,2024,3.33,8,Medium
7782,2025,3.29,7,Medium
7783,2023,3.01,9,Medium
7783,2024,3.45,6,Medium
7783,2025,2.93,6,Medium
7784,2023,3.51,5,Medium
7784,2024,3.34,5,Medium
7784,2025,2.79,5,Medium
7785,2023,3.76,7,High
7785,2024,3.09,8,Medium
7785,2025,4.56,7,High
7786,2023,3.65,7,Medium
7786,2024,3.68,4,Medium
7786,2025,2.7,10,Medium
7787,2023,4.33,5,High
7787,2024,2.97,8,Medium
7787,2025,2.47,4,Low
7788,2023,3.18,8,Medium
7788,2024,2.21,7,Low
7788,2025,3.16,3,Medium
7789,2023,2.97,5,Medium
7789,2024,2.28,8,Low
7789,2025,2.94,8,Medium
7790,2023,3.18,7,Medium
7790,2024,3.66,8,Medium
7790,2025,2.73,8,Medium
7791,2023,3.95,9,High
7791,2024,3.88,4,High
7791,2025,3.28,9,Medium
7792,2023,2.78,9,Medium
7792,2024,2.62,8,Medium
7792,2025,3.18,5,Medium
7793,2023,3.19,7,Medium
7793,2024,3.35,4,Medium
7793,2025,3.65,8,Medium
7794,2023,3.85,6,High
7794,2024,3.52,7,Medium
7794,2025,3.06,5,Medium
7795,2023,3.25,7,Medium
7795,2024,3.09,3,Medium
7795,2025,4.23,5,High
7796,2023,3.05,8,Medium
7796,2024,3.55,5,Medium
7796,2025,3.76,4,High
7797,2023,3.09,12,Medium
7797,2024,4.49,7,High
7797,2025,4.06,9,High
7798,2023,3.81,5,High
7798,2024,3.8,6,High
7798,2025,3.88,9,High
7799,2023,3.49,7,Medium
7799,2024,2.97,3,Medium
7799,2025,3.5,11,Medium
7800,2023,2.59,6,Medium
7800,2024,2.87,4,Medium
7800,2025,2.82,8,Medium
7801,2023,2.85,4,Medium
7801,2024,2.91,2,Medium
7801,2025,2.24,5,Low
7802,2023,3.11,5,Medium
7802,2024,3.47,9,Medium
7802,2025,2.76,6,Medium
7803,2023,3.03,6,Medium
7803,2024,3.45,12,Medium
7803,2025,2.43,5,Low
7804,2023,2.85,5,Medium
7804,2024,3.13,5,Medium
7804,2025,3.57,8,Medium
7805,2023,4.15,7,High
7805,2024,3.7,5,Medium
7805,2025,4.24,8,High
7806,2023,4.58,4,High
7806,2024,3.86,7,High
7806,2025,3.35,2,Medium
7807,2023,3.34,10,Medium
7807,2024,3.45,4,Medium
7807,2025,3.73,7,High
7808,2023,2.7,9,Medium
7808,2024,3.31,4,Medium
7808,2025,3.58,5,Medium
7809,2023,3.26,5,Medium
7809,2024,3.1,6,Medium
7809,2025,2.58,5,Medium
7810,2023,3.44,6,Medium
7810,2024,3.03,7,Medium
7810,2025,2.94,8,Medium
7811,2023,4.25,9,High
7811,2024,2.61,5,Medium
7811,2025,3.48,9,Medium
7812,2023,3.63,3,Medium
7812,2024,3.73,3,High
7812,2025,3.41,7,Medium
7813,2023,3.41,9,Medium
7813,2024,3.96,7,High
7813,2025,3.46,7,Medium
7814,2023,3.98,4,High
7814,2024,4.01,5,High
7814,2025,3.36,5,Medium
7815,2023,3.67,6,Medium
7815,2024,2.52,6,Medium
7815,2025,3.48,8,Medium
7816,2023,2.8,7,Medium
7816,2024,4.15,5,High
7816,2025,4.73,6,High
7817,2023,3.19,6,Medium
7817,2024,3.22,2,Medium
7817,2025,3.86,4,High
7818,2023,3.41,10,Medium
7818,2024,2.32,7,Low
7818,2025,3.58,10,Medium
7819,2023,3.25,8,Medium
7819,2024,3.59,9,Medium
7819,2025,3.16,5,Medium
7820,2023,4.15,8,High
7820,2024,3.67,7,Medium
7820,2025,3.28,10,Medium
7821,2023,3.37,4,Medium
7821,2024,3.07,7,Medium
7821,2025,3.8,6,High
7822,2023,3.68,8,Medium
7822,2024,4.1,4,High
7822,2025,3.19,5,Medium
7823,2023,3.55,6,Medium
7823,2024,3.94,9,High
7823,2025,3.56,4,Medium
7824,2023,2.09,7,Low
7824,2024,2.99,9,Medium
7824,2025,2.66,5,Medium
7825,2023,3.86,6,High
7825,2024,3.62,8,Medium
7825,2025,3.75,8,High
7826,2023,2.73,4,Medium
7826,2024,2.71,9,Medium
7826,2025,2.52,9,Medium
7827,2023,3.16,8,Medium
7827,2024,3.26,7,Medium
7827,2025,3.74,10,High
7828,2023,2.98,5,Medium
7828,2024,2.67,7,Medium
7828,2025,3.53,6,Medium
7829,2023,3.22,7,Medium
7829,2024,4.18,7,High
7829,2025,4.84,6,High
7830,2023,3.08,8,Medium
7830,2024,2.15,9,Low
7830,2025,3.39,9,Medium
7831,2023,3.29,10,Medium
7831,2024,3.08,6,Medium
7831,2025,3.52,8,Medium
7832,2023,3.08,6,Medium
7832,2024,2.65,6,Medium
7832,2025,2.69,10,Medium
7833,2023,2.9,9,Medium
7833,2024,2.98,4,Medium
7833,2025,2.88,5,Medium
7834,2023,3.62,8,Medium
7834,2024,3.14,6,Medium
7834,2025,4.45,5,High
7835,2023,3.1,9,Medium
7835,2024,2.84,3,Medium
7835,2025,3.42,9,Medium
7836,2023,2.86,4,Medium
7836,2024,2.94,5,Medium
7836,2025,3.21,7,Medium
7837,2023,3.51,9,Medium
7837,2024,2.89,7,Medium
7837,2025,3.75,8,High
7838,2023,3.39,8,Medium
7838,2024,3.2,3,Medium
7838,2025,4.13,6,High
7839,2023,3.69,2,Medium
7839,2024,2.98,8,Medium
7839,2025,3.19,4,Medium
7840,2023,3.22,7,Medium
7840,2024,3.86,7,High
7840,2025,3.14,5,Medium
7841,2023,2.83,6,Medium
7841,2024,2.62,8,Medium
7841,2025,3.44,8,Medium
7842,2023,3.19,6,Medium
7842,2024,2.83,9,Medium
7842,2025,2.41,4,Low
7843,2023,3.51,7,Medium
7843,2024,3.29,8,Medium
7843,2025,3.49,4,Medium
7844,2023,3.96,7,High
7844,2024,4.12,9,High
7844,2025,3.02,7,Medium
7845,2023,2.85,7,Medium
7845,2024,3.31,7,Medium
7845,2025,3.58,4,Medium
7846,2023,3.47,9,Medium
7846,2024,3.83,6,High
7846,2025,3.16,7,Medium
7847,2023,3.24,5,Medium
7847,2024,3.07,5,Medium
7847,2025,2.91,6,Medium
7848,2023,3.64,6,Medium
7848,2024,4.39,7,High
7848,2025,3.48,8,Medium
7849,2023,4.01,6,High
7849,2024,3.67,7,Medium
7849,2025,2.12,9,Low
7850,2023,3.75,5,High
7850,2024,2.54,6,Medium
7850,2025,3.78,5,High
7851,2023,3.06,4,Medium
7851,2024,3.34,7,Medium
7851,2025,2.94,7,Medium
7852,2023,3.36,7,Medium
7852,2024,4.09,5,High
7852,2025,4.22,4,High
7853,2023,2.93,5,Medium
7853,2024,3.27,6,Medium
7853,2025,3.76,10,High
7854,2023,3.38,12,Medium
7854,2024,3.08,7,Medium
7854,2025,3.74,5,High
7855,2023,2.92,7,Medium
7855,2024,3.28,7,Medium
7855,2025,3.42,5,Medium
7856,2023,3.21,7,Medium
7856,2024,2.76,8,Medium
7856,2025,3.11,7,Medium
7857,2023,3.41,6,Medium
7857,2024,2.98,6,Medium
7857,2025,3.24,7,Medium
7858,2023,3.74,9,High
7858,2024,3.85,6,High
7858,2025,3.42,10,Medium
7859,2023,3.11,8,Medium
7859,2024,3.63,9,Medium
7859,2025,3.32,8,Medium
7860,2023,3.16,6,Medium
7860,2024,3.0,4,Medium
7860,2025,3.82,6,High
7861,2023,3.03,8,Medium
7861,2024,4.28,6,High
7861,2025,3.39,6,Medium
7862,2023,2.36,8,Low
7862,2024,3.81,10,High
7862,2025,3.03,9,Medium
7863,2023,3.53,10,Medium
7863,2024,3.02,5,Medium
7863,2025,3.98,5,High
7864,2023,3.35,5,Medium
7864,2024,2.54,5,Medium
7864,2025,3.32,5,Medium
7865,2023,3.93,8,High
7865,2024,3.29,8,Medium
7865,2025,3.0,4,Medium
7866,2023,3.18,8,Medium
7866,2024,4.18,6,High
7866,2025,3.93,8,High
7867,2023,3.68,6,Medium
7867,2024,3.57,8,Medium
7867,2025,3.02,5,Medium
7868,2023,2.85,8,Medium
7868,2024,3.22,6,Medium
7868,2025,3.46,7,Medium
7869,2023,3.09,5,Medium
7869,2024,3.56,6,Medium
7869,2025,4.28,7,High
7870,2023,3.77,5,High
7870,2024,3.9,4,High
7870,2025,2.33,8,Low
7871,2023,3.57,5,Medium
7871,2024,3.5,6,Medium
7871,2025,2.91,7,Medium
7872,2023,3.48,5,Medium
7872,2024,3.86,10,High
7872,2025,3.17,5,Medium
7873,2023,3.68,6,Medium
7873,2024,3.26,4,Medium
7873,2025,3.61,9,Medium
7874,2023,2.78,3,Medium
7874,2024,3.29,5,Medium
7874,2025,3.31,4,Medium
7875,2023,3.55,5,Medium
7875,2024,3.19,5,Medium
7875,2025,3.98,5,High
7876,2023,4.01,8,High
7876,2024,3.67,7,Medium
7876,2025,3.61,3,Medium
7877,2023,3.37,9,Medium
7877,2024,3.84,8,High
7877,2025,2.76,4,Medium
7878,2023,2.47,6,Low
7878,2024,2.88,10,Medium
7878,2025,3.18,8,Medium
7879,2023,3.17,11,Medium
7879,2024,3.45,9,Medium
7879,2025,3.01,1,Medium
7880,2023,2.74,9,Medium
7880,2024,3.05,6,Medium
7880,2025,3.52,6,Medium
7881,2023,3.36,4,Medium
7881,2024,3.21,6,Medium
7881,2025,3.9,11,High
7882,2023,4.18,10,High
7882,2024,3.41,4,Medium
7882,2025,2.93,4,Medium
7883,2023,2.73,9,Medium
7883,2024,3.83,4,High
7883,2025,3.43,6,Medium
7884,2023,3.29,6,Medium
7884,2024,3.33,8,Medium
7884,2025,2.92,7,Medium
7885,2023,3.82,3,High
7885,2024,3.94,6,High
7885,2025,3.53,8,Medium
7886,2023,2.91,5,Medium
7886,2024,3.01,6,Medium
7886,2025,3.08,8,Medium
7887,2023,3.76,3,High
7887,2024,3.72,5,High
7887,2025,3.42,11,Medium
7888,2023,3.62,6,Medium
7888,2024,3.48,7,Medium
7888,2025,2.3,6,Low
7889,2023,3.35,5,Medium
7889,2024,3.57,5,Medium
7889,2025,3.7,8,Medium
7890,2023,2.25,8,Low
7890,2024,3.62,6,Medium
7890,2025,2.64,6,Medium
7891,2023,3.36,6,Medium
7891,2024,2.95,2,Medium
7891,2025,3.29,7,Medium
7892,2023,2.76,4,Medium
7892,2024,3.19,9,Medium
7892,2025,4.03,7,High
7893,2023,3.05,6,Medium
7893,2024,2.66,7,Medium
7893,2025,3.39,9,Medium
7894,2023,3.42,2,Medium
7894,2024,3.19,7,Medium
7894,2025,3.8,3,High
7895,2023,3.17,7,Medium
7895,2024,3.08,9,Medium
7895,2025,3.74,6,High
7896,2023,2.81,8,Medium
7896,2024,2.73,7,Medium
7896,2025,4.4,7,High
7897,2023,3.51,6,Medium
7897,2024,3.88,5,High
7897,2025,3.09,7,Medium
7898,2023,3.16,7,Medium
7898,2024,2.91,8,Medium
7898,2025,3.37,6,Medium
7899,2023,2.57,6,Medium
7899,2024,2.49,7,Low
7899,2025,3.24,9,Medium
7900,2023,2.96,6,Medium
7900,2024,2.96,5,Medium
7900,2025,3.36,9,Medium
7901,2023,3.15,5,Medium
7901,2024,3.7,5,Medium
7901,2025,3.46,9,Medium
7902,2023,3.16,5,Medium
7902,2024,2.76,8,Medium
7902,2025,4.27,7,High
7903,2023,4.19,5,High
7903,2024,3.31,6,Medium
7903,2025,3.97,10,High
7904,2023,3.36,9,Medium
7904,2024,3.54,9,Medium
7904,2025,2.81,12,Medium
7905,2023,3.72,10,High
7905,2024,2.44,10,Low
7905,2025,2.19,8,Low
7906,2023,3.53,6,Medium
7906,2024,3.37,6,Medium
7906,2025,3.93,4,High
7907,2023,2.34,7,Low
7907,2024,3.18,8,Medium
7907,2025,2.81,7,Medium
7908,2023,4.13,7,High
7908,2024,2.75,7,Medium
7908,2025,4.11,5,High
7909,2023,3.98,7,High
7909,2024,3.41,5,Medium
7909,2025,3.68,7,Medium
7910,2023,3.47,7,Medium
7910,2024,3.07,8,Medium
7910,2025,3.51,6,Medium
7911,2023,2.89,8,Medium
7911,2024,3.52,6,Medium
7911,2025,2.91,6,Medium
7912,2023,3.33,5,Medium
7912,2024,3.82,8,High
7912,2025,2.88,6,Medium
7913,2023,4.07,7,High
7913,2024,3.34,5,Medium
7913,2025,3.68,8,Medium
7914,2023,3.11,6,Medium
7914,2024,3.35,5,Medium
7914,2025,2.89,6,Medium
7915,2023,3.29,6,Medium
7915,2024,2.91,9,Medium
7915,2025,4.31,8,High
7916,2023,2.76,4,Medium
7916,2024,3.49,6,Medium
7916,2025,2.66,7,Medium
7917,2023,3.15,7,Medium
7917,2024,3.93,4,High
7917,2025,2.19,5,Low
7918,2023,2.89,5,Medium
7918,2024,3.0,5,Medium
7918,2025,3.69,5,Medium
7919,2023,3.3,5,Medium
7919,2024,2.7,8,Medium
7919,2025,3.34,3,Medium
7920,2023,3.02,10,Medium
7920,2024,3.27,7,Medium
7920,2025,2.29,8,Low
7921,2023,3.42,5,Medium
7921,2024,3.5,5,Medium
7921,2025,3.59,2,Medium
7922,2023,3.35,6,Medium
7922,2024,3.27,7,Medium
7922,2025,3.53,6,Medium
7923,2023,4.18,6,High
7923,2024,3.05,7,Medium
7923,2025,3.76,8,High
7924,2023,3.59,10,Medium
7924,2024,3.09,6,Medium
7924,2025,3.11,7,Medium
7925,2023,4.17,3,High
7925,2024,2.99,4,Medium
7925,2025,3.58,5,Medium
7926,2023,3.62,3,Medium
7926,2024,3.7,7,Medium
7926,2025,3.73,6,High
7927,2023,3.74,7,High
7927,2024,3.69,8,Medium
7927,2025,3.62,8,Medium
7928,2023,3.56,4,Medium
7928,2024,3.45,6,Medium
7928,2025,3.38,5,Medium
7929,2023,2.47,5,Low
7929,2024,3.42,4,Medium
7929,2025,2.81,6,Medium
7930,2023,3.39,8,Medium
7930,2024,3.08,7,Medium
7930,2025,2.8,8,Medium
7931,2023,2.93,8,Medium
7931,2024,3.77,6,High
7931,2025,2.64,4,Medium
7932,2023,3.39,2,Medium
7932,2024,3.72,3,High
7932,2025,3.25,4,Medium
7933,2023,3.18,10,Medium
7933,2024,3.28,6,Medium
7933,2025,3.14,4,Medium
7934,2023,2.85,7,Medium
7934,2024,3.39,3,Medium
7934,2025,2.59,3,Medium
7935,2023,3.38,8,Medium
7935,2024,3.84,9,High
7935,2025,3.44,4,Medium
7936,2023,3.29,6,Medium
7936,2024,3.11,4,Medium
7936,2025,2.94,9,Medium
7937,2023,3.36,8,Medium
7937,2024,3.93,7,High
7937,2025,3.76,4,High
7938,2023,3.33,6,Medium
7938,2024,3.69,9,Medium
7938,2025,3.53,7,Medium
7939,2023,2.83,10,Medium
7939,2024,2.79,8,Medium
7939,2025,3.37,4,Medium
7940,2023,3.59,5,Medium
7940,2024,3.91,4,High
7940,2025,3.47,9,Medium
7941,2023,3.3,7,Medium
7941,2024,3.67,8,Medium
7941,2025,2.55,8,Medium
7942,2023,3.49,5,Medium
7942,2024,4.13,4,High
7942,2025,3.63,10,Medium
7943,2023,3.57,6,Medium
7943,2024,3.22,6,Medium
7943,2025,3.66,7,Medium
7944,2023,3.3,8,Medium
7944,2024,3.12,4,Medium
7944,2025,3.58,8,Medium
7945,2023,3.17,9,Medium
7945,2024,3.69,5,Medium
7945,2025,3.64,4,Medium
7946,2023,3.44,3,Medium
7946,2024,3.69,7,Medium
7946,2025,4.32,5,High
7947,2023,2.94,8,Medium
7947,2024,3.11,8,Medium
7947,2025,3.32,7,Medium
7948,2023,3.06,8,Medium
7948,2024,2.71,6,Medium
7948,2025,2.88,5,Medium
7949,2023,3.8,6,High
7949,2024,2.68,7,Medium
7949,2025,3.43,6,Medium
7950,2023,3.07,10,Medium
7950,2024,3.37,3,Medium
7950,2025,3.11,7,Medium
7951,2023,3.4,3,Medium
7951,2024,3.53,7,Medium
7951,2025,4.24,9,High
7952,2023,3.05,2,Medium
7952,2024,3.07,7,Medium
7952,2025,3.23,7,Medium
7953,2023,3.8,6,High
7953,2024,2.98,5,Medium
7953,2025,2.85,6,Medium
7954,2023,3.19,7,Medium
7954,2024,3.59,3,Medium
7954,2025,3.0,6,Medium
7955,2023,2.58,7,Medium
7955,2024,2.89,8,Medium
7955,2025,3.19,10,Medium
7956,2023,2.66,8,Medium
7956,2024,3.61,7,Medium
7956,2025,3.41,6,Medium
7957,2023,3.55,5,Medium
7957,2024,3.87,6,High
7957,2025,3.48,6,Medium
7958,2023,4.07,6,High
7958,2024,2.83,7,Medium
7958,2025,2.51,10,Medium
7959,2023,2.51,9,Medium
7959,2024,3.21,8,Medium
7959,2025,3.45,9,Medium
7960,2023,3.73,6,High
7960,2024,4.12,5,High
7960,2025,3.07,8,Medium
7961,2023,3.21,6,Medium
7961,2024,2.09,5,Low
7961,2025,2.63,9,Medium
7962,2023,3.52,4,Medium
7962,2024,2.96,6,Medium
7962,2025,3.11,8,Medium
7963,2023,2.82,7,Medium
7963,2024,2.83,5,Medium
7963,2025,2.93,7,Medium
7964,2023,4.09,4,High
7964,2024,4.13,8,High
7964,2025,3.18,6,Medium
7965,2023,4.11,8,High
7965,2024,4.24,8,High
7965,2025,3.5,10,Medium
7966,2023,2.41,6,Low
7966,2024,3.68,8,Medium
7966,2025,2.55,9,Medium
7967,2023,2.75,7,Medium
7967,2024,3.66,5,Medium
7967,2025,3.2,5,Medium
7968,2023,3.69,4,Medium
7968,2024,2.55,10,Medium
7968,2025,2.9,5,Medium
7969,2023,3.39,6,Medium
7969,2024,3.99,7,High
7969,2025,3.1,8,Medium
7970,2023,2.98,7,Medium
7970,2024,1.68,7,Low
7970,2025,3.09,8,Medium
7971,2023,2.08,8,Low
7971,2024,3.68,6,Medium
7971,2025,3.16,5,Medium
7972,2023,4.19,8,High
7972,2024,3.19,7,Medium
7972,2025,3.5,7,Medium
7973,2023,2.87,5,Medium
7973,2024,3.39,9,Medium
7973,2025,3.56,7,Medium
7974,2023,3.34,8,Medium
7974,2024,3.79,7,High
7974,2025,2.99,4,Medium
7975,2023,4.02,6,High
7975,2024,3.26,6,Medium
7975,2025,2.48,6,Low
7976,2023,3.44,3,Medium
7976,2024,3.18,9,Medium
7976,2025,3.68,8,Medium
7977,2023,2.69,6,Medium
7977,2024,3.41,5,Medium
7977,2025,4.28,4,High
7978,2023,3.25,6,Medium
7978,2024,2.26,7,Low
7978,2025,3.18,3,Medium
7979,2023,3.35,8,Medium
7979,2024,3.81,7,High
7979,2025,3.65,5,Medium
7980,2023,3.62,8,Medium
7980,2024,3.24,8,Medium
7980,2025,2.6,9,Medium
7981,2023,3.4,5,Medium
7981,2024,2.81,7,Medium
7981,2025,3.68,8,Medium
7982,2023,2.65,8,Medium
7982,2024,4.34,8,High
7982,2025,2.6,5,Medium
7983,2023,3.22,11,Medium
7983,2024,2.19,6,Low
7983,2025,3.96,3,High
7984,2023,2.68,5,Medium
7984,2024,3.24,5,Medium
7984,2025,3.33,5,Medium
7985,2023,3.82,11,High
7985,2024,3.69,4,Medium
7985,2025,3.38,6,Medium
7986,2023,3.84,5,High
7986,2024,3.48,8,Medium
7986,2025,2.69,5,Medium
7987,2023,3.04,3,Medium
7987,2024,3.93,6,High
7987,2025,3.81,8,High
7988,2023,2.92,7,Medium
7988,2024,3.44,7,Medium
7988,2025,3.16,4,Medium
7989,2023,3.6,8,Medium
7989,2024,3.51,7,Medium
7989,2025,3.69,8,Medium
7990,2023,3.74,7,High
7990,2024,3.32,6,Medium
7990,2025,3.05,7,Medium
7991,2023,3.62,3,Medium
7991,2024,3.41,8,Medium
7991,2025,2.96,8,Medium
7992,2023,3.06,7,Medium
7992,2024,3.38,7,Medium
7992,2025,3.11,8,Medium
7993,2023,2.96,8,Medium
7993,2024,3.82,4,High
7993,2025,4.13,10,High
7994,2023,4.25,8,High
7994,2024,3.4,9,Medium
7994,2025,3.64,7,Medium
7995,2023,2.83,7,Medium
7995,2024,3.04,6,Medium
7995,2025,2.69,8,Medium
7996,2023,3.92,5,High
7996,2024,3.34,6,Medium
7996,2025,3.87,10,High
7997,2023,4.01,4,High
7997,2024,3.78,7,High
7997,2025,3.8,5,High
7998,2023,2.68,4,Medium
7998,2024,2.66,6,Medium
7998,2025,2.22,8,Low
7999,2023,3.08,3,Medium
7999,2024,3.06,8,Medium
7999,2025,3.81,9,High
8000,2023,3.48,3,Medium
8000,2024,3.05,8,Medium
8000,2025,3.29,8,Medium
